# vtk DataFile Version 3.0
SFC Phase-9 C3D8 contact validation
ASCII
DATASET UNSTRUCTURED_GRID
POINTS 1625 float
-1.000000000000e+01 -5.000000000000e+00 0.000000000000e+00
-9.166666666667e+00 -5.000000000000e+00 0.000000000000e+00
-8.333333333333e+00 -5.000000000000e+00 0.000000000000e+00
-7.500000000000e+00 -5.000000000000e+00 0.000000000000e+00
-6.666666666667e+00 -5.000000000000e+00 0.000000000000e+00
-5.833333333333e+00 -5.000000000000e+00 0.000000000000e+00
-5.000000000000e+00 -5.000000000000e+00 0.000000000000e+00
-4.166666666667e+00 -5.000000000000e+00 0.000000000000e+00
-3.333333333333e+00 -5.000000000000e+00 0.000000000000e+00
-2.500000000000e+00 -5.000000000000e+00 0.000000000000e+00
-1.666666666667e+00 -5.000000000000e+00 0.000000000000e+00
-8.333333333333e-01 -5.000000000000e+00 0.000000000000e+00
0.000000000000e+00 -5.000000000000e+00 0.000000000000e+00
8.333333333333e-01 -5.000000000000e+00 0.000000000000e+00
1.666666666667e+00 -5.000000000000e+00 0.000000000000e+00
2.500000000000e+00 -5.000000000000e+00 0.000000000000e+00
3.333333333333e+00 -5.000000000000e+00 0.000000000000e+00
4.166666666667e+00 -5.000000000000e+00 0.000000000000e+00
5.000000000000e+00 -5.000000000000e+00 0.000000000000e+00
5.833333333333e+00 -5.000000000000e+00 0.000000000000e+00
6.666666666667e+00 -5.000000000000e+00 0.000000000000e+00
7.500000000000e+00 -5.000000000000e+00 0.000000000000e+00
8.333333333333e+00 -5.000000000000e+00 0.000000000000e+00
9.166666666667e+00 -5.000000000000e+00 0.000000000000e+00
1.000000000000e+01 -5.000000000000e+00 0.000000000000e+00
-1.000000000000e+01 -4.166666666667e+00 0.000000000000e+00
-9.166666666667e+00 -4.166666666667e+00 0.000000000000e+00
-8.333333333333e+00 -4.166666666667e+00 0.000000000000e+00
-7.500000000000e+00 -4.166666666667e+00 0.000000000000e+00
-6.666666666667e+00 -4.166666666667e+00 0.000000000000e+00
-5.833333333333e+00 -4.166666666667e+00 0.000000000000e+00
-5.000000000000e+00 -4.166666666667e+00 0.000000000000e+00
-4.166666666667e+00 -4.166666666667e+00 0.000000000000e+00
-3.333333333333e+00 -4.166666666667e+00 0.000000000000e+00
-2.500000000000e+00 -4.166666666667e+00 0.000000000000e+00
-1.666666666667e+00 -4.166666666667e+00 0.000000000000e+00
-8.333333333333e-01 -4.166666666667e+00 0.000000000000e+00
0.000000000000e+00 -4.166666666667e+00 0.000000000000e+00
8.333333333333e-01 -4.166666666667e+00 0.000000000000e+00
1.666666666667e+00 -4.166666666667e+00 0.000000000000e+00
2.500000000000e+00 -4.166666666667e+00 0.000000000000e+00
3.333333333333e+00 -4.166666666667e+00 0.000000000000e+00
4.166666666667e+00 -4.166666666667e+00 0.000000000000e+00
5.000000000000e+00 -4.166666666667e+00 0.000000000000e+00
5.833333333333e+00 -4.166666666667e+00 0.000000000000e+00
6.666666666667e+00 -4.166666666667e+00 0.000000000000e+00
7.500000000000e+00 -4.166666666667e+00 0.000000000000e+00
8.333333333333e+00 -4.166666666667e+00 0.000000000000e+00
9.166666666667e+00 -4.166666666667e+00 0.000000000000e+00
1.000000000000e+01 -4.166666666667e+00 0.000000000000e+00
-1.000000000000e+01 -3.333333333333e+00 0.000000000000e+00
-9.166666666667e+00 -3.333333333333e+00 0.000000000000e+00
-8.333333333333e+00 -3.333333333333e+00 0.000000000000e+00
-7.500000000000e+00 -3.333333333333e+00 0.000000000000e+00
-6.666666666667e+00 -3.333333333333e+00 0.000000000000e+00
-5.833333333333e+00 -3.333333333333e+00 0.000000000000e+00
-5.000000000000e+00 -3.333333333333e+00 0.000000000000e+00
-4.166666666667e+00 -3.333333333333e+00 0.000000000000e+00
-3.333333333333e+00 -3.333333333333e+00 0.000000000000e+00
-2.500000000000e+00 -3.333333333333e+00 0.000000000000e+00
-1.666666666667e+00 -3.333333333333e+00 0.000000000000e+00
-8.333333333333e-01 -3.333333333333e+00 0.000000000000e+00
0.000000000000e+00 -3.333333333333e+00 0.000000000000e+00
8.333333333333e-01 -3.333333333333e+00 0.000000000000e+00
1.666666666667e+00 -3.333333333333e+00 0.000000000000e+00
2.500000000000e+00 -3.333333333333e+00 0.000000000000e+00
3.333333333333e+00 -3.333333333333e+00 0.000000000000e+00
4.166666666667e+00 -3.333333333333e+00 0.000000000000e+00
5.000000000000e+00 -3.333333333333e+00 0.000000000000e+00
5.833333333333e+00 -3.333333333333e+00 0.000000000000e+00
6.666666666667e+00 -3.333333333333e+00 0.000000000000e+00
7.500000000000e+00 -3.333333333333e+00 0.000000000000e+00
8.333333333333e+00 -3.333333333333e+00 0.000000000000e+00
9.166666666667e+00 -3.333333333333e+00 0.000000000000e+00
1.000000000000e+01 -3.333333333333e+00 0.000000000000e+00
-1.000000000000e+01 -2.500000000000e+00 0.000000000000e+00
-9.166666666667e+00 -2.500000000000e+00 0.000000000000e+00
-8.333333333333e+00 -2.500000000000e+00 0.000000000000e+00
-7.500000000000e+00 -2.500000000000e+00 0.000000000000e+00
-6.666666666667e+00 -2.500000000000e+00 0.000000000000e+00
-5.833333333333e+00 -2.500000000000e+00 0.000000000000e+00
-5.000000000000e+00 -2.500000000000e+00 0.000000000000e+00
-4.166666666667e+00 -2.500000000000e+00 0.000000000000e+00
-3.333333333333e+00 -2.500000000000e+00 0.000000000000e+00
-2.500000000000e+00 -2.500000000000e+00 0.000000000000e+00
-1.666666666667e+00 -2.500000000000e+00 0.000000000000e+00
-8.333333333333e-01 -2.500000000000e+00 0.000000000000e+00
0.000000000000e+00 -2.500000000000e+00 0.000000000000e+00
8.333333333333e-01 -2.500000000000e+00 0.000000000000e+00
1.666666666667e+00 -2.500000000000e+00 0.000000000000e+00
2.500000000000e+00 -2.500000000000e+00 0.000000000000e+00
3.333333333333e+00 -2.500000000000e+00 0.000000000000e+00
4.166666666667e+00 -2.500000000000e+00 0.000000000000e+00
5.000000000000e+00 -2.500000000000e+00 0.000000000000e+00
5.833333333333e+00 -2.500000000000e+00 0.000000000000e+00
6.666666666667e+00 -2.500000000000e+00 0.000000000000e+00
7.500000000000e+00 -2.500000000000e+00 0.000000000000e+00
8.333333333333e+00 -2.500000000000e+00 0.000000000000e+00
9.166666666667e+00 -2.500000000000e+00 0.000000000000e+00
1.000000000000e+01 -2.500000000000e+00 0.000000000000e+00
-1.000000000000e+01 -1.666666666667e+00 0.000000000000e+00
-9.166666666667e+00 -1.666666666667e+00 0.000000000000e+00
-8.333333333333e+00 -1.666666666667e+00 0.000000000000e+00
-7.500000000000e+00 -1.666666666667e+00 0.000000000000e+00
-6.666666666667e+00 -1.666666666667e+00 0.000000000000e+00
-5.833333333333e+00 -1.666666666667e+00 0.000000000000e+00
-5.000000000000e+00 -1.666666666667e+00 0.000000000000e+00
-4.166666666667e+00 -1.666666666667e+00 0.000000000000e+00
-3.333333333333e+00 -1.666666666667e+00 0.000000000000e+00
-2.500000000000e+00 -1.666666666667e+00 0.000000000000e+00
-1.666666666667e+00 -1.666666666667e+00 0.000000000000e+00
-8.333333333333e-01 -1.666666666667e+00 0.000000000000e+00
0.000000000000e+00 -1.666666666667e+00 0.000000000000e+00
8.333333333333e-01 -1.666666666667e+00 0.000000000000e+00
1.666666666667e+00 -1.666666666667e+00 0.000000000000e+00
2.500000000000e+00 -1.666666666667e+00 0.000000000000e+00
3.333333333333e+00 -1.666666666667e+00 0.000000000000e+00
4.166666666667e+00 -1.666666666667e+00 0.000000000000e+00
5.000000000000e+00 -1.666666666667e+00 0.000000000000e+00
5.833333333333e+00 -1.666666666667e+00 0.000000000000e+00
6.666666666667e+00 -1.666666666667e+00 0.000000000000e+00
7.500000000000e+00 -1.666666666667e+00 0.000000000000e+00
8.333333333333e+00 -1.666666666667e+00 0.000000000000e+00
9.166666666667e+00 -1.666666666667e+00 0.000000000000e+00
1.000000000000e+01 -1.666666666667e+00 0.000000000000e+00
-1.000000000000e+01 -8.333333333333e-01 0.000000000000e+00
-9.166666666667e+00 -8.333333333333e-01 0.000000000000e+00
-8.333333333333e+00 -8.333333333333e-01 0.000000000000e+00
-7.500000000000e+00 -8.333333333333e-01 0.000000000000e+00
-6.666666666667e+00 -8.333333333333e-01 0.000000000000e+00
-5.833333333333e+00 -8.333333333333e-01 0.000000000000e+00
-5.000000000000e+00 -8.333333333333e-01 0.000000000000e+00
-4.166666666667e+00 -8.333333333333e-01 0.000000000000e+00
-3.333333333333e+00 -8.333333333333e-01 0.000000000000e+00
-2.500000000000e+00 -8.333333333333e-01 0.000000000000e+00
-1.666666666667e+00 -8.333333333333e-01 0.000000000000e+00
-8.333333333333e-01 -8.333333333333e-01 0.000000000000e+00
0.000000000000e+00 -8.333333333333e-01 0.000000000000e+00
8.333333333333e-01 -8.333333333333e-01 0.000000000000e+00
1.666666666667e+00 -8.333333333333e-01 0.000000000000e+00
2.500000000000e+00 -8.333333333333e-01 0.000000000000e+00
3.333333333333e+00 -8.333333333333e-01 0.000000000000e+00
4.166666666667e+00 -8.333333333333e-01 0.000000000000e+00
5.000000000000e+00 -8.333333333333e-01 0.000000000000e+00
5.833333333333e+00 -8.333333333333e-01 0.000000000000e+00
6.666666666667e+00 -8.333333333333e-01 0.000000000000e+00
7.500000000000e+00 -8.333333333333e-01 0.000000000000e+00
8.333333333333e+00 -8.333333333333e-01 0.000000000000e+00
9.166666666667e+00 -8.333333333333e-01 0.000000000000e+00
1.000000000000e+01 -8.333333333333e-01 0.000000000000e+00
-1.000000000000e+01 0.000000000000e+00 0.000000000000e+00
-9.166666666667e+00 0.000000000000e+00 0.000000000000e+00
-8.333333333333e+00 0.000000000000e+00 0.000000000000e+00
-7.500000000000e+00 0.000000000000e+00 0.000000000000e+00
-6.666666666667e+00 0.000000000000e+00 0.000000000000e+00
-5.833333333333e+00 0.000000000000e+00 0.000000000000e+00
-5.000000000000e+00 0.000000000000e+00 0.000000000000e+00
-4.166666666667e+00 0.000000000000e+00 0.000000000000e+00
-3.333333333333e+00 0.000000000000e+00 0.000000000000e+00
-2.500000000000e+00 0.000000000000e+00 0.000000000000e+00
-1.666666666667e+00 0.000000000000e+00 0.000000000000e+00
-8.333333333333e-01 0.000000000000e+00 0.000000000000e+00
0.000000000000e+00 0.000000000000e+00 0.000000000000e+00
8.333333333333e-01 0.000000000000e+00 0.000000000000e+00
1.666666666667e+00 0.000000000000e+00 0.000000000000e+00
2.500000000000e+00 0.000000000000e+00 0.000000000000e+00
3.333333333333e+00 0.000000000000e+00 0.000000000000e+00
4.166666666667e+00 0.000000000000e+00 0.000000000000e+00
5.000000000000e+00 0.000000000000e+00 0.000000000000e+00
5.833333333333e+00 0.000000000000e+00 0.000000000000e+00
6.666666666667e+00 0.000000000000e+00 0.000000000000e+00
7.500000000000e+00 0.000000000000e+00 0.000000000000e+00
8.333333333333e+00 0.000000000000e+00 0.000000000000e+00
9.166666666667e+00 0.000000000000e+00 0.000000000000e+00
1.000000000000e+01 0.000000000000e+00 0.000000000000e+00
-1.000000000000e+01 8.333333333333e-01 0.000000000000e+00
-9.166666666667e+00 8.333333333333e-01 0.000000000000e+00
-8.333333333333e+00 8.333333333333e-01 0.000000000000e+00
-7.500000000000e+00 8.333333333333e-01 0.000000000000e+00
-6.666666666667e+00 8.333333333333e-01 0.000000000000e+00
-5.833333333333e+00 8.333333333333e-01 0.000000000000e+00
-5.000000000000e+00 8.333333333333e-01 0.000000000000e+00
-4.166666666667e+00 8.333333333333e-01 0.000000000000e+00
-3.333333333333e+00 8.333333333333e-01 0.000000000000e+00
-2.500000000000e+00 8.333333333333e-01 0.000000000000e+00
-1.666666666667e+00 8.333333333333e-01 0.000000000000e+00
-8.333333333333e-01 8.333333333333e-01 0.000000000000e+00
0.000000000000e+00 8.333333333333e-01 0.000000000000e+00
8.333333333333e-01 8.333333333333e-01 0.000000000000e+00
1.666666666667e+00 8.333333333333e-01 0.000000000000e+00
2.500000000000e+00 8.333333333333e-01 0.000000000000e+00
3.333333333333e+00 8.333333333333e-01 0.000000000000e+00
4.166666666667e+00 8.333333333333e-01 0.000000000000e+00
5.000000000000e+00 8.333333333333e-01 0.000000000000e+00
5.833333333333e+00 8.333333333333e-01 0.000000000000e+00
6.666666666667e+00 8.333333333333e-01 0.000000000000e+00
7.500000000000e+00 8.333333333333e-01 0.000000000000e+00
8.333333333333e+00 8.333333333333e-01 0.000000000000e+00
9.166666666667e+00 8.333333333333e-01 0.000000000000e+00
1.000000000000e+01 8.333333333333e-01 0.000000000000e+00
-1.000000000000e+01 1.666666666667e+00 0.000000000000e+00
-9.166666666667e+00 1.666666666667e+00 0.000000000000e+00
-8.333333333333e+00 1.666666666667e+00 0.000000000000e+00
-7.500000000000e+00 1.666666666667e+00 0.000000000000e+00
-6.666666666667e+00 1.666666666667e+00 0.000000000000e+00
-5.833333333333e+00 1.666666666667e+00 0.000000000000e+00
-5.000000000000e+00 1.666666666667e+00 0.000000000000e+00
-4.166666666667e+00 1.666666666667e+00 0.000000000000e+00
-3.333333333333e+00 1.666666666667e+00 0.000000000000e+00
-2.500000000000e+00 1.666666666667e+00 0.000000000000e+00
-1.666666666667e+00 1.666666666667e+00 0.000000000000e+00
-8.333333333333e-01 1.666666666667e+00 0.000000000000e+00
0.000000000000e+00 1.666666666667e+00 0.000000000000e+00
8.333333333333e-01 1.666666666667e+00 0.000000000000e+00
1.666666666667e+00 1.666666666667e+00 0.000000000000e+00
2.500000000000e+00 1.666666666667e+00 0.000000000000e+00
3.333333333333e+00 1.666666666667e+00 0.000000000000e+00
4.166666666667e+00 1.666666666667e+00 0.000000000000e+00
5.000000000000e+00 1.666666666667e+00 0.000000000000e+00
5.833333333333e+00 1.666666666667e+00 0.000000000000e+00
6.666666666667e+00 1.666666666667e+00 0.000000000000e+00
7.500000000000e+00 1.666666666667e+00 0.000000000000e+00
8.333333333333e+00 1.666666666667e+00 0.000000000000e+00
9.166666666667e+00 1.666666666667e+00 0.000000000000e+00
1.000000000000e+01 1.666666666667e+00 0.000000000000e+00
-1.000000000000e+01 2.500000000000e+00 0.000000000000e+00
-9.166666666667e+00 2.500000000000e+00 0.000000000000e+00
-8.333333333333e+00 2.500000000000e+00 0.000000000000e+00
-7.500000000000e+00 2.500000000000e+00 0.000000000000e+00
-6.666666666667e+00 2.500000000000e+00 0.000000000000e+00
-5.833333333333e+00 2.500000000000e+00 0.000000000000e+00
-5.000000000000e+00 2.500000000000e+00 0.000000000000e+00
-4.166666666667e+00 2.500000000000e+00 0.000000000000e+00
-3.333333333333e+00 2.500000000000e+00 0.000000000000e+00
-2.500000000000e+00 2.500000000000e+00 0.000000000000e+00
-1.666666666667e+00 2.500000000000e+00 0.000000000000e+00
-8.333333333333e-01 2.500000000000e+00 0.000000000000e+00
0.000000000000e+00 2.500000000000e+00 0.000000000000e+00
8.333333333333e-01 2.500000000000e+00 0.000000000000e+00
1.666666666667e+00 2.500000000000e+00 0.000000000000e+00
2.500000000000e+00 2.500000000000e+00 0.000000000000e+00
3.333333333333e+00 2.500000000000e+00 0.000000000000e+00
4.166666666667e+00 2.500000000000e+00 0.000000000000e+00
5.000000000000e+00 2.500000000000e+00 0.000000000000e+00
5.833333333333e+00 2.500000000000e+00 0.000000000000e+00
6.666666666667e+00 2.500000000000e+00 0.000000000000e+00
7.500000000000e+00 2.500000000000e+00 0.000000000000e+00
8.333333333333e+00 2.500000000000e+00 0.000000000000e+00
9.166666666667e+00 2.500000000000e+00 0.000000000000e+00
1.000000000000e+01 2.500000000000e+00 0.000000000000e+00
-1.000000000000e+01 3.333333333333e+00 0.000000000000e+00
-9.166666666667e+00 3.333333333333e+00 0.000000000000e+00
-8.333333333333e+00 3.333333333333e+00 0.000000000000e+00
-7.500000000000e+00 3.333333333333e+00 0.000000000000e+00
-6.666666666667e+00 3.333333333333e+00 0.000000000000e+00
-5.833333333333e+00 3.333333333333e+00 0.000000000000e+00
-5.000000000000e+00 3.333333333333e+00 0.000000000000e+00
-4.166666666667e+00 3.333333333333e+00 0.000000000000e+00
-3.333333333333e+00 3.333333333333e+00 0.000000000000e+00
-2.500000000000e+00 3.333333333333e+00 0.000000000000e+00
-1.666666666667e+00 3.333333333333e+00 0.000000000000e+00
-8.333333333333e-01 3.333333333333e+00 0.000000000000e+00
0.000000000000e+00 3.333333333333e+00 0.000000000000e+00
8.333333333333e-01 3.333333333333e+00 0.000000000000e+00
1.666666666667e+00 3.333333333333e+00 0.000000000000e+00
2.500000000000e+00 3.333333333333e+00 0.000000000000e+00
3.333333333333e+00 3.333333333333e+00 0.000000000000e+00
4.166666666667e+00 3.333333333333e+00 0.000000000000e+00
5.000000000000e+00 3.333333333333e+00 0.000000000000e+00
5.833333333333e+00 3.333333333333e+00 0.000000000000e+00
6.666666666667e+00 3.333333333333e+00 0.000000000000e+00
7.500000000000e+00 3.333333333333e+00 0.000000000000e+00
8.333333333333e+00 3.333333333333e+00 0.000000000000e+00
9.166666666667e+00 3.333333333333e+00 0.000000000000e+00
1.000000000000e+01 3.333333333333e+00 0.000000000000e+00
-1.000000000000e+01 4.166666666667e+00 0.000000000000e+00
-9.166666666667e+00 4.166666666667e+00 0.000000000000e+00
-8.333333333333e+00 4.166666666667e+00 0.000000000000e+00
-7.500000000000e+00 4.166666666667e+00 0.000000000000e+00
-6.666666666667e+00 4.166666666667e+00 0.000000000000e+00
-5.833333333333e+00 4.166666666667e+00 0.000000000000e+00
-5.000000000000e+00 4.166666666667e+00 0.000000000000e+00
-4.166666666667e+00 4.166666666667e+00 0.000000000000e+00
-3.333333333333e+00 4.166666666667e+00 0.000000000000e+00
-2.500000000000e+00 4.166666666667e+00 0.000000000000e+00
-1.666666666667e+00 4.166666666667e+00 0.000000000000e+00
-8.333333333333e-01 4.166666666667e+00 0.000000000000e+00
0.000000000000e+00 4.166666666667e+00 0.000000000000e+00
8.333333333333e-01 4.166666666667e+00 0.000000000000e+00
1.666666666667e+00 4.166666666667e+00 0.000000000000e+00
2.500000000000e+00 4.166666666667e+00 0.000000000000e+00
3.333333333333e+00 4.166666666667e+00 0.000000000000e+00
4.166666666667e+00 4.166666666667e+00 0.000000000000e+00
5.000000000000e+00 4.166666666667e+00 0.000000000000e+00
5.833333333333e+00 4.166666666667e+00 0.000000000000e+00
6.666666666667e+00 4.166666666667e+00 0.000000000000e+00
7.500000000000e+00 4.166666666667e+00 0.000000000000e+00
8.333333333333e+00 4.166666666667e+00 0.000000000000e+00
9.166666666667e+00 4.166666666667e+00 0.000000000000e+00
1.000000000000e+01 4.166666666667e+00 0.000000000000e+00
-1.000000000000e+01 5.000000000000e+00 0.000000000000e+00
-9.166666666667e+00 5.000000000000e+00 0.000000000000e+00
-8.333333333333e+00 5.000000000000e+00 0.000000000000e+00
-7.500000000000e+00 5.000000000000e+00 0.000000000000e+00
-6.666666666667e+00 5.000000000000e+00 0.000000000000e+00
-5.833333333333e+00 5.000000000000e+00 0.000000000000e+00
-5.000000000000e+00 5.000000000000e+00 0.000000000000e+00
-4.166666666667e+00 5.000000000000e+00 0.000000000000e+00
-3.333333333333e+00 5.000000000000e+00 0.000000000000e+00
-2.500000000000e+00 5.000000000000e+00 0.000000000000e+00
-1.666666666667e+00 5.000000000000e+00 0.000000000000e+00
-8.333333333333e-01 5.000000000000e+00 0.000000000000e+00
0.000000000000e+00 5.000000000000e+00 0.000000000000e+00
8.333333333333e-01 5.000000000000e+00 0.000000000000e+00
1.666666666667e+00 5.000000000000e+00 0.000000000000e+00
2.500000000000e+00 5.000000000000e+00 0.000000000000e+00
3.333333333333e+00 5.000000000000e+00 0.000000000000e+00
4.166666666667e+00 5.000000000000e+00 0.000000000000e+00
5.000000000000e+00 5.000000000000e+00 0.000000000000e+00
5.833333333333e+00 5.000000000000e+00 0.000000000000e+00
6.666666666667e+00 5.000000000000e+00 0.000000000000e+00
7.500000000000e+00 5.000000000000e+00 0.000000000000e+00
8.333333333333e+00 5.000000000000e+00 0.000000000000e+00
9.166666666667e+00 5.000000000000e+00 0.000000000000e+00
1.000000000000e+01 5.000000000000e+00 0.000000000000e+00
-1.000005674111e+01 -5.000016813944e+00 4.999624181793e-01
-9.166721178902e+00 -5.000015899058e+00 4.999881183320e-01
-8.333405589353e+00 -5.000023518576e+00 4.999840165783e-01
-7.500099412515e+00 -5.000037843334e+00 4.999741459124e-01
-6.666805210649e+00 -5.000061282031e+00 4.999572622776e-01
-5.833526737504e+00 -5.000096808489e+00 4.999322685071e-01
-5.000268871547e+00 -5.000150138696e+00 4.998972768067e-01
-4.167038484216e+00 -5.000232805400e+00 4.998509216634e-01
-3.333842640600e+00 -5.000369748880e+00 4.997916241269e-01
-2.500676688531e+00 -5.000609109935e+00 4.997180845021e-01
-1.667501380283e+00 -5.001010822437e+00 4.996356730046e-01
-8.342327242989e-01 -5.001576487129e+00 4.995597410433e-01
-7.934578371203e-04 -5.002184541069e+00 4.995026937170e-01
8.328159900493e-01 -5.002660512585e+00 4.994520969816e-01
1.666527336413e+00 -5.002898186654e+00 4.994251307410e-01
2.500267227507e+00 -5.002852299729e+00 4.994346051877e-01
3.333961743235e+00 -5.002519423043e+00 4.994738280001e-01
4.167524010266e+00 -5.001968387086e+00 4.995239930827e-01
5.000906151146e+00 -5.001363025149e+00 4.995879058609e-01
5.834145452119e+00 -5.000855028715e+00 4.996676122550e-01
6.667326414158e+00 -5.000512890957e+00 4.997488103803e-01
7.500511918508e+00 -5.000310457276e+00 4.998201641533e-01
8.333725232091e+00 -5.000200559242e+00 4.998698971005e-01
9.166972722238e+00 -5.000150002682e+00 4.998922946718e-01
1.000033567024e+01 -5.000155367605e+00 4.997429899269e-01
-1.000005284724e+01 -4.166671888274e+00 4.999680384120e-01
-9.166715428311e+00 -4.166675147621e+00 4.999945952579e-01
-8.333395638519e+00 -4.166679711806e+00 4.999953803503e-01
-7.500083505974e+00 -4.166688564416e+00 4.999933071994e-01
-6.666780680682e+00 -4.166703388652e+00 4.999889285924e-01
-5.833489667183e+00 -4.166727192855e+00 4.999836767190e-01
-5.000213961678e+00 -4.166765623844e+00 4.999799042943e-01
-4.166961232284e+00 -4.166831870164e+00 4.999825213363e-01
-3.333746633877e+00 -4.166958787389e+00 4.999958112442e-01
-2.500583284703e+00 -4.167218767557e+00 5.000130285757e-01
-1.667447018789e+00 -4.167731189799e+00 5.000139330720e-01
-8.342355367899e-01 -4.168579533813e+00 4.999857983220e-01
-8.119387572599e-04 -4.169590408822e+00 4.999415399444e-01
8.328165840533e-01 -4.170328013767e+00 4.999211117600e-01
1.666528855513e+00 -4.170662250816e+00 4.999136568032e-01
2.500261219869e+00 -4.170618981517e+00 4.999233540080e-01
3.333971773691e+00 -4.170151482601e+00 4.999543889757e-01
4.167545802781e+00 -4.169260930106e+00 5.000033035188e-01
5.000890061934e+00 -4.168273034279e+00 5.000335963150e-01
5.834072458596e+00 -4.167542041843e+00 5.000350790369e-01
6.667226958728e+00 -4.167121025440e+00 5.000173061885e-01
7.500422356512e+00 -4.166909251666e+00 4.999977604927e-01
8.333662630050e+00 -4.166808412457e+00 4.999824658754e-01
9.166936855838e+00 -4.166768111533e+00 4.999652739263e-01
1.000030637181e+01 -4.166752094987e+00 4.998057955535e-01
-1.000004943712e+01 -3.333337015496e+00 4.999703693744e-01
-9.166711617798e+00 -3.333339836764e+00 4.999954999752e-01
-8.333391005341e+00 -3.333344326580e+00 4.999967434852e-01
-7.500077187477e+00 -3.333352411014e+00 4.999954302687e-01
-6.666771936222e+00 -3.333366299700e+00 4.999923344828e-01
-5.833477957409e+00 -3.333389385368e+00 4.999895570457e-01
-5.000201075368e+00 -3.333428048057e+00 4.999914513580e-01
-4.166960714498e+00 -3.333497593852e+00 5.000069636396e-01
-3.333812321038e+00 -3.333641673589e+00 5.000409285742e-01
-2.500850411754e+00 -3.333970033598e+00 5.000502649445e-01
-1.668095307674e+00 -3.334707632071e+00 4.998760479290e-01
-8.352499600149e-01 -3.336141138705e+00 4.993082055662e-01
-1.787825218826e-03 -3.338047298685e+00 4.984632243576e-01
8.322493256879e-01 -3.339326019702e+00 4.979715401978e-01
1.666377072125e+00 -3.339820952478e+00 4.978158044297e-01
2.500506739011e+00 -3.339800802344e+00 4.978292155816e-01
3.334699948074e+00 -3.339145545682e+00 4.981218282132e-01
4.168599351489e+00 -3.337566514370e+00 4.988539637170e-01
5.001809021374e+00 -3.335701903376e+00 4.996225640595e-01
5.834585706164e+00 -3.334465330913e+00 4.999959309854e-01
6.667419699659e+00 -3.333858986894e+00 5.000689608131e-01
7.500466011672e+00 -3.333591078937e+00 5.000390080788e-01
8.333661563093e+00 -3.333475771606e+00 5.000038498270e-01
9.166925839359e+00 -3.333429579120e+00 4.999754852199e-01
1.000029616042e+01 -3.333421365750e+00 4.998131526609e-01
-1.000004813175e+01 -2.500003753543e+00 4.999713549789e-01
-9.166710682512e+00 -2.500005402319e+00 4.999959475382e-01
-8.333390231142e+00 -2.500009362368e+00 4.999971062291e-01
-7.500077050278e+00 -2.500016618456e+00 4.999957398233e-01
-6.666773202001e+00 -2.500029137936e+00 4.999926445874e-01
-5.833482322394e+00 -2.500050124565e+00 4.999905038438e-01
-5.000213911918e+00 -2.500085621811e+00 4.999960772379e-01
-4.167002308029e+00 -2.500150203039e+00 5.000235365299e-01
-3.333957237307e+00 -2.500291183547e+00 5.000838975500e-01
-2.501330462278e+00 -2.500637127676e+00 5.000834686396e-01
-1.669304573414e+00 -2.501479661073e+00 4.995712275958e-01
-8.372525124384e-01 -2.503255865744e+00 4.977458294876e-01
-3.710773139791e-03 -2.505765111358e+00 4.948132855885e-01
8.312127546522e-01 -2.507379382558e+00 4.931868842101e-01
1.666100365154e+00 -2.507910819500e+00 4.927816555928e-01
2.500855889398e+00 -2.507935444690e+00 4.927449224889e-01
3.335995368397e+00 -2.507321693219e+00 4.934128887657e-01
4.170684352475e+00 -2.505415475879e+00 4.957510186671e-01
5.003670893234e+00 -2.502882926734e+00 4.985092112703e-01
5.835593510837e+00 -2.501264647292e+00 4.998476025774e-01
6.667795604445e+00 -2.500539213817e+00 5.001210890680e-01
7.500582426537e+00 -2.500247281944e+00 5.000772008581e-01
8.333700490828e+00 -2.500131409704e+00 5.000184611806e-01
9.166943983690e+00 -2.500088269142e+00 4.999800861059e-01
1.000030990520e+01 -2.500090807565e+00 4.998049950797e-01
-1.000004826739e+01 -1.666669909532e+00 4.999714093328e-01
-9.166711198109e+00 -1.666670696229e+00 4.999959378910e-01
-8.333391448021e+00 -1.666673623786e+00 4.999968642820e-01
-7.500079776559e+00 -1.666679141675e+00 4.999951119942e-01
-6.666778771117e+00 -1.666688687913e+00 4.999914789627e-01
-5.833493070556e+00 -1.666704695714e+00 4.999891056746e-01
-5.000235616067e+00 -1.666731778052e+00 4.999972739933e-01
-4.167055892386e+00 -1.666781623239e+00 5.000345565127e-01
-3.334113218523e+00 -1.666892371282e+00 5.001186286386e-01
-2.501822733966e+00 -1.667167825983e+00 5.001097620683e-01
-1.670563073915e+00 -1.667834265297e+00 4.992490155269e-01
-8.393990126240e-01 -1.669209758468e+00 4.960687674814e-01
-5.789378427205e-03 -1.671097211234e+00 4.907496734288e-01
8.301593317711e-01 -1.672249773393e+00 4.878212885687e-01
1.665833976541e+00 -1.672575314488e+00 4.872721883255e-01
2.501067211291e+00 -1.672607422978e+00 4.871352332580e-01
3.337149220443e+00 -1.672297175620e+00 4.878865431821e-01
4.172910102135e+00 -1.671046548712e+00 4.917514128855e-01
5.005825834290e+00 -1.669069747840e+00 4.970130898024e-01
5.836765099889e+00 -1.667724210498e+00 4.996189404839e-01
6.668221843286e+00 -1.667109175684e+00 5.001658588453e-01
7.500715329989e+00 -1.666863513742e+00 5.001103113499e-01
8.333753307933e+00 -1.666768663982e+00 5.000281057541e-01
9.166972849069e+00 -1.666735542891e+00 4.999809842055e-01
1.000033523418e+01 -1.666742898926e+00 4.997891964323e-01
-1.000004879605e+01 -8.333351745862e-01 4.999711934387e-01
-9.166712000031e+00 -8.333354653891e-01 4.999958606180e-01
-8.333392883466e+00 -8.333370051314e-01 4.999966182772e-01
-7.500082529619e+00 -8.333399614203e-01 4.999945780642e-01
-6.666783933880e+00 -8.333450837707e-01 4.999905120370e-01
-5.833502427000e+00 -8.333536722038e-01 4.999879632353e-01
-5.000253470491e+00 -8.333681285050e-01 4.999977852606e-01
-4.167096796072e+00 -8.333949526852e-01 5.000426118545e-01
-3.334229046338e+00 -8.334540875825e-01 5.001418251455e-01
-2.502144414755e+00 -8.335972216564e-01 5.001221428804e-01
-1.671269997871e+00 -8.339258181429e-01 4.990877855810e-01
-8.404485028441e-01 -8.345421425920e-01 4.953527226963e-01
-6.692330459035e-03 -8.352907980965e-01 4.892516561353e-01
8.297583751867e-01 -8.356778457286e-01 4.860923763262e-01
1.665751072540e+00 -8.357455602510e-01 4.856531416767e-01
2.501117752617e+00 -8.357374056161e-01 4.854914704498e-01
3.337530756548e+00 -8.356656524728e-01 4.860509978365e-01
4.173852276811e+00 -8.352996713859e-01 4.900954323263e-01
5.006932138070e+00 -8.345319592268e-01 4.962542026868e-01
5.837481599183e+00 -8.339046842181e-01 4.994707320693e-01
6.668528470623e+00 -8.335813852243e-01 5.001875119073e-01
7.500821979073e+00 -8.334442171759e-01 5.001340441330e-01
8.333795651242e+00 -8.333900443859e-01 5.000356225240e-01
9.166997220538e+00 -8.333717076361e-01 4.999811753794e-01
1.000035713920e+01 -8.333776161768e-01 4.997757448449e-01
-1.000004902066e+01 1.267465264258e-07 4.999710953299e-01
-9.166712321969e+00 9.855798048336e-08 4.999958273677e-01
-8.333393444487e+00 1.151534269399e-07 4.999965280657e-01
-7.500083586009e+00 1.662617642365e-07 4.999943863529e-01
-6.666785892822e+00 2.505782672880e-07 4.999901661811e-01
-5.833505942184e+00 3.886548741869e-07 4.999875065409e-01
-5.000259883385e+00 7.045448689899e-07 4.999978799628e-01
-4.167111194157e+00 1.726245577310e-06 5.000452130806e-01
-3.334268305803e+00 4.554058070643e-06 5.001498149375e-01
-2.502247440109e+00 1.048872699998e-05 5.001277699310e-01
-1.671472601241e+00 1.662106810110e-05 4.990487729332e-01
-8.407182656499e-01 3.199315844130e-06 4.952124160615e-01
-6.885288577280e-03 -4.809253546551e-05 4.890170966007e-01
8.297208330357e-01 -8.108578235374e-05 4.859514775899e-01
1.665781686764e+00 -4.246579452864e-05 4.856536006774e-01
2.501141270122e+00 8.086722495491e-06 4.855250093746e-01
3.337576418121e+00 2.571102543231e-05 4.860042470850e-01
4.174009096990e+00 -3.815668587227e-06 4.899175329897e-01
5.007178774308e+00 -2.847455689844e-05 4.961078371243e-01
5.837688243028e+00 -2.317722396024e-05 4.994210875474e-01
6.668640119348e+00 -1.147720878640e-05 5.001907626262e-01
7.500865994757e+00 -4.756869615476e-06 5.001428656139e-01
8.333813049637e+00 -2.093022286721e-06 5.000388694276e-01
9.167007092951e+00 -1.493352463795e-06 4.999813183681e-01
1.000036613689e+01 -2.081629252972e-06 4.997702531640e-01
-1.000004869844e+01 8.333354222722e-01 4.999712499598e-01
-9.166711906692e+00 8.333356574352e-01 4.999958698795e-01
-8.333392761923e+00 8.333372281573e-01 4.999966294008e-01
-7.500082371212e+00 8.333402811439e-01 4.999945949782e-01
-6.666783732306e+00 8.333455630674e-01 4.999905195167e-01
-5.833502131103e+00 8.333544061272e-01 4.999878672705e-01
-5.000252668773e+00 8.333694193699e-01 4.999973496491e-01
-4.167093761306e+00 8.333980524518e-01 5.000415169809e-01
-3.334219832308e+00 8.334630129308e-01 5.001415744998e-01
-2.502131319616e+00 8.336212929781e-01 5.001296437623e-01
-1.671280707847e+00 8.339799991774e-01 4.991025925960e-01
-8.405194589384e-01 8.346233687899e-01 4.953259467425e-01
-6.782029022464e-03 8.353288217467e-01 4.890949173457e-01
8.297591195358e-01 8.356286262136e-01 4.858676479578e-01
1.665838652757e+00 8.357052589389e-01 4.855480516667e-01
2.501187051123e+00 8.357601362783e-01 4.855175828228e-01
3.337525759373e+00 8.356791906397e-01 4.861378666630e-01
4.173812261464e+00 8.351963983857e-01 4.901347138848e-01
5.006924419387e+00 8.344282906327e-01 4.962361391147e-01
5.837505273906e+00 8.338500064383e-01 4.994516931904e-01
6.668551774039e+00 8.335585647408e-01 5.001831776753e-01
7.500833385785e+00 8.334356926545e-01 5.001354218758e-01
8.333799673118e+00 8.333864411470e-01 5.000367247934e-01
9.166999127072e+00 8.333689309128e-01 4.999814073126e-01
1.000035884998e+01 8.333737053125e-01 4.997747265682e-01
-1.000004807649e+01 1.666670140091e+00 4.999715201908e-01
-9.166711015797e+00 1.666670873563e+00 4.999959560656e-01
-8.333391210441e+00 1.666673825789e+00 4.999968852785e-01
-7.500079465065e+00 1.666679426062e+00 4.999951444329e-01
-6.666778373374e+00 1.666689104373e+00 4.999914955032e-01
-5.833492488027e+00 1.666705311207e+00 4.999889525278e-01
-5.000234192119e+00 1.666732752402e+00 4.999965297773e-01
-4.167050603317e+00 1.666783693212e+00 5.000325520216e-01
-3.334094504493e+00 1.666899110376e+00 5.001171187270e-01
-2.501777759823e+00 1.667190617605e+00 5.001237649728e-01
-1.670511616469e+00 1.667903929153e+00 4.993175748056e-01
-8.394290102187e-01 1.669369990102e+00 4.961968953150e-01
-5.928456109494e-03 1.671305615577e+00 4.907797594679e-01
8.300774323564e-01 1.672358038666e+00 4.876525898100e-01
1.665906282346e+00 1.672608696427e+00 4.871583794881e-01
2.501126559941e+00 1.672597912397e+00 4.872231648926e-01
3.337039068830e+00 1.672201089748e+00 4.879969300253e-01
4.172806879097e+00 1.670832282674e+00 4.915770713350e-01
5.005883227124e+00 1.668932862260e+00 4.968479600501e-01
5.836862042613e+00 1.667672365442e+00 4.995625686040e-01
6.668276097826e+00 1.667092670294e+00 5.001608108474e-01
7.500734879448e+00 1.666858363860e+00 5.001136119895e-01
8.333760410565e+00 1.666766469954e+00 5.000298675999e-01
9.166976316466e+00 1.666733348589e+00 4.999813913883e-01
1.000033845943e+01 1.666739628018e+00 4.997872256383e-01
-1.000004785612e+01 2.500003956141e+00 4.999715158388e-01
-9.166710419522e+00 2.500005556036e+00 4.999959739134e-01
-8.333389887279e+00 2.500009531847e+00 4.999971355940e-01
-7.500076595245e+00 2.500016849752e+00 4.999957836327e-01
-6.666772610807e+00 2.500029466473e+00 4.999926775282e-01
-5.833481492192e+00 2.500050569812e+00 4.999903317694e-01
-5.000212032195e+00 2.500086177718e+00 4.999952383329e-01
-4.166996178427e+00 2.500150846239e+00 5.000212224844e-01
-3.333933696673e+00 2.500292189868e+00 5.000805728087e-01
-2.501256151873e+00 2.500640334949e+00 5.001015277856e-01
-1.669175149010e+00 2.501491615451e+00 4.996943208735e-01
-8.371943328265e-01 2.503294571075e+00 4.980673595791e-01
-3.863024706049e-03 2.505851088443e+00 4.951453409937e-01
8.310347237574e-01 2.507482974671e+00 4.931813996813e-01
1.666064418455e+00 2.507966349623e+00 4.927255793227e-01
2.500790266133e+00 2.507907177070e+00 4.927553703428e-01
3.335792420302e+00 2.507243266837e+00 4.932866236049e-01
4.170608297842e+00 2.505379109534e+00 4.952623603454e-01
5.003831689400e+00 2.502875449301e+00 4.981973586756e-01
5.835754577309e+00 2.501265483277e+00 4.997621803395e-01
6.667868677053e+00 2.500540615418e+00 5.001170052673e-01
7.500605039669e+00 2.500247656734e+00 5.000818171987e-01
8.333709210318e+00 2.500130787492e+00 5.000203687230e-01
9.166948536588e+00 2.500086873173e+00 4.999805114717e-01
1.000031437033e+01 2.500088287832e+00 4.998021970943e-01
-1.000004909000e+01 3.333337179401e+00 4.999705725445e-01
-9.166711285553e+00 3.333339957580e+00 4.999955331339e-01
-8.333390567684e+00 3.333344452510e+00 4.999967789663e-01
-7.500076598466e+00 3.333352575683e+00 4.999954847524e-01
-6.666771154087e+00 3.333366527765e+00 4.999923811015e-01
-5.833476860688e+00 3.333389659348e+00 4.999894293490e-01
-5.000199021366e+00 3.333428213771e+00 4.999906817962e-01
-4.166954676781e+00 3.333496836177e+00 5.000047875846e-01
-3.333792112342e+00 3.333636562357e+00 5.000387205048e-01
-2.500797678712e+00 3.333950893032e+00 5.000627741488e-01
-1.668012804309e+00 3.334651107948e+00 4.999508289008e-01
-8.352130602055e-01 3.336025498688e+00 4.994911723013e-01
-1.868359101097e-03 3.337939927711e+00 4.986578524913e-01
8.321327500832e-01 3.339337788704e+00 4.980177388021e-01
1.666309063000e+00 3.339855988760e+00 4.978039883687e-01
2.500426118444e+00 3.339814502587e+00 4.978045533133e-01
3.334581045485e+00 3.339206137030e+00 4.979979327797e-01
4.168569958770e+00 3.337753456750e+00 4.985884061038e-01
5.001906810221e+00 3.335836259315e+00 4.994469070401e-01
5.834690606687e+00 3.334521392027e+00 4.999431859150e-01
6.667474721543e+00 3.333878174455e+00 5.000650618317e-01
7.500487531202e+00 3.333596472172e+00 5.000425443713e-01
8.333670522946e+00 3.333476564943e+00 5.000057351307e-01
9.166931218945e+00 3.333428897495e+00 4.999756676724e-01
1.000030171707e+01 3.333419510664e+00 4.998096643070e-01
-1.000005244593e+01 4.166671996334e+00 4.999682737329e-01
-9.166715038983e+00 4.166675223824e+00 4.999946301672e-01
-8.333395122426e+00 4.166679780092e+00 4.999954193032e-01
-7.500082797280e+00 4.166688643345e+00 4.999933718276e-01
-6.666779702373e+00 4.166703495819e+00 4.999890022015e-01
-5.833488272041e+00 4.166727317452e+00 4.999836164674e-01
-5.000211610177e+00 4.166765544992e+00 4.999793174513e-01
-4.166956034079e+00 4.166830361661e+00 4.999808743996e-01
-3.333734418815e+00 4.166951387229e+00 4.999938736329e-01
-2.500560499740e+00 4.167193700795e+00 5.000164011762e-01
-1.667420170682e+00 4.167666087689e+00 5.000326112219e-01
-8.342272275597e-01 4.168461139380e+00 5.000246663837e-01
-8.423381426094e-04 4.169474232676e+00 4.999850442461e-01
8.327675658342e-01 4.170293070532e+00 4.999394126116e-01
1.666485027305e+00 4.170675262695e+00 4.999162824017e-01
2.500216749771e+00 4.170658618436e+00 4.999092654026e-01
3.333928853116e+00 4.170254774380e+00 4.999188234336e-01
4.167536942817e+00 4.169436134157e+00 4.999471556576e-01
5.000923205511e+00 4.168407696866e+00 4.999959266650e-01
5.834114097960e+00 4.167606616938e+00 5.000206177544e-01
6.667256921745e+00 4.167145193134e+00 5.000167661455e-01
7.500439018416e+00 4.166916574173e+00 5.000002668490e-01
8.333671988760e+00 4.166810037238e+00 4.999837769860e-01
9.166943258387e+00 4.166767986320e+00 4.999652267658e-01
1.000031312150e+01 4.166750969056e+00 4.998015756726e-01
-1.000005632346e+01 5.000016831620e+00 4.999626225098e-01
-9.166720749654e+00 5.000015928006e+00 4.999881207175e-01
-8.333405014673e+00 5.000023510849e+00 4.999840460036e-01
-7.500098619862e+00 5.000037794909e+00 4.999742301598e-01
-6.666804093622e+00 5.000061197768e+00 4.999574022919e-01
-5.833525054290e+00 5.000096684657e+00 4.999323705040e-01
-5.000265868013e+00 5.000149738311e+00 4.998970894784e-01
-4.167032237106e+00 5.000230829250e+00 4.998502359913e-01
-3.333830259235e+00 5.000361952678e+00 4.997912077990e-01
-2.500657301828e+00 5.000585273320e+00 4.997200992702e-01
-1.667481814465e+00 5.000956807722e+00 4.996408628374e-01
-8.342299363635e-01 5.001493056723e+00 4.995647998452e-01
-8.179514912469e-04 5.002104039638e+00 4.995065630588e-01
8.327734242699e-01 5.002623854513e+00 4.994577091633e-01
1.666481807052e+00 5.002902617389e+00 4.994236782210e-01
2.500223434334e+00 5.002896988386e+00 4.994234410327e-01
3.333928096223e+00 5.002610166013e+00 4.994584982325e-01
4.167518166807e+00 5.002090791586e+00 4.995131245232e-01
5.000930289901e+00 5.001465023030e+00 4.995757494847e-01
5.834180811190e+00 5.000913742074e+00 4.996584236147e-01
6.667355431124e+00 5.000537563175e+00 4.997448902104e-01
7.500530879816e+00 5.000319130007e+00 4.998193346673e-01
8.333736834108e+00 5.000203197997e+00 4.998696825426e-01
9.166980532016e+00 5.000150676056e+00 4.998918766223e-01
1.000034334659e+01 5.000155904833e+00 4.997385427619e-01
-1.000010267909e+01 -5.000015572410e+00 9.999466149636e-01
-9.166774121027e+00 -5.000024164231e+00 9.999806765005e-01
-8.333464620520e+00 -5.000038567682e+00 9.999812021953e-01
-7.500176341875e+00 -5.000064360135e+00 9.999683980580e-01
-6.666910888348e+00 -5.000105670071e+00 9.999456693069e-01
-5.833674908076e+00 -5.000169649163e+00 9.999114893496e-01
-5.000475981201e+00 -5.000267966486e+00 9.998641874265e-01
-4.167321681957e+00 -5.000420736740e+00 9.998051608106e-01
-3.334214381340e+00 -5.000663193396e+00 9.997396598491e-01
-2.501136263147e+00 -5.001054373061e+00 9.996803287234e-01
-1.668024145235e+00 -5.001659962994e+00 9.996604516141e-01
-8.347608853184e-01 -5.002452665956e+00 9.997082359315e-01
-1.243614634467e-03 -5.003262816710e+00 9.997984606306e-01
8.325216371340e-01 -5.003930393407e+00 9.998579913662e-01
1.666443204204e+00 -5.004259273864e+00 9.998904108922e-01
2.500412845314e+00 -5.004197688184e+00 9.998902276499e-01
3.334311563052e+00 -5.003746639476e+00 9.998482749796e-01
4.168013089424e+00 -5.003022061766e+00 9.997575822601e-01
5.001454025591e+00 -5.002183771260e+00 9.996840200085e-01
5.834679424545e+00 -5.001444040593e+00 9.996633545819e-01
6.667798021902e+00 -5.000908030642e+00 9.997037694730e-01
7.500907187799e+00 -5.000563343199e+00 9.997717720798e-01
8.334053665609e+00 -5.000356634523e+00 9.998300783452e-01
9.167276177740e+00 -5.000251171311e+00 9.998261059796e-01
1.000059295486e+01 -5.000201232644e+00 9.996303896111e-01
-1.000009498276e+01 -4.166677143529e+00 9.999523464201e-01
-9.166763801768e+00 -4.166683699170e+00 9.999879837388e-01
-8.333448513908e+00 -4.166694406288e+00 9.999949621993e-01
-7.500150886270e+00 -4.166713686013e+00 9.999924827884e-01
-6.666871839460e+00 -4.166745969629e+00 9.999862454849e-01
-5.833616152722e+00 -4.166798259035e+00 9.999785471532e-01
-5.000389470472e+00 -4.166882784766e+00 9.999741977446e-01
-4.167199962424e+00 -4.167022266170e+00 9.999837968821e-01
-3.334059770598e+00 -4.167262170004e+00 1.000018085763e+00
-2.500971347374e+00 -4.167688153333e+00 1.000064923414e+00
-1.667889427509e+00 -4.168436146412e+00 1.000091145762e+00
-8.346845038704e-01 -4.169590904865e+00 1.000116533762e+00
-1.198628978792e-03 -4.170900954907e+00 1.000178388364e+00
8.325647332764e-01 -4.171860212064e+00 1.000199557109e+00
1.666459277669e+00 -4.172318602269e+00 1.000197386951e+00
2.500385612739e+00 -4.172258570295e+00 1.000225905147e+00
3.334269882477e+00 -4.171626203901e+00 1.000263481813e+00
4.167965735793e+00 -4.170463290845e+00 1.000243466649e+00
5.001359028418e+00 -4.169188309700e+00 1.000177064364e+00
5.834525419200e+00 -4.168175917927e+00 1.000124223900e+00
6.667628362445e+00 -4.167537635948e+00 1.000065384890e+00
7.500763410469e+00 -4.167172447627e+00 1.000014838917e+00
8.333954444513e+00 -4.166972516905e+00 9.999795119744e-01
9.167215557131e+00 -4.166876808722e+00 9.999183443493e-01
1.000055147473e+01 -4.166841651281e+00 9.997034143137e-01
-1.000008931837e+01 -3.333341403076e+00 9.999571764206e-01
-9.166757580996e+00 -3.333346289730e+00 9.999910619503e-01
-8.333440926859e+00 -3.333355189202e+00 9.999990750500e-01
-7.500140869713e+00 -3.333371266698e+00 9.999989985529e-01
-6.666858776558e+00 -3.333399023924e+00 9.999967729195e-01
-5.833600495445e+00 -3.333445711968e+00 9.999962588505e-01
-5.000375482626e+00 -3.333524047004e+00 1.000007227046e+00
-4.167205070463e+00 -3.333658453312e+00 1.000052105672e+00
-3.334141931633e+00 -3.333903032720e+00 1.000155267114e+00
-2.501281011201e+00 -3.334382303316e+00 1.000254977544e+00
-1.668637135479e+00 -3.335344863731e+00 1.000030232797e+00
-8.358655078013e-01 -3.337227410582e+00 9.990661703366e-01
-2.322014820254e-03 -3.339922718117e+00 9.976480645951e-01
8.319245906282e-01 -3.341535336386e+00 9.968655314430e-01
1.666284915410e+00 -3.342128980474e+00 9.966133169046e-01
2.500665219109e+00 -3.342123139335e+00 9.966290489947e-01
3.335114916593e+00 -3.341325007736e+00 9.971674829869e-01
4.169184548882e+00 -3.339138733591e+00 9.984475102685e-01
5.002408257608e+00 -3.336611077214e+00 9.996803613374e-01
5.835111227640e+00 -3.335035931672e+00 1.000227708588e+00
6.667856844384e+00 -3.334227769258e+00 1.000257570469e+00
7.500825752600e+00 -3.333821612437e+00 1.000131840029e+00
8.333962979201e+00 -3.333616937128e+00 1.000037142994e+00
9.167210114819e+00 -3.333522888125e+00 9.999492805678e-01
1.000054382106e+01 -3.333505688281e+00 9.997251613675e-01
-1.000008736713e+01 -2.500007518057e+00 9.999586347084e-01
-9.166755939910e+00 -2.500010428165e+00 9.999919297626e-01
-8.333439963549e+00 -2.500017837675e+00 9.999996393908e-01
-7.500141524950e+00 -2.500031538131e+00 9.999994329235e-01
-6.666863174566e+00 -2.500055492445e+00 9.999971461379e-01
-5.833613174033e+00 -2.500096447408e+00 9.999978425090e-01
-5.000406990686e+00 -2.500166070464e+00 1.000016763745e+00
-4.167284572905e+00 -2.500288233819e+00 1.000090946279e+00
-3.334350746821e+00 -2.500516458855e+00 1.000265447644e+00
-2.501852528042e+00 -2.501000683510e+00 1.000436658942e+00
-1.670171050286e+00 -2.502052202936e+00 9.996873756826e-01
-8.386587557419e-01 -2.504391760183e+00 9.958842735488e-01
-4.967789842620e-03 -2.508260442653e+00 9.891013764836e-01
8.306832443473e-01 -2.510426870778e+00 9.858757187154e-01
1.665964980060e+00 -2.510960199838e+00 9.852869475008e-01
2.501028926952e+00 -2.511021810116e+00 9.850896402835e-01
3.336858549942e+00 -2.510421001240e+00 9.862475865076e-01
4.172103058536e+00 -2.507676298083e+00 9.915807360386e-01
5.004866876113e+00 -2.503846367146e+00 9.976525493531e-01
5.836323949666e+00 -2.501778068941e+00 1.000167194315e+00
6.668322719078e+00 -2.500867927064e+00 1.000441315457e+00
7.501006213889e+00 -2.500448272839e+00 1.000226291988e+00
8.334042437363e+00 -2.500254118906e+00 1.000069081851e+00
9.167255407403e+00 -2.500168293278e+00 9.999564236427e-01
1.000057918864e+01 -2.500169310104e+00 9.997092239658e-01
-1.000008772783e+01 -1.666672785333e+00 9.999586307451e-01
-9.166756891789e+00 -1.666674196919e+00 9.999919254539e-01
-8.333442202321e+00 -1.666679528489e+00 9.999993084441e-01
-7.500146726843e+00 -1.666689688425e+00 9.999985206012e-01
-6.666874332379e+00 -1.666707554883e+00 9.999953827996e-01
-5.833635771834e+00 -1.666738267940e+00 9.999961426309e-01
-5.000452524009e+00 -1.666790796241e+00 1.000020981418e+00
-4.167381601485e+00 -1.666883746623e+00 1.000122647572e+00
-3.334584143197e+00 -1.667060782758e+00 1.000359844668e+00
-2.502428970182e+00 -1.667440110610e+00 1.000605063469e+00
-1.671752965827e+00 -1.668263764707e+00 9.993592235119e-01
-8.418181533756e-01 -1.670018845299e+00 9.925338911354e-01
-8.130166156851e-03 -1.672787339628e+00 9.792076643925e-01
8.293513254972e-01 -1.674261287754e+00 9.727774215437e-01
1.665748580317e+00 -1.674537002709e+00 9.723722094655e-01
2.501101143740e+00 -1.674577088244e+00 9.718775642212e-01
3.338316744371e+00 -1.674363084082e+00 9.726022770466e-01
4.175514397895e+00 -1.672795882353e+00 9.817477998597e-01
5.008056818463e+00 -1.669831424053e+00 9.947431691445e-01
5.837782337420e+00 -1.668118226807e+00 1.000034156324e+00
6.668819088669e+00 -1.667360335697e+00 1.000628574657e+00
7.501218487939e+00 -1.667015331696e+00 1.000309360382e+00
8.334142720929e+00 -1.666860720463e+00 1.000095696735e+00
9.167319785295e+00 -1.666795486448e+00 9.999561451940e-01
1.000063220408e+01 -1.666805154393e+00 9.996816545839e-01
-1.000008872116e+01 -8.333367092082e-01 9.999582008106e-01
-9.166758356472e+00 -8.333372493456e-01 9.999917361752e-01
-8.333444762853e+00 -8.333400241903e-01 9.999989482220e-01
-7.500151772568e+00 -8.333454111791e-01 9.999977356233e-01
-6.666884239150e+00 -8.333549134953e-01 9.999939539054e-01
-5.833654710292e+00 -8.333712702418e-01 9.999946260514e-01
-5.000488771463e+00 -8.333993129932e-01 1.000023865906e+00
-4.167456128597e+00 -8.334488215159e-01 1.000144147050e+00
-3.334751847673e+00 -8.335443059694e-01 1.000428250345e+00
-2.502837895808e+00 -8.337415097754e-01 1.000696721894e+00
-1.672614581488e+00 -8.341518494438e-01 9.991619738922e-01
-8.430557414517e-01 -8.348888310216e-01 9.912366012013e-01
-9.099532985616e-03 -8.357268735061e-01 9.764571210589e-01
8.289886659564e-01 -8.360483528918e-01 9.699146060303e-01
1.665702333100e+00 -8.360827145321e-01 9.699056830110e-01
2.501129626189e+00 -8.360673376230e-01 9.694077405839e-01
3.338584419431e+00 -8.360165884825e-01 9.694915513368e-01
4.176522675093e+00 -8.357911288070e-01 9.784010943366e-01
5.009429735262e+00 -8.348942106240e-01 9.932911948393e-01
5.838671804877e+00 -8.341223743825e-01 9.998764057678e-01
6.669204833057e+00 -8.337183137470e-01 1.000738168642e+00
7.501379065475e+00 -8.335281460679e-01 1.000374241372e+00
8.334223073711e+00 -8.334398764686e-01 1.000114766889e+00
9.167372690884e+00 -8.334046246156e-01 9.999551318066e-01
1.000067678995e+01 -8.334127871104e-01 9.996582347120e-01
-1.000008913249e+01 2.176594532780e-07 9.999580189176e-01
-9.166758942591e+00 1.739843834938e-07 9.999916601220e-01
-8.333445753819e+00 2.076250252424e-07 9.999988257773e-01
-7.500153683013e+00 3.082669967225e-07 9.999974772258e-01
-6.666887941321e+00 4.860549984325e-07 9.999934677609e-01
-5.833661690207e+00 7.861369215781e-07 9.999940847571e-01
-5.000501953132e+00 1.380398231269e-06 1.000024599130e+00
-4.167482031158e+00 2.788605794295e-06 1.000151651668e+00
-3.334811503143e+00 6.330531969389e-06 1.000451083228e+00
-2.502970374399e+00 1.327027914954e-05 1.000728213323e+00
-1.672853063697e+00 2.174570275155e-05 9.991114997489e-01
-8.433424816116e-01 -1.506034330504e-07 9.910468989058e-01
-9.250638627294e-03 -9.853164726330e-05 9.762851071637e-01
8.290129186572e-01 -1.328959759156e-04 9.702157403080e-01
1.665748952202e+00 -4.968012367408e-05 9.705861446768e-01
2.501156045892e+00 1.224889067969e-05 9.701350337997e-01
3.338598935346e+00 4.088464291874e-05 9.700434181935e-01
4.176617999479e+00 3.478254111947e-05 9.784218414478e-01
5.009672168146e+00 -3.077728841595e-05 9.930617845743e-01
5.838926364042e+00 -2.981129583462e-05 9.997943740010e-01
6.669352699797e+00 -1.477557497954e-05 1.000768087913e+00
7.501443623787e+00 -7.345495171197e-06 1.000399660752e+00
8.334255162535e+00 -3.612920810300e-06 1.000123004164e+00
9.167394107069e+00 -2.774717556226e-06 9.999549189283e-01
1.000069492375e+01 -3.693496647972e-06 9.996488583451e-01
-1.000008854436e+01 8.333371345089e-01 9.999582838837e-01
-9.166758169397e+00 8.333375883346e-01 9.999917558583e-01
-8.333444531974e+00 8.333404258542e-01 9.999989607859e-01
-7.500151457643e+00 8.333460030713e-01 9.999977592704e-01
-6.666883791513e+00 8.333558360956e-01 9.999939579428e-01
-5.833654009130e+00 8.333727489929e-01 9.999944256279e-01
-5.000487381435e+00 8.334018510961e-01 1.000022835854e+00
-4.167452384713e+00 8.334539108399e-01 1.000141406727e+00
-3.334742209123e+00 8.335564519776e-01 1.000425401302e+00
-2.502821299314e+00 8.337707244123e-01 1.000710414843e+00
-1.672630878537e+00 8.342186420718e-01 9.992009610937e-01
-8.431824817158e-01 8.350032999940e-01 9.911551431438e-01
-9.247983067853e-03 8.357891870080e-01 9.759673544901e-01
8.290222200131e-01 8.359686558724e-01 9.692826916012e-01
1.665845050631e+00 8.360270907984e-01 9.696719974575e-01
2.501220460804e+00 8.361298780347e-01 9.694617400017e-01
3.338611379627e+00 8.361028930815e-01 9.696978822407e-01
4.176489593564e+00 8.356395804390e-01 9.786126754501e-01
5.009402198244e+00 8.347642566390e-01 9.932769680122e-01
5.838698916659e+00 8.340583219827e-01 9.998327344076e-01
6.669237354588e+00 8.336888597295e-01 1.000733438204e+00
7.501393011391e+00 8.335156788872e-01 1.000379722778e+00
8.334229676661e+00 8.334334025480e-01 1.000117339656e+00
9.167376750291e+00 8.333995328385e-01 9.999556417519e-01
1.000068030190e+01 8.334058591719e-01 9.996565981207e-01
-1.000008738194e+01 1.666673181398e+00 9.999587938782e-01
-9.166756526281e+00 1.666674509880e+00 9.999919639037e-01
-8.333441751833e+00 1.666679891694e+00 9.999993314519e-01
-7.500146113463e+00 1.666690210095e+00 9.999985627614e-01
-6.666873463388e+00 1.666708345439e+00 9.999953964751e-01
-5.833634439701e+00 1.666739470271e+00 9.999957988004e-01
-5.000449904203e+00 1.666792746563e+00 1.000019265198e+00
-4.167374946698e+00 1.666887317908e+00 1.000117602023e+00
-3.334564578841e+00 1.667069590198e+00 1.000352200666e+00
-2.502377569743e+00 1.667467158002e+00 1.000623074315e+00
-1.671685923741e+00 1.668347619694e+00 9.994999127531e-01
-8.418577646263e-01 1.670270860480e+00 9.928366527119e-01
-8.335508468547e-03 1.673180268013e+00 9.792632332009e-01
8.292254729061e-01 1.674419736454e+00 9.723118098693e-01
1.665894926242e+00 1.674582320533e+00 9.720465721921e-01
2.501262509951e+00 1.674592186307e+00 9.721704655772e-01
3.338144968517e+00 1.674264269446e+00 9.730616679077e-01
4.175326929731e+00 1.672382239548e+00 9.813095127401e-01
5.008157770303e+00 1.669643032400e+00 9.943641939712e-01
5.837916872534e+00 1.668062589890e+00 9.999382652194e-01
6.668879492880e+00 1.667339540840e+00 1.000631790604e+00
7.501244056095e+00 1.667008589964e+00 1.000319014797e+00
8.334154456226e+00 1.666856449990e+00 1.000100389889e+00
9.167327229109e+00 1.666791579530e+00 9.999568855872e-01
1.000063876081e+01 1.666799427452e+00 9.996785733547e-01
-1.000008686746e+01 2.500007867563e+00 9.999588719740e-01
-9.166755412593e+00 2.500010700306e+00 9.999919856193e-01
-8.333439313731e+00 2.500018141618e+00 9.999996694329e-01
-7.500140640018e+00 2.500031956838e+00 9.999994871987e-01
-6.666861927561e+00 2.500056093435e+00 9.999971661551e-01
-5.833611299310e+00 2.500097280538e+00 9.999974754547e-01
-5.000403625747e+00 2.500167152754e+00 1.000014707590e+00
-4.167275806998e+00 2.500289581257e+00 1.000085211146e+00
-3.334327759005e+00 2.500518363192e+00 1.000254295322e+00
-2.501773552948e+00 2.501005215673e+00 1.000446788849e+00
-1.669953649076e+00 2.502066104018e+00 9.999265066532e-01
-8.384995126630e-01 2.504436255026e+00 9.967424852959e-01
-5.234894727279e-03 2.508378323465e+00 9.901197181362e-01
8.303540442231e-01 2.510582667353e+00 9.857735984378e-01
1.665963474866e+00 2.511053643572e+00 9.851262030811e-01
2.500958629038e+00 2.510974773956e+00 9.851874621192e-01
3.336468709960e+00 2.510268573260e+00 9.859964949411e-01
4.171995712104e+00 2.507652462569e+00 9.901211742235e-01
5.005203940889e+00 2.503846281696e+00 9.969072779402e-01
5.836558958038e+00 2.501781106937e+00 1.000038892369e+00
6.668394803869e+00 2.500871121275e+00 1.000454689561e+00
7.501037289952e+00 2.500448453604e+00 1.000237464456e+00
8.334057093762e+00 2.500253056461e+00 1.000074675850e+00
9.167265222640e+00 2.500165840747e+00 9.999570704846e-01
1.000058812685e+01 2.500165072400e+00 9.997049257338e-01
-1.000008868768e+01 3.333341690552e+00 9.999574770194e-01
-9.166756915402e+00 3.333346508050e+00 9.999911322052e-01
-8.333440104391e+00 3.333355416077e+00 9.999991095604e-01
-7.500139743570e+00 3.333371558129e+00 9.999990574354e-01
-6.666857184137e+00 3.333399410812e+00 9.999968071713e-01
-5.833598166489e+00 3.333446170593e+00 9.999959091310e-01
-5.000371567679e+00 3.333524287171e+00 1.000005419214e+00
-4.167196829574e+00 3.333657609579e+00 1.000046601983e+00
-3.334119665976e+00 3.333897527875e+00 1.000146047113e+00
-2.501221855311e+00 3.334361357752e+00 1.000268511969e+00
-1.668537347120e+00 3.335278093394e+00 1.000174529994e+00
-8.358151557473e-01 3.337033802218e+00 9.994717101877e-01
-2.430381385101e-03 3.339692240954e+00 9.980954325118e-01
8.317712934881e-01 3.341576211500e+00 9.969625008912e-01
1.666203531881e+00 3.342186497263e+00 9.965893547956e-01
2.500565085810e+00 3.342134321298e+00 9.965875308124e-01
3.334960846070e+00 3.341401614361e+00 9.968873802624e-01
4.169152173167e+00 3.339513335483e+00 9.978496548215e-01
5.002541446569e+00 3.336804952179e+00 9.993093970941e-01
5.835239268817e+00 3.335101595766e+00 1.000138271740e+00
6.667922900038e+00 3.334252864577e+00 1.000261598115e+00
7.500854181126e+00 3.333828676360e+00 1.000143019774e+00
8.333978675997e+00 3.333618556062e+00 1.000041876960e+00
9.167221618931e+00 3.333521810553e+00 9.999496111745e-01
1.000055469669e+01 3.333502728842e+00 9.997197881004e-01
-1.000009425088e+01 4.166677359678e+00 9.999526914427e-01
-9.166763026715e+00 4.166683854761e+00 9.999880557947e-01
-8.333447550062e+00 4.166694538421e+00 9.999949968847e-01
-7.500149552396e+00 4.166713821143e+00 9.999925519034e-01
-6.666869924521e+00 4.166746118937e+00 9.999863075006e-01
-5.833613332010e+00 4.166798359462e+00 9.999783001039e-01
-5.000385079179e+00 4.166882465341e+00 9.999727513845e-01
-4.167192158341e+00 4.167019955669e+00 9.999797742769e-01
-3.334044435996e+00 4.167252712727e+00 1.000012472862e+00
-2.500945673343e+00 4.167658518481e+00 1.000070217682e+00
-1.667862412329e+00 4.168359023052e+00 1.000128060448e+00
-8.346812434436e-01 4.169441255362e+00 1.000177386361e+00
-1.236874724058e-03 4.170744366955e+00 1.000241290076e+00
8.325041548464e-01 4.171825413133e+00 1.000243674073e+00
1.666401409259e+00 4.172336885063e+00 1.000209398675e+00
2.500330153707e+00 4.172315173778e+00 1.000190117272e+00
3.334220710978e+00 4.171766882904e+00 1.000193145010e+00
4.167955111940e+00 4.170702714827e+00 1.000166726915e+00
5.001395402173e+00 4.169359323377e+00 1.000113245658e+00
5.834575632149e+00 4.168257510625e+00 1.000094864788e+00
6.667667643876e+00 4.167570053766e+00 1.000067316955e+00
7.500788442408e+00 4.167183973463e+00 1.000021529451e+00
8.333971026233e+00 4.166975684786e+00 9.999829355985e-01
9.167228894589e+00 4.166876802993e+00 9.999181095830e-01
1.000056432835e+01 4.166839730680e+00 9.996969992555e-01
-1.000010187745e+01 5.000015732270e+00 9.999469060740e-01
-9.166773267072e+00 5.000024257786e+00 9.999806939950e-01
-8.333463555927e+00 5.000038594430e+00 9.999812137820e-01
-7.500174863788e+00 5.000064310268e+00 9.999684859565e-01
-6.666908734281e+00 5.000105527707e+00 9.999458233318e-01
-5.833671635680e+00 5.000169344992e+00 9.999114691908e-01
-5.000470647958e+00 5.000267111152e+00 9.998632574332e-01
-4.167312350603e+00 5.000417700655e+00 9.998021419267e-01
-3.334198723327e+00 5.000653325392e+00 9.997345574171e-01
-2.501114606978e+00 5.001026497811e+00 9.996740350295e-01
-1.668004059058e+00 5.001598529328e+00 9.996482019534e-01
-8.347605432006e-01 5.002370815549e+00 9.996841596075e-01
-1.279019144858e-03 5.003199313195e+00 9.997703752932e-01
8.324646060547e-01 5.003884283123e+00 9.998562080887e-01
1.666384885501e+00 5.004270319686e+00 9.998869492525e-01
2.500356503972e+00 5.004254880291e+00 9.998872026683e-01
3.334267891148e+00 5.003853605054e+00 9.998544913854e-01
4.168005591613e+00 5.003134660771e+00 9.997880589278e-01
5.001484688036e+00 5.002301373193e+00 9.997001332584e-01
5.834723134768e+00 5.001516763371e+00 9.996697676959e-01
6.667836862784e+00 5.000940548589e+00 9.997066039829e-01
7.500935723797e+00 5.000576280984e+00 9.997751170617e-01
8.334073761178e+00 5.000361094228e+00 9.998316441668e-01
9.167291908004e+00 5.000252097402e+00 9.998254840701e-01
1.000060780486e+01 5.000200269036e+00 9.996238323703e-01
-1.000013940205e+01 -5.000015357094e+00 1.499943204370e+00
-9.166813361370e+00 -5.000028703642e+00 1.499978507673e+00
-8.333506780134e+00 -5.000049442164e+00 1.499985378561e+00
-7.500226784407e+00 -5.000084787777e+00 1.499975488888e+00
-6.666978877431e+00 -5.000141272970e+00 1.499954884155e+00
-5.833771245786e+00 -5.000229780541e+00 1.499922913958e+00
-5.000612479658e+00 -5.000367556929e+00 1.499878205309e+00
-4.167506524958e+00 -5.000579339312e+00 1.499823904304e+00
-3.334443426674e+00 -5.000896451462e+00 1.499769455253e+00
-2.501388495992e+00 -5.001352827012e+00 1.499738538256e+00
-1.668271556364e+00 -5.001974387295e+00 1.499787343808e+00
-8.349684827405e-01 -5.002711728381e+00 1.499931641795e+00
-1.412232998626e-03 -5.003487581084e+00 1.500085430538e+00
8.324087138092e-01 -5.004057740675e+00 1.500258157060e+00
1.666410304669e+00 -5.004360080571e+00 1.500329722315e+00
2.500455832968e+00 -5.004310873733e+00 1.500318363529e+00
3.334424145222e+00 -5.003943745075e+00 1.500203877269e+00
4.168195445046e+00 -5.003283509757e+00 1.500045698962e+00
5.001700426692e+00 -5.002509719873e+00 1.499864991735e+00
5.834956852501e+00 -5.001783927265e+00 1.499756120765e+00
6.668079816078e+00 -5.001197322833e+00 1.499746193756e+00
7.501170044206e+00 -5.000769208337e+00 1.499794399842e+00
8.334297429868e+00 -5.000484803276e+00 1.499839414563e+00
9.167505301935e+00 -5.000324487852e+00 1.499804094849e+00
1.000080219599e+01 -5.000244406392e+00 1.499603679949e+00
-1.000012836581e+01 -4.166679955294e+00 1.499948422971e+00
-9.166799838106e+00 -4.166689642678e+00 1.499984947201e+00
-8.333486374339e+00 -4.166705359435e+00 1.499997864833e+00
-7.500194926406e+00 -4.166733152348e+00 1.499998242498e+00
-6.666930224132e+00 -4.166779698122e+00 1.499994104667e+00
-5.833698324411e+00 -4.166855896781e+00 1.499988974216e+00
-5.000505701276e+00 -4.166979817150e+00 1.499988863564e+00
-4.167355534853e+00 -4.167178913562e+00 1.500007190042e+00
-3.334242389957e+00 -4.167491593173e+00 1.500057827082e+00
-2.501140922222e+00 -4.167964669144e+00 1.500121299215e+00
-1.667993330624e+00 -4.168651445584e+00 1.500160079285e+00
-8.347221212537e-01 -4.169564543701e+00 1.500271129727e+00
-1.191292196554e-03 -4.170416970889e+00 1.500474348817e+00
8.325689253587e-01 -4.171181638963e+00 1.500509833855e+00
1.666449226196e+00 -4.171513606289e+00 1.500523995671e+00
2.500380268476e+00 -4.171476563792e+00 1.500571127694e+00
3.334261815329e+00 -4.170991319396e+00 1.500589614764e+00
4.167966166361e+00 -4.170233625850e+00 1.500443457041e+00
5.001418970608e+00 -4.169294371163e+00 1.500300868505e+00
5.834681317779e+00 -4.168445402703e+00 1.500197866642e+00
6.667838362323e+00 -4.167812540539e+00 1.500116593931e+00
7.500985177309e+00 -4.167379608229e+00 1.500044918488e+00
8.334173150369e+00 -4.167105885901e+00 1.499988431372e+00
9.167429986167e+00 -4.166960034323e+00 1.499892690300e+00
1.000074844720e+01 -4.166905162266e+00 1.499673201443e+00
-1.000012146751e+01 -3.333345210244e+00 1.499953636765e+00
-9.166792537343e+00 -3.333351694242e+00 1.499989117214e+00
-8.333477961411e+00 -3.333364231019e+00 1.500003435251e+00
-7.500184550732e+00 -3.333386991927e+00 1.500007298941e+00
-6.666918160848e+00 -3.333426536245e+00 1.500009067916e+00
-5.833687350761e+00 -3.333493851338e+00 1.500014520714e+00
-5.000503297408e+00 -3.333607198799e+00 1.500036646483e+00
-4.167377407677e+00 -3.333795436123e+00 1.500105407199e+00
-3.334314462689e+00 -3.334098739219e+00 1.500256285522e+00
-2.501319724385e+00 -3.334576938213e+00 1.500428702428e+00
-1.668373507689e+00 -3.335322375023e+00 1.500175970938e+00
-8.352471495552e-01 -3.336649538443e+00 1.499013840575e+00
-1.723978336981e-03 -3.338810666259e+00 1.497797585451e+00
8.322475019487e-01 -3.339646480161e+00 1.496886939165e+00
1.666383686393e+00 -3.340116660228e+00 1.496548241623e+00
2.500511296306e+00 -3.340092702710e+00 1.496578395364e+00
3.334632406129e+00 -3.339591860530e+00 1.497376089067e+00
4.168524627107e+00 -3.337846716220e+00 1.498677607630e+00
5.001938521283e+00 -3.336186371975e+00 1.499798862333e+00
5.834979267559e+00 -3.335100869231e+00 1.500418420506e+00
6.667989720972e+00 -3.334437667095e+00 1.500406976101e+00
7.501055366811e+00 -3.334002696990e+00 1.500212127405e+00
8.334203556376e+00 -3.333737249893e+00 1.500069338288e+00
9.167441057011e+00 -3.333598575544e+00 1.499935507328e+00
1.000075316610e+01 -3.333573734314e+00 1.499698315177e+00
-1.000011921170e+01 -2.500010542083e+00 1.499955475482e+00
-9.166790760208e+00 -2.500014281753e+00 1.499990464482e+00
-8.333477339364e+00 -2.500024197836e+00 1.500004589146e+00
-7.500186744865e+00 -2.500042708768e+00 1.500008684971e+00
-6.666926925703e+00 -2.500075501244e+00 1.500011139937e+00
-5.833710735285e+00 -2.500132600835e+00 1.500019474133e+00
-5.000557056225e+00 -2.500230934838e+00 1.500054217623e+00
-4.167489540452e+00 -2.500396846371e+00 1.500166214252e+00
-3.334532479861e+00 -2.500671806046e+00 1.500419331678e+00
-2.501704462805e+00 -2.501103427165e+00 1.500717918937e+00
-1.669254816749e+00 -2.501868326758e+00 1.500078626690e+00
-8.375820951863e-01 -2.503325202087e+00 1.494592786251e+00
-3.695401911417e-03 -2.507608688024e+00 1.482927642203e+00
8.317382232407e-01 -2.509148403697e+00 1.479086188795e+00
1.666139262248e+00 -2.509235747776e+00 1.478456912767e+00
2.500608605389e+00 -2.509300517442e+00 1.477929129068e+00
3.335986613864e+00 -2.509355221078e+00 1.479192092071e+00
4.170860348018e+00 -2.506803447737e+00 1.488269547960e+00
5.003486271057e+00 -2.502869796810e+00 1.497414896761e+00
5.835661350689e+00 -2.501680098258e+00 1.500537940848e+00
6.668344397256e+00 -2.500990219365e+00 1.500686891037e+00
7.501261108662e+00 -2.500595533064e+00 1.500350494526e+00
8.334322218473e+00 -2.500350603025e+00 1.500117750143e+00
9.167517771529e+00 -2.500227651359e+00 1.499946116643e+00
1.000081404197e+01 -2.500227255706e+00 1.499678596773e+00
-1.000011988478e+01 -1.666674860870e+00 1.499955300872e+00
-9.166792109943e+00 -1.666676641906e+00 1.499990496197e+00
-8.333480435939e+00 -1.666683642416e+00 1.500004422745e+00
-7.500194051277e+00 -1.666697060171e+00 1.500008097418e+00
-6.666943168788e+00 -1.666721048053e+00 1.500010068442e+00
-5.833744966498e+00 -1.666763282475e+00 1.500019386832e+00
-5.000625918910e+00 -1.666836756321e+00 1.500064157337e+00
-4.167621766121e+00 -1.666961916972e+00 1.500213421745e+00
-3.334771978054e+00 -1.667169997162e+00 1.500567540519e+00
-2.502139310269e+00 -1.667501854615e+00 1.500946711342e+00
-1.670000782238e+00 -1.668073487718e+00 1.500022415375e+00
-8.405686046403e-01 -1.669113021623e+00 1.490470695272e+00
-7.203788990372e-03 -1.671713720163e+00 1.464289181988e+00
8.310315263318e-01 -1.672696304897e+00 1.454354456576e+00
1.666374952850e+00 -1.672618418440e+00 1.455742019371e+00
2.500146028430e+00 -1.672612732428e+00 1.454602436486e+00
3.336695180918e+00 -1.672783708804e+00 1.453096956929e+00
4.174664814746e+00 -1.672001531810e+00 1.469334826736e+00
5.006567481271e+00 -1.668930355129e+00 1.494105375989e+00
5.836288334633e+00 -1.667978066553e+00 1.500747922160e+00
6.668752066620e+00 -1.667428401589e+00 1.500914377935e+00
7.501494958885e+00 -1.667120736520e+00 1.500482758710e+00
8.334465032458e+00 -1.666930624131e+00 1.500155146002e+00
9.167617101925e+00 -1.666837371940e+00 1.499945691208e+00
1.000089655352e+01 -1.666848451366e+00 1.499642412300e+00
-1.000012128326e+01 -8.333377497039e-01 1.499954680628e+00
-9.166794062622e+00 -8.333384238524e-01 1.499990267812e+00
-8.333483790876e+00 -8.333420445781e-01 1.500004182752e+00
-7.500200786147e+00 -8.333490967576e-01 1.500007585058e+00
-6.666956945629e+00 -8.333617520619e-01 1.500009172203e+00
-5.833772551721e+00 -8.333841408561e-01 1.500019192957e+00
-5.000679389990e+00 -8.334232243431e-01 1.500070795999e+00
-4.167721038161e+00 -8.334901072871e-01 1.500247939885e+00
-3.334947850258e+00 -8.336002794931e-01 1.500664969711e+00
-2.502424683878e+00 -8.337791259430e-01 1.501111832632e+00
-1.670564064891e+00 -8.340533169784e-01 1.499845460730e+00
-8.410939888526e-01 -8.344866169927e-01 1.488709027522e+00
-7.200259565268e-03 -8.346423407778e-01 1.461602181457e+00
8.310353643823e-01 -8.344265126427e-01 1.452807956100e+00
1.666300307680e+00 -8.345094477710e-01 1.454606261052e+00
2.500356341455e+00 -8.344976231634e-01 1.453744162816e+00
3.336407691978e+00 -8.342985986074e-01 1.451378942365e+00
4.174671412389e+00 -8.347670802431e-01 1.464938772868e+00
5.007351574612e+00 -8.345106538379e-01 1.492105920367e+00
5.836835177700e+00 -8.340275987028e-01 1.500666621262e+00
6.669034010806e+00 -8.337563282611e-01 1.501091608598e+00
7.501672095260e+00 -8.335813239621e-01 1.500575057773e+00
8.334576646958e+00 -8.334778021193e-01 1.500184062407e+00
9.167697214460e+00 -8.334268261532e-01 1.499943749271e+00
1.000096404780e+01 -8.334366525271e-01 1.499612420943e+00
-1.000012185175e+01 2.717313724770e-07 1.499954423700e+00
-9.166794835808e+00 2.172375866509e-07 1.499990170679e+00
-8.333485075359e+00 2.679368795875e-07 1.500004102270e+00
-7.500203300150e+00 4.105474911938e-07 1.500007425796e+00
-6.666962011846e+00 6.736159598246e-07 1.500008886446e+00
-5.833782587673e+00 1.141518385524e-06 1.500019077412e+00
-5.000698689358e+00 1.935404697975e-06 1.500072954977e+00
-4.167756675196e+00 3.346601451756e-06 1.500258937386e+00
-3.335008208705e+00 5.373678853129e-06 1.500701549304e+00
-2.502536227690e+00 9.777390323390e-06 1.501158380015e+00
-1.670664353052e+00 1.373182868851e-05 1.499777541609e+00
-8.412797161586e-01 1.170956253329e-05 1.488609677941e+00
-7.273966988783e-03 -1.117094411375e-04 1.461935098925e+00
8.311639829302e-01 -1.718025700893e-04 1.454421026355e+00
1.666299052219e+00 1.430627692547e-05 1.456866097314e+00
2.500351371787e+00 -5.228094506606e-06 1.455840510979e+00
3.336461134973e+00 -6.274354650876e-05 1.453444046718e+00
4.174661523114e+00 1.245051822022e-04 1.465837693005e+00
5.007465884435e+00 -3.644559162450e-05 1.491775035655e+00
5.837002994993e+00 -1.604101720699e-05 1.500553343353e+00
6.669145815851e+00 -1.319806870411e-05 1.501148006033e+00
7.501739043257e+00 -7.344106067500e-06 1.500611687603e+00
8.334620785494e+00 -4.759164580909e-06 1.500196055759e+00
9.167729379452e+00 -3.611617316806e-06 1.499943215167e+00
1.000099136238e+01 -4.819373341975e-06 1.499600487414e+00
-1.000012104297e+01 8.333382806997e-01 1.499954772575e+00
-9.166793804430e+00 8.333388470174e-01 1.499990292503e+00
-8.333483475249e+00 8.333425628516e-01 1.500004188558e+00
-7.500200340233e+00 8.333498825675e-01 1.500007595467e+00
-6.666956250000e+00 8.333630283701e-01 1.500009150372e+00
-5.833771412677e+00 8.333862624715e-01 1.500018883892e+00
-5.000677544666e+00 8.334268477546e-01 1.500069435108e+00
-4.167718401141e+00 8.334961893120e-01 1.500244054143e+00
-3.334944065955e+00 8.336110349654e-01 1.500660947645e+00
-2.502422114759e+00 8.337977571952e-01 1.501126301206e+00
-1.670561124672e+00 8.340927432485e-01 1.499911938577e+00
-8.412199438825e-01 8.345576998975e-01 1.488600833466e+00
-7.416974191415e-03 8.346372178127e-01 1.460497890342e+00
8.311477917123e-01 8.344176907784e-01 1.451451169364e+00
1.666473982107e+00 8.344407586067e-01 1.454378237524e+00
2.500299124515e+00 8.346074949033e-01 1.453747754491e+00
3.336549860419e+00 8.346144250176e-01 1.451454117251e+00
4.174728663916e+00 8.346684185820e-01 1.465696412507e+00
5.007277742459e+00 8.344549770659e-01 1.492069505290e+00
5.836878656982e+00 8.339876028151e-01 1.500590469325e+00
6.669051005712e+00 8.337349809282e-01 1.501094470469e+00
7.501683419787e+00 8.335679912669e-01 1.500581788008e+00
8.334584450416e+00 8.334694147449e-01 1.500187888908e+00
9.167703239247e+00 8.334201753864e-01 1.499944318764e+00
1.000096939113e+01 8.334276673617e-01 1.499610481664e+00
-1.000011941437e+01 1.666675355730e+00 1.499955481421e+00
-9.166791605291e+00 1.666677032687e+00 1.499990544327e+00
-8.333479821021e+00 1.666684110286e+00 1.500004431735e+00
-7.500193189073e+00 1.666697749240e+00 1.500008113224e+00
-6.666941839904e+00 1.666722121895e+00 1.500010027319e+00
-5.833742818352e+00 1.666764993042e+00 1.500018869598e+00
-5.000622421697e+00 1.666839485145e+00 1.500061745630e+00
-4.167616205079e+00 1.666966619730e+00 1.500206721860e+00
-3.334764815256e+00 1.667177630968e+00 1.500556221045e+00
-2.502119949332e+00 1.667518539297e+00 1.500958766620e+00
-1.669966669032e+00 1.668116625487e+00 1.500219850217e+00
-8.406405085615e-01 1.669359384779e+00 1.490923413420e+00
-7.332715793691e-03 1.672358523796e+00 1.464241350254e+00
8.309338462380e-01 1.672772865707e+00 1.453569077957e+00
1.666483047302e+00 1.672679527732e+00 1.454985212309e+00
2.500539206203e+00 1.672651516525e+00 1.455243960572e+00
3.336525123765e+00 1.672871350137e+00 1.454609535313e+00
4.174387164239e+00 1.671255177942e+00 1.468487305096e+00
5.006730740904e+00 1.668852927867e+00 1.493549024575e+00
5.836353891047e+00 1.667940544908e+00 1.500659098446e+00
6.668786747511e+00 1.667419167840e+00 1.500921131387e+00
7.501515654613e+00 1.667112358251e+00 1.500497391736e+00
8.334479332626e+00 1.666925257297e+00 1.500161484737e+00
9.167628162893e+00 1.666832293071e+00 1.499946656819e+00
1.000090646735e+01 1.666841155389e+00 1.499638730039e+00
-1.000011853132e+01 2.500010981084e+00 1.499955738267e+00
-9.166790031956e+00 2.500014623102e+00 1.499990533997e+00
-8.333476454866e+00 2.500024589259e+00 1.500004598154e+00
-7.500185514712e+00 2.500043255253e+00 1.500008696397e+00
-6.666925063014e+00 2.500076295864e+00 1.500011087901e+00
-5.833707796979e+00 2.500133727505e+00 1.500018846567e+00
-5.000552358332e+00 2.500232456086e+00 1.500051517148e+00
-4.167482257338e+00 2.500398844943e+00 1.500157488303e+00
-3.334519151935e+00 2.500674479063e+00 1.500406966884e+00
-2.501694879512e+00 2.501107881545e+00 1.500713336456e+00
-1.669070389729e+00 2.501876682153e+00 1.500292531423e+00
-8.371442127180e-01 2.503342466208e+00 1.496276844349e+00
-4.121394002173e-03 2.507684792438e+00 1.485592259258e+00
8.312437789439e-01 2.509262945516e+00 1.478435789754e+00
1.666303523086e+00 2.509365161467e+00 1.478195976031e+00
2.500601919681e+00 2.509254972365e+00 1.478212245685e+00
3.335350822334e+00 2.509065861275e+00 1.478965025421e+00
4.170781696517e+00 2.506914039166e+00 1.484573708816e+00
5.004142970299e+00 2.502863215104e+00 1.496309590943e+00
5.835745299699e+00 2.501694417359e+00 1.500486585071e+00
6.668385351580e+00 2.500992038831e+00 1.500695882827e+00
7.501287325110e+00 2.500596125309e+00 1.500369143563e+00
8.334340432551e+00 2.500349006858e+00 1.500125052506e+00
9.167532348589e+00 2.500224679892e+00 1.499947030726e+00
1.000082738978e+01 2.500222000621e+00 1.499673528351e+00
-1.000012060744e+01 3.333345580541e+00 1.499953969786e+00
-9.166791619194e+00 3.333351975421e+00 1.499989203849e+00
-8.333476847166e+00 3.333364525909e+00 1.500003440998e+00
-7.500183006923e+00 3.333387364685e+00 1.500007302316e+00
-6.666915854867e+00 3.333427019752e+00 1.500008998459e+00
-5.833683818574e+00 3.333494383805e+00 1.500013922209e+00
-5.000497930259e+00 3.333607545659e+00 1.500034010829e+00
-4.167369376891e+00 3.333794670282e+00 1.500098102476e+00
-3.334304142769e+00 3.334096320882e+00 1.500242580667e+00
-2.501294953059e+00 3.334566686017e+00 1.500436119473e+00
-1.668333063323e+00 3.335294671309e+00 1.500371799484e+00
-8.352698859512e-01 3.336435501018e+00 1.499567357583e+00
-1.765204351605e-03 3.338338125099e+00 1.498351739014e+00
8.321816800997e-01 3.339821370728e+00 1.497072407069e+00
1.666312971790e+00 3.340114176106e+00 1.496517904339e+00
2.500454890739e+00 3.340145463426e+00 1.496520341333e+00
3.334589402660e+00 3.339633162879e+00 1.496908036911e+00
4.168514009726e+00 3.338516382055e+00 1.497962782829e+00
5.001968511266e+00 3.336304508639e+00 1.499272174245e+00
5.835058905123e+00 3.335149550213e+00 1.500310773920e+00
6.668025156751e+00 3.334453682345e+00 1.500422298674e+00
7.501080984059e+00 3.334010498883e+00 1.500226922086e+00
8.334223491936e+00 3.333739222216e+00 1.500076133704e+00
9.167457937484e+00 3.333597481415e+00 1.499935863028e+00
1.000076909794e+01 3.333570206073e+00 1.499692163934e+00
-1.000012736579e+01 4.166680261441e+00 1.499948792478e+00
-9.166798772135e+00 4.166689861712e+00 1.499985030948e+00
-8.333485077803e+00 4.166705542543e+00 1.499997861143e+00
-7.500193125774e+00 4.166733324247e+00 1.499998241854e+00
-6.666927536098e+00 4.166779845495e+00 1.499994045023e+00
-5.833694247657e+00 4.166855908856e+00 1.499988443950e+00
-5.000499686501e+00 4.166979236253e+00 1.499986724167e+00
-4.167347364986e+00 4.167176714221e+00 1.500001538664e+00
-3.334231559472e+00 4.167485147181e+00 1.500049629229e+00
-2.501130052872e+00 4.167950435682e+00 1.500128827845e+00
-1.667986905117e+00 4.168615435952e+00 1.500208155149e+00
-8.347171881930e-01 4.169508609054e+00 1.500307914503e+00
-1.229541460500e-03 4.170411912800e+00 1.500476295435e+00
8.325177639035e-01 4.171136931966e+00 1.500590552529e+00
1.666412909316e+00 4.171549181895e+00 1.500540095935e+00
2.500342545724e+00 4.171508415199e+00 1.500520314375e+00
3.334220969983e+00 4.171093464185e+00 1.500515520286e+00
4.167959458108e+00 4.170278529860e+00 1.500446255938e+00
5.001452436172e+00 4.169399725527e+00 1.500239416907e+00
5.834707259017e+00 4.168491051807e+00 1.500157367024e+00
6.667869451415e+00 4.167838476576e+00 1.500119958204e+00
7.501010483250e+00 4.167390978609e+00 1.500054843404e+00
8.334194604265e+00 4.167110132255e+00 1.499993265998e+00
9.167449091032e+00 4.166960198837e+00 1.499892417329e+00
1.000076681731e+01 4.166902696210e+00 1.499666106995e+00
-1.000013829262e+01 5.000015625492e+00 1.499943515449e+00
-9.166812184853e+00 5.000028865486e+00 1.499978530603e+00
-8.333505350911e+00 5.000049505005e+00 1.499985341629e+00
-7.500224794370e+00 5.000084730138e+00 1.499975498764e+00
-6.666975881348e+00 5.000141040395e+00 1.499954910821e+00
-5.833766616365e+00 5.000229227202e+00 1.499922614643e+00
-5.000605497302e+00 5.000366322226e+00 1.499876513622e+00
-4.167496609880e+00 5.000576325967e+00 1.499819035962e+00
-3.334431517350e+00 5.000889950642e+00 1.499760790796e+00
-2.501376572001e+00 5.001339127736e+00 1.499724879916e+00
-1.668264991928e+00 5.001949456477e+00 1.499756527879e+00
-8.349857577926e-01 5.002683742418e+00 1.499893320891e+00
-1.440166390418e-03 5.003453347920e+00 1.500070317266e+00
8.323663797478e-01 5.004062134323e+00 1.500226780049e+00
1.666359432426e+00 5.004370822414e+00 1.500329973302e+00
2.500411922121e+00 5.004355231959e+00 1.500323765587e+00
3.334398823103e+00 5.003991766332e+00 1.500236811910e+00
4.168188671737e+00 5.003365670880e+00 1.500061401269e+00
5.001711377456e+00 5.002565093924e+00 1.499910483993e+00
5.834991942893e+00 5.001831085434e+00 1.499778773308e+00
6.668112709325e+00 5.001221538908e+00 1.499755744940e+00
7.501200534301e+00 5.000782460622e+00 1.499801341373e+00
8.334322893544e+00 5.000490133946e+00 1.499842737371e+00
9.167527446911e+00 5.000325526620e+00 1.499803481677e+00
1.000082329724e+01 5.000242502052e+00 1.499596496662e+00
-1.000016598695e+01 -5.000016770081e+00 1.999943392666e+00
-9.166836610783e+00 -5.000031503174e+00 1.999979248205e+00
-8.333524134712e+00 -5.000056477319e+00 1.999991677424e+00
-7.500242343164e+00 -5.000099268156e+00 1.999987367842e+00
-6.666997556241e+00 -5.000167285467e+00 1.999973033724e+00
-5.833797520063e+00 -5.000274696015e+00 1.999948740810e+00
-5.000651544304e+00 -5.000443800851e+00 1.999913085918e+00
-4.167562393360e+00 -5.000703612455e+00 1.999868072019e+00
-3.334514426921e+00 -5.001079992683e+00 1.999821498379e+00
-2.501469596426e+00 -5.001573062167e+00 1.999796664412e+00
-1.668359740617e+00 -5.002161722078e+00 1.999847026422e+00
-8.350671823913e-01 -5.002838138344e+00 1.999970853973e+00
-1.490541205293e-03 -5.003482314251e+00 2.000180135032e+00
8.323654126590e-01 -5.003971166478e+00 2.000295786022e+00
1.666391969962e+00 -5.004201133449e+00 2.000383457259e+00
2.500468253096e+00 -5.004193664520e+00 2.000362019059e+00
3.334478392502e+00 -5.003911969148e+00 2.000267279460e+00
4.168284794888e+00 -5.003380816459e+00 2.000073851518e+00
5.001799582727e+00 -5.002703580352e+00 1.999907744192e+00
5.835055858542e+00 -5.002022703627e+00 1.999809581881e+00
6.668172200854e+00 -5.001420817658e+00 1.999795999672e+00
7.501259309071e+00 -5.000930646713e+00 1.999835886909e+00
8.334399648927e+00 -5.000579980457e+00 1.999864696202e+00
9.167640194313e+00 -5.000377015763e+00 1.999804784815e+00
1.000095361556e+01 -5.000283847596e+00 1.999604151978e+00
-1.000015379857e+01 -4.166682705242e+00 1.999948169595e+00
-9.166822487664e+00 -4.166693657728e+00 1.999984605922e+00
-8.333503729376e+00 -4.166712479646e+00 2.000002049241e+00
-7.500210871942e+00 -4.166745983201e+00 2.000007214205e+00
-6.666949922310e+00 -4.166802183894e+00 2.000008186749e+00
-5.833727200962e+00 -4.166894878632e+00 2.000009222453e+00
-5.000550794158e+00 -4.167047150728e+00 2.000016570184e+00
-4.167422253785e+00 -4.167291954682e+00 2.000042550963e+00
-3.334318530301e+00 -4.167661702916e+00 2.000097027602e+00
-2.501181162522e+00 -4.168152328552e+00 2.000152386662e+00
-1.667960331281e+00 -4.168684681941e+00 2.000159691719e+00
-8.346290149415e-01 -4.169202275601e+00 2.000236328944e+00
-1.094451167805e-03 -4.169756322529e+00 2.000171604062e+00
8.326376901144e-01 -4.170103423970e+00 2.000270050562e+00
1.666464144654e+00 -4.170286790068e+00 2.000203896018e+00
2.500323337886e+00 -4.170278895955e+00 2.000274198772e+00
3.334156139718e+00 -4.170111959953e+00 2.000287249197e+00
4.167862443075e+00 -4.169703634066e+00 2.000340384743e+00
5.001364294760e+00 -4.169157803902e+00 2.000270909004e+00
5.834697423082e+00 -4.168582296221e+00 2.000206166316e+00
6.667916278370e+00 -4.168012042728e+00 2.000147325662e+00
7.501085097523e+00 -4.167532186556e+00 2.000073139599e+00
8.334285477846e+00 -4.167199640380e+00 2.000001248764e+00
9.167568302442e+00 -4.167014943958e+00 1.999884299584e+00
1.000089841871e+01 -4.166946722164e+00 1.999668905856e+00
-1.000014614456e+01 -3.333347814859e+00 1.999953226061e+00
-9.166815175939e+00 -3.333354898055e+00 1.999988962591e+00
-8.333496442179e+00 -3.333369167591e+00 2.000008089299e+00
-7.500203030500e+00 -3.333395432109e+00 2.000017397733e+00
-6.666942914645e+00 -3.333441353855e+00 2.000025639733e+00
-5.833726887125e+00 -3.333520514652e+00 2.000039887069e+00
-5.000570406101e+00 -3.333656448259e+00 2.000074160751e+00
-4.167481369564e+00 -3.333884564522e+00 2.000156936463e+00
-3.334422188584e+00 -3.334240322203e+00 2.000314840210e+00
-2.501243433399e+00 -3.334705468746e+00 2.000470471714e+00
-1.667749369308e+00 -3.335057659795e+00 2.000140288236e+00
-8.341173256450e-01 -3.334819633207e+00 1.998805806140e+00
-6.310966166359e-04 -3.334159245945e+00 1.998597101024e+00
8.328351838029e-01 -3.333948413376e+00 1.996988892686e+00
1.666515525642e+00 -3.333954253471e+00 1.996827385058e+00
2.500236676075e+00 -3.333878906847e+00 1.996795300772e+00
3.333760378146e+00 -3.333976796640e+00 1.997880977838e+00
4.167311783358e+00 -3.334604419474e+00 1.998516679285e+00
5.001001320131e+00 -3.335070597802e+00 1.999646353471e+00
5.834632286388e+00 -3.335023790602e+00 2.000418406470e+00
6.668024516866e+00 -3.334587491045e+00 2.000450312246e+00
7.501197149261e+00 -3.334131920534e+00 2.000258699113e+00
8.334352026600e+00 -3.333813238239e+00 2.000093791572e+00
9.167600238207e+00 -3.333638829291e+00 1.999931644869e+00
1.000091652426e+01 -3.333602577128e+00 1.999693918724e+00
-1.000014381048e+01 -2.500012006122e+00 1.999955096407e+00
-9.166813455453e+00 -2.500016077150e+00 1.999990654750e+00
-8.333496332670e+00 -2.500027012291e+00 2.000009974311e+00
-7.500206654157e+00 -2.500047560020e+00 2.000020274341e+00
-6.666955226904e+00 -2.500084347234e+00 2.000030705545e+00
-5.833759283508e+00 -2.500149747050e+00 2.000050702019e+00
-5.000645565416e+00 -2.500265783800e+00 2.000102700745e+00
-4.167633309850e+00 -2.500465917492e+00 2.000235271241e+00
-3.334670019588e+00 -2.500783462083e+00 2.000499490096e+00
-2.501501318265e+00 -2.501188295043e+00 2.000748374537e+00
-1.667476585052e+00 -2.501408634868e+00 2.000070686239e+00
-8.325177166859e-01 -2.500545874072e+00 1.993960378474e+00
8.527465472136e-04 -2.498507112779e+00 1.976493170123e+00
8.330448175081e-01 -2.497461351059e+00 1.974807675595e+00
1.666531838566e+00 -2.497593538860e+00 1.972985732903e+00
2.500431126255e+00 -2.497412571372e+00 1.972643739001e+00
3.333078483074e+00 -2.497265534046e+00 1.973463498940e+00
4.165544647746e+00 -2.498711547127e+00 1.987001868305e+00
4.999823547654e+00 -2.500783509697e+00 1.997180375416e+00
5.834563963408e+00 -2.501411896860e+00 2.000500868422e+00
6.668311061010e+00 -2.501101718257e+00 2.000734222512e+00
7.501446219021e+00 -2.500699592046e+00 2.000416058403e+00
8.334511096391e+00 -2.500409598226e+00 2.000155349866e+00
9.167704819376e+00 -2.500252392941e+00 1.999946584504e+00
1.000100238501e+01 -2.500241311564e+00 1.999671231946e+00
-1.000014485021e+01 -1.666675466175e+00 1.999954786327e+00
-9.166815085442e+00 -1.666677502505e+00 1.999990875526e+00
-8.333499856478e+00 -1.666685202339e+00 2.000010355824e+00
-7.500215006683e+00 -1.666699880108e+00 2.000020863816e+00
-6.666974286138e+00 -1.666726431903e+00 2.000031996158e+00
-5.833801343508e+00 -1.666774397066e+00 2.000055480450e+00
-5.000733741598e+00 -1.666860914745e+00 2.000121060533e+00
-4.167802808095e+00 -1.667011948224e+00 2.000299140293e+00
-3.334935798696e+00 -1.667251225130e+00 2.000650703998e+00
-2.501779560491e+00 -1.667546935849e+00 2.001023516630e+00
-1.667303206762e+00 -1.667694923904e+00 1.999668845848e+00
-8.307608328485e-01 -1.667142596877e+00 1.991290621347e+00
2.515677098823e-03 -1.666073913195e+00 1.945292994264e+00
8.330677653536e-01 -1.665765917672e+00 1.933406923951e+00
1.666250894957e+00 -1.665957988435e+00 1.937549046150e+00
2.500991740858e+00 -1.665922997637e+00 1.936082450876e+00
3.332958169245e+00 -1.665317360512e+00 1.929597303295e+00
4.163408864307e+00 -1.665782122545e+00 1.954057772315e+00
4.998005147218e+00 -1.667074039602e+00 1.995772023019e+00
5.834523396430e+00 -1.667684905744e+00 2.000315052939e+00
6.668628594520e+00 -1.667496571192e+00 2.001021194318e+00
7.501716423896e+00 -1.667198146016e+00 2.000549076625e+00
8.334694596759e+00 -1.666973657718e+00 2.000205872783e+00
9.167833530794e+00 -1.666852133007e+00 1.999947569798e+00
1.000111253301e+01 -1.666854140813e+00 1.999630064958e+00
-1.000014665288e+01 -8.333379572654e-01 1.999953992077e+00
-9.166817355923e+00 -8.333387718713e-01 1.999990711814e+00
-8.333503562589e+00 -8.333427742570e-01 2.000010436819e+00
-7.500222464657e+00 -8.333504708386e-01 2.000021079061e+00
-6.666990006761e+00 -8.333644368513e-01 2.000032627219e+00
-5.833834358758e+00 -8.333898272041e-01 2.000058305932e+00
-5.000800964270e+00 -8.334359044632e-01 2.000133695979e+00
-4.167927539716e+00 -8.335167685388e-01 2.000341717174e+00
-3.335127239622e+00 -8.336438585030e-01 2.000760909854e+00
-2.501956772861e+00 -8.337959641261e-01 2.001155181432e+00
-1.667177199402e+00 -8.338729643379e-01 1.999567206662e+00
-8.302810503090e-01 -8.338595930166e-01 1.988715121424e+00
2.732417050415e-03 -8.341835285355e-01 1.945415903246e+00
8.328221589734e-01 -8.346287458583e-01 1.938075860066e+00
1.666126821149e+00 -8.348435679261e-01 1.941286352983e+00
2.501135820337e+00 -8.348260905248e-01 1.940756401817e+00
3.333561043381e+00 -8.346589050767e-01 1.934864136089e+00
4.163228748460e+00 -8.339209845986e-01 1.950627596897e+00
4.997332235965e+00 -8.337789399074e-01 1.993347711812e+00
5.834401571132e+00 -8.338468104418e-01 2.000242707659e+00
6.668830454755e+00 -8.337794359312e-01 2.001180301186e+00
7.501917715108e+00 -8.336240281095e-01 2.000650685539e+00
8.334835427366e+00 -8.335014402479e-01 2.000240750417e+00
9.167936354071e+00 -8.334342498513e-01 1.999946331560e+00
1.000120123218e+01 -8.334387697380e-01 1.999595462809e+00
-1.000014737090e+01 2.759750288723e-07 1.999953667216e+00
-9.166818252182e+00 2.253356820126e-07 1.999990629143e+00
-8.333504976308e+00 2.897698854426e-07 2.000010460652e+00
-7.500225228799e+00 4.531167078712e-07 2.000021165197e+00
-6.666995725320e+00 7.688123702592e-07 2.000032846028e+00
-5.833846248075e+00 1.372589544612e-06 2.000059259449e+00
-5.000824946551e+00 2.451112865608e-06 2.000137722216e+00
-4.167972535608e+00 4.021531840449e-06 2.000356471587e+00
-3.335195503742e+00 4.746751463844e-06 2.000797065688e+00
-2.502012900299e+00 2.229939614646e-06 2.001216645352e+00
-1.667176675756e+00 3.663355511294e-06 1.999385903730e+00
-8.302938920129e-01 5.357763979600e-05 1.989034825659e+00
2.511541626371e-03 2.006912632288e-04 1.945238940709e+00
8.326128894844e-01 1.755421416702e-04 1.939844884053e+00
1.666012585193e+00 8.355962091824e-05 1.944076088273e+00
2.501195848024e+00 8.840399679200e-06 1.942650034106e+00
3.333696114225e+00 -1.049547383738e-06 1.937181726867e+00
4.163643945472e+00 -1.050575186573e-04 1.951906816758e+00
4.997448252242e+00 -2.243713613435e-05 1.992865084678e+00
5.834379607185e+00 -2.516485563051e-06 2.000127042587e+00
6.668889052110e+00 -7.836934007692e-06 2.001230892305e+00
7.501992622215e+00 -8.333428643885e-06 2.000689983488e+00
8.334890599374e+00 -5.750873965792e-06 2.000254688831e+00
9.167977554232e+00 -4.016330542692e-06 1.999945952108e+00
1.000123697765e+01 -4.968072497470e-06 1.999581705038e+00
-1.000014636355e+01 8.333384965013e-01 1.999954088015e+00
-9.166817053212e+00 8.333392108376e-01 1.999990737151e+00
-8.333503206966e+00 8.333433350286e-01 2.000010429862e+00
-7.500221954711e+00 8.333513382027e-01 2.000021057804e+00
-6.666989142917e+00 8.333658883556e-01 2.000032538615e+00
-5.833832800567e+00 8.333923723036e-01 2.000057893753e+00
-5.000798399334e+00 8.334404420102e-01 2.000132174519e+00
-4.167925046132e+00 8.335242916072e-01 2.000338233185e+00
-3.335130555243e+00 8.336541148913e-01 2.000756947799e+00
-2.501976408070e+00 8.338005411481e-01 2.001177533348e+00
-1.667185504548e+00 8.338534282019e-01 1.999611069821e+00
-8.301507186738e-01 8.338432035339e-01 1.988745986265e+00
2.872619560754e-03 8.342557237873e-01 1.943715617915e+00
8.326980928590e-01 8.348322571257e-01 1.935497585670e+00
1.665958560187e+00 8.349539182747e-01 1.941457981411e+00
2.501069828430e+00 8.348265148373e-01 1.940570934185e+00
3.333506762301e+00 8.344884276035e-01 1.933971732907e+00
4.163411546101e+00 8.340602298485e-01 1.952376418803e+00
4.997469254933e+00 8.338275345651e-01 1.993055297410e+00
5.834392080470e+00 8.338577314107e-01 2.000210530147e+00
6.668827331616e+00 8.337636667090e-01 2.001172573447e+00
7.501926779060e+00 8.336091650889e-01 2.000658766215e+00
8.334844632575e+00 8.334911405156e-01 2.000244283595e+00
9.167944196574e+00 8.334269099701e-01 1.999946979850e+00
1.000120828060e+01 8.334295198568e-01 1.999593270110e+00
-1.000014428342e+01 1.666675968693e+00 1.999954974485e+00
-9.166814493205e+00 1.666677907994e+00 1.999990924599e+00
-8.333499163416e+00 1.666685709368e+00 2.000010340238e+00
-7.500214023614e+00 1.666700640379e+00 2.000020817548e+00
-6.666972655926e+00 1.666727644752e+00 2.000031834888e+00
-5.833798434708e+00 1.666776406450e+00 2.000054740181e+00
-5.000728912675e+00 1.666864312148e+00 2.000118436340e+00
-4.167797126001e+00 1.667017713100e+00 2.000292388474e+00
-3.334937132769e+00 1.667259814459e+00 2.000642757186e+00
-2.501818381786e+00 1.667556375342e+00 2.001034553037e+00
-1.667401983844e+00 1.667653272126e+00 1.999905422087e+00
-8.307868777518e-01 1.666924934250e+00 1.991720643628e+00
2.761719759021e-03 1.665763863864e+00 1.944502401021e+00
8.331662638347e-01 1.665626598932e+00 1.932826450827e+00
1.666028561811e+00 1.666061462730e+00 1.935995442172e+00
2.500736415540e+00 1.665911387558e+00 1.937071168712e+00
3.333268634745e+00 1.665675629940e+00 1.933404527264e+00
4.163845497614e+00 1.666170535138e+00 1.952790015987e+00
4.997905816359e+00 1.667290658773e+00 1.995360039043e+00
5.834457037722e+00 1.667695035018e+00 2.000185867302e+00
6.668629548613e+00 1.667487740385e+00 2.001030220791e+00
7.501733815972e+00 1.667188621005e+00 2.000561635466e+00
8.334711829623e+00 1.666967012511e+00 2.000212750008e+00
9.167847853706e+00 1.666846638964e+00 1.999948470085e+00
1.000112553497e+01 1.666846697047e+00 1.999626055384e+00
-1.000014298958e+01 2.500012453256e+00 1.999955369432e+00
-9.166812599911e+00 2.500016432586e+00 1.999990724900e+00
-8.333495335338e+00 2.500027437820e+00 2.000009947065e+00
-7.500205259225e+00 2.500048162612e+00 2.000020201357e+00
-6.666952974991e+00 2.500085233054e+00 2.000030476736e+00
-5.833755419847e+00 2.500151021101e+00 2.000049827906e+00
-5.000639109523e+00 2.500267561670e+00 2.000099418922e+00
-4.167625368835e+00 2.500468314015e+00 2.000227585328e+00
-3.334668369950e+00 2.500787058457e+00 2.000484251963e+00
-2.501532026601e+00 2.501192112983e+00 2.000779926534e+00
-1.667667748673e+00 2.501415656592e+00 2.000122695129e+00
-8.327812554057e-01 2.500503986972e+00 1.996506692828e+00
1.006226251647e-03 2.498379334837e+00 1.982761927520e+00
8.333352894753e-01 2.497345667002e+00 1.972219111752e+00
1.666336999055e+00 2.497532759313e+00 1.973329563078e+00
2.500347769782e+00 2.497562753421e+00 1.972587295749e+00
3.333487984039e+00 2.497555834219e+00 1.973895143050e+00
4.165722716592e+00 2.498800664770e+00 1.978610563128e+00
4.999458608187e+00 2.500803838850e+00 1.996482265471e+00
5.834469582449e+00 2.501425516151e+00 2.000374477919e+00
6.668319789813e+00 2.501104509029e+00 2.000751210830e+00
7.501468297298e+00 2.500699620026e+00 2.000431052245e+00
8.334533333253e+00 2.500407830980e+00 2.000163686799e+00
9.167723529527e+00 2.500249385145e+00 1.999947346642e+00
1.000101970450e+01 2.500236067232e+00 1.999665855020e+00
-1.000014510516e+01 3.333348201812e+00 1.999953569092e+00
-9.166814097255e+00 3.333355198108e+00 1.999989047181e+00
-8.333495187424e+00 3.333369491926e+00 2.000008048799e+00
-7.500201290120e+00 3.333395842253e+00 2.000017293543e+00
-6.666940184002e+00 3.333441876802e+00 2.000025373476e+00
-5.833722385070e+00 3.333521066915e+00 2.000038939058e+00
-5.000563349161e+00 3.333656668337e+00 2.000071144216e+00
-4.167472549193e+00 3.333883758611e+00 2.000149250115e+00
-3.334419384083e+00 3.334238094428e+00 2.000304786854e+00
-2.501279900630e+00 3.334706180161e+00 2.000475380847e+00
-1.667861110095e+00 3.335102876477e+00 2.000389972500e+00
-8.342190949536e-01 3.335046290223e+00 1.999267937424e+00
-5.571824724626e-04 3.334451557273e+00 1.998472248881e+00
8.329202655219e-01 3.333921693034e+00 1.997608086189e+00
1.666508208197e+00 3.333945912712e+00 1.996646064758e+00
2.500274338033e+00 3.333944300861e+00 1.996823346304e+00
3.333905913722e+00 3.333923565737e+00 1.997189198196e+00
4.167337288817e+00 3.334243875922e+00 1.998687926726e+00
5.000882951532e+00 3.334921824343e+00 1.998948239685e+00
5.834551417488e+00 3.335024497944e+00 2.000324877978e+00
6.668026288722e+00 3.334601763628e+00 2.000456332301e+00
7.501221053104e+00 3.334140238227e+00 2.000273750258e+00
8.334375732002e+00 3.333815905687e+00 2.000100763413e+00
9.167621601101e+00 3.333638004598e+00 1.999932041025e+00
1.000093687763e+01 3.333599158265e+00 1.999687449445e+00
-1.000015259086e+01 4.166683052370e+00 1.999948540012e+00
-9.166821239403e+00 4.166693911792e+00 1.999984681643e+00
-8.333502277536e+00 4.166712692016e+00 2.000001988197e+00
-7.500208862722e+00 4.166746170352e+00 2.000007089690e+00
-6.666946806134e+00 4.166802314537e+00 2.000007903022e+00
-5.833722211546e+00 4.166894790222e+00 2.000008327374e+00
-5.000543271612e+00 4.167046349816e+00 2.000013922317e+00
-4.167412988025e+00 4.167289503274e+00 2.000036643441e+00
-3.334313360876e+00 4.167657881413e+00 2.000088982336e+00
-2.501191161686e+00 4.168156473376e+00 2.000164981177e+00
-1.667982676694e+00 4.168726930776e+00 2.000205970861e+00
-8.346425604740e-01 4.169279755949e+00 2.000294818475e+00
-1.119240412539e-03 4.169816498709e+00 2.000308015658e+00
8.326187937892e-01 4.170170782533e+00 2.000271027296e+00
1.666456001278e+00 4.170308702406e+00 2.000253112844e+00
2.500320739797e+00 4.170284044544e+00 2.000198317338e+00
3.334144890346e+00 4.170059728954e+00 2.000250835855e+00
4.167858696590e+00 4.169667662803e+00 2.000167729676e+00
5.001365981053e+00 4.169100063449e+00 2.000236199466e+00
5.834692947221e+00 4.168575655685e+00 2.000153214967e+00
6.667929448257e+00 4.168027852596e+00 2.000150033781e+00
7.501109707665e+00 4.167544183965e+00 2.000082925369e+00
8.334310470583e+00 4.167204715440e+00 2.000006584820e+00
9.167591826215e+00 4.167015391801e+00 1.999884036089e+00
1.000092143989e+01 4.166944219005e+00 1.999661694339e+00
-1.000016465521e+01 5.000017102916e+00 1.999943703809e+00
-9.166835240840e+00 5.000031719634e+00 1.999979261563e+00
-8.333522543339e+00 5.000056572818e+00 1.999991574899e+00
-7.500240137178e+00 5.000099202598e+00 1.999987239716e+00
-6.666994124741e+00 5.000166965486e+00 1.999972812332e+00
-5.833791987979e+00 5.000273921515e+00 1.999948026530e+00
-5.000643089089e+00 5.000442218759e+00 1.999910789456e+00
-4.167551624832e+00 5.000700780594e+00 1.999862497451e+00
-3.334504657675e+00 5.001077270805e+00 1.999812321331e+00
-2.501463765692e+00 5.001580051683e+00 1.999780199452e+00
-1.668358922976e+00 5.002184483566e+00 1.999816502484e+00
-8.350824440491e-01 5.002865640031e+00 1.999926510937e+00
-1.522540318112e-03 5.003518329162e+00 2.000116921325e+00
8.323228454246e-01 5.004006749779e+00 2.000292965254e+00
1.666354692948e+00 5.004233093947e+00 2.000369826676e+00
2.500433690192e+00 5.004195600795e+00 2.000378684320e+00
3.334450385498e+00 5.003913441041e+00 2.000286133440e+00
4.168275316081e+00 5.003376250686e+00 2.000152191800e+00
5.001813053714e+00 5.002705370593e+00 1.999942024183e+00
5.835082478437e+00 5.002023411729e+00 1.999838617213e+00
6.668201010282e+00 5.001434118792e+00 1.999807206354e+00
7.501289705082e+00 5.000943087237e+00 1.999843948128e+00
8.334428490850e+00 5.000585950566e+00 1.999868890136e+00
9.167666845466e+00 5.000378113290e+00 1.999804330550e+00
1.000097957350e+01 5.000281620278e+00 1.999596921372e+00
CELLS 1152 10368
8 0 1 26 25 325 326 351 350
8 1 2 27 26 326 327 352 351
8 2 3 28 27 327 328 353 352
8 3 4 29 28 328 329 354 353
8 4 5 30 29 329 330 355 354
8 5 6 31 30 330 331 356 355
8 6 7 32 31 331 332 357 356
8 7 8 33 32 332 333 358 357
8 8 9 34 33 333 334 359 358
8 9 10 35 34 334 335 360 359
8 10 11 36 35 335 336 361 360
8 11 12 37 36 336 337 362 361
8 12 13 38 37 337 338 363 362
8 13 14 39 38 338 339 364 363
8 14 15 40 39 339 340 365 364
8 15 16 41 40 340 341 366 365
8 16 17 42 41 341 342 367 366
8 17 18 43 42 342 343 368 367
8 18 19 44 43 343 344 369 368
8 19 20 45 44 344 345 370 369
8 20 21 46 45 345 346 371 370
8 21 22 47 46 346 347 372 371
8 22 23 48 47 347 348 373 372
8 23 24 49 48 348 349 374 373
8 25 26 51 50 350 351 376 375
8 26 27 52 51 351 352 377 376
8 27 28 53 52 352 353 378 377
8 28 29 54 53 353 354 379 378
8 29 30 55 54 354 355 380 379
8 30 31 56 55 355 356 381 380
8 31 32 57 56 356 357 382 381
8 32 33 58 57 357 358 383 382
8 33 34 59 58 358 359 384 383
8 34 35 60 59 359 360 385 384
8 35 36 61 60 360 361 386 385
8 36 37 62 61 361 362 387 386
8 37 38 63 62 362 363 388 387
8 38 39 64 63 363 364 389 388
8 39 40 65 64 364 365 390 389
8 40 41 66 65 365 366 391 390
8 41 42 67 66 366 367 392 391
8 42 43 68 67 367 368 393 392
8 43 44 69 68 368 369 394 393
8 44 45 70 69 369 370 395 394
8 45 46 71 70 370 371 396 395
8 46 47 72 71 371 372 397 396
8 47 48 73 72 372 373 398 397
8 48 49 74 73 373 374 399 398
8 50 51 76 75 375 376 401 400
8 51 52 77 76 376 377 402 401
8 52 53 78 77 377 378 403 402
8 53 54 79 78 378 379 404 403
8 54 55 80 79 379 380 405 404
8 55 56 81 80 380 381 406 405
8 56 57 82 81 381 382 407 406
8 57 58 83 82 382 383 408 407
8 58 59 84 83 383 384 409 408
8 59 60 85 84 384 385 410 409
8 60 61 86 85 385 386 411 410
8 61 62 87 86 386 387 412 411
8 62 63 88 87 387 388 413 412
8 63 64 89 88 388 389 414 413
8 64 65 90 89 389 390 415 414
8 65 66 91 90 390 391 416 415
8 66 67 92 91 391 392 417 416
8 67 68 93 92 392 393 418 417
8 68 69 94 93 393 394 419 418
8 69 70 95 94 394 395 420 419
8 70 71 96 95 395 396 421 420
8 71 72 97 96 396 397 422 421
8 72 73 98 97 397 398 423 422
8 73 74 99 98 398 399 424 423
8 75 76 101 100 400 401 426 425
8 76 77 102 101 401 402 427 426
8 77 78 103 102 402 403 428 427
8 78 79 104 103 403 404 429 428
8 79 80 105 104 404 405 430 429
8 80 81 106 105 405 406 431 430
8 81 82 107 106 406 407 432 431
8 82 83 108 107 407 408 433 432
8 83 84 109 108 408 409 434 433
8 84 85 110 109 409 410 435 434
8 85 86 111 110 410 411 436 435
8 86 87 112 111 411 412 437 436
8 87 88 113 112 412 413 438 437
8 88 89 114 113 413 414 439 438
8 89 90 115 114 414 415 440 439
8 90 91 116 115 415 416 441 440
8 91 92 117 116 416 417 442 441
8 92 93 118 117 417 418 443 442
8 93 94 119 118 418 419 444 443
8 94 95 120 119 419 420 445 444
8 95 96 121 120 420 421 446 445
8 96 97 122 121 421 422 447 446
8 97 98 123 122 422 423 448 447
8 98 99 124 123 423 424 449 448
8 100 101 126 125 425 426 451 450
8 101 102 127 126 426 427 452 451
8 102 103 128 127 427 428 453 452
8 103 104 129 128 428 429 454 453
8 104 105 130 129 429 430 455 454
8 105 106 131 130 430 431 456 455
8 106 107 132 131 431 432 457 456
8 107 108 133 132 432 433 458 457
8 108 109 134 133 433 434 459 458
8 109 110 135 134 434 435 460 459
8 110 111 136 135 435 436 461 460
8 111 112 137 136 436 437 462 461
8 112 113 138 137 437 438 463 462
8 113 114 139 138 438 439 464 463
8 114 115 140 139 439 440 465 464
8 115 116 141 140 440 441 466 465
8 116 117 142 141 441 442 467 466
8 117 118 143 142 442 443 468 467
8 118 119 144 143 443 444 469 468
8 119 120 145 144 444 445 470 469
8 120 121 146 145 445 446 471 470
8 121 122 147 146 446 447 472 471
8 122 123 148 147 447 448 473 472
8 123 124 149 148 448 449 474 473
8 125 126 151 150 450 451 476 475
8 126 127 152 151 451 452 477 476
8 127 128 153 152 452 453 478 477
8 128 129 154 153 453 454 479 478
8 129 130 155 154 454 455 480 479
8 130 131 156 155 455 456 481 480
8 131 132 157 156 456 457 482 481
8 132 133 158 157 457 458 483 482
8 133 134 159 158 458 459 484 483
8 134 135 160 159 459 460 485 484
8 135 136 161 160 460 461 486 485
8 136 137 162 161 461 462 487 486
8 137 138 163 162 462 463 488 487
8 138 139 164 163 463 464 489 488
8 139 140 165 164 464 465 490 489
8 140 141 166 165 465 466 491 490
8 141 142 167 166 466 467 492 491
8 142 143 168 167 467 468 493 492
8 143 144 169 168 468 469 494 493
8 144 145 170 169 469 470 495 494
8 145 146 171 170 470 471 496 495
8 146 147 172 171 471 472 497 496
8 147 148 173 172 472 473 498 497
8 148 149 174 173 473 474 499 498
8 150 151 176 175 475 476 501 500
8 151 152 177 176 476 477 502 501
8 152 153 178 177 477 478 503 502
8 153 154 179 178 478 479 504 503
8 154 155 180 179 479 480 505 504
8 155 156 181 180 480 481 506 505
8 156 157 182 181 481 482 507 506
8 157 158 183 182 482 483 508 507
8 158 159 184 183 483 484 509 508
8 159 160 185 184 484 485 510 509
8 160 161 186 185 485 486 511 510
8 161 162 187 186 486 487 512 511
8 162 163 188 187 487 488 513 512
8 163 164 189 188 488 489 514 513
8 164 165 190 189 489 490 515 514
8 165 166 191 190 490 491 516 515
8 166 167 192 191 491 492 517 516
8 167 168 193 192 492 493 518 517
8 168 169 194 193 493 494 519 518
8 169 170 195 194 494 495 520 519
8 170 171 196 195 495 496 521 520
8 171 172 197 196 496 497 522 521
8 172 173 198 197 497 498 523 522
8 173 174 199 198 498 499 524 523
8 175 176 201 200 500 501 526 525
8 176 177 202 201 501 502 527 526
8 177 178 203 202 502 503 528 527
8 178 179 204 203 503 504 529 528
8 179 180 205 204 504 505 530 529
8 180 181 206 205 505 506 531 530
8 181 182 207 206 506 507 532 531
8 182 183 208 207 507 508 533 532
8 183 184 209 208 508 509 534 533
8 184 185 210 209 509 510 535 534
8 185 186 211 210 510 511 536 535
8 186 187 212 211 511 512 537 536
8 187 188 213 212 512 513 538 537
8 188 189 214 213 513 514 539 538
8 189 190 215 214 514 515 540 539
8 190 191 216 215 515 516 541 540
8 191 192 217 216 516 517 542 541
8 192 193 218 217 517 518 543 542
8 193 194 219 218 518 519 544 543
8 194 195 220 219 519 520 545 544
8 195 196 221 220 520 521 546 545
8 196 197 222 221 521 522 547 546
8 197 198 223 222 522 523 548 547
8 198 199 224 223 523 524 549 548
8 200 201 226 225 525 526 551 550
8 201 202 227 226 526 527 552 551
8 202 203 228 227 527 528 553 552
8 203 204 229 228 528 529 554 553
8 204 205 230 229 529 530 555 554
8 205 206 231 230 530 531 556 555
8 206 207 232 231 531 532 557 556
8 207 208 233 232 532 533 558 557
8 208 209 234 233 533 534 559 558
8 209 210 235 234 534 535 560 559
8 210 211 236 235 535 536 561 560
8 211 212 237 236 536 537 562 561
8 212 213 238 237 537 538 563 562
8 213 214 239 238 538 539 564 563
8 214 215 240 239 539 540 565 564
8 215 216 241 240 540 541 566 565
8 216 217 242 241 541 542 567 566
8 217 218 243 242 542 543 568 567
8 218 219 244 243 543 544 569 568
8 219 220 245 244 544 545 570 569
8 220 221 246 245 545 546 571 570
8 221 222 247 246 546 547 572 571
8 222 223 248 247 547 548 573 572
8 223 224 249 248 548 549 574 573
8 225 226 251 250 550 551 576 575
8 226 227 252 251 551 552 577 576
8 227 228 253 252 552 553 578 577
8 228 229 254 253 553 554 579 578
8 229 230 255 254 554 555 580 579
8 230 231 256 255 555 556 581 580
8 231 232 257 256 556 557 582 581
8 232 233 258 257 557 558 583 582
8 233 234 259 258 558 559 584 583
8 234 235 260 259 559 560 585 584
8 235 236 261 260 560 561 586 585
8 236 237 262 261 561 562 587 586
8 237 238 263 262 562 563 588 587
8 238 239 264 263 563 564 589 588
8 239 240 265 264 564 565 590 589
8 240 241 266 265 565 566 591 590
8 241 242 267 266 566 567 592 591
8 242 243 268 267 567 568 593 592
8 243 244 269 268 568 569 594 593
8 244 245 270 269 569 570 595 594
8 245 246 271 270 570 571 596 595
8 246 247 272 271 571 572 597 596
8 247 248 273 272 572 573 598 597
8 248 249 274 273 573 574 599 598
8 250 251 276 275 575 576 601 600
8 251 252 277 276 576 577 602 601
8 252 253 278 277 577 578 603 602
8 253 254 279 278 578 579 604 603
8 254 255 280 279 579 580 605 604
8 255 256 281 280 580 581 606 605
8 256 257 282 281 581 582 607 606
8 257 258 283 282 582 583 608 607
8 258 259 284 283 583 584 609 608
8 259 260 285 284 584 585 610 609
8 260 261 286 285 585 586 611 610
8 261 262 287 286 586 587 612 611
8 262 263 288 287 587 588 613 612
8 263 264 289 288 588 589 614 613
8 264 265 290 289 589 590 615 614
8 265 266 291 290 590 591 616 615
8 266 267 292 291 591 592 617 616
8 267 268 293 292 592 593 618 617
8 268 269 294 293 593 594 619 618
8 269 270 295 294 594 595 620 619
8 270 271 296 295 595 596 621 620
8 271 272 297 296 596 597 622 621
8 272 273 298 297 597 598 623 622
8 273 274 299 298 598 599 624 623
8 275 276 301 300 600 601 626 625
8 276 277 302 301 601 602 627 626
8 277 278 303 302 602 603 628 627
8 278 279 304 303 603 604 629 628
8 279 280 305 304 604 605 630 629
8 280 281 306 305 605 606 631 630
8 281 282 307 306 606 607 632 631
8 282 283 308 307 607 608 633 632
8 283 284 309 308 608 609 634 633
8 284 285 310 309 609 610 635 634
8 285 286 311 310 610 611 636 635
8 286 287 312 311 611 612 637 636
8 287 288 313 312 612 613 638 637
8 288 289 314 313 613 614 639 638
8 289 290 315 314 614 615 640 639
8 290 291 316 315 615 616 641 640
8 291 292 317 316 616 617 642 641
8 292 293 318 317 617 618 643 642
8 293 294 319 318 618 619 644 643
8 294 295 320 319 619 620 645 644
8 295 296 321 320 620 621 646 645
8 296 297 322 321 621 622 647 646
8 297 298 323 322 622 623 648 647
8 298 299 324 323 623 624 649 648
8 325 326 351 350 650 651 676 675
8 326 327 352 351 651 652 677 676
8 327 328 353 352 652 653 678 677
8 328 329 354 353 653 654 679 678
8 329 330 355 354 654 655 680 679
8 330 331 356 355 655 656 681 680
8 331 332 357 356 656 657 682 681
8 332 333 358 357 657 658 683 682
8 333 334 359 358 658 659 684 683
8 334 335 360 359 659 660 685 684
8 335 336 361 360 660 661 686 685
8 336 337 362 361 661 662 687 686
8 337 338 363 362 662 663 688 687
8 338 339 364 363 663 664 689 688
8 339 340 365 364 664 665 690 689
8 340 341 366 365 665 666 691 690
8 341 342 367 366 666 667 692 691
8 342 343 368 367 667 668 693 692
8 343 344 369 368 668 669 694 693
8 344 345 370 369 669 670 695 694
8 345 346 371 370 670 671 696 695
8 346 347 372 371 671 672 697 696
8 347 348 373 372 672 673 698 697
8 348 349 374 373 673 674 699 698
8 350 351 376 375 675 676 701 700
8 351 352 377 376 676 677 702 701
8 352 353 378 377 677 678 703 702
8 353 354 379 378 678 679 704 703
8 354 355 380 379 679 680 705 704
8 355 356 381 380 680 681 706 705
8 356 357 382 381 681 682 707 706
8 357 358 383 382 682 683 708 707
8 358 359 384 383 683 684 709 708
8 359 360 385 384 684 685 710 709
8 360 361 386 385 685 686 711 710
8 361 362 387 386 686 687 712 711
8 362 363 388 387 687 688 713 712
8 363 364 389 388 688 689 714 713
8 364 365 390 389 689 690 715 714
8 365 366 391 390 690 691 716 715
8 366 367 392 391 691 692 717 716
8 367 368 393 392 692 693 718 717
8 368 369 394 393 693 694 719 718
8 369 370 395 394 694 695 720 719
8 370 371 396 395 695 696 721 720
8 371 372 397 396 696 697 722 721
8 372 373 398 397 697 698 723 722
8 373 374 399 398 698 699 724 723
8 375 376 401 400 700 701 726 725
8 376 377 402 401 701 702 727 726
8 377 378 403 402 702 703 728 727
8 378 379 404 403 703 704 729 728
8 379 380 405 404 704 705 730 729
8 380 381 406 405 705 706 731 730
8 381 382 407 406 706 707 732 731
8 382 383 408 407 707 708 733 732
8 383 384 409 408 708 709 734 733
8 384 385 410 409 709 710 735 734
8 385 386 411 410 710 711 736 735
8 386 387 412 411 711 712 737 736
8 387 388 413 412 712 713 738 737
8 388 389 414 413 713 714 739 738
8 389 390 415 414 714 715 740 739
8 390 391 416 415 715 716 741 740
8 391 392 417 416 716 717 742 741
8 392 393 418 417 717 718 743 742
8 393 394 419 418 718 719 744 743
8 394 395 420 419 719 720 745 744
8 395 396 421 420 720 721 746 745
8 396 397 422 421 721 722 747 746
8 397 398 423 422 722 723 748 747
8 398 399 424 423 723 724 749 748
8 400 401 426 425 725 726 751 750
8 401 402 427 426 726 727 752 751
8 402 403 428 427 727 728 753 752
8 403 404 429 428 728 729 754 753
8 404 405 430 429 729 730 755 754
8 405 406 431 430 730 731 756 755
8 406 407 432 431 731 732 757 756
8 407 408 433 432 732 733 758 757
8 408 409 434 433 733 734 759 758
8 409 410 435 434 734 735 760 759
8 410 411 436 435 735 736 761 760
8 411 412 437 436 736 737 762 761
8 412 413 438 437 737 738 763 762
8 413 414 439 438 738 739 764 763
8 414 415 440 439 739 740 765 764
8 415 416 441 440 740 741 766 765
8 416 417 442 441 741 742 767 766
8 417 418 443 442 742 743 768 767
8 418 419 444 443 743 744 769 768
8 419 420 445 444 744 745 770 769
8 420 421 446 445 745 746 771 770
8 421 422 447 446 746 747 772 771
8 422 423 448 447 747 748 773 772
8 423 424 449 448 748 749 774 773
8 425 426 451 450 750 751 776 775
8 426 427 452 451 751 752 777 776
8 427 428 453 452 752 753 778 777
8 428 429 454 453 753 754 779 778
8 429 430 455 454 754 755 780 779
8 430 431 456 455 755 756 781 780
8 431 432 457 456 756 757 782 781
8 432 433 458 457 757 758 783 782
8 433 434 459 458 758 759 784 783
8 434 435 460 459 759 760 785 784
8 435 436 461 460 760 761 786 785
8 436 437 462 461 761 762 787 786
8 437 438 463 462 762 763 788 787
8 438 439 464 463 763 764 789 788
8 439 440 465 464 764 765 790 789
8 440 441 466 465 765 766 791 790
8 441 442 467 466 766 767 792 791
8 442 443 468 467 767 768 793 792
8 443 444 469 468 768 769 794 793
8 444 445 470 469 769 770 795 794
8 445 446 471 470 770 771 796 795
8 446 447 472 471 771 772 797 796
8 447 448 473 472 772 773 798 797
8 448 449 474 473 773 774 799 798
8 450 451 476 475 775 776 801 800
8 451 452 477 476 776 777 802 801
8 452 453 478 477 777 778 803 802
8 453 454 479 478 778 779 804 803
8 454 455 480 479 779 780 805 804
8 455 456 481 480 780 781 806 805
8 456 457 482 481 781 782 807 806
8 457 458 483 482 782 783 808 807
8 458 459 484 483 783 784 809 808
8 459 460 485 484 784 785 810 809
8 460 461 486 485 785 786 811 810
8 461 462 487 486 786 787 812 811
8 462 463 488 487 787 788 813 812
8 463 464 489 488 788 789 814 813
8 464 465 490 489 789 790 815 814
8 465 466 491 490 790 791 816 815
8 466 467 492 491 791 792 817 816
8 467 468 493 492 792 793 818 817
8 468 469 494 493 793 794 819 818
8 469 470 495 494 794 795 820 819
8 470 471 496 495 795 796 821 820
8 471 472 497 496 796 797 822 821
8 472 473 498 497 797 798 823 822
8 473 474 499 498 798 799 824 823
8 475 476 501 500 800 801 826 825
8 476 477 502 501 801 802 827 826
8 477 478 503 502 802 803 828 827
8 478 479 504 503 803 804 829 828
8 479 480 505 504 804 805 830 829
8 480 481 506 505 805 806 831 830
8 481 482 507 506 806 807 832 831
8 482 483 508 507 807 808 833 832
8 483 484 509 508 808 809 834 833
8 484 485 510 509 809 810 835 834
8 485 486 511 510 810 811 836 835
8 486 487 512 511 811 812 837 836
8 487 488 513 512 812 813 838 837
8 488 489 514 513 813 814 839 838
8 489 490 515 514 814 815 840 839
8 490 491 516 515 815 816 841 840
8 491 492 517 516 816 817 842 841
8 492 493 518 517 817 818 843 842
8 493 494 519 518 818 819 844 843
8 494 495 520 519 819 820 845 844
8 495 496 521 520 820 821 846 845
8 496 497 522 521 821 822 847 846
8 497 498 523 522 822 823 848 847
8 498 499 524 523 823 824 849 848
8 500 501 526 525 825 826 851 850
8 501 502 527 526 826 827 852 851
8 502 503 528 527 827 828 853 852
8 503 504 529 528 828 829 854 853
8 504 505 530 529 829 830 855 854
8 505 506 531 530 830 831 856 855
8 506 507 532 531 831 832 857 856
8 507 508 533 532 832 833 858 857
8 508 509 534 533 833 834 859 858
8 509 510 535 534 834 835 860 859
8 510 511 536 535 835 836 861 860
8 511 512 537 536 836 837 862 861
8 512 513 538 537 837 838 863 862
8 513 514 539 538 838 839 864 863
8 514 515 540 539 839 840 865 864
8 515 516 541 540 840 841 866 865
8 516 517 542 541 841 842 867 866
8 517 518 543 542 842 843 868 867
8 518 519 544 543 843 844 869 868
8 519 520 545 544 844 845 870 869
8 520 521 546 545 845 846 871 870
8 521 522 547 546 846 847 872 871
8 522 523 548 547 847 848 873 872
8 523 524 549 548 848 849 874 873
8 525 526 551 550 850 851 876 875
8 526 527 552 551 851 852 877 876
8 527 528 553 552 852 853 878 877
8 528 529 554 553 853 854 879 878
8 529 530 555 554 854 855 880 879
8 530 531 556 555 855 856 881 880
8 531 532 557 556 856 857 882 881
8 532 533 558 557 857 858 883 882
8 533 534 559 558 858 859 884 883
8 534 535 560 559 859 860 885 884
8 535 536 561 560 860 861 886 885
8 536 537 562 561 861 862 887 886
8 537 538 563 562 862 863 888 887
8 538 539 564 563 863 864 889 888
8 539 540 565 564 864 865 890 889
8 540 541 566 565 865 866 891 890
8 541 542 567 566 866 867 892 891
8 542 543 568 567 867 868 893 892
8 543 544 569 568 868 869 894 893
8 544 545 570 569 869 870 895 894
8 545 546 571 570 870 871 896 895
8 546 547 572 571 871 872 897 896
8 547 548 573 572 872 873 898 897
8 548 549 574 573 873 874 899 898
8 550 551 576 575 875 876 901 900
8 551 552 577 576 876 877 902 901
8 552 553 578 577 877 878 903 902
8 553 554 579 578 878 879 904 903
8 554 555 580 579 879 880 905 904
8 555 556 581 580 880 881 906 905
8 556 557 582 581 881 882 907 906
8 557 558 583 582 882 883 908 907
8 558 559 584 583 883 884 909 908
8 559 560 585 584 884 885 910 909
8 560 561 586 585 885 886 911 910
8 561 562 587 586 886 887 912 911
8 562 563 588 587 887 888 913 912
8 563 564 589 588 888 889 914 913
8 564 565 590 589 889 890 915 914
8 565 566 591 590 890 891 916 915
8 566 567 592 591 891 892 917 916
8 567 568 593 592 892 893 918 917
8 568 569 594 593 893 894 919 918
8 569 570 595 594 894 895 920 919
8 570 571 596 595 895 896 921 920
8 571 572 597 596 896 897 922 921
8 572 573 598 597 897 898 923 922
8 573 574 599 598 898 899 924 923
8 575 576 601 600 900 901 926 925
8 576 577 602 601 901 902 927 926
8 577 578 603 602 902 903 928 927
8 578 579 604 603 903 904 929 928
8 579 580 605 604 904 905 930 929
8 580 581 606 605 905 906 931 930
8 581 582 607 606 906 907 932 931
8 582 583 608 607 907 908 933 932
8 583 584 609 608 908 909 934 933
8 584 585 610 609 909 910 935 934
8 585 586 611 610 910 911 936 935
8 586 587 612 611 911 912 937 936
8 587 588 613 612 912 913 938 937
8 588 589 614 613 913 914 939 938
8 589 590 615 614 914 915 940 939
8 590 591 616 615 915 916 941 940
8 591 592 617 616 916 917 942 941
8 592 593 618 617 917 918 943 942
8 593 594 619 618 918 919 944 943
8 594 595 620 619 919 920 945 944
8 595 596 621 620 920 921 946 945
8 596 597 622 621 921 922 947 946
8 597 598 623 622 922 923 948 947
8 598 599 624 623 923 924 949 948
8 600 601 626 625 925 926 951 950
8 601 602 627 626 926 927 952 951
8 602 603 628 627 927 928 953 952
8 603 604 629 628 928 929 954 953
8 604 605 630 629 929 930 955 954
8 605 606 631 630 930 931 956 955
8 606 607 632 631 931 932 957 956
8 607 608 633 632 932 933 958 957
8 608 609 634 633 933 934 959 958
8 609 610 635 634 934 935 960 959
8 610 611 636 635 935 936 961 960
8 611 612 637 636 936 937 962 961
8 612 613 638 637 937 938 963 962
8 613 614 639 638 938 939 964 963
8 614 615 640 639 939 940 965 964
8 615 616 641 640 940 941 966 965
8 616 617 642 641 941 942 967 966
8 617 618 643 642 942 943 968 967
8 618 619 644 643 943 944 969 968
8 619 620 645 644 944 945 970 969
8 620 621 646 645 945 946 971 970
8 621 622 647 646 946 947 972 971
8 622 623 648 647 947 948 973 972
8 623 624 649 648 948 949 974 973
8 650 651 676 675 975 976 1001 1000
8 651 652 677 676 976 977 1002 1001
8 652 653 678 677 977 978 1003 1002
8 653 654 679 678 978 979 1004 1003
8 654 655 680 679 979 980 1005 1004
8 655 656 681 680 980 981 1006 1005
8 656 657 682 681 981 982 1007 1006
8 657 658 683 682 982 983 1008 1007
8 658 659 684 683 983 984 1009 1008
8 659 660 685 684 984 985 1010 1009
8 660 661 686 685 985 986 1011 1010
8 661 662 687 686 986 987 1012 1011
8 662 663 688 687 987 988 1013 1012
8 663 664 689 688 988 989 1014 1013
8 664 665 690 689 989 990 1015 1014
8 665 666 691 690 990 991 1016 1015
8 666 667 692 691 991 992 1017 1016
8 667 668 693 692 992 993 1018 1017
8 668 669 694 693 993 994 1019 1018
8 669 670 695 694 994 995 1020 1019
8 670 671 696 695 995 996 1021 1020
8 671 672 697 696 996 997 1022 1021
8 672 673 698 697 997 998 1023 1022
8 673 674 699 698 998 999 1024 1023
8 675 676 701 700 1000 1001 1026 1025
8 676 677 702 701 1001 1002 1027 1026
8 677 678 703 702 1002 1003 1028 1027
8 678 679 704 703 1003 1004 1029 1028
8 679 680 705 704 1004 1005 1030 1029
8 680 681 706 705 1005 1006 1031 1030
8 681 682 707 706 1006 1007 1032 1031
8 682 683 708 707 1007 1008 1033 1032
8 683 684 709 708 1008 1009 1034 1033
8 684 685 710 709 1009 1010 1035 1034
8 685 686 711 710 1010 1011 1036 1035
8 686 687 712 711 1011 1012 1037 1036
8 687 688 713 712 1012 1013 1038 1037
8 688 689 714 713 1013 1014 1039 1038
8 689 690 715 714 1014 1015 1040 1039
8 690 691 716 715 1015 1016 1041 1040
8 691 692 717 716 1016 1017 1042 1041
8 692 693 718 717 1017 1018 1043 1042
8 693 694 719 718 1018 1019 1044 1043
8 694 695 720 719 1019 1020 1045 1044
8 695 696 721 720 1020 1021 1046 1045
8 696 697 722 721 1021 1022 1047 1046
8 697 698 723 722 1022 1023 1048 1047
8 698 699 724 723 1023 1024 1049 1048
8 700 701 726 725 1025 1026 1051 1050
8 701 702 727 726 1026 1027 1052 1051
8 702 703 728 727 1027 1028 1053 1052
8 703 704 729 728 1028 1029 1054 1053
8 704 705 730 729 1029 1030 1055 1054
8 705 706 731 730 1030 1031 1056 1055
8 706 707 732 731 1031 1032 1057 1056
8 707 708 733 732 1032 1033 1058 1057
8 708 709 734 733 1033 1034 1059 1058
8 709 710 735 734 1034 1035 1060 1059
8 710 711 736 735 1035 1036 1061 1060
8 711 712 737 736 1036 1037 1062 1061
8 712 713 738 737 1037 1038 1063 1062
8 713 714 739 738 1038 1039 1064 1063
8 714 715 740 739 1039 1040 1065 1064
8 715 716 741 740 1040 1041 1066 1065
8 716 717 742 741 1041 1042 1067 1066
8 717 718 743 742 1042 1043 1068 1067
8 718 719 744 743 1043 1044 1069 1068
8 719 720 745 744 1044 1045 1070 1069
8 720 721 746 745 1045 1046 1071 1070
8 721 722 747 746 1046 1047 1072 1071
8 722 723 748 747 1047 1048 1073 1072
8 723 724 749 748 1048 1049 1074 1073
8 725 726 751 750 1050 1051 1076 1075
8 726 727 752 751 1051 1052 1077 1076
8 727 728 753 752 1052 1053 1078 1077
8 728 729 754 753 1053 1054 1079 1078
8 729 730 755 754 1054 1055 1080 1079
8 730 731 756 755 1055 1056 1081 1080
8 731 732 757 756 1056 1057 1082 1081
8 732 733 758 757 1057 1058 1083 1082
8 733 734 759 758 1058 1059 1084 1083
8 734 735 760 759 1059 1060 1085 1084
8 735 736 761 760 1060 1061 1086 1085
8 736 737 762 761 1061 1062 1087 1086
8 737 738 763 762 1062 1063 1088 1087
8 738 739 764 763 1063 1064 1089 1088
8 739 740 765 764 1064 1065 1090 1089
8 740 741 766 765 1065 1066 1091 1090
8 741 742 767 766 1066 1067 1092 1091
8 742 743 768 767 1067 1068 1093 1092
8 743 744 769 768 1068 1069 1094 1093
8 744 745 770 769 1069 1070 1095 1094
8 745 746 771 770 1070 1071 1096 1095
8 746 747 772 771 1071 1072 1097 1096
8 747 748 773 772 1072 1073 1098 1097
8 748 749 774 773 1073 1074 1099 1098
8 750 751 776 775 1075 1076 1101 1100
8 751 752 777 776 1076 1077 1102 1101
8 752 753 778 777 1077 1078 1103 1102
8 753 754 779 778 1078 1079 1104 1103
8 754 755 780 779 1079 1080 1105 1104
8 755 756 781 780 1080 1081 1106 1105
8 756 757 782 781 1081 1082 1107 1106
8 757 758 783 782 1082 1083 1108 1107
8 758 759 784 783 1083 1084 1109 1108
8 759 760 785 784 1084 1085 1110 1109
8 760 761 786 785 1085 1086 1111 1110
8 761 762 787 786 1086 1087 1112 1111
8 762 763 788 787 1087 1088 1113 1112
8 763 764 789 788 1088 1089 1114 1113
8 764 765 790 789 1089 1090 1115 1114
8 765 766 791 790 1090 1091 1116 1115
8 766 767 792 791 1091 1092 1117 1116
8 767 768 793 792 1092 1093 1118 1117
8 768 769 794 793 1093 1094 1119 1118
8 769 770 795 794 1094 1095 1120 1119
8 770 771 796 795 1095 1096 1121 1120
8 771 772 797 796 1096 1097 1122 1121
8 772 773 798 797 1097 1098 1123 1122
8 773 774 799 798 1098 1099 1124 1123
8 775 776 801 800 1100 1101 1126 1125
8 776 777 802 801 1101 1102 1127 1126
8 777 778 803 802 1102 1103 1128 1127
8 778 779 804 803 1103 1104 1129 1128
8 779 780 805 804 1104 1105 1130 1129
8 780 781 806 805 1105 1106 1131 1130
8 781 782 807 806 1106 1107 1132 1131
8 782 783 808 807 1107 1108 1133 1132
8 783 784 809 808 1108 1109 1134 1133
8 784 785 810 809 1109 1110 1135 1134
8 785 786 811 810 1110 1111 1136 1135
8 786 787 812 811 1111 1112 1137 1136
8 787 788 813 812 1112 1113 1138 1137
8 788 789 814 813 1113 1114 1139 1138
8 789 790 815 814 1114 1115 1140 1139
8 790 791 816 815 1115 1116 1141 1140
8 791 792 817 816 1116 1117 1142 1141
8 792 793 818 817 1117 1118 1143 1142
8 793 794 819 818 1118 1119 1144 1143
8 794 795 820 819 1119 1120 1145 1144
8 795 796 821 820 1120 1121 1146 1145
8 796 797 822 821 1121 1122 1147 1146
8 797 798 823 822 1122 1123 1148 1147
8 798 799 824 823 1123 1124 1149 1148
8 800 801 826 825 1125 1126 1151 1150
8 801 802 827 826 1126 1127 1152 1151
8 802 803 828 827 1127 1128 1153 1152
8 803 804 829 828 1128 1129 1154 1153
8 804 805 830 829 1129 1130 1155 1154
8 805 806 831 830 1130 1131 1156 1155
8 806 807 832 831 1131 1132 1157 1156
8 807 808 833 832 1132 1133 1158 1157
8 808 809 834 833 1133 1134 1159 1158
8 809 810 835 834 1134 1135 1160 1159
8 810 811 836 835 1135 1136 1161 1160
8 811 812 837 836 1136 1137 1162 1161
8 812 813 838 837 1137 1138 1163 1162
8 813 814 839 838 1138 1139 1164 1163
8 814 815 840 839 1139 1140 1165 1164
8 815 816 841 840 1140 1141 1166 1165
8 816 817 842 841 1141 1142 1167 1166
8 817 818 843 842 1142 1143 1168 1167
8 818 819 844 843 1143 1144 1169 1168
8 819 820 845 844 1144 1145 1170 1169
8 820 821 846 845 1145 1146 1171 1170
8 821 822 847 846 1146 1147 1172 1171
8 822 823 848 847 1147 1148 1173 1172
8 823 824 849 848 1148 1149 1174 1173
8 825 826 851 850 1150 1151 1176 1175
8 826 827 852 851 1151 1152 1177 1176
8 827 828 853 852 1152 1153 1178 1177
8 828 829 854 853 1153 1154 1179 1178
8 829 830 855 854 1154 1155 1180 1179
8 830 831 856 855 1155 1156 1181 1180
8 831 832 857 856 1156 1157 1182 1181
8 832 833 858 857 1157 1158 1183 1182
8 833 834 859 858 1158 1159 1184 1183
8 834 835 860 859 1159 1160 1185 1184
8 835 836 861 860 1160 1161 1186 1185
8 836 837 862 861 1161 1162 1187 1186
8 837 838 863 862 1162 1163 1188 1187
8 838 839 864 863 1163 1164 1189 1188
8 839 840 865 864 1164 1165 1190 1189
8 840 841 866 865 1165 1166 1191 1190
8 841 842 867 866 1166 1167 1192 1191
8 842 843 868 867 1167 1168 1193 1192
8 843 844 869 868 1168 1169 1194 1193
8 844 845 870 869 1169 1170 1195 1194
8 845 846 871 870 1170 1171 1196 1195
8 846 847 872 871 1171 1172 1197 1196
8 847 848 873 872 1172 1173 1198 1197
8 848 849 874 873 1173 1174 1199 1198
8 850 851 876 875 1175 1176 1201 1200
8 851 852 877 876 1176 1177 1202 1201
8 852 853 878 877 1177 1178 1203 1202
8 853 854 879 878 1178 1179 1204 1203
8 854 855 880 879 1179 1180 1205 1204
8 855 856 881 880 1180 1181 1206 1205
8 856 857 882 881 1181 1182 1207 1206
8 857 858 883 882 1182 1183 1208 1207
8 858 859 884 883 1183 1184 1209 1208
8 859 860 885 884 1184 1185 1210 1209
8 860 861 886 885 1185 1186 1211 1210
8 861 862 887 886 1186 1187 1212 1211
8 862 863 888 887 1187 1188 1213 1212
8 863 864 889 888 1188 1189 1214 1213
8 864 865 890 889 1189 1190 1215 1214
8 865 866 891 890 1190 1191 1216 1215
8 866 867 892 891 1191 1192 1217 1216
8 867 868 893 892 1192 1193 1218 1217
8 868 869 894 893 1193 1194 1219 1218
8 869 870 895 894 1194 1195 1220 1219
8 870 871 896 895 1195 1196 1221 1220
8 871 872 897 896 1196 1197 1222 1221
8 872 873 898 897 1197 1198 1223 1222
8 873 874 899 898 1198 1199 1224 1223
8 875 876 901 900 1200 1201 1226 1225
8 876 877 902 901 1201 1202 1227 1226
8 877 878 903 902 1202 1203 1228 1227
8 878 879 904 903 1203 1204 1229 1228
8 879 880 905 904 1204 1205 1230 1229
8 880 881 906 905 1205 1206 1231 1230
8 881 882 907 906 1206 1207 1232 1231
8 882 883 908 907 1207 1208 1233 1232
8 883 884 909 908 1208 1209 1234 1233
8 884 885 910 909 1209 1210 1235 1234
8 885 886 911 910 1210 1211 1236 1235
8 886 887 912 911 1211 1212 1237 1236
8 887 888 913 912 1212 1213 1238 1237
8 888 889 914 913 1213 1214 1239 1238
8 889 890 915 914 1214 1215 1240 1239
8 890 891 916 915 1215 1216 1241 1240
8 891 892 917 916 1216 1217 1242 1241
8 892 893 918 917 1217 1218 1243 1242
8 893 894 919 918 1218 1219 1244 1243
8 894 895 920 919 1219 1220 1245 1244
8 895 896 921 920 1220 1221 1246 1245
8 896 897 922 921 1221 1222 1247 1246
8 897 898 923 922 1222 1223 1248 1247
8 898 899 924 923 1223 1224 1249 1248
8 900 901 926 925 1225 1226 1251 1250
8 901 902 927 926 1226 1227 1252 1251
8 902 903 928 927 1227 1228 1253 1252
8 903 904 929 928 1228 1229 1254 1253
8 904 905 930 929 1229 1230 1255 1254
8 905 906 931 930 1230 1231 1256 1255
8 906 907 932 931 1231 1232 1257 1256
8 907 908 933 932 1232 1233 1258 1257
8 908 909 934 933 1233 1234 1259 1258
8 909 910 935 934 1234 1235 1260 1259
8 910 911 936 935 1235 1236 1261 1260
8 911 912 937 936 1236 1237 1262 1261
8 912 913 938 937 1237 1238 1263 1262
8 913 914 939 938 1238 1239 1264 1263
8 914 915 940 939 1239 1240 1265 1264
8 915 916 941 940 1240 1241 1266 1265
8 916 917 942 941 1241 1242 1267 1266
8 917 918 943 942 1242 1243 1268 1267
8 918 919 944 943 1243 1244 1269 1268
8 919 920 945 944 1244 1245 1270 1269
8 920 921 946 945 1245 1246 1271 1270
8 921 922 947 946 1246 1247 1272 1271
8 922 923 948 947 1247 1248 1273 1272
8 923 924 949 948 1248 1249 1274 1273
8 925 926 951 950 1250 1251 1276 1275
8 926 927 952 951 1251 1252 1277 1276
8 927 928 953 952 1252 1253 1278 1277
8 928 929 954 953 1253 1254 1279 1278
8 929 930 955 954 1254 1255 1280 1279
8 930 931 956 955 1255 1256 1281 1280
8 931 932 957 956 1256 1257 1282 1281
8 932 933 958 957 1257 1258 1283 1282
8 933 934 959 958 1258 1259 1284 1283
8 934 935 960 959 1259 1260 1285 1284
8 935 936 961 960 1260 1261 1286 1285
8 936 937 962 961 1261 1262 1287 1286
8 937 938 963 962 1262 1263 1288 1287
8 938 939 964 963 1263 1264 1289 1288
8 939 940 965 964 1264 1265 1290 1289
8 940 941 966 965 1265 1266 1291 1290
8 941 942 967 966 1266 1267 1292 1291
8 942 943 968 967 1267 1268 1293 1292
8 943 944 969 968 1268 1269 1294 1293
8 944 945 970 969 1269 1270 1295 1294
8 945 946 971 970 1270 1271 1296 1295
8 946 947 972 971 1271 1272 1297 1296
8 947 948 973 972 1272 1273 1298 1297
8 948 949 974 973 1273 1274 1299 1298
8 975 976 1001 1000 1300 1301 1326 1325
8 976 977 1002 1001 1301 1302 1327 1326
8 977 978 1003 1002 1302 1303 1328 1327
8 978 979 1004 1003 1303 1304 1329 1328
8 979 980 1005 1004 1304 1305 1330 1329
8 980 981 1006 1005 1305 1306 1331 1330
8 981 982 1007 1006 1306 1307 1332 1331
8 982 983 1008 1007 1307 1308 1333 1332
8 983 984 1009 1008 1308 1309 1334 1333
8 984 985 1010 1009 1309 1310 1335 1334
8 985 986 1011 1010 1310 1311 1336 1335
8 986 987 1012 1011 1311 1312 1337 1336
8 987 988 1013 1012 1312 1313 1338 1337
8 988 989 1014 1013 1313 1314 1339 1338
8 989 990 1015 1014 1314 1315 1340 1339
8 990 991 1016 1015 1315 1316 1341 1340
8 991 992 1017 1016 1316 1317 1342 1341
8 992 993 1018 1017 1317 1318 1343 1342
8 993 994 1019 1018 1318 1319 1344 1343
8 994 995 1020 1019 1319 1320 1345 1344
8 995 996 1021 1020 1320 1321 1346 1345
8 996 997 1022 1021 1321 1322 1347 1346
8 997 998 1023 1022 1322 1323 1348 1347
8 998 999 1024 1023 1323 1324 1349 1348
8 1000 1001 1026 1025 1325 1326 1351 1350
8 1001 1002 1027 1026 1326 1327 1352 1351
8 1002 1003 1028 1027 1327 1328 1353 1352
8 1003 1004 1029 1028 1328 1329 1354 1353
8 1004 1005 1030 1029 1329 1330 1355 1354
8 1005 1006 1031 1030 1330 1331 1356 1355
8 1006 1007 1032 1031 1331 1332 1357 1356
8 1007 1008 1033 1032 1332 1333 1358 1357
8 1008 1009 1034 1033 1333 1334 1359 1358
8 1009 1010 1035 1034 1334 1335 1360 1359
8 1010 1011 1036 1035 1335 1336 1361 1360
8 1011 1012 1037 1036 1336 1337 1362 1361
8 1012 1013 1038 1037 1337 1338 1363 1362
8 1013 1014 1039 1038 1338 1339 1364 1363
8 1014 1015 1040 1039 1339 1340 1365 1364
8 1015 1016 1041 1040 1340 1341 1366 1365
8 1016 1017 1042 1041 1341 1342 1367 1366
8 1017 1018 1043 1042 1342 1343 1368 1367
8 1018 1019 1044 1043 1343 1344 1369 1368
8 1019 1020 1045 1044 1344 1345 1370 1369
8 1020 1021 1046 1045 1345 1346 1371 1370
8 1021 1022 1047 1046 1346 1347 1372 1371
8 1022 1023 1048 1047 1347 1348 1373 1372
8 1023 1024 1049 1048 1348 1349 1374 1373
8 1025 1026 1051 1050 1350 1351 1376 1375
8 1026 1027 1052 1051 1351 1352 1377 1376
8 1027 1028 1053 1052 1352 1353 1378 1377
8 1028 1029 1054 1053 1353 1354 1379 1378
8 1029 1030 1055 1054 1354 1355 1380 1379
8 1030 1031 1056 1055 1355 1356 1381 1380
8 1031 1032 1057 1056 1356 1357 1382 1381
8 1032 1033 1058 1057 1357 1358 1383 1382
8 1033 1034 1059 1058 1358 1359 1384 1383
8 1034 1035 1060 1059 1359 1360 1385 1384
8 1035 1036 1061 1060 1360 1361 1386 1385
8 1036 1037 1062 1061 1361 1362 1387 1386
8 1037 1038 1063 1062 1362 1363 1388 1387
8 1038 1039 1064 1063 1363 1364 1389 1388
8 1039 1040 1065 1064 1364 1365 1390 1389
8 1040 1041 1066 1065 1365 1366 1391 1390
8 1041 1042 1067 1066 1366 1367 1392 1391
8 1042 1043 1068 1067 1367 1368 1393 1392
8 1043 1044 1069 1068 1368 1369 1394 1393
8 1044 1045 1070 1069 1369 1370 1395 1394
8 1045 1046 1071 1070 1370 1371 1396 1395
8 1046 1047 1072 1071 1371 1372 1397 1396
8 1047 1048 1073 1072 1372 1373 1398 1397
8 1048 1049 1074 1073 1373 1374 1399 1398
8 1050 1051 1076 1075 1375 1376 1401 1400
8 1051 1052 1077 1076 1376 1377 1402 1401
8 1052 1053 1078 1077 1377 1378 1403 1402
8 1053 1054 1079 1078 1378 1379 1404 1403
8 1054 1055 1080 1079 1379 1380 1405 1404
8 1055 1056 1081 1080 1380 1381 1406 1405
8 1056 1057 1082 1081 1381 1382 1407 1406
8 1057 1058 1083 1082 1382 1383 1408 1407
8 1058 1059 1084 1083 1383 1384 1409 1408
8 1059 1060 1085 1084 1384 1385 1410 1409
8 1060 1061 1086 1085 1385 1386 1411 1410
8 1061 1062 1087 1086 1386 1387 1412 1411
8 1062 1063 1088 1087 1387 1388 1413 1412
8 1063 1064 1089 1088 1388 1389 1414 1413
8 1064 1065 1090 1089 1389 1390 1415 1414
8 1065 1066 1091 1090 1390 1391 1416 1415
8 1066 1067 1092 1091 1391 1392 1417 1416
8 1067 1068 1093 1092 1392 1393 1418 1417
8 1068 1069 1094 1093 1393 1394 1419 1418
8 1069 1070 1095 1094 1394 1395 1420 1419
8 1070 1071 1096 1095 1395 1396 1421 1420
8 1071 1072 1097 1096 1396 1397 1422 1421
8 1072 1073 1098 1097 1397 1398 1423 1422
8 1073 1074 1099 1098 1398 1399 1424 1423
8 1075 1076 1101 1100 1400 1401 1426 1425
8 1076 1077 1102 1101 1401 1402 1427 1426
8 1077 1078 1103 1102 1402 1403 1428 1427
8 1078 1079 1104 1103 1403 1404 1429 1428
8 1079 1080 1105 1104 1404 1405 1430 1429
8 1080 1081 1106 1105 1405 1406 1431 1430
8 1081 1082 1107 1106 1406 1407 1432 1431
8 1082 1083 1108 1107 1407 1408 1433 1432
8 1083 1084 1109 1108 1408 1409 1434 1433
8 1084 1085 1110 1109 1409 1410 1435 1434
8 1085 1086 1111 1110 1410 1411 1436 1435
8 1086 1087 1112 1111 1411 1412 1437 1436
8 1087 1088 1113 1112 1412 1413 1438 1437
8 1088 1089 1114 1113 1413 1414 1439 1438
8 1089 1090 1115 1114 1414 1415 1440 1439
8 1090 1091 1116 1115 1415 1416 1441 1440
8 1091 1092 1117 1116 1416 1417 1442 1441
8 1092 1093 1118 1117 1417 1418 1443 1442
8 1093 1094 1119 1118 1418 1419 1444 1443
8 1094 1095 1120 1119 1419 1420 1445 1444
8 1095 1096 1121 1120 1420 1421 1446 1445
8 1096 1097 1122 1121 1421 1422 1447 1446
8 1097 1098 1123 1122 1422 1423 1448 1447
8 1098 1099 1124 1123 1423 1424 1449 1448
8 1100 1101 1126 1125 1425 1426 1451 1450
8 1101 1102 1127 1126 1426 1427 1452 1451
8 1102 1103 1128 1127 1427 1428 1453 1452
8 1103 1104 1129 1128 1428 1429 1454 1453
8 1104 1105 1130 1129 1429 1430 1455 1454
8 1105 1106 1131 1130 1430 1431 1456 1455
8 1106 1107 1132 1131 1431 1432 1457 1456
8 1107 1108 1133 1132 1432 1433 1458 1457
8 1108 1109 1134 1133 1433 1434 1459 1458
8 1109 1110 1135 1134 1434 1435 1460 1459
8 1110 1111 1136 1135 1435 1436 1461 1460
8 1111 1112 1137 1136 1436 1437 1462 1461
8 1112 1113 1138 1137 1437 1438 1463 1462
8 1113 1114 1139 1138 1438 1439 1464 1463
8 1114 1115 1140 1139 1439 1440 1465 1464
8 1115 1116 1141 1140 1440 1441 1466 1465
8 1116 1117 1142 1141 1441 1442 1467 1466
8 1117 1118 1143 1142 1442 1443 1468 1467
8 1118 1119 1144 1143 1443 1444 1469 1468
8 1119 1120 1145 1144 1444 1445 1470 1469
8 1120 1121 1146 1145 1445 1446 1471 1470
8 1121 1122 1147 1146 1446 1447 1472 1471
8 1122 1123 1148 1147 1447 1448 1473 1472
8 1123 1124 1149 1148 1448 1449 1474 1473
8 1125 1126 1151 1150 1450 1451 1476 1475
8 1126 1127 1152 1151 1451 1452 1477 1476
8 1127 1128 1153 1152 1452 1453 1478 1477
8 1128 1129 1154 1153 1453 1454 1479 1478
8 1129 1130 1155 1154 1454 1455 1480 1479
8 1130 1131 1156 1155 1455 1456 1481 1480
8 1131 1132 1157 1156 1456 1457 1482 1481
8 1132 1133 1158 1157 1457 1458 1483 1482
8 1133 1134 1159 1158 1458 1459 1484 1483
8 1134 1135 1160 1159 1459 1460 1485 1484
8 1135 1136 1161 1160 1460 1461 1486 1485
8 1136 1137 1162 1161 1461 1462 1487 1486
8 1137 1138 1163 1162 1462 1463 1488 1487
8 1138 1139 1164 1163 1463 1464 1489 1488
8 1139 1140 1165 1164 1464 1465 1490 1489
8 1140 1141 1166 1165 1465 1466 1491 1490
8 1141 1142 1167 1166 1466 1467 1492 1491
8 1142 1143 1168 1167 1467 1468 1493 1492
8 1143 1144 1169 1168 1468 1469 1494 1493
8 1144 1145 1170 1169 1469 1470 1495 1494
8 1145 1146 1171 1170 1470 1471 1496 1495
8 1146 1147 1172 1171 1471 1472 1497 1496
8 1147 1148 1173 1172 1472 1473 1498 1497
8 1148 1149 1174 1173 1473 1474 1499 1498
8 1150 1151 1176 1175 1475 1476 1501 1500
8 1151 1152 1177 1176 1476 1477 1502 1501
8 1152 1153 1178 1177 1477 1478 1503 1502
8 1153 1154 1179 1178 1478 1479 1504 1503
8 1154 1155 1180 1179 1479 1480 1505 1504
8 1155 1156 1181 1180 1480 1481 1506 1505
8 1156 1157 1182 1181 1481 1482 1507 1506
8 1157 1158 1183 1182 1482 1483 1508 1507
8 1158 1159 1184 1183 1483 1484 1509 1508
8 1159 1160 1185 1184 1484 1485 1510 1509
8 1160 1161 1186 1185 1485 1486 1511 1510
8 1161 1162 1187 1186 1486 1487 1512 1511
8 1162 1163 1188 1187 1487 1488 1513 1512
8 1163 1164 1189 1188 1488 1489 1514 1513
8 1164 1165 1190 1189 1489 1490 1515 1514
8 1165 1166 1191 1190 1490 1491 1516 1515
8 1166 1167 1192 1191 1491 1492 1517 1516
8 1167 1168 1193 1192 1492 1493 1518 1517
8 1168 1169 1194 1193 1493 1494 1519 1518
8 1169 1170 1195 1194 1494 1495 1520 1519
8 1170 1171 1196 1195 1495 1496 1521 1520
8 1171 1172 1197 1196 1496 1497 1522 1521
8 1172 1173 1198 1197 1497 1498 1523 1522
8 1173 1174 1199 1198 1498 1499 1524 1523
8 1175 1176 1201 1200 1500 1501 1526 1525
8 1176 1177 1202 1201 1501 1502 1527 1526
8 1177 1178 1203 1202 1502 1503 1528 1527
8 1178 1179 1204 1203 1503 1504 1529 1528
8 1179 1180 1205 1204 1504 1505 1530 1529
8 1180 1181 1206 1205 1505 1506 1531 1530
8 1181 1182 1207 1206 1506 1507 1532 1531
8 1182 1183 1208 1207 1507 1508 1533 1532
8 1183 1184 1209 1208 1508 1509 1534 1533
8 1184 1185 1210 1209 1509 1510 1535 1534
8 1185 1186 1211 1210 1510 1511 1536 1535
8 1186 1187 1212 1211 1511 1512 1537 1536
8 1187 1188 1213 1212 1512 1513 1538 1537
8 1188 1189 1214 1213 1513 1514 1539 1538
8 1189 1190 1215 1214 1514 1515 1540 1539
8 1190 1191 1216 1215 1515 1516 1541 1540
8 1191 1192 1217 1216 1516 1517 1542 1541
8 1192 1193 1218 1217 1517 1518 1543 1542
8 1193 1194 1219 1218 1518 1519 1544 1543
8 1194 1195 1220 1219 1519 1520 1545 1544
8 1195 1196 1221 1220 1520 1521 1546 1545
8 1196 1197 1222 1221 1521 1522 1547 1546
8 1197 1198 1223 1222 1522 1523 1548 1547
8 1198 1199 1224 1223 1523 1524 1549 1548
8 1200 1201 1226 1225 1525 1526 1551 1550
8 1201 1202 1227 1226 1526 1527 1552 1551
8 1202 1203 1228 1227 1527 1528 1553 1552
8 1203 1204 1229 1228 1528 1529 1554 1553
8 1204 1205 1230 1229 1529 1530 1555 1554
8 1205 1206 1231 1230 1530 1531 1556 1555
8 1206 1207 1232 1231 1531 1532 1557 1556
8 1207 1208 1233 1232 1532 1533 1558 1557
8 1208 1209 1234 1233 1533 1534 1559 1558
8 1209 1210 1235 1234 1534 1535 1560 1559
8 1210 1211 1236 1235 1535 1536 1561 1560
8 1211 1212 1237 1236 1536 1537 1562 1561
8 1212 1213 1238 1237 1537 1538 1563 1562
8 1213 1214 1239 1238 1538 1539 1564 1563
8 1214 1215 1240 1239 1539 1540 1565 1564
8 1215 1216 1241 1240 1540 1541 1566 1565
8 1216 1217 1242 1241 1541 1542 1567 1566
8 1217 1218 1243 1242 1542 1543 1568 1567
8 1218 1219 1244 1243 1543 1544 1569 1568
8 1219 1220 1245 1244 1544 1545 1570 1569
8 1220 1221 1246 1245 1545 1546 1571 1570
8 1221 1222 1247 1246 1546 1547 1572 1571
8 1222 1223 1248 1247 1547 1548 1573 1572
8 1223 1224 1249 1248 1548 1549 1574 1573
8 1225 1226 1251 1250 1550 1551 1576 1575
8 1226 1227 1252 1251 1551 1552 1577 1576
8 1227 1228 1253 1252 1552 1553 1578 1577
8 1228 1229 1254 1253 1553 1554 1579 1578
8 1229 1230 1255 1254 1554 1555 1580 1579
8 1230 1231 1256 1255 1555 1556 1581 1580
8 1231 1232 1257 1256 1556 1557 1582 1581
8 1232 1233 1258 1257 1557 1558 1583 1582
8 1233 1234 1259 1258 1558 1559 1584 1583
8 1234 1235 1260 1259 1559 1560 1585 1584
8 1235 1236 1261 1260 1560 1561 1586 1585
8 1236 1237 1262 1261 1561 1562 1587 1586
8 1237 1238 1263 1262 1562 1563 1588 1587
8 1238 1239 1264 1263 1563 1564 1589 1588
8 1239 1240 1265 1264 1564 1565 1590 1589
8 1240 1241 1266 1265 1565 1566 1591 1590
8 1241 1242 1267 1266 1566 1567 1592 1591
8 1242 1243 1268 1267 1567 1568 1593 1592
8 1243 1244 1269 1268 1568 1569 1594 1593
8 1244 1245 1270 1269 1569 1570 1595 1594
8 1245 1246 1271 1270 1570 1571 1596 1595
8 1246 1247 1272 1271 1571 1572 1597 1596
8 1247 1248 1273 1272 1572 1573 1598 1597
8 1248 1249 1274 1273 1573 1574 1599 1598
8 1250 1251 1276 1275 1575 1576 1601 1600
8 1251 1252 1277 1276 1576 1577 1602 1601
8 1252 1253 1278 1277 1577 1578 1603 1602
8 1253 1254 1279 1278 1578 1579 1604 1603
8 1254 1255 1280 1279 1579 1580 1605 1604
8 1255 1256 1281 1280 1580 1581 1606 1605
8 1256 1257 1282 1281 1581 1582 1607 1606
8 1257 1258 1283 1282 1582 1583 1608 1607
8 1258 1259 1284 1283 1583 1584 1609 1608
8 1259 1260 1285 1284 1584 1585 1610 1609
8 1260 1261 1286 1285 1585 1586 1611 1610
8 1261 1262 1287 1286 1586 1587 1612 1611
8 1262 1263 1288 1287 1587 1588 1613 1612
8 1263 1264 1289 1288 1588 1589 1614 1613
8 1264 1265 1290 1289 1589 1590 1615 1614
8 1265 1266 1291 1290 1590 1591 1616 1615
8 1266 1267 1292 1291 1591 1592 1617 1616
8 1267 1268 1293 1292 1592 1593 1618 1617
8 1268 1269 1294 1293 1593 1594 1619 1618
8 1269 1270 1295 1294 1594 1595 1620 1619
8 1270 1271 1296 1295 1595 1596 1621 1620
8 1271 1272 1297 1296 1596 1597 1622 1621
8 1272 1273 1298 1297 1597 1598 1623 1622
8 1273 1274 1299 1298 1598 1599 1624 1623
CELL_TYPES 1152
12
12
12
12
12
12
12
12
12
12
12
12
12
12
12
12
12
12
12
12
12
12
12
12
12
12
12
12
12
12
12
12
12
12
12
12
12
12
12
12
12
12
12
12
12
12
12
12
12
12
12
12
12
12
12
12
12
12
12
12
12
12
12
12
12
12
12
12
12
12
12
12
12
12
12
12
12
12
12
12
12
12
12
12
12
12
12
12
12
12
12
12
12
12
12
12
12
12
12
12
12
12
12
12
12
12
12
12
12
12
12
12
12
12
12
12
12
12
12
12
12
12
12
12
12
12
12
12
12
12
12
12
12
12
12
12
12
12
12
12
12
12
12
12
12
12
12
12
12
12
12
12
12
12
12
12
12
12
12
12
12
12
12
12
12
12
12
12
12
12
12
12
12
12
12
12
12
12
12
12
12
12
12
12
12
12
12
12
12
12
12
12
12
12
12
12
12
12
12
12
12
12
12
12
12
12
12
12
12
12
12
12
12
12
12
12
12
12
12
12
12
12
12
12
12
12
12
12
12
12
12
12
12
12
12
12
12
12
12
12
12
12
12
12
12
12
12
12
12
12
12
12
12
12
12
12
12
12
12
12
12
12
12
12
12
12
12
12
12
12
12
12
12
12
12
12
12
12
12
12
12
12
12
12
12
12
12
12
12
12
12
12
12
12
12
12
12
12
12
12
12
12
12
12
12
12
12
12
12
12
12
12
12
12
12
12
12
12
12
12
12
12
12
12
12
12
12
12
12
12
12
12
12
12
12
12
12
12
12
12
12
12
12
12
12
12
12
12
12
12
12
12
12
12
12
12
12
12
12
12
12
12
12
12
12
12
12
12
12
12
12
12
12
12
12
12
12
12
12
12
12
12
12
12
12
12
12
12
12
12
12
12
12
12
12
12
12
12
12
12
12
12
12
12
12
12
12
12
12
12
12
12
12
12
12
12
12
12
12
12
12
12
12
12
12
12
12
12
12
12
12
12
12
12
12
12
12
12
12
12
12
12
12
12
12
12
12
12
12
12
12
12
12
12
12
12
12
12
12
12
12
12
12
12
12
12
12
12
12
12
12
12
12
12
12
12
12
12
12
12
12
12
12
12
12
12
12
12
12
12
12
12
12
12
12
12
12
12
12
12
12
12
12
12
12
12
12
12
12
12
12
12
12
12
12
12
12
12
12
12
12
12
12
12
12
12
12
12
12
12
12
12
12
12
12
12
12
12
12
12
12
12
12
12
12
12
12
12
12
12
12
12
12
12
12
12
12
12
12
12
12
12
12
12
12
12
12
12
12
12
12
12
12
12
12
12
12
12
12
12
12
12
12
12
12
12
12
12
12
12
12
12
12
12
12
12
12
12
12
12
12
12
12
12
12
12
12
12
12
12
12
12
12
12
12
12
12
12
12
12
12
12
12
12
12
12
12
12
12
12
12
12
12
12
12
12
12
12
12
12
12
12
12
12
12
12
12
12
12
12
12
12
12
12
12
12
12
12
12
12
12
12
12
12
12
12
12
12
12
12
12
12
12
12
12
12
12
12
12
12
12
12
12
12
12
12
12
12
12
12
12
12
12
12
12
12
12
12
12
12
12
12
12
12
12
12
12
12
12
12
12
12
12
12
12
12
12
12
12
12
12
12
12
12
12
12
12
12
12
12
12
12
12
12
12
12
12
12
12
12
12
12
12
12
12
12
12
12
12
12
12
12
12
12
12
12
12
12
12
12
12
12
12
12
12
12
12
12
12
12
12
12
12
12
12
12
12
12
12
12
12
12
12
12
12
12
12
12
12
12
12
12
12
12
12
12
12
12
12
12
12
12
12
12
12
12
12
12
12
12
12
12
12
12
12
12
12
12
12
12
12
12
12
12
12
12
12
12
12
12
12
12
12
12
12
12
12
12
12
12
12
12
12
12
12
12
12
12
12
12
12
12
12
12
12
12
12
12
12
12
12
12
12
12
12
12
12
12
12
12
12
12
12
12
12
12
12
12
12
12
12
12
12
12
12
12
12
12
12
12
12
12
12
12
12
12
12
12
12
12
12
12
12
12
12
12
12
12
12
12
12
12
12
12
12
12
12
12
12
12
12
12
12
12
12
12
12
12
12
12
12
12
12
12
12
12
12
12
12
12
12
12
12
12
12
12
12
12
12
12
12
12
12
12
12
12
12
12
12
12
12
12
12
12
12
12
12
12
12
12
12
12
12
12
12
12
12
12
12
12
12
12
12
12
12
12
12
12
12
12
12
12
12
12
12
12
12
12
12
12
12
12
12
12
12
12
12
12
12
12
12
12
12
12
12
12
12
12
12
12
12
12
12
12
12
12
12
12
12
12
12
12
12
12
12
12
12
12
12
12
12
12
12
12
12
12
12
12
12
12
12
12
12
12
12
12
12
12
12
12
12
12
12
12
12
12
12
12
12
12
12
12
12
12
12
12
12
12
12
12
12
12
12
12
12
12
12
12
12
12
12
12
12
12
12
12
12
12
12
12
12
12
12
12
12
12
12
12
12
12
12
12
12
12
12
12
12
12
12
12
12
12
12
12
12
12
12
12
12
12
12
12
12
12
12
12
12
12
12
12
12
12
12
12
12
12
12
12
12
12
12
12
CELL_DATA 1152
SCALARS displacement_magnitude float 1
LOOKUP_TABLE default
2.998584085623e-05
3.115934911312e-05
4.219134437782e-05
5.921936348544e-05
8.409622347447e-05
1.195369835670e-04
1.703413989201e-04
2.463260857895e-04
3.656810144195e-04
5.546166102776e-04
8.329023301052e-04
1.174296163832e-03
1.484422785393e-03
1.677558973868e-03
1.729819530307e-03
1.634278297604e-03
1.391350381883e-03
1.057864370221e-03
7.370022972536e-04
4.956972026583e-04
3.382957612591e-04
2.412743236071e-04
1.832668145258e-04
1.839011255663e-04
2.689558878748e-05
2.725671227691e-05
3.610675465848e-05
4.963737481317e-05
6.934512835501e-05
9.786431851555e-05
1.417616212739e-04
2.190402565682e-04
3.680046883974e-04
6.466236883049e-04
1.111309011424e-03
1.736230350488e-03
2.302866080203e-03
2.620974917753e-03
2.706621968029e-03
2.575599002018e-03
2.166748066800e-03
1.546586101287e-03
9.594176978329e-04
5.596108780477e-04
3.329436357661e-04
2.172248773933e-04
1.606249764223e-04
1.627465332417e-04
2.550789002111e-05
2.583857468753e-05
3.438932926075e-05
4.748100660337e-05
6.677604863015e-05
9.572674166774e-05
1.447792376352e-04
2.462600187050e-04
4.757209158932e-04
9.477582742395e-04
1.760226666598e-03
2.863551613336e-03
3.818940207481e-03
4.282443983746e-03
4.400325297734e-03
4.261030458892e-03
3.652996219088e-03
2.583347669159e-03
1.523333615625e-03
8.075562617812e-04
4.186613753936e-04
2.399541948013e-04
1.646855627674e-04
1.634468584313e-04
2.521975846456e-05
2.572218906769e-05
3.452250720768e-05
4.813599630815e-05
6.841263297342e-05
9.961890232497e-05
1.563365508793e-04
2.862370432760e-04
6.106472638199e-04
1.320274877268e-03
2.553148638788e-03
4.201099282528e-03
5.551008793877e-03
6.101819051469e-03
6.222207486739e-03
6.136375638813e-03
5.412338776472e-03
3.884758600872e-03
2.259939155080e-03
1.135991040079e-03
5.337317177416e-04
2.763767287988e-04
1.787017577034e-04
1.733296608989e-04
2.541963976115e-05
2.610524240373e-05
3.527988955797e-05
4.958331102333e-05
7.101248748884e-05
1.044524412176e-04
1.680300076191e-04
3.224132562284e-04
7.241231700654e-04
1.615503955623e-03
3.139112891190e-03
5.104519181478e-03
6.613484328756e-03
7.119041749339e-03
7.199157004117e-03
7.200489974434e-03
6.534045287363e-03
4.821456036487e-03
2.847001954946e-03
1.418113518107e-03
6.379057626649e-04
3.113127009499e-04
1.934943078635e-04
1.843773864357e-04
2.562750300142e-05
2.642349743732e-05
3.583969872857e-05
5.057677362758e-05
7.270814460892e-05
1.074435368768e-04
1.748974385735e-04
3.431519083455e-04
7.846149778663e-04
1.755553480652e-03
3.376783592661e-03
5.394962130772e-03
6.853798273255e-03
7.250801895104e-03
7.277430089526e-03
7.330736993008e-03
6.780427297518e-03
5.125294552157e-03
3.093771089829e-03
1.560537611610e-03
6.985219705586e-04
3.332919359476e-04
2.028355061338e-04
1.913163009354e-04
2.560395100531e-05
2.639951184956e-05
3.580969084369e-05
5.054123530961e-05
7.266452556433e-05
1.073425529241e-04
1.744905660761e-04
3.418432147396e-04
7.824553309504e-04
1.756206605254e-03
3.389249168995e-03
5.428613385725e-03
6.902698586231e-03
7.288140672578e-03
7.286821854969e-03
7.318497350429e-03
6.761426854889e-03
5.114825883436e-03
3.094464728257e-03
1.565339531720e-03
7.022784687283e-04
3.350366935499e-04
2.034875859812e-04
1.917115685057e-04
2.534950226418e-05
2.603395767838e-05
3.519027199997e-05
4.947602608072e-05
7.087878265170e-05
1.041625579001e-04
1.669079385016e-04
3.185184955998e-04
7.154465951364e-04
1.606651779001e-03
3.148329481284e-03
5.155564414889e-03
6.704540082135e-03
7.197018075590e-03
7.212809070870e-03
7.157729134172e-03
6.493263248220e-03
4.819188319873e-03
2.867528441233e-03
1.439320584753e-03
6.497946037218e-04
3.161010590554e-04
1.953199842109e-04
1.855222887400e-04
2.510470668696e-05
2.560542214002e-05
3.437419874328e-05
4.795414407401e-05
6.818312515604e-05
9.916114351477e-05
1.547501300568e-04
2.803363297123e-04
5.935080991892e-04
1.287733741900e-03
2.517296704113e-03
4.192306233693e-03
5.599070549057e-03
6.167075540750e-03
6.232444432084e-03
6.098669108500e-03
5.413741568733e-03
3.946553736461e-03
2.325592772466e-03
1.179165695333e-03
5.528202394264e-04
2.831107716277e-04
1.813740665506e-04
1.751313008160e-04
2.535147681189e-05
2.567907185848e-05
3.418297034918e-05
4.721929187735e-05
6.643783340752e-05
9.512486595954e-05
1.429801695389e-04
2.397583866961e-04
4.560216741278e-04
9.053983146743e-04
1.696571902141e-03
2.803842957495e-03
3.811812305113e-03
4.314240913811e-03
4.413234304741e-03
4.264478085617e-03
3.712734786693e-03
2.688599686803e-03
1.607542225524e-03
8.558686797486e-04
4.393033118126e-04
2.474253137084e-04
1.678533993984e-04
1.658374927294e-04
2.670437288311e-05
2.705863343332e-05
3.584402456689e-05
4.928967223373e-05
6.887837468760e-05
9.711258785211e-05
1.399239700548e-04
2.134287467154e-04
3.529363965036e-04
6.145970429722e-04
1.058010262584e-03
1.675987485549e-03
2.273405455557e-03
2.626526345680e-03
2.720038344076e-03
2.602753099432e-03
2.235711860249e-03
1.635515660213e-03
1.024025962017e-03
5.954477402781e-04
3.497001655912e-04
2.244140911245e-04
1.641812886757e-04
1.657632174703e-04
2.977771610385e-05
3.093398334805e-05
4.188388747204e-05
5.879706382060e-05
8.350675972590e-05
1.186022218301e-04
1.683835175227e-04
2.414660917958e-04
3.542817660461e-04
5.315516571960e-04
7.949255325409e-04
1.130257169001e-03
1.456242365241e-03
1.673323597243e-03
1.742466826720e-03
1.666311196492e-03
1.447786464370e-03
1.121263495631e-03
7.839392661947e-04
5.230689941039e-04
3.525787447700e-04
2.485873399444e-04
1.874350410820e-04
1.875245615750e-04
8.432576701277e-05
8.964279904693e-05
1.178517755492e-04
1.642905694497e-04
2.336186372240e-04
3.336884415781e-04
4.769310303115e-04
6.858596971553e-04
9.989776282677e-04
1.469323695927e-03
2.132914148226e-03
2.921561110300e-03
3.630876115189e-03
4.076992546082e-03
4.199172714958e-03
3.979075532351e-03
3.424684787730e-03
2.664106000610e-03
1.917305922292e-03
1.334402261945e-03
9.367465578780e-04
6.815299492488e-04
5.319360264500e-04
5.154573072531e-04
7.661771294512e-05
7.975534476698e-05
1.026677776720e-04
1.405828692684e-04
1.975929666404e-04
2.816011533550e-04
4.092185855371e-04
6.206703648660e-04
9.963858322353e-04
1.653511491857e-03
2.727574895423e-03
4.203405918288e-03
5.543216602075e-03
6.275820297755e-03
6.474031738543e-03
6.171255821755e-03
5.198458524662e-03
3.732282654143e-03
2.378084040097e-03
1.460794794105e-03
9.197251397102e-04
6.257761075937e-04
4.800471111469e-04
4.695674587997e-04
7.286380832752e-05
7.589057575185e-05
9.798882793858e-05
1.347507451668e-04
1.909174783655e-04
2.765958225079e-04
4.172870881734e-04
6.827202015192e-04
1.225501935622e-03
2.287086903157e-03
4.218176137216e-03
7.200551883309e-03
9.890097763587e-03
1.108753049344e-02
1.137542299993e-02
1.104640227038e-02
9.329825103500e-03
6.314848882765e-03
3.606827228665e-03
1.980988098194e-03
1.109272781193e-03
6.825637849273e-04
4.946417855861e-04
4.752874510908e-04
7.213004923267e-05
7.558228756854e-05
9.843096368946e-05
1.368163565347e-04
1.962552900941e-04
2.891717099490e-04
4.506648639071e-04
7.832865054416e-04
1.523354273392e-03
3.096886127862e-03
6.211628375909e-03
1.139161138627e-02
1.605039112769e-02
1.777655370068e-02
1.808552893556e-02
1.792479008165e-02
1.545181448291e-02
1.020642112659e-02
5.375331624972e-03
2.689925705245e-03
1.370907910979e-03
7.793002430922e-04
5.381077023960e-04
5.073421776190e-04
7.271476624823e-05
7.664353280440e-05
1.005376377348e-04
1.409864763703e-04
2.041252777959e-04
3.041982027717e-04
4.844595189374e-04
8.754812022319e-04
1.777510885563e-03
3.740778724148e-03
7.689294939075e-03
1.428856590108e-02
2.005877970104e-02
2.187358988660e-02
2.206742329177e-02
2.219222437135e-02
1.966180680689e-02
1.317927232040e-02
6.832331834650e-03
3.305139350000e-03
1.608549174782e-03
8.723111241029e-04
5.834193845086e-04
5.420982978346e-04
7.330924559467e-05
7.753085794914e-05
1.020941017409e-04
1.438353360664e-04
2.092280579348e-04
3.134939434068e-04
5.044565185704e-04
9.284399924205e-04
1.915999382972e-03
4.045677302115e-03
8.242073630332e-03
1.507235504859e-02
2.078175793729e-02
2.228555269597e-02
2.231312060206e-02
2.259464701302e-02
2.042037376916e-02
1.402672916275e-02
7.415730024905e-03
3.618002769763e-03
1.749153719221e-03
9.299828183400e-04
6.119974388671e-04
5.639190092098e-04
7.324163058729e-05
7.745954948972e-05
1.020051211654e-04
1.437225101194e-04
2.090759353076e-04
3.131937130351e-04
5.034916812736e-04
9.256859196873e-04
1.911757914384e-03
4.047783369766e-03
8.277241484153e-03
1.519044413536e-02
2.097135836358e-02
2.242727512624e-02
2.234486477789e-02
2.255303573138e-02
2.035004281804e-02
1.398488367050e-02
7.414965166932e-03
3.628383819626e-03
1.757752387029e-03
9.341329077375e-04
6.138502953230e-04
5.651484904505e-04
7.251363159354e-05
7.643195525693e-05
1.002730036693e-04
1.406491345134e-04
2.036694246041e-04
3.033232552819e-04
4.817642352783e-04
8.672120466942e-04
1.760199592570e-03
3.722412817825e-03
7.703972351272e-03
1.442965000020e-02
2.036977699203e-02
2.215908710460e-02
2.210971227617e-02
2.202479462823e-02
1.953178496541e-02
1.319727441262e-02
6.893506588090e-03
3.352211518104e-03
1.634640241890e-03
8.839250583947e-04
5.886239763349e-04
5.456458278979e-04
7.180079155156e-05
7.523696603470e-05
9.799639855106e-05
1.362559263675e-04
1.954959481444e-04
2.877947028739e-04
4.467123616866e-04
7.707561895666e-04
1.489050200630e-03
3.021714836604e-03
6.073785988918e-03
1.125522154380e-02
1.613355743046e-02
1.799609054942e-02
1.811135485865e-02
1.778232940957e-02
1.553975246888e-02
1.050742825992e-02
5.575737207623e-03
2.786950219139e-03
1.411493712969e-03
7.959712807287e-04
5.457888550628e-04
5.128713001960e-04
7.241713910378e-05
7.542150316270e-05
9.739084568734e-05
1.339643597808e-04
1.898454487459e-04
2.747899095273e-04
4.127254036938e-04
6.687203125783e-04
1.185379695206e-03
2.192071339561e-03
4.024399980887e-03
6.938408108723e-03
9.804688018281e-03
1.118241487281e-02
1.140821795262e-02
1.105970862329e-02
9.591475968945e-03
6.702872741974e-03
3.834808561788e-03
2.087751733965e-03
1.154189991278e-03
7.011299405474e-04
5.038524117728e-04
4.825065033207e-04
7.607316387734e-05
7.917757342271e-05
1.019160721261e-04
1.395656139672e-04
1.961810248921e-04
2.793804890562e-04
4.045254727818e-04
6.080620139180e-04
9.644060439019e-04
1.586051063906e-03
2.602614006261e-03
4.040182616633e-03
5.459665897954e-03
6.293045385863e-03
6.507117646968e-03
6.239973323403e-03
5.388174094329e-03
3.964511077394e-03
2.526100664577e-03
1.539558421995e-03
9.584047570205e-04
6.439886488672e-04
4.903880291031e-04
4.784691264315e-04
8.372488111958e-05
8.898565201999e-05
1.169760465778e-04
1.630698089696e-04
2.318763827201e-04
3.309971758485e-04
4.718870166919e-04
6.746513200479e-04
9.742879697794e-04
1.420547645292e-03
2.053025158830e-03
2.829772537443e-03
3.573069056199e-03
4.070180944252e-03
4.229216764924e-03
4.051440706696e-03
3.548240795072e-03
2.801909836832e-03
2.020710048211e-03
1.396066297288e-03
9.706696948538e-04
7.004126803857e-04
5.439085514242e-04
5.260199141333e-04
1.264992535236e-04
1.367093505090e-04
1.741770298855e-04
2.402950051235e-04
3.425550320643e-04
4.930651798110e-04
7.082624174400e-04
1.010550872150e-03
1.428647977048e-03
1.994017312873e-03
2.717281264715e-03
3.512176065208e-03
4.209497687353e-03
4.654100663007e-03
4.777508082323e-03
4.565346456423e-03
4.033782436093e-03
3.291287108406e-03
2.517923254310e-03
1.860887333903e-03
1.366535053028e-03
1.024129392453e-03
8.216565209853e-04
7.719823994810e-04
1.163690458361e-04
1.236792188736e-04
1.545728695959e-04
2.101314908930e-04
2.976792897723e-04
4.299022273892e-04
6.276859688096e-04
9.281512320117e-04
1.390273981171e-03
2.083803965013e-03
3.141049531502e-03
4.628706384801e-03
5.970763677516e-03
6.683105283377e-03
6.885936143207e-03
6.573622829213e-03
5.563058744363e-03
4.102641718235e-03
2.812215204544e-03
1.914377393609e-03
1.324071278441e-03
9.578301480439e-04
7.638673296205e-04
7.246781650567e-04
1.112547910750e-04
1.184235190812e-04
1.483649304323e-04
2.027291622400e-04
2.902730526104e-04
4.270049986118e-04
6.428160977975e-04
9.977590864597e-04
1.590344838979e-03
2.568938306016e-03
4.634475358296e-03
8.936416328179e-03
1.297217062886e-02
1.443842199961e-02
1.480172829815e-02
1.446399339322e-02
1.181790658003e-02
7.220173774959e-03
3.837294870735e-03
2.324506571840e-03
1.508375906004e-03
1.033023933133e-03
7.951368067226e-04
7.436140678309e-04
1.103319966654e-04
1.180745535631e-04
1.492320782602e-04
2.063733864177e-04
2.999618823766e-04
4.496777995639e-04
6.953321897442e-04
1.123827945937e-03
1.875346531217e-03
3.207802201476e-03
6.991319062063e-03
1.665074877887e-02
2.610106474204e-02
2.881036647487e-02
2.909411216780e-02
2.930482345349e-02
2.462932589764e-02
1.390228029855e-02
5.684510504810e-03
2.892187540552e-03
1.779687479127e-03
1.165607097618e-03
8.691572325213e-04
8.010451661717e-04
1.112731489301e-04
1.196606166602e-04
1.523881376999e-04
2.128932360966e-04
3.130649690337e-04
4.755668418203e-04
7.486021162426e-04
1.241744494797e-03
2.126044150672e-03
3.721983501431e-03
8.743539909830e-03
2.191264491184e-02
3.459870653942e-02
3.768304287677e-02
3.763391423273e-02
3.851732083743e-02
3.366228751600e-02
1.936915182203e-02
7.349303101027e-03
3.386038461930e-03
2.028503928181e-03
1.293289330043e-03
9.450503613670e-04
8.614515826642e-04
1.121892340568e-04
1.209797917169e-04
1.546979211988e-04
2.172927434987e-04
3.214592691561e-04
4.915095228103e-04
7.803358811741e-04
1.309916289339e-03
2.265754298011e-03
3.972992438951e-03
9.316272819595e-03
2.286244859120e-02
3.526975096892e-02
3.771442824195e-02
3.740802414531e-02
3.849158660374e-02
3.444821961641e-02
2.053104038104e-02
7.984735834448e-03
3.646960831310e-03
2.175894069738e-03
1.371249002353e-03
9.926601585746e-04
8.992969891534e-04
1.120852417014e-04
1.208667871571e-04
1.545558695822e-04
2.170972050652e-04
3.211682896304e-04
4.910140852430e-04
7.792778474946e-04
1.307741545993e-03
2.264110243861e-03
3.975600685713e-03
9.360040050204e-03
2.310821455981e-02
3.571970453543e-02
3.801564302451e-02
3.745838371394e-02
3.845476108655e-02
3.429851509770e-02
2.040496161607e-02
7.982322551749e-03
3.656867885799e-03
2.183747896154e-03
1.375940565658e-03
9.954471517036e-04
9.014052734429e-04
1.109642547374e-04
1.193259703097e-04
1.519677986090e-04
2.123153532379e-04
3.122089703166e-04
4.741122010361e-04
7.455198064123e-04
1.235006839894e-03
2.116073878932e-03
3.711880315543e-03
8.737506219310e-03
2.215312246524e-02
3.524768874242e-02
3.828117172910e-02
3.770677486308e-02
3.811971767916e-02
3.336650182948e-02
1.943170401097e-02
7.450345459615e-03
3.423148550283e-03
2.052074333008e-03
1.306709896488e-03
9.529428062268e-04
8.675065967797e-04
1.098277411995e-04
1.175307293560e-04
1.485486079326e-04
2.054353180225e-04
2.985824056279e-04
4.473862155473e-04
6.905710485497e-04
1.112996616323e-03
1.853878924867e-03
3.146394019384e-03
6.671949937455e-03
1.606715703515e-02
2.606442268132e-02
2.927931696030e-02
2.912705560056e-02
2.890303477550e-02
2.501148462999e-02
1.480905165685e-02
6.018985202999e-03
2.965933921029e-03
1.815677214107e-03
1.185509918921e-03
8.809239618846e-04
8.103757602059e-04
1.105730167947e-04
1.176900745508e-04
1.474380496643e-04
2.014535642419e-04
2.884153918471e-04
4.240385561938e-04
6.370849127179e-04
9.851810544170e-04
1.563049860513e-03
2.493108840891e-03
4.282310649914e-03
8.180831163373e-03
1.263925902166e-02
1.463525897453e-02
1.483327249057e-02
1.447846182488e-02
1.255240427695e-02
8.157663226634e-03
4.151411155584e-03
2.410096761836e-03
1.549288400295e-03
1.055697871048e-03
8.093797402094e-04
7.555392702437e-04
1.155404521933e-04
1.227838962433e-04
1.534262978262e-04
2.085340026803e-04
2.953583475210e-04
4.263496439180e-04
6.215905235202e-04
9.160687891705e-04
1.365273550120e-03
2.036365773079e-03
3.022337617171e-03
4.412451124034e-03
5.851311997666e-03
6.709331142768e-03
6.923861864018e-03
6.664474095902e-03
5.827842397828e-03
4.387934625091e-03
2.946533521544e-03
1.982616525550e-03
1.363003208610e-03
9.808391525937e-04
7.798660171590e-04
7.389395026809e-04
1.255724286848e-04
1.356912154309e-04
1.728484628558e-04
2.384048926376e-04
3.397698419407e-04
4.888774051082e-04
7.016301472890e-04
9.990500260520e-04
1.408136088360e-03
1.957860964573e-03
2.661237418985e-03
3.454796525650e-03
4.176440832576e-03
4.656472142590e-03
4.809394065457e-03
4.628984888589e-03
4.130329013450e-03
3.398847058306e-03
2.606636594869e-03
1.918235831970e-03
1.403507388980e-03
1.048748267167e-03
8.399470329266e-04
7.886213366766e-04
1.561882535467e-04
1.667993112272e-04
2.064190239940e-04
2.819068778683e-04
4.034037617444e-04
5.863956527394e-04
8.505582091146e-04
1.213804263585e-03
1.680396540078e-03
2.231668396230e-03
2.834232518068e-03
3.422121973936e-03
3.899219097548e-03
4.188916269081e-03
4.274566433140e-03
4.159414417467e-03
3.834085957236e-03
3.326624691211e-03
2.728429983324e-03
2.140494842508e-03
1.628909719718e-03
1.243486934042e-03
1.016495058499e-03
9.534210085792e-04
1.449691477604e-04
1.528074336377e-04
1.857732665064e-04
2.504698998166e-04
3.575257315083e-04
5.239537760806e-04
7.736262289970e-04
1.130655764974e-03
1.595634333361e-03
2.109156213893e-03
2.695039822103e-03
3.404911341813e-03
4.187726180982e-03
4.715520353246e-03
4.839061675370e-03
4.566167069497e-03
3.924845513419e-03
3.195454488411e-03
2.571363863288e-03
2.047920635103e-03
1.561868960068e-03
1.183429469264e-03
9.668530776655e-04
9.127095663034e-04
1.393612015003e-04
1.472655107245e-04
1.796113958105e-04
2.437058825130e-04
3.526174990052e-04
5.283063199143e-04
8.028159579083e-04
1.208077722498e-03
1.721296698756e-03
2.183809338152e-03
3.657482826658e-03
8.786413601199e-03
1.361983546870e-02
1.498244359763e-02
1.546401265988e-02
1.513796439202e-02
1.165366971896e-02
6.005552124189e-03
2.888702102001e-03
2.166691090367e-03
1.709676759327e-03
1.278944953407e-03
1.020300137148e-03
9.492299527015e-04
1.384452601125e-04
1.470206792024e-04
1.809452334895e-04
2.487902865602e-04
3.664925963554e-04
5.616312857999e-04
8.756752649691e-04
1.348860513792e-03
1.930509664170e-03
2.327401308342e-03
5.594455797339e-03
2.115402479388e-02
3.688404440954e-02
3.982303020635e-02
3.985444518059e-02
4.107967901564e-02
3.412371004940e-02
1.593067633909e-02
3.964218221639e-03
2.339484023267e-03
1.943997033028e-03
1.438376047895e-03
1.124695187591e-03
1.032269272720e-03
1.397197708344e-04
1.489782932062e-04
1.847995890290e-04
2.570075725876e-04
3.840111153544e-04
5.980853440832e-04
9.485268370347e-04
1.481498700335e-03
2.116588405666e-03
2.429983895079e-03
7.057062178250e-03
2.900648779062e-02
5.089923316136e-02
5.414491985975e-02
5.331499292005e-02
5.587173982256e-02
4.942551333912e-02
2.444075014408e-02
5.199126172939e-03
2.458338333836e-03
2.156845124866e-03
1.590513790115e-03
1.229947306236e-03
1.118319972187e-03
1.409076241503e-04
1.505874188935e-04
1.875823277693e-04
2.624717698501e-04
3.950707124726e-04
6.203034111799e-04
9.917385998423e-04
1.558580298346e-03
2.218086993993e-03
2.473988828638e-03
7.543356085648e-03
2.975493339440e-02
5.028898273696e-02
5.227503124375e-02
5.128471677638e-02
5.380327503292e-02
4.901486150026e-02
2.568489135954e-02
5.790582234000e-03
2.503134797907e-03
2.275248709297e-03
1.682441211639e-03
1.295413280207e-03
1.172260031300e-03
1.407758856725e-04
1.504455016461e-04
1.874038874630e-04
2.622081956734e-04
3.946360539019e-04
6.195735116120e-04
9.906900347144e-04
1.557965719422e-03
2.222495582058e-03
2.475160696704e-03
7.561392013291e-03
3.013006164863e-02
5.113439725031e-02
5.277390435683e-02
5.131489138993e-02
5.392994747487e-02
4.880819221884e-02
2.539914257025e-02
5.816766395492e-03
2.505109531597e-03
2.278250829648e-03
1.686918198748e-03
1.298965624474e-03
1.175265696679e-03
1.393290043311e-04
1.485584691473e-04
1.842732071582e-04
2.562358228048e-04
3.827475194680e-04
5.959577572848e-04
9.452929610743e-04
1.478733319023e-03
2.124331606409e-03
2.431909620482e-03
6.986587871631e-03
2.941794202940e-02
5.203789647220e-02
5.510461383784e-02
5.343167721612e-02
5.513222647309e-02
4.878779402019e-02
2.450033715821e-02
5.333287660735e-03
2.459550512362e-03
2.168523777080e-03
1.603445425821e-03
1.240112956674e-03
1.126897710960e-03
1.378091846042e-04
1.463402774755e-04
1.800951961236e-04
2.475589025525e-04
3.645134734621e-04
5.583108362671e-04
8.704435634289e-04
1.342665168233e-03
1.935320649221e-03
2.329628397599e-03
5.016792235998e-03
1.964864959606e-02
3.653070111325e-02
4.068607139355e-02
3.990535140093e-02
4.012975829427e-02
3.508084734009e-02
1.793795029970e-02
4.290480076516e-03
2.343759411759e-03
1.965468189717e-03
1.458038553962e-03
1.139986204652e-03
1.045313772694e-03
1.385047614850e-04
1.463529093346e-04
1.784713569102e-04
2.420730503001e-04
3.500598825374e-04
5.241438708143e-04
7.962921025699e-04
1.199710131150e-03
1.720929016145e-03
2.198518667737e-03
3.147425503086e-03
7.165258708381e-03
1.286161662003e-02
1.534264178048e-02
1.545940921863e-02
1.517293493473e-02
1.321417347746e-02
7.758960082077e-03
3.139012642396e-03
2.179502222471e-03
1.735841634637e-03
1.302318063083e-03
1.038737344709e-03
9.655360215733e-04
1.439327484150e-04
1.517021984367e-04
1.843826947542e-04
2.484816525599e-04
3.544769978856e-04
5.192107731306e-04
7.665389720282e-04
1.121784317668e-03
1.590495886935e-03
2.124211854980e-03
2.680718919191e-03
3.339597930820e-03
4.091873406870e-03
4.687072316834e-03
4.880964919180e-03
4.690986587684e-03
4.099377154075e-03
3.292179710492e-03
2.614253260031e-03
2.067931131386e-03
1.589738501528e-03
1.208104698451e-03
9.872506216863e-04
9.316075743720e-04
1.550253201724e-04
1.655472386266e-04
2.048198089170e-04
2.795890022696e-04
3.998503859303e-04
5.810031674466e-04
8.429290156526e-04
1.204500215347e-03
1.672978950267e-03
2.231660613205e-03
2.842932662211e-03
3.441279466359e-03
3.924790984912e-03
4.215440944532e-03
4.296325397702e-03
4.175038588731e-03
3.849122445896e-03
3.347476341130e-03
2.755611465607e-03
2.170239242724e-03
1.659707920537e-03
1.270293098136e-03
1.039343045446e-03
9.749542209742e-04
SCALARS engineering_strain_norm float 1
LOOKUP_TABLE default
1.026906960650e-04
1.244465421672e-04
1.698514229981e-04
2.381708174694e-04
3.357523539137e-04
4.718724218073e-04
6.617524416731e-04
9.391696535401e-04
1.373640528973e-03
2.074463777410e-03
3.135097133747e-03
4.464028129732e-03
5.675342542968e-03
6.425311592998e-03
6.626973914130e-03
6.251412405852e-03
5.293002013357e-03
3.983711350735e-03
2.750157611955e-03
1.850971984301e-03
1.281746569903e-03
9.302809568328e-04
7.106463672238e-04
6.316559290974e-04
9.061565719203e-05
1.085513712924e-04
1.456574909217e-04
2.009679296628e-04
2.797702729540e-04
3.914444054151e-04
5.601170812856e-04
8.621820073489e-04
1.482234752506e-03
2.720370879087e-03
4.858759655261e-03
7.719797778305e-03
1.023997734734e-02
1.164721454911e-02
1.202599353813e-02
1.144539751063e-02
9.626030237603e-03
6.825483839299e-03
4.125155179997e-03
2.308757192024e-03
1.324243664517e-03
8.513126070446e-04
6.269152997399e-04
5.493610146596e-04
8.572029464127e-05
1.028633052005e-04
1.388281826125e-04
1.925239427082e-04
2.697495741462e-04
3.825603320857e-04
5.701881680431e-04
9.702339802876e-04
1.948162706186e-03
4.125064729266e-03
8.025589911264e-03
1.314622737772e-02
1.727726433428e-02
1.931383525903e-02
1.984703848031e-02
1.924138990519e-02
1.663835673386e-02
1.189791317178e-02
6.864365901634e-03
3.442121772159e-03
1.685927331558e-03
9.386051972278e-04
6.398346204800e-04
5.480301636068e-04
8.476239573491e-05
1.025717357459e-04
1.396453698439e-04
1.955866530638e-04
2.766816461144e-04
3.972217895451e-04
6.124565688878e-04
1.123975382379e-03
2.514459563097e-03
5.813346073665e-03
1.171065647463e-02
1.889862888135e-02
2.386143202582e-02
2.593589613276e-02
2.643998421961e-02
2.612375629661e-02
2.358670145430e-02
1.774191801494e-02
1.033955983428e-02
4.918406418819e-03
2.158908898026e-03
1.076309791714e-03
6.915734956236e-04
5.762703053414e-04
8.549337681466e-05
1.042345610089e-04
1.428840949839e-04
2.016442521477e-04
2.870931453357e-04
4.150820016233e-04
6.543619082002e-04
1.261723871637e-03
2.985862726762e-03
7.124941205261e-03
1.434216069998e-02
2.246305418689e-02
2.710202289328e-02
2.858173385571e-02
2.887410476290e-02
2.891243415936e-02
2.708936364828e-02
2.152866352345e-02
1.299586038400e-02
6.164911715099e-03
2.585043426117e-03
1.207242172680e-03
7.456184329545e-04
6.066109273271e-04
8.621322693867e-05
1.055683299948e-04
1.452215746604e-04
2.057374150760e-04
2.938183618951e-04
4.261095179187e-04
6.787718964587e-04
1.340817988688e-03
3.236634325579e-03
7.744180978325e-03
1.542490019350e-02
2.368869461841e-02
2.789216414278e-02
2.890029127693e-02
2.900083040311e-02
2.921121238472e-02
2.786919437152e-02
2.279364203142e-02
1.411566965213e-02
6.792845938338e-03
2.834477760367e-03
1.290247032953e-03
7.795004952010e-04
6.249856544121e-04
8.613716523447e-05
1.054724899180e-04
1.451010612975e-04
2.056002264495e-04
2.936759917404e-04
4.257969703979e-04
6.772717346912e-04
1.335180354173e-03
3.226172294550e-03
7.746056951988e-03
1.548394504929e-02
2.383667816111e-02
2.807586781816e-02
2.903126816900e-02
2.903601086700e-02
2.917114997812e-02
2.779576785529e-02
2.274414992902e-02
1.411739909439e-02
6.815054015869e-03
2.851051790965e-03
1.297322471995e-03
7.818648792001e-04
6.259842975031e-04
8.526576466690e-05
1.039497274296e-04
1.425236970167e-04
2.012284474124e-04
2.866433199701e-04
4.141743932714e-04
6.502540424522e-04
1.245224218797e-03
2.945493644888e-03
7.080591758573e-03
1.439610448048e-02
2.273415680394e-02
2.749668856273e-02
2.887352047735e-02
2.893233428254e-02
2.876508832878e-02
2.687648168276e-02
2.147106638845e-02
1.308385963985e-02
6.262915592523e-03
2.636893792869e-03
1.226363025439e-03
7.523053650234e-04
6.095432707294e-04
8.438553809436e-05
1.021047106748e-04
1.390478128815e-04
1.948742953927e-04
2.758793951839e-04
3.957301897554e-04
6.066858030406e-04
1.099524214044e-03
2.435948167099e-03
5.656736493406e-03
1.157095846874e-02
1.899572865697e-02
2.419296740470e-02
2.622187287043e-02
2.648042080466e-02
2.592937941277e-02
2.340876764970e-02
1.789553030034e-02
1.063222148280e-02
5.119154962876e-03
2.241596151792e-03
1.102718758747e-03
7.014843422985e-04
5.810492912673e-04
8.520143934313e-05
1.022231884337e-04
1.379924323227e-04
1.914840694173e-04
2.685092850778e-04
3.805001884661e-04
5.635870577044e-04
9.435308023601e-04
1.856848098401e-03
3.909951705250e-03
7.705348595766e-03
1.290851559692e-02
1.730415524072e-02
1.946642128227e-02
1.990066260313e-02
1.923041499770e-02
1.682618548414e-02
1.236528623458e-02
7.284093825681e-03
3.674063346835e-03
1.775581522501e-03
9.679199523760e-04
6.516369433768e-04
5.547874592158e-04
8.997738263456e-05
1.077532943406e-04
1.445864558039e-04
1.995673860332e-04
2.779791862357e-04
3.887395582936e-04
5.533065387633e-04
8.388352141042e-04
1.412334906609e-03
2.559008418364e-03
4.583047109011e-03
7.421886706540e-03
1.010268522559e-02
1.167108537703e-02
1.208564893326e-02
1.156909038026e-02
9.945225055103e-03
7.263893514296e-03
4.449014903075e-03
2.479219208224e-03
1.397164333950e-03
8.797937991012e-04
6.402598311694e-04
5.584770009629e-04
1.019891148132e-04
1.235162276738e-04
1.685707591672e-04
2.364214776325e-04
3.333766042577e-04
4.682626386173e-04
6.542740790711e-04
9.198132535405e-04
1.325747674925e-03
1.974269429360e-03
2.966723370965e-03
4.266620209408e-03
5.549755305363e-03
6.404484860655e-03
6.677028207188e-03
6.384888120233e-03
5.535962856160e-03
4.260141009524e-03
2.951582799116e-03
1.965930351308e-03
1.339751206786e-03
9.591313526332e-04
7.270404409893e-04
6.435036760424e-04
6.325034076045e-05
1.091267546844e-04
1.441220765321e-04
1.993143219445e-04
2.795413445441e-04
3.903943278044e-04
5.344320614635e-04
7.157215771027e-04
9.548816344713e-04
1.303762220452e-03
1.797783534885e-03
2.333510591881e-03
2.753135564688e-03
3.007427452550e-03
3.084072737691e-03
2.955991343774e-03
2.621125785671e-03
2.136217810003e-03
1.622886012228e-03
1.212206389369e-03
9.420503594655e-04
7.526587271154e-04
6.150678216382e-04
3.795574446998e-04
5.634990703700e-05
9.703668712059e-05
1.272772083261e-04
1.758190194116e-04
2.484907744853e-04
3.527304716310e-04
4.992921438565e-04
7.308979679997e-04
1.202567460251e-03
2.190503681437e-03
3.913084943075e-03
6.044412968922e-03
7.419796328536e-03
8.037480023170e-03
8.218708028657e-03
7.990020057430e-03
7.032922222953e-03
5.260581548001e-03
3.259250126736e-03
1.842807485155e-03
1.079444996072e-03
7.361646663144e-04
5.761438244706e-04
3.683928200569e-04
5.374131041142e-05
9.319766245173e-05
1.230136195033e-04
1.718252619270e-04
2.466824877530e-04
3.567215197851e-04
5.205424921235e-04
8.184296922888e-04
1.539084931398e-03
3.282110537434e-03
6.979033024551e-03
1.255424637699e-02
1.621735470465e-02
1.752346162630e-02
1.781790675566e-02
1.768329164528e-02
1.553486861606e-02
1.085035585827e-02
5.673087140422e-03
2.695511031158e-03
1.337872388416e-03
8.051186717420e-04
6.020013327599e-04
3.789394481063e-04
5.348622765738e-05
9.358069607111e-05
1.249698838343e-04
1.770465941944e-04
2.577514041660e-04
3.768257495343e-04
5.581391620510e-04
9.216673827304e-04
1.850341326178e-03
4.266311270354e-03
1.018180885461e-02
1.997087569264e-02
2.602473532265e-02
2.791499474799e-02
2.810368737113e-02
2.850045755748e-02
2.579404723138e-02
1.819839892818e-02
8.594105378560e-03
3.586332820871e-03
1.597904654188e-03
8.981142010664e-04
6.512313607456e-04
4.024555679748e-04
5.402174860456e-05
9.514158216592e-05
1.281224060949e-04
1.832847552235e-04
2.689837870270e-04
3.948728427099e-04
5.880665686949e-04
1.000638658906e-03
2.074654245654e-03
4.850485502133e-03
1.195626220590e-02
2.379934440008e-02
3.025820942391e-02
3.194119728632e-02
3.188019736647e-02
3.271791560523e-02
3.028651157840e-02
2.228298342054e-02
1.036569097415e-02
4.169638419913e-03
1.799711158371e-03
9.723717004705e-04
6.945677152392e-04
4.218834337619e-04
5.447111734433e-05
9.626393211531e-05
1.301623739773e-04
1.870916688396e-04
2.755856996801e-04
4.050913435907e-04
6.040873598752e-04
1.042449173331e-03
2.192261580431e-03
5.095517867774e-03
1.246530345354e-02
2.448985426884e-02
3.054312830459e-02
3.172861347379e-02
3.139506300153e-02
3.246230713546e-02
3.053075137944e-02
2.306348461948e-02
1.092977016585e-02
4.428074503864e-03
1.916478059757e-03
1.012897489874e-03
7.200096231297e-04
4.326454485494e-04
5.442857813872e-05
9.617606143948e-05
1.300493437720e-04
1.869486181033e-04
2.754307523863e-04
4.049812504494e-04
6.036852453982e-04
1.040312304096e-03
2.189971079835e-03
5.108753098097e-03
1.256016843244e-02
2.478360862456e-02
3.093897090532e-02
3.200780663798e-02
3.144622829996e-02
3.238859216187e-02
3.039080448425e-02
2.292995011338e-02
1.089822849602e-02
4.430634880951e-03
1.924814617931e-03
1.015838340983e-03
7.213865104866e-04
4.330875517951e-04
5.389360844917e-05
9.488056762130e-05
1.277859563525e-04
1.828548179729e-04
2.685095270808e-04
3.944404164245e-04
5.869053564082e-04
9.941707298619e-04
2.063021038600e-03
4.858634093518e-03
1.205350606290e-02
2.423129861962e-02
3.093324233632e-02
3.249011850081e-02
3.194645072450e-02
3.238792193316e-02
2.990922742436e-02
2.218132303180e-02
1.041226535860e-02
4.203716694074e-03
1.822555961779e-03
9.813111821962e-04
6.985438968601e-04
4.232809325808e-04
5.327062445511e-05
9.315300508075e-05
1.244149973056e-04
1.763282271955e-04
2.569117697530e-04
3.759656935083e-04
5.559139672401e-04
9.120922717317e-04
1.817314848115e-03
4.193900409188e-03
1.001684490834e-02
2.002046391420e-02
2.648462290939e-02
2.839151094282e-02
2.811792247188e-02
2.803235969278e-02
2.542127133660e-02
1.851991207191e-02
8.886735346615e-03
3.694891185885e-03
1.633865879812e-03
9.122275447800e-04
6.575439000396e-04
4.049183774671e-04
5.343544811878e-05
9.261111373468e-05
1.222418242802e-04
1.708036354977e-04
2.454250681412e-04
3.552845455641e-04
5.174552212121e-04
8.070389941272e-04
1.484357429947e-03
3.086742639592e-03
6.495549181181e-03
1.200286303977e-02
1.616016464439e-02
1.777220318902e-02
1.784374110205e-02
1.757766858659e-02
1.587229764944e-02
1.174002814654e-02
6.197528854398e-03
2.877258433200e-03
1.386369767547e-03
8.215355022534e-04
6.103715618173e-04
3.825856632512e-04
5.596168153724e-05
9.630494868274e-05
1.262891119275e-04
1.744668050758e-04
2.467451060922e-04
3.505912064364e-04
4.961443073186e-04
7.194417303976e-04
1.152327738677e-03
2.044810214652e-03
3.613768458231e-03
5.711143563088e-03
7.322232673263e-03
8.098639352450e-03
8.255036243503e-03
8.051090396185e-03
7.311051855465e-03
5.758329327613e-03
3.583314443875e-03
1.985081901134e-03
1.128945983484e-03
7.523416067431e-04
5.862083239578e-04
3.734711845806e-04
6.276117658751e-05
1.082448012638e-04
1.429033763599e-04
1.975751454589e-04
2.771443489737e-04
3.873341245313e-04
5.304518030528e-04
7.079915168652e-04
9.333719241399e-04
1.251276865004e-03
1.710124290619e-03
2.244230733104e-03
2.713901263195e-03
3.011114725014e-03
3.104702837824e-03
3.006223371292e-03
2.724494678265e-03
2.274351163715e-03
1.734677469859e-03
1.275672139139e-03
9.722953641827e-04
7.698757108078e-04
6.282010641727e-04
3.873695520093e-04
3.200820983586e-05
7.519770716060e-05
1.106614225805e-04
1.555721708015e-04
2.208525736111e-04
3.086643315953e-04
4.125991043606e-04
5.165978335685e-04
6.114802770885e-04
7.291153253896e-04
9.636528468906e-04
1.313375137020e-03
1.646712980730e-03
1.803334297135e-03
1.866346408735e-03
1.811408480651e-03
1.551994751811e-03
1.181956396083e-03
8.655002950249e-04
7.001783132434e-04
6.227124653385e-04
5.474425050501e-04
4.215384159735e-04
1.902173139151e-04
2.735663055753e-05
6.562160683285e-05
9.707961025132e-05
1.386889777652e-04
2.027722391003e-04
2.953966125604e-04
4.191706149287e-04
5.874782598535e-04
9.022740884604e-04
1.535859683231e-03
2.563492645994e-03
3.723431300362e-03
3.793525903200e-03
3.642531131163e-03
3.649582145441e-03
3.763427923241e-03
3.787731897357e-03
3.205460900815e-03
2.177547250683e-03
1.306415456850e-03
8.043325210447e-04
5.692319661139e-04
4.125263494306e-04
2.021414619928e-04
2.742596475177e-05
6.481484558568e-05
9.731288804255e-05
1.430244567405e-04
2.166497585079e-04
3.267724342460e-04
4.788723933446e-04
7.140992927558e-04
1.235832156745e-03
2.390620731283e-03
5.197926965451e-03
1.184952491749e-02
1.550670567262e-02
1.596948308078e-02
1.611458478647e-02
1.661198440721e-02
1.434044428853e-02
8.892057588481e-03
3.863310261565e-03
2.008561218194e-03
1.053905185111e-03
6.607161517785e-04
4.687933137669e-04
2.409766758468e-04
2.786806251365e-05
6.612043781979e-05
1.006434997275e-04
1.507214679168e-04
2.323246987982e-04
3.538052259953e-04
5.181386449287e-04
7.960374083393e-04
1.494536422295e-03
2.943602180097e-03
7.835822124874e-03
2.290918629746e-02
3.023090047217e-02
3.112337574449e-02
3.025573916539e-02
3.267494404832e-02
3.040835174340e-02
1.986689903726e-02
6.033640828458e-03
2.620025366905e-03
1.245137415709e-03
7.143975187133e-04
5.089934064904e-04
2.612168209660e-04
2.826028809349e-05
6.742261645648e-05
1.036959018792e-04
1.570000556015e-04
2.438803677313e-04
3.711730614915e-04
5.370432932666e-04
8.364970470325e-04
1.650928208695e-03
3.181677234840e-03
8.944206181969e-03
2.777637058937e-02
3.412917686511e-02
3.455774616117e-02
3.306564701982e-02
3.623542911527e-02
3.451270787099e-02
2.546285708410e-02
7.013332031176e-03
2.983113816082e-03
1.359645498528e-03
7.260295336919e-04
5.255877710895e-04
2.708876629968e-04
2.846231605661e-05
6.811236040306e-05
1.053065114645e-04
1.602537130922e-04
2.496961183343e-04
3.792980071357e-04
5.434208557135e-04
8.510508349150e-04
1.728770055967e-03
3.201625452300e-03
8.988479809541e-03
2.719862765786e-02
3.207698569166e-02
3.161127759769e-02
2.983414096996e-02
3.312283915327e-02
3.234636259482e-02
2.527716904161e-02
7.169758961059e-03
3.031765703115e-03
1.422364186351e-03
7.196040434480e-04
5.284602373913e-04
2.746491020821e-04
2.844874217393e-05
6.805915017795e-05
1.052232155728e-04
1.601351002446e-04
2.495707879591e-04
3.793601651662e-04
5.439119591949e-04
8.504716181091e-04
1.730826885832e-03
3.227257186968e-03
9.094860542189e-03
2.778108367026e-02
3.287662704292e-02
3.212045100600e-02
2.985773306600e-02
3.321127232460e-02
3.219445641217e-02
2.487475900631e-02
7.106019783171e-03
3.009599644332e-03
1.426573195032e-03
7.194105212627e-04
5.281693653544e-04
2.747057716065e-04
2.821773487504e-05
6.726155431859e-05
1.034446683786e-04
1.566405126199e-04
2.434765288711e-04
3.711944792089e-04
5.380796691733e-04
8.344909385041e-04
1.648970770341e-03
3.254889420300e-03
9.064647293449e-03
2.856493823662e-02
3.514881582827e-02
3.537663047309e-02
3.311201951732e-02
3.552923481108e-02
3.375762705506e-02
2.520088236543e-02
7.043819203809e-03
2.956522198500e-03
1.371565594451e-03
7.264959753432e-04
5.255009055361e-04
2.711573721637e-04
2.778989896423e-05
6.584675835306e-05
1.002187379776e-04
1.501117008186e-04
2.315803428516e-04
3.534241400960e-04
5.187819511216e-04
7.928861747038e-04
1.471914108492e-03
2.986657000883e-03
7.602428500718e-03
2.295528929035e-02
3.098134107475e-02
3.190361842085e-02
3.028035796704e-02
3.146214831018e-02
2.921610227245e-02
2.066832447312e-02
6.340573361552e-03
2.662059428028e-03
1.265105190542e-03
7.176850478574e-04
5.104420846085e-04
2.619559623132e-04
2.729817505199e-05
6.442091776056e-05
9.670081326457e-05
1.421429716297e-04
2.155032574257e-04
3.257872613584e-04
4.785127453256e-04
7.093010526866e-04
1.206706170779e-03
2.267204247015e-03
4.486377861780e-03
1.044383954541e-02
1.516446765728e-02
1.653575125539e-02
1.607057865402e-02
1.627574927353e-02
1.521085513706e-02
1.088476219998e-02
4.439274101097e-03
2.113478172773e-03
1.081921541530e-03
6.670128972651e-04
4.722247962432e-04
2.423476857281e-04
2.715561931783e-05
6.509720854456e-05
9.625094089957e-05
1.374661291229e-04
2.011249467769e-04
2.937032644133e-04
4.181687279602e-04
5.853540807652e-04
8.730933385058e-04
1.448913710424e-03
2.367076574370e-03
3.446029325934e-03
3.839397036616e-03
3.745277715997e-03
3.648784240863e-03
3.747210747255e-03
3.884573799507e-03
3.635174376970e-03
2.365791159061e-03
1.402909312336e-03
8.293742667597e-04
5.753194271060e-04
4.176585909496e-04
2.042941087675e-04
3.173064528963e-05
7.454056163354e-05
1.096066819815e-04
1.539486729175e-04
2.185408767087e-04
3.060802462013e-04
4.112723937708e-04
5.175408585657e-04
6.092492281127e-04
7.093882928357e-04
9.153542442607e-04
1.253668064105e-03
1.623091658290e-03
1.833165847446e-03
1.866955940217e-03
1.808100233906e-03
1.625077954085e-03
1.262835740538e-03
9.292745136764e-04
7.245011095010e-04
6.308711107187e-04
5.534809978754e-04
4.290916400364e-04
1.945067178321e-04
8.888638213249e-06
3.719850734291e-05
7.147910428232e-05
1.143368996325e-04
1.706002131383e-04
2.434257815747e-04
3.288385760025e-04
4.089873782864e-04
4.528748471332e-04
4.573243651689e-04
6.108655085576e-04
9.350558673480e-04
1.299423138955e-03
1.554674207111e-03
1.624999456288e-03
1.501849231869e-03
1.191978645285e-03
8.230142165486e-04
5.325325956495e-04
4.615716111600e-04
4.320296808590e-04
3.469882384083e-04
2.114155780709e-04
4.958667686867e-05
7.394507893363e-06
3.254537273454e-05
6.496125825630e-05
1.091334247130e-04
1.734426404891e-04
2.699721001666e-04
4.089507871611e-04
5.843968461600e-04
7.630360671554e-04
8.766278401738e-04
9.888202906228e-04
2.110953564720e-03
2.852376480913e-03
2.979039394762e-03
3.104373760254e-03
3.160984529997e-03
2.626746709277e-03
1.577099391649e-03
1.038769729146e-03
8.811566163933e-04
7.214732680182e-04
5.072197731546e-04
2.917179844295e-04
9.646455872975e-05
8.972458568922e-06
3.409157573762e-05
6.797521250271e-05
1.175454981701e-04
1.951062504514e-04
3.178512800316e-04
4.989209350294e-04
7.320334853608e-04
9.949733534765e-04
1.343061323373e-03
1.104707111251e-03
6.742443598920e-03
9.112339145488e-03
8.454300920418e-03
9.110656032650e-03
9.362213001983e-03
6.376169589683e-03
1.959644459574e-03
1.201506476546e-03
1.227444822866e-03
9.191864040835e-04
6.402858688746e-04
3.825731023673e-04
1.501977652103e-04
1.010429966872e-05
3.590660682063e-05
7.194121609378e-05
1.262172413383e-04
2.133029820929e-04
3.518098762298e-04
5.513108233716e-04
7.915014327815e-04
1.113087424030e-03
1.793883819821e-03
1.463346269673e-03
2.161078277742e-02
3.119136599679e-02
3.100325239279e-02
2.921827256397e-02
3.351736114700e-02
3.107632398565e-02
1.586535664618e-02
2.643255170109e-03
1.556804036868e-03
1.006316206841e-03
6.838114697523e-04
4.180973781555e-04
1.705641247676e-04
1.037771847988e-05
3.658508854713e-05
7.442823952709e-05
1.318509928272e-04
2.243871505532e-04
3.701033970132e-04
5.711627398717e-04
7.894126910688e-04
1.138745171975e-03
2.122502483823e-03
1.652856512021e-03
2.853495817869e-02
3.608926570514e-02
3.499703573353e-02
3.264246584028e-02
3.763747869366e-02
3.589365853177e-02
2.432494945330e-02
3.636256992057e-03
1.835145137506e-03
9.975124205593e-04
6.536178991764e-04
4.034664067777e-04
1.698342019314e-04
1.033221583607e-05
3.653582795722e-05
7.534837709958e-05
1.342715446344e-04
2.291022628790e-04
3.771769213325e-04
5.749921078430e-04
7.727311366376e-04
1.140711654335e-03
2.239501735293e-03
1.655042095085e-03
2.698029012930e-02
3.130452536258e-02
2.831153984641e-02
2.635519732026e-02
3.039568468848e-02
3.075954197058e-02
2.370173005131e-02
3.305386798846e-03
1.979070360359e-03
9.716959141292e-04
6.079551171261e-04
3.749835379248e-04
1.637684801222e-04
1.034879752235e-05
3.654391608301e-05
7.532527233530e-05
1.342018468891e-04
2.289918273720e-04
3.771815079176e-04
5.757699144870e-04
7.743319670323e-04
1.142722721251e-03
2.243902476489e-03
1.702157196838e-03
2.754364116477e-02
3.226643333017e-02
2.893240024894e-02
2.624886901775e-02
3.107245864151e-02
3.084315731092e-02
2.291170515991e-02
3.154568759317e-03
1.981362719319e-03
9.709004128187e-04
6.057979809385e-04
3.732550560267e-04
1.634028964445e-04
1.041836744440e-05
3.659320055014e-05
7.434418189979e-05
1.316255718793e-04
2.240067184447e-04
3.699305065361e-04
5.727688049223e-04
7.938713179110e-04
1.135156639758e-03
2.141444108794e-03
1.776305058487e-03
2.954485971473e-02
3.709301427538e-02
3.570309802544e-02
3.278133598428e-02
3.632556661566e-02
3.470438606461e-02
2.414304755258e-02
3.476818389972e-03
1.851052186178e-03
1.000856938538e-03
6.489004498670e-04
4.005005164639e-04
1.692000175805e-04
1.014543234600e-05
3.587490516265e-05
7.175898541014e-05
1.257971352703e-04
2.125676080062e-04
3.510142795343e-04
5.521524310999e-04
7.951233619768e-04
1.111942223694e-03
1.741183079244e-03
1.931473812822e-03
2.112337685819e-02
3.174565314681e-02
3.177079729974e-02
2.946218126462e-02
3.128856441967e-02
2.904680265619e-02
1.851270244228e-02
2.774384388178e-03
1.602332151526e-03
1.015509271881e-03
6.820306522247e-04
4.172792604050e-04
1.704867338550e-04
8.978832474682e-06
3.397148998346e-05
6.764160295050e-05
1.168818500646e-04
1.939653074528e-04
3.162414402172e-04
4.980020229883e-04
7.320157174769e-04
9.945076951357e-04
1.253723064274e-03
1.298171735645e-03
3.323094977674e-03
7.713081619266e-03
9.507438326139e-03
8.923824033511e-03
9.170736082710e-03
9.178718367773e-03
5.917508990039e-03
1.214280541718e-03
1.282733867428e-03
9.331854681044e-04
6.443839100622e-04
3.848309855186e-04
1.508561443887e-04
7.327409664083e-06
3.229873400940e-05
6.441231239487e-05
1.081343604493e-04
1.718299286061e-04
2.677905883643e-04
4.068733615572e-04
5.853058235303e-04
7.692421419603e-04
9.190829810525e-04
1.050568604284e-03
1.798255557274e-03
2.827027359091e-03
3.134572344665e-03
3.072591299081e-03
3.037806941561e-03
2.798754669595e-03
1.906414994322e-03
9.310590632650e-04
8.820974683069e-04
7.262372290092e-04
5.130213527291e-04
2.952783922229e-04
9.730668331724e-05
8.791929396071e-06
3.683382349479e-05
7.069180818198e-05
1.129043279325e-04
1.683030294118e-04
2.404639014188e-04
3.267161497927e-04
4.112652250613e-04
4.645636024502e-04
4.732716637224e-04
5.744123240433e-04
8.920243771075e-04
1.260430664548e-03
1.546556893116e-03
1.635157681574e-03
1.537195065176e-03
1.256936984413e-03
8.795870121136e-04
5.680230075971e-04
4.459771148285e-04
4.282737025058e-04
3.496282098613e-04
2.151043398253e-04
5.107295330125e-05
SCALARS von_mises float 1
LOOKUP_TABLE default
8.614002508913e-02
9.988189638707e-02
1.363596858021e-01
1.914858734848e-01
2.704026292733e-01
3.804542795929e-01
5.333893866848e-01
7.552900232858e-01
1.100774383140e+00
1.656861188043e+00
2.500866917814e+00
3.565763468766e+00
4.541140610679e+00
5.144687347927e+00
5.307027795368e+00
5.005605455076e+00
4.233447517333e+00
3.179748615569e+00
2.193470023642e+00
1.479084992507e+00
1.027262416748e+00
7.472937764944e-01
5.723971537732e-01
5.361721162878e-01
7.502945690034e-02
8.670742827754e-02
1.163507525546e-01
1.604831128816e-01
2.233460448225e-01
3.125153613113e-01
4.476348213700e-01
6.910626677085e-01
1.189279325149e+00
2.171048157514e+00
3.861515885614e+00
6.150243848693e+00
8.180601494073e+00
9.304686784886e+00
9.606026677720e+00
9.146413460829e+00
7.683546113380e+00
5.431555170421e+00
3.284068917379e+00
1.848248299294e+00
1.063152694442e+00
6.816488144589e-01
5.006523106842e-01
4.555659176997e-01
7.082799151017e-02
8.214828503763e-02
1.109207136843e-01
1.537947741448e-01
2.154880013600e-01
3.058903781722e-01
4.577110397005e-01
7.855437366782e-01
1.577251017760e+00
3.290899789452e+00
6.384788365642e+00
1.068037746261e+01
1.428353754559e+01
1.599361613396e+01
1.642355530504e+01
1.593256301831e+01
1.365229299027e+01
9.553034450590e+00
5.444104012695e+00
2.759061319393e+00
1.366484219570e+00
7.568785874051e-01
5.118340619724e-01
4.535947711547e-01
7.000174016758e-02
8.194183423084e-02
1.116300455590e-01
1.563558459484e-01
2.212649668285e-01
3.181990909267e-01
4.939492564157e-01
9.189567869386e-01
2.052689667571e+00
4.649514549113e+00
9.421485813711e+00
1.604911432562e+01
2.131267892464e+01
2.341663162120e+01
2.385816832639e+01
2.359314167520e+01
2.080730588643e+01
1.477422541988e+01
8.255081038094e+00
3.952529993510e+00
1.765954958805e+00
8.742769227265e-01
5.544362052903e-01
4.776231394271e-01
7.062206273806e-02
8.329816098714e-02
1.142654906119e-01
1.612965344708e-01
2.297942324832e-01
3.329751722493e-01
5.296549645961e-01
1.038487804866e+00
2.448680619785e+00
5.706035541950e+00
1.160107569313e+01
1.955741906170e+01
2.546869368994e+01
2.740546322290e+01
2.767857313084e+01
2.777124699693e+01
2.519467662188e+01
1.841169051743e+01
1.043435034311e+01
4.961351832886e+00
2.126336981341e+00
9.860045637753e-01
5.988074234723e-01
5.040549323536e-01
7.123289620691e-02
8.438045630511e-02
1.161612016285e-01
1.646264841705e-01
2.352912036620e-01
3.420769382296e-01
5.504837819032e-01
1.107161750002e+00
2.658410197175e+00
6.200739802441e+00
1.246580013374e+01
2.065006893379e+01
2.635897069998e+01
2.786143169623e+01
2.791189846681e+01
2.822200892694e+01
2.610575825795e+01
1.955864139919e+01
1.133389051425e+01
5.464819191015e+00
2.335675066332e+00
1.056916633258e+00
6.266536430660e-01
5.201848664120e-01
7.116930088785e-02
8.430372845324e-02
1.160646545679e-01
1.645160823974e-01
2.351744703955e-01
3.418093076897e-01
5.491689894617e-01
1.102428744524e+00
2.650660137222e+00
6.204199359015e+00
1.251751341784e+01
2.079430875269e+01
2.657026562047e+01
2.802242054034e+01
2.794984720302e+01
2.816728987075e+01
2.602117355337e+01
1.950930363292e+01
1.133313488403e+01
5.481214064109e+00
2.348851495077e+00
1.062881968088e+00
6.286117415867e-01
5.210203247486e-01
7.043193028975e-02
8.307016612144e-02
1.139768860141e-01
1.609622093736e-01
2.294268291290e-01
3.322039347910e-01
5.260685311207e-01
1.024509319399e+00
2.417267151946e+00
5.674474808038e+00
1.163912894913e+01
1.977169463714e+01
2.585496618205e+01
2.773651849908e+01
2.773251196410e+01
2.758660090352e+01
2.501390893317e+01
1.839702864431e+01
1.050928304694e+01
5.036923816963e+00
2.168367224725e+00
1.002138516172e+00
6.043213630141e-01
5.065087142568e-01
6.968742092574e-02
8.156810289593e-02
1.111517737038e-01
1.557841186764e-01
2.206132227225e-01
3.169496171880e-01
4.889749214357e-01
8.981346758568e-01
1.989789729976e+00
4.527760393808e+00
9.278740716791e+00
1.601622104311e+01
2.152173850928e+01
2.368911476583e+01
2.389054304051e+01
2.341481103286e+01
2.077839199873e+01
1.502069116689e+01
8.507791698592e+00
4.110537125450e+00
1.833854064975e+00
8.964811312270e-01
5.625469146197e-01
4.816207272859e-01
7.039602518584e-02
8.163603618908e-02
1.102519798391e-01
1.529614184095e-01
2.144867656211e-01
3.041947960865e-01
4.521468369935e-01
7.631221660707e-01
1.504067930748e+00
3.123894523785e+00
6.113468393366e+00
1.041619291863e+01
1.425116215978e+01
1.612155651278e+01
1.646766605005e+01
1.593656640923e+01
1.388906938151e+01
1.000119186562e+01
5.785718070584e+00
2.941211773975e+00
1.439594205529e+00
7.811945647017e-01
5.214018750653e-01
4.592368688962e-01
7.449849828258e-02
8.606837161413e-02
1.154932330471e-01
1.593609236770e-01
2.219074828956e-01
3.103283437087e-01
4.420581612320e-01
6.719564412424e-01
1.133523903947e+00
2.045670225377e+00
3.645474221187e+00
5.908900327025e+00
8.067800858340e+00
9.325579819431e+00
9.653110461380e+00
9.244370759031e+00
7.944125055376e+00
5.783602724441e+00
3.537522522810e+00
1.982111817592e+00
1.121871458686e+00
7.048070427309e-01
5.113613434068e-01
4.631668272733e-01
8.556189219171e-02
9.913814853650e-02
1.353337941032e-01
1.900834681279e-01
2.685073265928e-01
3.776234675987e-01
5.276093446513e-01
7.402035282211e-01
1.062900578556e+00
1.576993349738e+00
2.365919832032e+00
3.406656762647e+00
4.439967212860e+00
5.128205724862e+00
5.346916380001e+00
5.112248145659e+00
4.428921077115e+00
3.401996889646e+00
2.354616393223e+00
1.570714824719e+00
1.073267885250e+00
7.700791858269e-01
5.853411041451e-01
5.460180716242e-01
5.353085823672e-02
8.872519370330e-02
1.187554553683e-01
1.649350592481e-01
2.315273838247e-01
3.230608978621e-01
4.417598385942e-01
5.903517037201e-01
7.817402083340e-01
1.053060344993e+00
1.459967406976e+00
1.987692880989e+00
2.469238391352e+00
2.758455205706e+00
2.846216208548e+00
2.713482258317e+00
2.327271215317e+00
1.792801221655e+00
1.313412387309e+00
9.799133917950e-01
7.667933781023e-01
6.130847604682e-01
4.983172527114e-01
3.282312791250e-01
4.678082872249e-02
7.815022135131e-02
1.039814676282e-01
1.439947054258e-01
2.033867906387e-01
2.887972385100e-01
4.114025586642e-01
6.114576396418e-01
1.010697004455e+00
1.790264445642e+00
3.121954597336e+00
4.884850346230e+00
6.126792380086e+00
6.662776215781e+00
6.815896114385e+00
6.655212030770e+00
5.817952583111e+00
4.261064895441e+00
2.631605088826e+00
1.522600065425e+00
9.004085386058e-01
6.036697451299e-01
4.621420869287e-01
3.063203870544e-01
4.413891144484e-02
7.510352143930e-02
1.008453687019e-01
1.413678644904e-01
2.032431474357e-01
2.956719441279e-01
4.410662898503e-01
7.254155838453e-01
1.389607822204e+00
2.772964206052e+00
5.484737280315e+00
1.010781155975e+01
1.350774144938e+01
1.456736349804e+01
1.477973421653e+01
1.475731065298e+01
1.275400027302e+01
8.551714962976e+00
4.512302490238e+00
2.323900433941e+00
1.191470282056e+00
6.864008313585e-01
4.873947699942e-01
3.119394685971e-01
4.391637117360e-02
7.556656579915e-02
1.028081252597e-01
1.463737022779e-01
2.138811493586e-01
3.163028504734e-01
4.868319170319e-01
8.638716016839e-01
1.797806273822e+00
3.797278977541e+00
8.176026436370e+00
1.734550810554e+01
2.466224686392e+01
2.660567984890e+01
2.667366579625e+01
2.726379350211e+01
2.390971780749e+01
1.523575253150e+01
6.935386671615e+00
3.277325976360e+00
1.528644269242e+00
7.982095441699e-01
5.334298734779e-01
3.334987930913e-01
4.445367984972e-02
7.699019196479e-02
1.057681685880e-01
1.522853538543e-01
2.247727465715e-01
3.353707558249e-01
5.263573040302e-01
9.811685258835e-01
2.123750258909e+00
4.484296697588e+00
9.718364649711e+00
2.149378478013e+01
3.077402200159e+01
3.273934474824e+01
3.242682265737e+01
3.372014540005e+01
3.040930901806e+01
1.956829325962e+01
8.488702768699e+00
3.992808374406e+00
1.822464459265e+00
8.968099528184e-01
5.750444293774e-01
3.533321305729e-01
4.490437455719e-02
7.799728253557e-02
1.076781853520e-01
1.559178097155e-01
2.312453007489e-01
3.463835602477e-01
5.485663128618e-01
1.046886697297e+00
2.294883922532e+00
4.758968330281e+00
1.007684736854e+01
2.200058233824e+01
3.084947964263e+01
3.202218283789e+01
3.130939151491e+01
3.298240755780e+01
3.055157689241e+01
2.023531036686e+01
8.913395055343e+00
4.294563434372e+00
1.992946960323e+00
9.554812045289e-01
5.999282021520e-01
3.650001305789e-01
4.486786912796e-02
7.792542221719e-02
1.075839753568e-01
1.557951014550e-01
2.310923562836e-01
3.461536808278e-01
5.476041700384e-01
1.043527850974e+00
2.293117722136e+00
4.780916755229e+00
1.017485597592e+01
2.230673751920e+01
3.131638236686e+01
3.234721925999e+01
3.136466234740e+01
3.289841489759e+01
3.037169412443e+01
2.008049114342e+01
8.873603272199e+00
4.291134547661e+00
2.002264917500e+00
9.597657728515e-01
6.013804647802e-01
3.654301584663e-01
4.434415067248e-02
7.677699397703e-02
1.054881730633e-01
1.519189973837e-01
2.243144577733e-01
3.346582782276e-01
5.237470958074e-01
9.707619154719e-01
2.108824017745e+00
4.509209324937e+00
9.820258898205e+00
2.186777110918e+01
3.149475335550e+01
3.337792979301e+01
3.248920879090e+01
3.329253508301e+01
3.003116776402e+01
1.951101245919e+01
8.504531134502e+00
4.019124887973e+00
1.851565100959e+00
9.089386285154e-01
5.791257892482e-01
3.546385656975e-01
4.373325478832e-02
7.521783376945e-02
1.023477348140e-01
1.457667362300e-01
2.131065541057e-01
3.151474462850e-01
4.829678887777e-01
8.487908942870e-01
1.755244701559e+00
3.743302963689e+00
8.022734222833e+00
1.712938624308e+01
2.489919533397e+01
2.711665018488e+01
2.667576938717e+01
2.677246795579e+01
2.386987801074e+01
1.576319344385e+01
7.168427213212e+00
3.382485990930e+00
1.575532914451e+00
8.154311612220e-01
5.395403081388e-01
3.356837806358e-01
4.388063888792e-02
7.462575441051e-02
1.002063583284e-01
1.405118218798e-01
2.021309268444e-01
2.940893474499e-01
4.368020061349e-01
7.098908221467e-01
1.333074611290e+00
2.627535201526e+00
5.117890271267e+00
9.536534354533e+00
1.336877969227e+01
1.481371906095e+01
1.479132127140e+01
1.465538142753e+01
1.318977216605e+01
9.377745104182e+00
4.904488764040e+00
2.476965075733e+00
1.244375232821e+00
7.043641733576e-01
4.948854201537e-01
3.150501170598e-01
4.645316104460e-02
7.755292985010e-02
1.031615777719e-01
1.428635280915e-01
2.018832952681e-01
2.867656397819e-01
4.077746820551e-01
5.990557492793e-01
9.672336027936e-01
1.684033393559e+00
2.909237749052e+00
4.635886805489e+00
6.066148365010e+00
6.731723227557e+00
6.838264880462e+00
6.674246615177e+00
6.020659794480e+00
4.635643153185e+00
2.865570433667e+00
1.632786974014e+00
9.449883805519e-01
6.191222974805e-01
4.705745225396e-01
3.106274235039e-01
5.312727706427e-02
8.800476407886e-02
1.177426159350e-01
1.634801148339e-01
2.294960938563e-01
3.203635419477e-01
4.379672309213e-01
5.829472668375e-01
7.633336416143e-01
1.011809423155e+00
1.388065747977e+00
1.901492652497e+00
2.428779974108e+00
2.766299872718e+00
2.861150190312e+00
2.751149608667e+00
2.425920369001e+00
1.917207737385e+00
1.402968975259e+00
1.031008983161e+00
7.926863490723e-01
6.279496287262e-01
5.090134635753e-01
3.347195374965e-01
2.661840660083e-02
6.350898149729e-02
9.786836964854e-02
1.405577890021e-01
2.003437812583e-01
2.790986412547e-01
3.719588956616e-01
4.653253117111e-01
5.452817380022e-01
6.271928631944e-01
8.277754058940e-01
1.216688444850e+00
1.626989663981e+00
1.853596515959e+00
1.930280318336e+00
1.838442791111e+00
1.507255559282e+00
1.065083085260e+00
7.340731587030e-01
5.989092508426e-01
5.376102841763e-01
4.655598942190e-01
3.480663740655e-01
1.582381680991e-01
2.245982009292e-02
5.482345277724e-02
8.504503914648e-02
1.239483443756e-01
1.814175235891e-01
2.630344894172e-01
3.729371077557e-01
5.244879596608e-01
7.914651933185e-01
1.279015875368e+00
2.063631912382e+00
3.178890521829e+00
3.624907547413e+00
3.645761105798e+00
3.687727599546e+00
3.782122542263e+00
3.529707250651e+00
2.694189157568e+00
1.772740291051e+00
1.098836480438e+00
6.942461774423e-01
4.836097731881e-01
3.373578647320e-01
1.643251983732e-01
2.221322767903e-02
5.414751063676e-02
8.536683918212e-02
1.279269852543e-01
1.942636378473e-01
2.935889105335e-01
4.368478872599e-01
6.675073680280e-01
1.146231374201e+00
2.110557399109e+00
4.126665574608e+00
9.519460468687e+00
1.280218486574e+01
1.305070862769e+01
1.317611014690e+01
1.370663962266e+01
1.166866603412e+01
6.970523150182e+00
3.152311868922e+00
1.776854144780e+00
9.639970941840e-01
5.858402505458e-01
3.894379032379e-01
1.952595946210e-01
2.270063174436e-02
5.556913474473e-02
8.907092678009e-02
1.363919753356e-01
2.117445761806e-01
3.264154350666e-01
4.956913517129e-01
7.995627034651e-01
1.479803934439e+00
2.875058935717e+00
6.473796426008e+00
1.980336961990e+01
2.890712328306e+01
2.947388469940e+01
2.857993361942e+01
3.117880128096e+01
2.820116583282e+01
1.644251342713e+01
5.209496065137e+00
2.515637246077e+00
1.224011581670e+00
6.794661014487e-01
4.346804262143e-01
2.170242683804e-01
2.329144966259e-02
5.704317826715e-02
9.270284566477e-02
1.440394381066e-01
2.264230614882e-01
3.522082317623e-01
5.397016655172e-01
8.994385196553e-01
1.728884646548e+00
3.357100917687e+00
7.567867142827e+00
2.470018031037e+01
3.548931232766e+01
3.548037498757e+01
3.363312910525e+01
3.743433406328e+01
3.541078053377e+01
2.201506848518e+01
6.348755191747e+00
3.071824119174e+00
1.429182185483e+00
7.463219042980e-01
4.629328203476e-01
2.333033814983e-01
2.365829112772e-02
5.788239189760e-02
9.477871314514e-02
1.483640938461e-01
2.345878008257e-01
3.662582721772e-01
5.631668378090e-01
9.520717507797e-01
1.863076380669e+00
3.495269194897e+00
7.561169561077e+00
2.393955752630e+01
3.275068757258e+01
3.133247680680e+01
2.921478848367e+01
3.311067538753e+01
3.271015124881e+01
2.170607867318e+01
6.451190373175e+00
3.247281369110e+00
1.553588236349e+00
7.800443035084e-01
4.758837411467e-01
2.427119753026e-01
2.364404866033e-02
5.783385596562e-02
9.469544737228e-02
1.482331860718e-01
2.343981865913e-01
3.660591926938e-01
5.628027137650e-01
9.503906265832e-01
1.863620964044e+00
3.521327727350e+00
7.672943376331e+00
2.447598376731e+01
3.362175892282e+01
3.183882626645e+01
2.921502360230e+01
3.327875171624e+01
3.252152607771e+01
2.129588997406e+01
6.381974340063e+00
3.232325589642e+00
1.560915878980e+00
7.819858545205e-01
4.763124760291e-01
2.430043255197e-01
2.324847237193e-02
5.689761900108e-02
9.245535143062e-02
1.436521393339e-01
2.258640022893e-01
3.515456081610e-01
5.385758216512e-01
8.939355452759e-01
1.719844921706e+00
3.414866137208e+00
7.726154786785e+00
2.542785786683e+01
3.660965457558e+01
3.635416422623e+01
3.369764140951e+01
3.666053318465e+01
3.460429052916e+01
2.176998037497e+01
6.331353123952e+00
3.069419721059e+00
1.449404114153e+00
7.523717522285e-01
4.644443571737e-01
2.340859807262e-01
2.262632432950e-02
5.532550423231e-02
8.866202812982e-02
1.357625435333e-01
2.108297069646e-01
3.252583122034e-01
4.936056622903e-01
7.915739502266e-01
1.449212632888e+00
2.864082802198e+00
6.313067158637e+00
1.942547206235e+01
2.924525436900e+01
3.034075878535e+01
2.859864136818e+01
2.991181973888e+01
2.773449236574e+01
1.749013120235e+01
5.461843892448e+00
2.592477448541e+00
1.252004605630e+00
6.891479121063e-01
4.375252538833e-01
2.181424170035e-01
2.209768320414e-02
5.380182463727e-02
8.479182333484e-02
1.270551389673e-01
1.930075451946e-01
2.919870562595e-01
4.342643464946e-01
6.588194975406e-01
1.111715464453e+00
1.991622717123e+00
3.608539048094e+00
8.242666805641e+00
1.244512910646e+01
1.361137816006e+01
1.311408905673e+01
1.336901457354e+01
1.255984532743e+01
8.677434885222e+00
3.596317977113e+00
1.887041197718e+00
9.963002986683e-01
5.960398783153e-01
3.934219219976e-01
1.966547928633e-01
2.228384800521e-02
5.436728800133e-02
8.428136435721e-02
1.227800025110e-01
1.797530604669e-01
2.609525087645e-01
3.705214735534e-01
5.192816907670e-01
7.640816881348e-01
1.216249347802e+00
1.923410215983e+00
2.935100500877e+00
3.646476505145e+00
3.764339671538e+00
3.680156997622e+00
3.724675883588e+00
3.639441430906e+00
3.052083670079e+00
1.904481003183e+00
1.175951957018e+00
7.198881273396e-01
4.913217594004e-01
3.421938723273e-01
1.662406274303e-01
2.638524616606e-02
6.294288237048e-02
9.691329426182e-02
1.390518662329e-01
1.981250121147e-01
2.763197146417e-01
3.694210622842e-01
4.635285568504e-01
5.413739951753e-01
6.123058389662e-01
7.819424450656e-01
1.147599889695e+00
1.592361152043e+00
1.873037108958e+00
1.933884525033e+00
1.849480029935e+00
1.589689079831e+00
1.152576924949e+00
7.892874938884e-01
6.190209597476e-01
5.471888207564e-01
4.725866059537e-01
3.547240752970e-01
1.618089800390e-01
8.849518741372e-03
3.616837063433e-02
7.365752131496e-02
1.201480752134e-01
1.793002582704e-01
2.536008233802e-01
3.374131040771e-01
4.101292636843e-01
4.385450803143e-01
4.136505857168e-01
4.918177116858e-01
7.674901307901e-01
1.109682979635e+00
1.337886885314e+00
1.406428052624e+00
1.300071007285e+00
1.009877586123e+00
6.634123804029e-01
4.325065922455e-01
4.124229474814e-01
4.032027276436e-01
3.236197490059e-01
1.900761288934e-01
4.655447221294e-02
7.435129326640e-03
3.115796110322e-02
6.549319158451e-02
1.110714067606e-01
1.741218654534e-01
2.639326751243e-01
3.857638768581e-01
5.274575254217e-01
6.536661257347e-01
7.205363539528e-01
8.228538463550e-01
1.661161575778e+00
2.228429760338e+00
2.365550057598e+00
2.456900297370e+00
2.483775398815e+00
2.082516305030e+00
1.299369497588e+00
8.496578829932e-01
7.229905040322e-01
6.093807910089e-01
4.357440787315e-01
2.468966669168e-01
8.099866996863e-02
8.596249771144e-03
3.230466397405e-02
6.781670811739e-02
1.182138899011e-01
1.937948194653e-01
3.093135249603e-01
4.733016644544e-01
6.690016678149e-01
8.553368568420e-01
1.091049182560e+00
1.006207875827e+00
5.739660375571e+00
7.809570802013e+00
7.363452201028e+00
7.993145876383e+00
8.114199420560e+00
5.479403679231e+00
1.743685374573e+00
1.012392159041e+00
9.994056545316e-01
7.858075965107e-01
5.612997022621e-01
3.286138001162e-01
1.271264777456e-01
9.734032218693e-03
3.432107913352e-02
7.259474761627e-02
1.288883253838e-01
2.166744948186e-01
3.539865373617e-01
5.490750541729e-01
7.676222638946e-01
9.957650949081e-01
1.471163842640e+00
1.251075364592e+00
1.851101600881e+01
2.825431027373e+01
2.792145025688e+01
2.656047918348e+01
3.019654855729e+01
2.756329528683e+01
1.331081458924e+01
2.098701742867e+00
1.287124631826e+00
9.044122211051e-01
6.372824556457e-01
3.765961627654e-01
1.529145708600e-01
1.045160022414e-02
3.570246278846e-02
7.668917369778e-02
1.379816944799e-01
2.351587144911e-01
3.881481988059e-01
6.026184952783e-01
8.253575985708e-01
1.067608847667e+00
1.762039816564e+00
1.423915528853e+00
2.449218914148e+01
3.433474928968e+01
3.316969528385e+01
3.109496542634e+01
3.544540018899e+01
3.393102626009e+01
2.068733754057e+01
2.903935224850e+00
1.550713297311e+00
9.561979577282e-01
6.667370588033e-01
3.913719694798e-01
1.668858082056e-01
1.082310053436e-02
3.627930086622e-02
7.886060854979e-02
1.429594185964e-01
2.451824646904e-01
4.064409866923e-01
6.300229996643e-01
8.518569483928e-01
1.096682227185e+00
1.863607913052e+00
1.473407037427e+00
2.322972635538e+01
2.994288719714e+01
2.717439542923e+01
2.565221359850e+01
2.898189397305e+01
2.927835857721e+01
2.017721997082e+01
2.617189566080e+00
1.669597044857e+00
9.687705195379e-01
6.717982121921e-01
3.901952863803e-01
1.739152586552e-01
1.082445893453e-02
3.626702305852e-02
7.879990303317e-02
1.428161258199e-01
2.449192980577e-01
4.061258721216e-01
6.302738162841e-01
8.533720267659e-01
1.100190469016e+00
1.867395092267e+00
1.488712876437e+00
2.366368293741e+01
3.083667706685e+01
2.770090641921e+01
2.553141614184e+01
2.965751104780e+01
2.938738916512e+01
1.952179807520e+01
2.504010864858e+00
1.669201282652e+00
9.676955397047e-01
6.716121680368e-01
3.898128704795e-01
1.741605624617e-01
1.045371500303e-02
3.565881113717e-02
7.650617173719e-02
1.375633968300e-01
2.343849394072e-01
3.871512875044e-01
6.027560998626e-01
8.289908521101e-01
1.069772106245e+00
1.774911859540e+00
1.509341621448e+00
2.538092971242e+01
3.530112683760e+01
3.379331365456e+01
3.123911662323e+01
3.442830960161e+01
3.290060695398e+01
2.047231878832e+01
2.780622214128e+00
1.563961026904e+00
9.590891489962e-01
6.663092349064e-01
3.912204931234e-01
1.675775535779e-01
9.728038825340e-03
3.422638210125e-02
7.228356534772e-02
1.282186851954e-01
2.154579635315e-01
3.522112522151e-01
5.482818327113e-01
7.695705759834e-01
1.000494817061e+00
1.436328643437e+00
1.568910826802e+00
1.779854714043e+01
2.848454631186e+01
2.867555322682e+01
2.677202310222e+01
2.824242395243e+01
2.639642141310e+01
1.569643984102e+01
2.225048756850e+00
1.330226148868e+00
9.135358621832e-01
6.388730588447e-01
3.780956519443e-01
1.539708274857e-01
8.560621866415e-03
3.212985590860e-02
6.735536169466e-02
1.173024302349e-01
1.922119353328e-01
3.069239607133e-01
4.713037174138e-01
6.684691485825e-01
8.599016195839e-01
1.023467822010e+00
1.069244315388e+00
2.835409123514e+00
6.651423440123e+00
8.248636449249e+00
7.832199145325e+00
7.954987373728e+00
7.884500173921e+00
5.029329170989e+00
1.007584764243e+00
1.041497720882e+00
7.971608755890e-01
5.663216389657e-01
3.318239664434e-01
1.283371169344e-01
7.349622633155e-03
3.087972307166e-02
6.484440625558e-02
1.098689253786e-01
1.721528552102e-01
2.612051561638e-01
3.830815309687e-01
5.283254100103e-01
6.609759283369e-01
7.571945217439e-01
8.726716957177e-01
1.462122383117e+00
2.222214735465e+00
2.466612515326e+00
2.437597754404e+00
2.395469360830e+00
2.182232223620e+00
1.507051028885e+00
7.786036476886e-01
7.211185663198e-01
6.121134231065e-01
4.412898181991e-01
2.505183356026e-01
8.204943658398e-02
8.750739453523e-03
3.579841121340e-02
7.281693513955e-02
1.185952737056e-01
1.767778760419e-01
2.502334927686e-01
3.346196011942e-01
4.114412178412e-01
4.486496912414e-01
4.269313980185e-01
4.636254504623e-01
7.235244183044e-01
1.075494926523e+00
1.337505246169e+00
1.414134785277e+00
1.325146564939e+00
1.071754831823e+00
7.166062190210e-01
4.599387006495e-01
3.992943692890e-01
4.003053104315e-01
3.268683285643e-01
1.937818538395e-01
4.803094745012e-02
SCALARS sdf_gap float 1
LOOKUP_TABLE default
0.000000000000e+00
0.000000000000e+00
0.000000000000e+00
0.000000000000e+00
0.000000000000e+00
0.000000000000e+00
0.000000000000e+00
0.000000000000e+00
0.000000000000e+00
0.000000000000e+00
0.000000000000e+00
0.000000000000e+00
0.000000000000e+00
0.000000000000e+00
0.000000000000e+00
0.000000000000e+00
0.000000000000e+00
0.000000000000e+00
0.000000000000e+00
0.000000000000e+00
0.000000000000e+00
0.000000000000e+00
0.000000000000e+00
0.000000000000e+00
0.000000000000e+00
0.000000000000e+00
0.000000000000e+00
0.000000000000e+00
0.000000000000e+00
0.000000000000e+00
0.000000000000e+00
0.000000000000e+00
0.000000000000e+00
0.000000000000e+00
0.000000000000e+00
0.000000000000e+00
0.000000000000e+00
0.000000000000e+00
0.000000000000e+00
0.000000000000e+00
0.000000000000e+00
0.000000000000e+00
0.000000000000e+00
0.000000000000e+00
0.000000000000e+00
0.000000000000e+00
0.000000000000e+00
0.000000000000e+00
0.000000000000e+00
0.000000000000e+00
0.000000000000e+00
0.000000000000e+00
0.000000000000e+00
0.000000000000e+00
0.000000000000e+00
0.000000000000e+00
0.000000000000e+00
0.000000000000e+00
0.000000000000e+00
0.000000000000e+00
0.000000000000e+00
0.000000000000e+00
0.000000000000e+00
0.000000000000e+00
0.000000000000e+00
0.000000000000e+00
0.000000000000e+00
0.000000000000e+00
0.000000000000e+00
0.000000000000e+00
0.000000000000e+00
0.000000000000e+00
0.000000000000e+00
0.000000000000e+00
0.000000000000e+00
0.000000000000e+00
0.000000000000e+00
0.000000000000e+00
0.000000000000e+00
0.000000000000e+00
0.000000000000e+00
0.000000000000e+00
0.000000000000e+00
0.000000000000e+00
0.000000000000e+00
0.000000000000e+00
0.000000000000e+00
0.000000000000e+00
0.000000000000e+00
0.000000000000e+00
0.000000000000e+00
0.000000000000e+00
0.000000000000e+00
0.000000000000e+00
0.000000000000e+00
0.000000000000e+00
0.000000000000e+00
0.000000000000e+00
0.000000000000e+00
0.000000000000e+00
0.000000000000e+00
0.000000000000e+00
0.000000000000e+00
0.000000000000e+00
0.000000000000e+00
0.000000000000e+00
0.000000000000e+00
0.000000000000e+00
0.000000000000e+00
0.000000000000e+00
0.000000000000e+00
0.000000000000e+00
0.000000000000e+00
0.000000000000e+00
0.000000000000e+00
0.000000000000e+00
0.000000000000e+00
0.000000000000e+00
0.000000000000e+00
0.000000000000e+00
0.000000000000e+00
0.000000000000e+00
0.000000000000e+00
0.000000000000e+00
0.000000000000e+00
0.000000000000e+00
0.000000000000e+00
0.000000000000e+00
0.000000000000e+00
0.000000000000e+00
0.000000000000e+00
0.000000000000e+00
0.000000000000e+00
0.000000000000e+00
0.000000000000e+00
0.000000000000e+00
0.000000000000e+00
0.000000000000e+00
0.000000000000e+00
0.000000000000e+00
0.000000000000e+00
0.000000000000e+00
0.000000000000e+00
0.000000000000e+00
0.000000000000e+00
0.000000000000e+00
0.000000000000e+00
0.000000000000e+00
0.000000000000e+00
0.000000000000e+00
0.000000000000e+00
0.000000000000e+00
0.000000000000e+00
0.000000000000e+00
0.000000000000e+00
0.000000000000e+00
0.000000000000e+00
0.000000000000e+00
0.000000000000e+00
0.000000000000e+00
0.000000000000e+00
0.000000000000e+00
0.000000000000e+00
0.000000000000e+00
0.000000000000e+00
0.000000000000e+00
0.000000000000e+00
0.000000000000e+00
0.000000000000e+00
0.000000000000e+00
0.000000000000e+00
0.000000000000e+00
0.000000000000e+00
0.000000000000e+00
0.000000000000e+00
0.000000000000e+00
0.000000000000e+00
0.000000000000e+00
0.000000000000e+00
0.000000000000e+00
0.000000000000e+00
0.000000000000e+00
0.000000000000e+00
0.000000000000e+00
0.000000000000e+00
0.000000000000e+00
0.000000000000e+00
0.000000000000e+00
0.000000000000e+00
0.000000000000e+00
0.000000000000e+00
0.000000000000e+00
0.000000000000e+00
0.000000000000e+00
0.000000000000e+00
0.000000000000e+00
0.000000000000e+00
0.000000000000e+00
0.000000000000e+00
0.000000000000e+00
0.000000000000e+00
0.000000000000e+00
0.000000000000e+00
0.000000000000e+00
0.000000000000e+00
0.000000000000e+00
0.000000000000e+00
0.000000000000e+00
0.000000000000e+00
0.000000000000e+00
0.000000000000e+00
0.000000000000e+00
0.000000000000e+00
0.000000000000e+00
0.000000000000e+00
0.000000000000e+00
0.000000000000e+00
0.000000000000e+00
0.000000000000e+00
0.000000000000e+00
0.000000000000e+00
0.000000000000e+00
0.000000000000e+00
0.000000000000e+00
0.000000000000e+00
0.000000000000e+00
0.000000000000e+00
0.000000000000e+00
0.000000000000e+00
0.000000000000e+00
0.000000000000e+00
0.000000000000e+00
0.000000000000e+00
0.000000000000e+00
0.000000000000e+00
0.000000000000e+00
0.000000000000e+00
0.000000000000e+00
0.000000000000e+00
0.000000000000e+00
0.000000000000e+00
0.000000000000e+00
0.000000000000e+00
0.000000000000e+00
0.000000000000e+00
0.000000000000e+00
0.000000000000e+00
0.000000000000e+00
0.000000000000e+00
0.000000000000e+00
0.000000000000e+00
0.000000000000e+00
0.000000000000e+00
0.000000000000e+00
0.000000000000e+00
0.000000000000e+00
0.000000000000e+00
0.000000000000e+00
0.000000000000e+00
0.000000000000e+00
0.000000000000e+00
0.000000000000e+00
0.000000000000e+00
0.000000000000e+00
0.000000000000e+00
0.000000000000e+00
0.000000000000e+00
0.000000000000e+00
0.000000000000e+00
0.000000000000e+00
0.000000000000e+00
0.000000000000e+00
0.000000000000e+00
0.000000000000e+00
0.000000000000e+00
0.000000000000e+00
0.000000000000e+00
0.000000000000e+00
0.000000000000e+00
0.000000000000e+00
0.000000000000e+00
0.000000000000e+00
0.000000000000e+00
0.000000000000e+00
0.000000000000e+00
0.000000000000e+00
0.000000000000e+00
0.000000000000e+00
0.000000000000e+00
0.000000000000e+00
0.000000000000e+00
0.000000000000e+00
0.000000000000e+00
0.000000000000e+00
0.000000000000e+00
0.000000000000e+00
0.000000000000e+00
0.000000000000e+00
0.000000000000e+00
0.000000000000e+00
0.000000000000e+00
0.000000000000e+00
0.000000000000e+00
0.000000000000e+00
0.000000000000e+00
0.000000000000e+00
0.000000000000e+00
0.000000000000e+00
0.000000000000e+00
0.000000000000e+00
0.000000000000e+00
0.000000000000e+00
0.000000000000e+00
0.000000000000e+00
0.000000000000e+00
0.000000000000e+00
0.000000000000e+00
0.000000000000e+00
0.000000000000e+00
0.000000000000e+00
0.000000000000e+00
0.000000000000e+00
0.000000000000e+00
0.000000000000e+00
0.000000000000e+00
0.000000000000e+00
0.000000000000e+00
0.000000000000e+00
0.000000000000e+00
0.000000000000e+00
0.000000000000e+00
0.000000000000e+00
0.000000000000e+00
0.000000000000e+00
0.000000000000e+00
0.000000000000e+00
0.000000000000e+00
0.000000000000e+00
0.000000000000e+00
0.000000000000e+00
0.000000000000e+00
0.000000000000e+00
0.000000000000e+00
0.000000000000e+00
0.000000000000e+00
0.000000000000e+00
0.000000000000e+00
0.000000000000e+00
0.000000000000e+00
0.000000000000e+00
0.000000000000e+00
0.000000000000e+00
0.000000000000e+00
0.000000000000e+00
0.000000000000e+00
0.000000000000e+00
0.000000000000e+00
0.000000000000e+00
0.000000000000e+00
0.000000000000e+00
0.000000000000e+00
0.000000000000e+00
0.000000000000e+00
0.000000000000e+00
0.000000000000e+00
0.000000000000e+00
0.000000000000e+00
0.000000000000e+00
0.000000000000e+00
0.000000000000e+00
0.000000000000e+00
0.000000000000e+00
0.000000000000e+00
0.000000000000e+00
0.000000000000e+00
0.000000000000e+00
0.000000000000e+00
0.000000000000e+00
0.000000000000e+00
0.000000000000e+00
0.000000000000e+00
0.000000000000e+00
0.000000000000e+00
0.000000000000e+00
0.000000000000e+00
0.000000000000e+00
0.000000000000e+00
0.000000000000e+00
0.000000000000e+00
0.000000000000e+00
0.000000000000e+00
0.000000000000e+00
0.000000000000e+00
0.000000000000e+00
0.000000000000e+00
0.000000000000e+00
0.000000000000e+00
0.000000000000e+00
0.000000000000e+00
0.000000000000e+00
0.000000000000e+00
0.000000000000e+00
0.000000000000e+00
0.000000000000e+00
0.000000000000e+00
0.000000000000e+00
0.000000000000e+00
0.000000000000e+00
0.000000000000e+00
0.000000000000e+00
0.000000000000e+00
0.000000000000e+00
0.000000000000e+00
0.000000000000e+00
0.000000000000e+00
0.000000000000e+00
0.000000000000e+00
0.000000000000e+00
0.000000000000e+00
0.000000000000e+00
0.000000000000e+00
0.000000000000e+00
0.000000000000e+00
0.000000000000e+00
0.000000000000e+00
0.000000000000e+00
0.000000000000e+00
0.000000000000e+00
0.000000000000e+00
0.000000000000e+00
0.000000000000e+00
0.000000000000e+00
0.000000000000e+00
0.000000000000e+00
0.000000000000e+00
0.000000000000e+00
0.000000000000e+00
0.000000000000e+00
0.000000000000e+00
0.000000000000e+00
0.000000000000e+00
0.000000000000e+00
0.000000000000e+00
0.000000000000e+00
0.000000000000e+00
0.000000000000e+00
0.000000000000e+00
0.000000000000e+00
0.000000000000e+00
0.000000000000e+00
0.000000000000e+00
0.000000000000e+00
0.000000000000e+00
0.000000000000e+00
0.000000000000e+00
0.000000000000e+00
0.000000000000e+00
0.000000000000e+00
0.000000000000e+00
0.000000000000e+00
0.000000000000e+00
0.000000000000e+00
0.000000000000e+00
0.000000000000e+00
0.000000000000e+00
0.000000000000e+00
0.000000000000e+00
0.000000000000e+00
0.000000000000e+00
0.000000000000e+00
0.000000000000e+00
0.000000000000e+00
0.000000000000e+00
0.000000000000e+00
0.000000000000e+00
0.000000000000e+00
0.000000000000e+00
0.000000000000e+00
0.000000000000e+00
0.000000000000e+00
0.000000000000e+00
0.000000000000e+00
0.000000000000e+00
0.000000000000e+00
0.000000000000e+00
0.000000000000e+00
0.000000000000e+00
0.000000000000e+00
0.000000000000e+00
0.000000000000e+00
0.000000000000e+00
0.000000000000e+00
0.000000000000e+00
0.000000000000e+00
0.000000000000e+00
0.000000000000e+00
0.000000000000e+00
0.000000000000e+00
0.000000000000e+00
0.000000000000e+00
0.000000000000e+00
0.000000000000e+00
0.000000000000e+00
0.000000000000e+00
0.000000000000e+00
0.000000000000e+00
0.000000000000e+00
0.000000000000e+00
0.000000000000e+00
0.000000000000e+00
0.000000000000e+00
0.000000000000e+00
0.000000000000e+00
0.000000000000e+00
0.000000000000e+00
0.000000000000e+00
0.000000000000e+00
0.000000000000e+00
0.000000000000e+00
0.000000000000e+00
0.000000000000e+00
0.000000000000e+00
0.000000000000e+00
0.000000000000e+00
0.000000000000e+00
0.000000000000e+00
0.000000000000e+00
0.000000000000e+00
0.000000000000e+00
0.000000000000e+00
0.000000000000e+00
0.000000000000e+00
0.000000000000e+00
0.000000000000e+00
0.000000000000e+00
0.000000000000e+00
0.000000000000e+00
0.000000000000e+00
0.000000000000e+00
0.000000000000e+00
0.000000000000e+00
0.000000000000e+00
0.000000000000e+00
0.000000000000e+00
0.000000000000e+00
0.000000000000e+00
0.000000000000e+00
0.000000000000e+00
0.000000000000e+00
0.000000000000e+00
0.000000000000e+00
0.000000000000e+00
0.000000000000e+00
0.000000000000e+00
0.000000000000e+00
0.000000000000e+00
0.000000000000e+00
0.000000000000e+00
0.000000000000e+00
0.000000000000e+00
0.000000000000e+00
0.000000000000e+00
0.000000000000e+00
0.000000000000e+00
0.000000000000e+00
0.000000000000e+00
0.000000000000e+00
0.000000000000e+00
0.000000000000e+00
0.000000000000e+00
0.000000000000e+00
0.000000000000e+00
0.000000000000e+00
0.000000000000e+00
0.000000000000e+00
0.000000000000e+00
0.000000000000e+00
0.000000000000e+00
0.000000000000e+00
0.000000000000e+00
0.000000000000e+00
0.000000000000e+00
0.000000000000e+00
0.000000000000e+00
0.000000000000e+00
0.000000000000e+00
0.000000000000e+00
0.000000000000e+00
0.000000000000e+00
0.000000000000e+00
0.000000000000e+00
0.000000000000e+00
0.000000000000e+00
0.000000000000e+00
0.000000000000e+00
0.000000000000e+00
0.000000000000e+00
0.000000000000e+00
0.000000000000e+00
0.000000000000e+00
0.000000000000e+00
0.000000000000e+00
0.000000000000e+00
0.000000000000e+00
0.000000000000e+00
0.000000000000e+00
0.000000000000e+00
0.000000000000e+00
0.000000000000e+00
0.000000000000e+00
0.000000000000e+00
0.000000000000e+00
0.000000000000e+00
0.000000000000e+00
0.000000000000e+00
0.000000000000e+00
0.000000000000e+00
0.000000000000e+00
0.000000000000e+00
0.000000000000e+00
0.000000000000e+00
0.000000000000e+00
0.000000000000e+00
0.000000000000e+00
0.000000000000e+00
0.000000000000e+00
0.000000000000e+00
0.000000000000e+00
0.000000000000e+00
0.000000000000e+00
0.000000000000e+00
0.000000000000e+00
0.000000000000e+00
0.000000000000e+00
0.000000000000e+00
0.000000000000e+00
0.000000000000e+00
0.000000000000e+00
0.000000000000e+00
0.000000000000e+00
0.000000000000e+00
0.000000000000e+00
0.000000000000e+00
0.000000000000e+00
0.000000000000e+00
0.000000000000e+00
0.000000000000e+00
0.000000000000e+00
0.000000000000e+00
0.000000000000e+00
0.000000000000e+00
0.000000000000e+00
0.000000000000e+00
0.000000000000e+00
0.000000000000e+00
0.000000000000e+00
0.000000000000e+00
0.000000000000e+00
0.000000000000e+00
0.000000000000e+00
0.000000000000e+00
0.000000000000e+00
0.000000000000e+00
0.000000000000e+00
0.000000000000e+00
0.000000000000e+00
0.000000000000e+00
0.000000000000e+00
0.000000000000e+00
0.000000000000e+00
0.000000000000e+00
0.000000000000e+00
0.000000000000e+00
0.000000000000e+00
0.000000000000e+00
0.000000000000e+00
0.000000000000e+00
0.000000000000e+00
0.000000000000e+00
0.000000000000e+00
0.000000000000e+00
0.000000000000e+00
0.000000000000e+00
0.000000000000e+00
0.000000000000e+00
0.000000000000e+00
0.000000000000e+00
0.000000000000e+00
0.000000000000e+00
0.000000000000e+00
0.000000000000e+00
0.000000000000e+00
0.000000000000e+00
0.000000000000e+00
0.000000000000e+00
0.000000000000e+00
0.000000000000e+00
0.000000000000e+00
0.000000000000e+00
0.000000000000e+00
0.000000000000e+00
0.000000000000e+00
0.000000000000e+00
0.000000000000e+00
0.000000000000e+00
0.000000000000e+00
0.000000000000e+00
0.000000000000e+00
0.000000000000e+00
0.000000000000e+00
0.000000000000e+00
0.000000000000e+00
0.000000000000e+00
0.000000000000e+00
0.000000000000e+00
0.000000000000e+00
0.000000000000e+00
0.000000000000e+00
0.000000000000e+00
0.000000000000e+00
0.000000000000e+00
0.000000000000e+00
0.000000000000e+00
0.000000000000e+00
0.000000000000e+00
0.000000000000e+00
0.000000000000e+00
0.000000000000e+00
0.000000000000e+00
0.000000000000e+00
0.000000000000e+00
0.000000000000e+00
0.000000000000e+00
0.000000000000e+00
0.000000000000e+00
0.000000000000e+00
0.000000000000e+00
0.000000000000e+00
0.000000000000e+00
0.000000000000e+00
0.000000000000e+00
0.000000000000e+00
0.000000000000e+00
0.000000000000e+00
0.000000000000e+00
0.000000000000e+00
0.000000000000e+00
0.000000000000e+00
0.000000000000e+00
0.000000000000e+00
0.000000000000e+00
0.000000000000e+00
0.000000000000e+00
0.000000000000e+00
0.000000000000e+00
0.000000000000e+00
0.000000000000e+00
0.000000000000e+00
0.000000000000e+00
0.000000000000e+00
0.000000000000e+00
0.000000000000e+00
0.000000000000e+00
0.000000000000e+00
0.000000000000e+00
0.000000000000e+00
0.000000000000e+00
0.000000000000e+00
0.000000000000e+00
0.000000000000e+00
0.000000000000e+00
0.000000000000e+00
0.000000000000e+00
0.000000000000e+00
0.000000000000e+00
0.000000000000e+00
0.000000000000e+00
0.000000000000e+00
0.000000000000e+00
0.000000000000e+00
0.000000000000e+00
0.000000000000e+00
0.000000000000e+00
0.000000000000e+00
0.000000000000e+00
0.000000000000e+00
0.000000000000e+00
0.000000000000e+00
0.000000000000e+00
0.000000000000e+00
0.000000000000e+00
0.000000000000e+00
0.000000000000e+00
0.000000000000e+00
0.000000000000e+00
0.000000000000e+00
0.000000000000e+00
0.000000000000e+00
0.000000000000e+00
0.000000000000e+00
0.000000000000e+00
0.000000000000e+00
0.000000000000e+00
0.000000000000e+00
0.000000000000e+00
0.000000000000e+00
0.000000000000e+00
0.000000000000e+00
0.000000000000e+00
0.000000000000e+00
0.000000000000e+00
0.000000000000e+00
0.000000000000e+00
0.000000000000e+00
0.000000000000e+00
0.000000000000e+00
0.000000000000e+00
0.000000000000e+00
0.000000000000e+00
0.000000000000e+00
0.000000000000e+00
0.000000000000e+00
0.000000000000e+00
0.000000000000e+00
0.000000000000e+00
0.000000000000e+00
0.000000000000e+00
0.000000000000e+00
0.000000000000e+00
0.000000000000e+00
0.000000000000e+00
0.000000000000e+00
0.000000000000e+00
0.000000000000e+00
0.000000000000e+00
0.000000000000e+00
0.000000000000e+00
0.000000000000e+00
0.000000000000e+00
0.000000000000e+00
0.000000000000e+00
0.000000000000e+00
0.000000000000e+00
0.000000000000e+00
0.000000000000e+00
0.000000000000e+00
0.000000000000e+00
0.000000000000e+00
0.000000000000e+00
0.000000000000e+00
0.000000000000e+00
0.000000000000e+00
0.000000000000e+00
0.000000000000e+00
0.000000000000e+00
0.000000000000e+00
0.000000000000e+00
0.000000000000e+00
0.000000000000e+00
0.000000000000e+00
0.000000000000e+00
0.000000000000e+00
0.000000000000e+00
0.000000000000e+00
0.000000000000e+00
0.000000000000e+00
0.000000000000e+00
0.000000000000e+00
0.000000000000e+00
0.000000000000e+00
0.000000000000e+00
0.000000000000e+00
0.000000000000e+00
0.000000000000e+00
0.000000000000e+00
0.000000000000e+00
0.000000000000e+00
0.000000000000e+00
0.000000000000e+00
0.000000000000e+00
0.000000000000e+00
0.000000000000e+00
0.000000000000e+00
0.000000000000e+00
0.000000000000e+00
0.000000000000e+00
0.000000000000e+00
0.000000000000e+00
0.000000000000e+00
0.000000000000e+00
0.000000000000e+00
0.000000000000e+00
0.000000000000e+00
0.000000000000e+00
0.000000000000e+00
0.000000000000e+00
0.000000000000e+00
0.000000000000e+00
0.000000000000e+00
0.000000000000e+00
0.000000000000e+00
0.000000000000e+00
0.000000000000e+00
0.000000000000e+00
0.000000000000e+00
0.000000000000e+00
0.000000000000e+00
0.000000000000e+00
0.000000000000e+00
0.000000000000e+00
0.000000000000e+00
0.000000000000e+00
0.000000000000e+00
0.000000000000e+00
0.000000000000e+00
0.000000000000e+00
0.000000000000e+00
0.000000000000e+00
0.000000000000e+00
0.000000000000e+00
0.000000000000e+00
0.000000000000e+00
0.000000000000e+00
0.000000000000e+00
0.000000000000e+00
0.000000000000e+00
0.000000000000e+00
0.000000000000e+00
0.000000000000e+00
0.000000000000e+00
0.000000000000e+00
0.000000000000e+00
0.000000000000e+00
0.000000000000e+00
0.000000000000e+00
0.000000000000e+00
0.000000000000e+00
0.000000000000e+00
0.000000000000e+00
0.000000000000e+00
0.000000000000e+00
0.000000000000e+00
0.000000000000e+00
0.000000000000e+00
0.000000000000e+00
0.000000000000e+00
0.000000000000e+00
-2.616478064128e-02
-2.285383778096e-02
-2.075419346571e-02
-2.062985791684e-02
-2.171897143290e-02
-2.287600885564e-02
-2.691409088567e-02
0.000000000000e+00
0.000000000000e+00
0.000000000000e+00
0.000000000000e+00
0.000000000000e+00
0.000000000000e+00
0.000000000000e+00
0.000000000000e+00
0.000000000000e+00
0.000000000000e+00
0.000000000000e+00
0.000000000000e+00
0.000000000000e+00
0.000000000000e+00
0.000000000000e+00
0.000000000000e+00
0.000000000000e+00
-2.348088516978e-02
-1.736808089570e-02
-1.352739416212e-02
-1.336682750543e-02
-1.444950914674e-02
-1.926644812555e-02
-2.301687108571e-02
0.000000000000e+00
0.000000000000e+00
0.000000000000e+00
0.000000000000e+00
0.000000000000e+00
0.000000000000e+00
0.000000000000e+00
0.000000000000e+00
0.000000000000e+00
0.000000000000e+00
0.000000000000e+00
0.000000000000e+00
0.000000000000e+00
0.000000000000e+00
0.000000000000e+00
0.000000000000e+00
0.000000000000e+00
-2.254945794573e-02
-1.602552907278e-02
-1.166743120733e-02
-1.101402486078e-02
-1.225023950056e-02
-1.816865173660e-02
-2.422338820391e-02
0.000000000000e+00
0.000000000000e+00
0.000000000000e+00
0.000000000000e+00
0.000000000000e+00
0.000000000000e+00
0.000000000000e+00
0.000000000000e+00
0.000000000000e+00
0.000000000000e+00
0.000000000000e+00
0.000000000000e+00
0.000000000000e+00
0.000000000000e+00
0.000000000000e+00
0.000000000000e+00
0.000000000000e+00
-2.309355965398e-02
-1.596405998038e-02
-1.144659942939e-02
-1.114254925617e-02
-1.198283676952e-02
-1.770872614122e-02
-2.374168856501e-02
0.000000000000e+00
0.000000000000e+00
0.000000000000e+00
0.000000000000e+00
0.000000000000e+00
0.000000000000e+00
0.000000000000e+00
0.000000000000e+00
0.000000000000e+00
0.000000000000e+00
0.000000000000e+00
0.000000000000e+00
0.000000000000e+00
0.000000000000e+00
0.000000000000e+00
0.000000000000e+00
0.000000000000e+00
-2.276941201755e-02
-1.815960410316e-02
-1.388220672245e-02
-1.336558282891e-02
-1.446852976957e-02
-1.886038662995e-02
-2.434923581492e-02
0.000000000000e+00
0.000000000000e+00
0.000000000000e+00
0.000000000000e+00
0.000000000000e+00
0.000000000000e+00
0.000000000000e+00
0.000000000000e+00
0.000000000000e+00
0.000000000000e+00
0.000000000000e+00
0.000000000000e+00
0.000000000000e+00
0.000000000000e+00
0.000000000000e+00
0.000000000000e+00
0.000000000000e+00
-2.673924567194e-02
-2.267235980309e-02
-2.173425916296e-02
-2.055893667167e-02
-2.145675632470e-02
-2.365357231127e-02
-2.686021155006e-02
0.000000000000e+00
0.000000000000e+00
0.000000000000e+00
0.000000000000e+00
0.000000000000e+00
0.000000000000e+00
0.000000000000e+00
0.000000000000e+00
0.000000000000e+00
0.000000000000e+00
0.000000000000e+00
0.000000000000e+00
0.000000000000e+00
0.000000000000e+00
0.000000000000e+00
0.000000000000e+00
0.000000000000e+00
0.000000000000e+00
0.000000000000e+00
0.000000000000e+00
0.000000000000e+00
0.000000000000e+00
0.000000000000e+00
0.000000000000e+00
0.000000000000e+00
0.000000000000e+00
0.000000000000e+00
0.000000000000e+00
0.000000000000e+00
0.000000000000e+00
0.000000000000e+00
0.000000000000e+00
0.000000000000e+00
0.000000000000e+00
0.000000000000e+00
0.000000000000e+00
0.000000000000e+00
0.000000000000e+00
0.000000000000e+00
0.000000000000e+00
0.000000000000e+00
0.000000000000e+00
0.000000000000e+00
0.000000000000e+00
0.000000000000e+00
0.000000000000e+00
0.000000000000e+00
0.000000000000e+00
0.000000000000e+00
0.000000000000e+00
0.000000000000e+00
0.000000000000e+00
0.000000000000e+00
0.000000000000e+00
0.000000000000e+00
0.000000000000e+00
0.000000000000e+00
0.000000000000e+00
0.000000000000e+00
0.000000000000e+00
0.000000000000e+00
0.000000000000e+00
0.000000000000e+00
0.000000000000e+00
0.000000000000e+00
0.000000000000e+00
0.000000000000e+00
0.000000000000e+00
0.000000000000e+00
0.000000000000e+00
0.000000000000e+00
0.000000000000e+00
0.000000000000e+00
0.000000000000e+00
0.000000000000e+00
0.000000000000e+00
0.000000000000e+00
0.000000000000e+00
SCALARS contact_pressure float 1
LOOKUP_TABLE default
0.000000000000e+00
0.000000000000e+00
0.000000000000e+00
0.000000000000e+00
0.000000000000e+00
0.000000000000e+00
0.000000000000e+00
0.000000000000e+00
0.000000000000e+00
0.000000000000e+00
0.000000000000e+00
0.000000000000e+00
0.000000000000e+00
0.000000000000e+00
0.000000000000e+00
0.000000000000e+00
0.000000000000e+00
0.000000000000e+00
0.000000000000e+00
0.000000000000e+00
0.000000000000e+00
0.000000000000e+00
0.000000000000e+00
0.000000000000e+00
0.000000000000e+00
0.000000000000e+00
0.000000000000e+00
0.000000000000e+00
0.000000000000e+00
0.000000000000e+00
0.000000000000e+00
0.000000000000e+00
0.000000000000e+00
0.000000000000e+00
0.000000000000e+00
0.000000000000e+00
0.000000000000e+00
0.000000000000e+00
0.000000000000e+00
0.000000000000e+00
0.000000000000e+00
0.000000000000e+00
0.000000000000e+00
0.000000000000e+00
0.000000000000e+00
0.000000000000e+00
0.000000000000e+00
0.000000000000e+00
0.000000000000e+00
0.000000000000e+00
0.000000000000e+00
0.000000000000e+00
0.000000000000e+00
0.000000000000e+00
0.000000000000e+00
0.000000000000e+00
0.000000000000e+00
0.000000000000e+00
0.000000000000e+00
0.000000000000e+00
0.000000000000e+00
0.000000000000e+00
0.000000000000e+00
0.000000000000e+00
0.000000000000e+00
0.000000000000e+00
0.000000000000e+00
0.000000000000e+00
0.000000000000e+00
0.000000000000e+00
0.000000000000e+00
0.000000000000e+00
0.000000000000e+00
0.000000000000e+00
0.000000000000e+00
0.000000000000e+00
0.000000000000e+00
0.000000000000e+00
0.000000000000e+00
0.000000000000e+00
0.000000000000e+00
0.000000000000e+00
0.000000000000e+00
0.000000000000e+00
0.000000000000e+00
0.000000000000e+00
0.000000000000e+00
0.000000000000e+00
0.000000000000e+00
0.000000000000e+00
0.000000000000e+00
0.000000000000e+00
0.000000000000e+00
0.000000000000e+00
0.000000000000e+00
0.000000000000e+00
0.000000000000e+00
0.000000000000e+00
0.000000000000e+00
0.000000000000e+00
0.000000000000e+00
0.000000000000e+00
0.000000000000e+00
0.000000000000e+00
0.000000000000e+00
0.000000000000e+00
0.000000000000e+00
0.000000000000e+00
0.000000000000e+00
0.000000000000e+00
0.000000000000e+00
0.000000000000e+00
0.000000000000e+00
0.000000000000e+00
0.000000000000e+00
0.000000000000e+00
0.000000000000e+00
0.000000000000e+00
0.000000000000e+00
0.000000000000e+00
0.000000000000e+00
0.000000000000e+00
0.000000000000e+00
0.000000000000e+00
0.000000000000e+00
0.000000000000e+00
0.000000000000e+00
0.000000000000e+00
0.000000000000e+00
0.000000000000e+00
0.000000000000e+00
0.000000000000e+00
0.000000000000e+00
0.000000000000e+00
0.000000000000e+00
0.000000000000e+00
0.000000000000e+00
0.000000000000e+00
0.000000000000e+00
0.000000000000e+00
0.000000000000e+00
0.000000000000e+00
0.000000000000e+00
0.000000000000e+00
0.000000000000e+00
0.000000000000e+00
0.000000000000e+00
0.000000000000e+00
0.000000000000e+00
0.000000000000e+00
0.000000000000e+00
0.000000000000e+00
0.000000000000e+00
0.000000000000e+00
0.000000000000e+00
0.000000000000e+00
0.000000000000e+00
0.000000000000e+00
0.000000000000e+00
0.000000000000e+00
0.000000000000e+00
0.000000000000e+00
0.000000000000e+00
0.000000000000e+00
0.000000000000e+00
0.000000000000e+00
0.000000000000e+00
0.000000000000e+00
0.000000000000e+00
0.000000000000e+00
0.000000000000e+00
0.000000000000e+00
0.000000000000e+00
0.000000000000e+00
0.000000000000e+00
0.000000000000e+00
0.000000000000e+00
0.000000000000e+00
0.000000000000e+00
0.000000000000e+00
0.000000000000e+00
0.000000000000e+00
0.000000000000e+00
0.000000000000e+00
0.000000000000e+00
0.000000000000e+00
0.000000000000e+00
0.000000000000e+00
0.000000000000e+00
0.000000000000e+00
0.000000000000e+00
0.000000000000e+00
0.000000000000e+00
0.000000000000e+00
0.000000000000e+00
0.000000000000e+00
0.000000000000e+00
0.000000000000e+00
0.000000000000e+00
0.000000000000e+00
0.000000000000e+00
0.000000000000e+00
0.000000000000e+00
0.000000000000e+00
0.000000000000e+00
0.000000000000e+00
0.000000000000e+00
0.000000000000e+00
0.000000000000e+00
0.000000000000e+00
0.000000000000e+00
0.000000000000e+00
0.000000000000e+00
0.000000000000e+00
0.000000000000e+00
0.000000000000e+00
0.000000000000e+00
0.000000000000e+00
0.000000000000e+00
0.000000000000e+00
0.000000000000e+00
0.000000000000e+00
0.000000000000e+00
0.000000000000e+00
0.000000000000e+00
0.000000000000e+00
0.000000000000e+00
0.000000000000e+00
0.000000000000e+00
0.000000000000e+00
0.000000000000e+00
0.000000000000e+00
0.000000000000e+00
0.000000000000e+00
0.000000000000e+00
0.000000000000e+00
0.000000000000e+00
0.000000000000e+00
0.000000000000e+00
0.000000000000e+00
0.000000000000e+00
0.000000000000e+00
0.000000000000e+00
0.000000000000e+00
0.000000000000e+00
0.000000000000e+00
0.000000000000e+00
0.000000000000e+00
0.000000000000e+00
0.000000000000e+00
0.000000000000e+00
0.000000000000e+00
0.000000000000e+00
0.000000000000e+00
0.000000000000e+00
0.000000000000e+00
0.000000000000e+00
0.000000000000e+00
0.000000000000e+00
0.000000000000e+00
0.000000000000e+00
0.000000000000e+00
0.000000000000e+00
0.000000000000e+00
0.000000000000e+00
0.000000000000e+00
0.000000000000e+00
0.000000000000e+00
0.000000000000e+00
0.000000000000e+00
0.000000000000e+00
0.000000000000e+00
0.000000000000e+00
0.000000000000e+00
0.000000000000e+00
0.000000000000e+00
0.000000000000e+00
0.000000000000e+00
0.000000000000e+00
0.000000000000e+00
0.000000000000e+00
0.000000000000e+00
0.000000000000e+00
0.000000000000e+00
0.000000000000e+00
0.000000000000e+00
0.000000000000e+00
0.000000000000e+00
0.000000000000e+00
0.000000000000e+00
0.000000000000e+00
0.000000000000e+00
0.000000000000e+00
0.000000000000e+00
0.000000000000e+00
0.000000000000e+00
0.000000000000e+00
0.000000000000e+00
0.000000000000e+00
0.000000000000e+00
0.000000000000e+00
0.000000000000e+00
0.000000000000e+00
0.000000000000e+00
0.000000000000e+00
0.000000000000e+00
0.000000000000e+00
0.000000000000e+00
0.000000000000e+00
0.000000000000e+00
0.000000000000e+00
0.000000000000e+00
0.000000000000e+00
0.000000000000e+00
0.000000000000e+00
0.000000000000e+00
0.000000000000e+00
0.000000000000e+00
0.000000000000e+00
0.000000000000e+00
0.000000000000e+00
0.000000000000e+00
0.000000000000e+00
0.000000000000e+00
0.000000000000e+00
0.000000000000e+00
0.000000000000e+00
0.000000000000e+00
0.000000000000e+00
0.000000000000e+00
0.000000000000e+00
0.000000000000e+00
0.000000000000e+00
0.000000000000e+00
0.000000000000e+00
0.000000000000e+00
0.000000000000e+00
0.000000000000e+00
0.000000000000e+00
0.000000000000e+00
0.000000000000e+00
0.000000000000e+00
0.000000000000e+00
0.000000000000e+00
0.000000000000e+00
0.000000000000e+00
0.000000000000e+00
0.000000000000e+00
0.000000000000e+00
0.000000000000e+00
0.000000000000e+00
0.000000000000e+00
0.000000000000e+00
0.000000000000e+00
0.000000000000e+00
0.000000000000e+00
0.000000000000e+00
0.000000000000e+00
0.000000000000e+00
0.000000000000e+00
0.000000000000e+00
0.000000000000e+00
0.000000000000e+00
0.000000000000e+00
0.000000000000e+00
0.000000000000e+00
0.000000000000e+00
0.000000000000e+00
0.000000000000e+00
0.000000000000e+00
0.000000000000e+00
0.000000000000e+00
0.000000000000e+00
0.000000000000e+00
0.000000000000e+00
0.000000000000e+00
0.000000000000e+00
0.000000000000e+00
0.000000000000e+00
0.000000000000e+00
0.000000000000e+00
0.000000000000e+00
0.000000000000e+00
0.000000000000e+00
0.000000000000e+00
0.000000000000e+00
0.000000000000e+00
0.000000000000e+00
0.000000000000e+00
0.000000000000e+00
0.000000000000e+00
0.000000000000e+00
0.000000000000e+00
0.000000000000e+00
0.000000000000e+00
0.000000000000e+00
0.000000000000e+00
0.000000000000e+00
0.000000000000e+00
0.000000000000e+00
0.000000000000e+00
0.000000000000e+00
0.000000000000e+00
0.000000000000e+00
0.000000000000e+00
0.000000000000e+00
0.000000000000e+00
0.000000000000e+00
0.000000000000e+00
0.000000000000e+00
0.000000000000e+00
0.000000000000e+00
0.000000000000e+00
0.000000000000e+00
0.000000000000e+00
0.000000000000e+00
0.000000000000e+00
0.000000000000e+00
0.000000000000e+00
0.000000000000e+00
0.000000000000e+00
0.000000000000e+00
0.000000000000e+00
0.000000000000e+00
0.000000000000e+00
0.000000000000e+00
0.000000000000e+00
0.000000000000e+00
0.000000000000e+00
0.000000000000e+00
0.000000000000e+00
0.000000000000e+00
0.000000000000e+00
0.000000000000e+00
0.000000000000e+00
0.000000000000e+00
0.000000000000e+00
0.000000000000e+00
0.000000000000e+00
0.000000000000e+00
0.000000000000e+00
0.000000000000e+00
0.000000000000e+00
0.000000000000e+00
0.000000000000e+00
0.000000000000e+00
0.000000000000e+00
0.000000000000e+00
0.000000000000e+00
0.000000000000e+00
0.000000000000e+00
0.000000000000e+00
0.000000000000e+00
0.000000000000e+00
0.000000000000e+00
0.000000000000e+00
0.000000000000e+00
0.000000000000e+00
0.000000000000e+00
0.000000000000e+00
0.000000000000e+00
0.000000000000e+00
0.000000000000e+00
0.000000000000e+00
0.000000000000e+00
0.000000000000e+00
0.000000000000e+00
0.000000000000e+00
0.000000000000e+00
0.000000000000e+00
0.000000000000e+00
0.000000000000e+00
0.000000000000e+00
0.000000000000e+00
0.000000000000e+00
0.000000000000e+00
0.000000000000e+00
0.000000000000e+00
0.000000000000e+00
0.000000000000e+00
0.000000000000e+00
0.000000000000e+00
0.000000000000e+00
0.000000000000e+00
0.000000000000e+00
0.000000000000e+00
0.000000000000e+00
0.000000000000e+00
0.000000000000e+00
0.000000000000e+00
0.000000000000e+00
0.000000000000e+00
0.000000000000e+00
0.000000000000e+00
0.000000000000e+00
0.000000000000e+00
0.000000000000e+00
0.000000000000e+00
0.000000000000e+00
0.000000000000e+00
0.000000000000e+00
0.000000000000e+00
0.000000000000e+00
0.000000000000e+00
0.000000000000e+00
0.000000000000e+00
0.000000000000e+00
0.000000000000e+00
0.000000000000e+00
0.000000000000e+00
0.000000000000e+00
0.000000000000e+00
0.000000000000e+00
0.000000000000e+00
0.000000000000e+00
0.000000000000e+00
0.000000000000e+00
0.000000000000e+00
0.000000000000e+00
0.000000000000e+00
0.000000000000e+00
0.000000000000e+00
0.000000000000e+00
0.000000000000e+00
0.000000000000e+00
0.000000000000e+00
0.000000000000e+00
0.000000000000e+00
0.000000000000e+00
0.000000000000e+00
0.000000000000e+00
0.000000000000e+00
0.000000000000e+00
0.000000000000e+00
0.000000000000e+00
0.000000000000e+00
0.000000000000e+00
0.000000000000e+00
0.000000000000e+00
0.000000000000e+00
0.000000000000e+00
0.000000000000e+00
0.000000000000e+00
0.000000000000e+00
0.000000000000e+00
0.000000000000e+00
0.000000000000e+00
0.000000000000e+00
0.000000000000e+00
0.000000000000e+00
0.000000000000e+00
0.000000000000e+00
0.000000000000e+00
0.000000000000e+00
0.000000000000e+00
0.000000000000e+00
0.000000000000e+00
0.000000000000e+00
0.000000000000e+00
0.000000000000e+00
0.000000000000e+00
0.000000000000e+00
0.000000000000e+00
0.000000000000e+00
0.000000000000e+00
0.000000000000e+00
0.000000000000e+00
0.000000000000e+00
0.000000000000e+00
0.000000000000e+00
0.000000000000e+00
0.000000000000e+00
0.000000000000e+00
0.000000000000e+00
0.000000000000e+00
0.000000000000e+00
0.000000000000e+00
0.000000000000e+00
0.000000000000e+00
0.000000000000e+00
0.000000000000e+00
0.000000000000e+00
0.000000000000e+00
0.000000000000e+00
0.000000000000e+00
0.000000000000e+00
0.000000000000e+00
0.000000000000e+00
0.000000000000e+00
0.000000000000e+00
0.000000000000e+00
0.000000000000e+00
0.000000000000e+00
0.000000000000e+00
0.000000000000e+00
0.000000000000e+00
0.000000000000e+00
0.000000000000e+00
0.000000000000e+00
0.000000000000e+00
0.000000000000e+00
0.000000000000e+00
0.000000000000e+00
0.000000000000e+00
0.000000000000e+00
0.000000000000e+00
0.000000000000e+00
0.000000000000e+00
0.000000000000e+00
0.000000000000e+00
0.000000000000e+00
0.000000000000e+00
0.000000000000e+00
0.000000000000e+00
0.000000000000e+00
0.000000000000e+00
0.000000000000e+00
0.000000000000e+00
0.000000000000e+00
0.000000000000e+00
0.000000000000e+00
0.000000000000e+00
0.000000000000e+00
0.000000000000e+00
0.000000000000e+00
0.000000000000e+00
0.000000000000e+00
0.000000000000e+00
0.000000000000e+00
0.000000000000e+00
0.000000000000e+00
0.000000000000e+00
0.000000000000e+00
0.000000000000e+00
0.000000000000e+00
0.000000000000e+00
0.000000000000e+00
0.000000000000e+00
0.000000000000e+00
0.000000000000e+00
0.000000000000e+00
0.000000000000e+00
0.000000000000e+00
0.000000000000e+00
0.000000000000e+00
0.000000000000e+00
0.000000000000e+00
0.000000000000e+00
0.000000000000e+00
0.000000000000e+00
0.000000000000e+00
0.000000000000e+00
0.000000000000e+00
0.000000000000e+00
0.000000000000e+00
0.000000000000e+00
0.000000000000e+00
0.000000000000e+00
0.000000000000e+00
0.000000000000e+00
0.000000000000e+00
0.000000000000e+00
0.000000000000e+00
0.000000000000e+00
0.000000000000e+00
0.000000000000e+00
0.000000000000e+00
0.000000000000e+00
0.000000000000e+00
0.000000000000e+00
0.000000000000e+00
0.000000000000e+00
0.000000000000e+00
0.000000000000e+00
0.000000000000e+00
0.000000000000e+00
0.000000000000e+00
0.000000000000e+00
0.000000000000e+00
0.000000000000e+00
0.000000000000e+00
0.000000000000e+00
0.000000000000e+00
0.000000000000e+00
0.000000000000e+00
0.000000000000e+00
0.000000000000e+00
0.000000000000e+00
0.000000000000e+00
0.000000000000e+00
0.000000000000e+00
0.000000000000e+00
0.000000000000e+00
0.000000000000e+00
0.000000000000e+00
0.000000000000e+00
0.000000000000e+00
0.000000000000e+00
0.000000000000e+00
0.000000000000e+00
0.000000000000e+00
0.000000000000e+00
0.000000000000e+00
0.000000000000e+00
0.000000000000e+00
0.000000000000e+00
0.000000000000e+00
0.000000000000e+00
0.000000000000e+00
0.000000000000e+00
0.000000000000e+00
0.000000000000e+00
0.000000000000e+00
0.000000000000e+00
0.000000000000e+00
0.000000000000e+00
0.000000000000e+00
0.000000000000e+00
0.000000000000e+00
0.000000000000e+00
0.000000000000e+00
0.000000000000e+00
0.000000000000e+00
0.000000000000e+00
0.000000000000e+00
0.000000000000e+00
0.000000000000e+00
0.000000000000e+00
0.000000000000e+00
0.000000000000e+00
0.000000000000e+00
0.000000000000e+00
0.000000000000e+00
0.000000000000e+00
0.000000000000e+00
0.000000000000e+00
0.000000000000e+00
0.000000000000e+00
0.000000000000e+00
0.000000000000e+00
0.000000000000e+00
0.000000000000e+00
0.000000000000e+00
0.000000000000e+00
0.000000000000e+00
0.000000000000e+00
0.000000000000e+00
0.000000000000e+00
0.000000000000e+00
0.000000000000e+00
0.000000000000e+00
0.000000000000e+00
0.000000000000e+00
0.000000000000e+00
0.000000000000e+00
0.000000000000e+00
0.000000000000e+00
0.000000000000e+00
0.000000000000e+00
0.000000000000e+00
0.000000000000e+00
0.000000000000e+00
0.000000000000e+00
0.000000000000e+00
0.000000000000e+00
0.000000000000e+00
0.000000000000e+00
0.000000000000e+00
0.000000000000e+00
0.000000000000e+00
0.000000000000e+00
0.000000000000e+00
0.000000000000e+00
0.000000000000e+00
0.000000000000e+00
0.000000000000e+00
0.000000000000e+00
0.000000000000e+00
0.000000000000e+00
0.000000000000e+00
0.000000000000e+00
0.000000000000e+00
0.000000000000e+00
0.000000000000e+00
0.000000000000e+00
0.000000000000e+00
0.000000000000e+00
0.000000000000e+00
0.000000000000e+00
0.000000000000e+00
0.000000000000e+00
0.000000000000e+00
0.000000000000e+00
0.000000000000e+00
0.000000000000e+00
0.000000000000e+00
0.000000000000e+00
0.000000000000e+00
0.000000000000e+00
0.000000000000e+00
0.000000000000e+00
0.000000000000e+00
0.000000000000e+00
0.000000000000e+00
0.000000000000e+00
0.000000000000e+00
0.000000000000e+00
0.000000000000e+00
0.000000000000e+00
0.000000000000e+00
0.000000000000e+00
0.000000000000e+00
0.000000000000e+00
0.000000000000e+00
0.000000000000e+00
0.000000000000e+00
0.000000000000e+00
0.000000000000e+00
0.000000000000e+00
0.000000000000e+00
0.000000000000e+00
0.000000000000e+00
0.000000000000e+00
0.000000000000e+00
0.000000000000e+00
0.000000000000e+00
0.000000000000e+00
0.000000000000e+00
0.000000000000e+00
0.000000000000e+00
0.000000000000e+00
0.000000000000e+00
0.000000000000e+00
0.000000000000e+00
0.000000000000e+00
0.000000000000e+00
0.000000000000e+00
0.000000000000e+00
0.000000000000e+00
0.000000000000e+00
0.000000000000e+00
0.000000000000e+00
0.000000000000e+00
0.000000000000e+00
0.000000000000e+00
0.000000000000e+00
0.000000000000e+00
0.000000000000e+00
0.000000000000e+00
0.000000000000e+00
0.000000000000e+00
0.000000000000e+00
0.000000000000e+00
0.000000000000e+00
0.000000000000e+00
0.000000000000e+00
0.000000000000e+00
0.000000000000e+00
0.000000000000e+00
0.000000000000e+00
0.000000000000e+00
0.000000000000e+00
0.000000000000e+00
0.000000000000e+00
0.000000000000e+00
0.000000000000e+00
0.000000000000e+00
0.000000000000e+00
0.000000000000e+00
0.000000000000e+00
0.000000000000e+00
0.000000000000e+00
0.000000000000e+00
0.000000000000e+00
0.000000000000e+00
0.000000000000e+00
0.000000000000e+00
0.000000000000e+00
0.000000000000e+00
0.000000000000e+00
0.000000000000e+00
0.000000000000e+00
0.000000000000e+00
0.000000000000e+00
0.000000000000e+00
0.000000000000e+00
0.000000000000e+00
0.000000000000e+00
0.000000000000e+00
0.000000000000e+00
0.000000000000e+00
0.000000000000e+00
0.000000000000e+00
0.000000000000e+00
0.000000000000e+00
0.000000000000e+00
0.000000000000e+00
0.000000000000e+00
0.000000000000e+00
0.000000000000e+00
0.000000000000e+00
0.000000000000e+00
0.000000000000e+00
0.000000000000e+00
0.000000000000e+00
0.000000000000e+00
0.000000000000e+00
0.000000000000e+00
0.000000000000e+00
0.000000000000e+00
0.000000000000e+00
0.000000000000e+00
0.000000000000e+00
0.000000000000e+00
0.000000000000e+00
0.000000000000e+00
0.000000000000e+00
0.000000000000e+00
0.000000000000e+00
0.000000000000e+00
0.000000000000e+00
0.000000000000e+00
0.000000000000e+00
0.000000000000e+00
0.000000000000e+00
0.000000000000e+00
0.000000000000e+00
0.000000000000e+00
0.000000000000e+00
0.000000000000e+00
0.000000000000e+00
0.000000000000e+00
0.000000000000e+00
0.000000000000e+00
0.000000000000e+00
0.000000000000e+00
0.000000000000e+00
0.000000000000e+00
0.000000000000e+00
0.000000000000e+00
0.000000000000e+00
0.000000000000e+00
0.000000000000e+00
0.000000000000e+00
0.000000000000e+00
0.000000000000e+00
0.000000000000e+00
1.177415128858e+02
1.028422700143e+02
9.339387059571e+01
9.283436062579e+01
9.773537144807e+01
1.029420398504e+02
1.211134089855e+02
0.000000000000e+00
0.000000000000e+00
0.000000000000e+00
0.000000000000e+00
0.000000000000e+00
0.000000000000e+00
0.000000000000e+00
0.000000000000e+00
0.000000000000e+00
0.000000000000e+00
0.000000000000e+00
0.000000000000e+00
0.000000000000e+00
0.000000000000e+00
0.000000000000e+00
0.000000000000e+00
0.000000000000e+00
1.056639832640e+02
7.815636403065e+01
6.087327372956e+01
6.015072377444e+01
6.502279116031e+01
8.669901656498e+01
1.035759198857e+02
0.000000000000e+00
0.000000000000e+00
0.000000000000e+00
0.000000000000e+00
0.000000000000e+00
0.000000000000e+00
0.000000000000e+00
0.000000000000e+00
0.000000000000e+00
0.000000000000e+00
0.000000000000e+00
0.000000000000e+00
0.000000000000e+00
0.000000000000e+00
0.000000000000e+00
0.000000000000e+00
0.000000000000e+00
1.014725607558e+02
7.211488082751e+01
5.250344043300e+01
4.956311187351e+01
5.512607775252e+01
8.175893281470e+01
1.090052469176e+02
0.000000000000e+00
0.000000000000e+00
0.000000000000e+00
0.000000000000e+00
0.000000000000e+00
0.000000000000e+00
0.000000000000e+00
0.000000000000e+00
0.000000000000e+00
0.000000000000e+00
0.000000000000e+00
0.000000000000e+00
0.000000000000e+00
0.000000000000e+00
0.000000000000e+00
0.000000000000e+00
0.000000000000e+00
1.039210184429e+02
7.183826991170e+01
5.150969743223e+01
5.014147165276e+01
5.392276546283e+01
7.968926763550e+01
1.068375985425e+02
0.000000000000e+00
0.000000000000e+00
0.000000000000e+00
0.000000000000e+00
0.000000000000e+00
0.000000000000e+00
0.000000000000e+00
0.000000000000e+00
0.000000000000e+00
0.000000000000e+00
0.000000000000e+00
0.000000000000e+00
0.000000000000e+00
0.000000000000e+00
0.000000000000e+00
0.000000000000e+00
0.000000000000e+00
1.024623540790e+02
8.171821846422e+01
6.246993025103e+01
6.014512273008e+01
6.510838396308e+01
8.487173983476e+01
1.095715611672e+02
0.000000000000e+00
0.000000000000e+00
0.000000000000e+00
0.000000000000e+00
0.000000000000e+00
0.000000000000e+00
0.000000000000e+00
0.000000000000e+00
0.000000000000e+00
0.000000000000e+00
0.000000000000e+00
0.000000000000e+00
0.000000000000e+00
0.000000000000e+00
0.000000000000e+00
0.000000000000e+00
0.000000000000e+00
1.203266055237e+02
1.020256191139e+02
9.780416623331e+01
9.251521502251e+01
9.655540346116e+01
1.064410754007e+02
1.208709519753e+02
0.000000000000e+00
0.000000000000e+00
0.000000000000e+00
0.000000000000e+00
0.000000000000e+00
0.000000000000e+00
0.000000000000e+00
0.000000000000e+00
0.000000000000e+00
0.000000000000e+00
0.000000000000e+00
0.000000000000e+00
0.000000000000e+00
0.000000000000e+00
0.000000000000e+00
0.000000000000e+00
0.000000000000e+00
0.000000000000e+00
0.000000000000e+00
0.000000000000e+00
0.000000000000e+00
0.000000000000e+00
0.000000000000e+00
0.000000000000e+00
0.000000000000e+00
0.000000000000e+00
0.000000000000e+00
0.000000000000e+00
0.000000000000e+00
0.000000000000e+00
0.000000000000e+00
0.000000000000e+00
0.000000000000e+00
0.000000000000e+00
0.000000000000e+00
0.000000000000e+00
0.000000000000e+00
0.000000000000e+00
0.000000000000e+00
0.000000000000e+00
0.000000000000e+00
0.000000000000e+00
0.000000000000e+00
0.000000000000e+00
0.000000000000e+00
0.000000000000e+00
0.000000000000e+00
0.000000000000e+00
0.000000000000e+00
0.000000000000e+00
0.000000000000e+00
0.000000000000e+00
0.000000000000e+00
0.000000000000e+00
0.000000000000e+00
0.000000000000e+00
0.000000000000e+00
0.000000000000e+00
0.000000000000e+00
0.000000000000e+00
0.000000000000e+00
0.000000000000e+00
0.000000000000e+00
0.000000000000e+00
0.000000000000e+00
0.000000000000e+00
0.000000000000e+00
0.000000000000e+00
0.000000000000e+00
0.000000000000e+00
0.000000000000e+00
0.000000000000e+00
0.000000000000e+00
0.000000000000e+00
0.000000000000e+00
0.000000000000e+00
0.000000000000e+00
0.000000000000e+00
SCALARS active_contact float 1
LOOKUP_TABLE default
0.000000000000e+00
0.000000000000e+00
0.000000000000e+00
0.000000000000e+00
0.000000000000e+00
0.000000000000e+00
0.000000000000e+00
0.000000000000e+00
0.000000000000e+00
0.000000000000e+00
0.000000000000e+00
0.000000000000e+00
0.000000000000e+00
0.000000000000e+00
0.000000000000e+00
0.000000000000e+00
0.000000000000e+00
0.000000000000e+00
0.000000000000e+00
0.000000000000e+00
0.000000000000e+00
0.000000000000e+00
0.000000000000e+00
0.000000000000e+00
0.000000000000e+00
0.000000000000e+00
0.000000000000e+00
0.000000000000e+00
0.000000000000e+00
0.000000000000e+00
0.000000000000e+00
0.000000000000e+00
0.000000000000e+00
0.000000000000e+00
0.000000000000e+00
0.000000000000e+00
0.000000000000e+00
0.000000000000e+00
0.000000000000e+00
0.000000000000e+00
0.000000000000e+00
0.000000000000e+00
0.000000000000e+00
0.000000000000e+00
0.000000000000e+00
0.000000000000e+00
0.000000000000e+00
0.000000000000e+00
0.000000000000e+00
0.000000000000e+00
0.000000000000e+00
0.000000000000e+00
0.000000000000e+00
0.000000000000e+00
0.000000000000e+00
0.000000000000e+00
0.000000000000e+00
0.000000000000e+00
0.000000000000e+00
0.000000000000e+00
0.000000000000e+00
0.000000000000e+00
0.000000000000e+00
0.000000000000e+00
0.000000000000e+00
0.000000000000e+00
0.000000000000e+00
0.000000000000e+00
0.000000000000e+00
0.000000000000e+00
0.000000000000e+00
0.000000000000e+00
0.000000000000e+00
0.000000000000e+00
0.000000000000e+00
0.000000000000e+00
0.000000000000e+00
0.000000000000e+00
0.000000000000e+00
0.000000000000e+00
0.000000000000e+00
0.000000000000e+00
0.000000000000e+00
0.000000000000e+00
0.000000000000e+00
0.000000000000e+00
0.000000000000e+00
0.000000000000e+00
0.000000000000e+00
0.000000000000e+00
0.000000000000e+00
0.000000000000e+00
0.000000000000e+00
0.000000000000e+00
0.000000000000e+00
0.000000000000e+00
0.000000000000e+00
0.000000000000e+00
0.000000000000e+00
0.000000000000e+00
0.000000000000e+00
0.000000000000e+00
0.000000000000e+00
0.000000000000e+00
0.000000000000e+00
0.000000000000e+00
0.000000000000e+00
0.000000000000e+00
0.000000000000e+00
0.000000000000e+00
0.000000000000e+00
0.000000000000e+00
0.000000000000e+00
0.000000000000e+00
0.000000000000e+00
0.000000000000e+00
0.000000000000e+00
0.000000000000e+00
0.000000000000e+00
0.000000000000e+00
0.000000000000e+00
0.000000000000e+00
0.000000000000e+00
0.000000000000e+00
0.000000000000e+00
0.000000000000e+00
0.000000000000e+00
0.000000000000e+00
0.000000000000e+00
0.000000000000e+00
0.000000000000e+00
0.000000000000e+00
0.000000000000e+00
0.000000000000e+00
0.000000000000e+00
0.000000000000e+00
0.000000000000e+00
0.000000000000e+00
0.000000000000e+00
0.000000000000e+00
0.000000000000e+00
0.000000000000e+00
0.000000000000e+00
0.000000000000e+00
0.000000000000e+00
0.000000000000e+00
0.000000000000e+00
0.000000000000e+00
0.000000000000e+00
0.000000000000e+00
0.000000000000e+00
0.000000000000e+00
0.000000000000e+00
0.000000000000e+00
0.000000000000e+00
0.000000000000e+00
0.000000000000e+00
0.000000000000e+00
0.000000000000e+00
0.000000000000e+00
0.000000000000e+00
0.000000000000e+00
0.000000000000e+00
0.000000000000e+00
0.000000000000e+00
0.000000000000e+00
0.000000000000e+00
0.000000000000e+00
0.000000000000e+00
0.000000000000e+00
0.000000000000e+00
0.000000000000e+00
0.000000000000e+00
0.000000000000e+00
0.000000000000e+00
0.000000000000e+00
0.000000000000e+00
0.000000000000e+00
0.000000000000e+00
0.000000000000e+00
0.000000000000e+00
0.000000000000e+00
0.000000000000e+00
0.000000000000e+00
0.000000000000e+00
0.000000000000e+00
0.000000000000e+00
0.000000000000e+00
0.000000000000e+00
0.000000000000e+00
0.000000000000e+00
0.000000000000e+00
0.000000000000e+00
0.000000000000e+00
0.000000000000e+00
0.000000000000e+00
0.000000000000e+00
0.000000000000e+00
0.000000000000e+00
0.000000000000e+00
0.000000000000e+00
0.000000000000e+00
0.000000000000e+00
0.000000000000e+00
0.000000000000e+00
0.000000000000e+00
0.000000000000e+00
0.000000000000e+00
0.000000000000e+00
0.000000000000e+00
0.000000000000e+00
0.000000000000e+00
0.000000000000e+00
0.000000000000e+00
0.000000000000e+00
0.000000000000e+00
0.000000000000e+00
0.000000000000e+00
0.000000000000e+00
0.000000000000e+00
0.000000000000e+00
0.000000000000e+00
0.000000000000e+00
0.000000000000e+00
0.000000000000e+00
0.000000000000e+00
0.000000000000e+00
0.000000000000e+00
0.000000000000e+00
0.000000000000e+00
0.000000000000e+00
0.000000000000e+00
0.000000000000e+00
0.000000000000e+00
0.000000000000e+00
0.000000000000e+00
0.000000000000e+00
0.000000000000e+00
0.000000000000e+00
0.000000000000e+00
0.000000000000e+00
0.000000000000e+00
0.000000000000e+00
0.000000000000e+00
0.000000000000e+00
0.000000000000e+00
0.000000000000e+00
0.000000000000e+00
0.000000000000e+00
0.000000000000e+00
0.000000000000e+00
0.000000000000e+00
0.000000000000e+00
0.000000000000e+00
0.000000000000e+00
0.000000000000e+00
0.000000000000e+00
0.000000000000e+00
0.000000000000e+00
0.000000000000e+00
0.000000000000e+00
0.000000000000e+00
0.000000000000e+00
0.000000000000e+00
0.000000000000e+00
0.000000000000e+00
0.000000000000e+00
0.000000000000e+00
0.000000000000e+00
0.000000000000e+00
0.000000000000e+00
0.000000000000e+00
0.000000000000e+00
0.000000000000e+00
0.000000000000e+00
0.000000000000e+00
0.000000000000e+00
0.000000000000e+00
0.000000000000e+00
0.000000000000e+00
0.000000000000e+00
0.000000000000e+00
0.000000000000e+00
0.000000000000e+00
0.000000000000e+00
0.000000000000e+00
0.000000000000e+00
0.000000000000e+00
0.000000000000e+00
0.000000000000e+00
0.000000000000e+00
0.000000000000e+00
0.000000000000e+00
0.000000000000e+00
0.000000000000e+00
0.000000000000e+00
0.000000000000e+00
0.000000000000e+00
0.000000000000e+00
0.000000000000e+00
0.000000000000e+00
0.000000000000e+00
0.000000000000e+00
0.000000000000e+00
0.000000000000e+00
0.000000000000e+00
0.000000000000e+00
0.000000000000e+00
0.000000000000e+00
0.000000000000e+00
0.000000000000e+00
0.000000000000e+00
0.000000000000e+00
0.000000000000e+00
0.000000000000e+00
0.000000000000e+00
0.000000000000e+00
0.000000000000e+00
0.000000000000e+00
0.000000000000e+00
0.000000000000e+00
0.000000000000e+00
0.000000000000e+00
0.000000000000e+00
0.000000000000e+00
0.000000000000e+00
0.000000000000e+00
0.000000000000e+00
0.000000000000e+00
0.000000000000e+00
0.000000000000e+00
0.000000000000e+00
0.000000000000e+00
0.000000000000e+00
0.000000000000e+00
0.000000000000e+00
0.000000000000e+00
0.000000000000e+00
0.000000000000e+00
0.000000000000e+00
0.000000000000e+00
0.000000000000e+00
0.000000000000e+00
0.000000000000e+00
0.000000000000e+00
0.000000000000e+00
0.000000000000e+00
0.000000000000e+00
0.000000000000e+00
0.000000000000e+00
0.000000000000e+00
0.000000000000e+00
0.000000000000e+00
0.000000000000e+00
0.000000000000e+00
0.000000000000e+00
0.000000000000e+00
0.000000000000e+00
0.000000000000e+00
0.000000000000e+00
0.000000000000e+00
0.000000000000e+00
0.000000000000e+00
0.000000000000e+00
0.000000000000e+00
0.000000000000e+00
0.000000000000e+00
0.000000000000e+00
0.000000000000e+00
0.000000000000e+00
0.000000000000e+00
0.000000000000e+00
0.000000000000e+00
0.000000000000e+00
0.000000000000e+00
0.000000000000e+00
0.000000000000e+00
0.000000000000e+00
0.000000000000e+00
0.000000000000e+00
0.000000000000e+00
0.000000000000e+00
0.000000000000e+00
0.000000000000e+00
0.000000000000e+00
0.000000000000e+00
0.000000000000e+00
0.000000000000e+00
0.000000000000e+00
0.000000000000e+00
0.000000000000e+00
0.000000000000e+00
0.000000000000e+00
0.000000000000e+00
0.000000000000e+00
0.000000000000e+00
0.000000000000e+00
0.000000000000e+00
0.000000000000e+00
0.000000000000e+00
0.000000000000e+00
0.000000000000e+00
0.000000000000e+00
0.000000000000e+00
0.000000000000e+00
0.000000000000e+00
0.000000000000e+00
0.000000000000e+00
0.000000000000e+00
0.000000000000e+00
0.000000000000e+00
0.000000000000e+00
0.000000000000e+00
0.000000000000e+00
0.000000000000e+00
0.000000000000e+00
0.000000000000e+00
0.000000000000e+00
0.000000000000e+00
0.000000000000e+00
0.000000000000e+00
0.000000000000e+00
0.000000000000e+00
0.000000000000e+00
0.000000000000e+00
0.000000000000e+00
0.000000000000e+00
0.000000000000e+00
0.000000000000e+00
0.000000000000e+00
0.000000000000e+00
0.000000000000e+00
0.000000000000e+00
0.000000000000e+00
0.000000000000e+00
0.000000000000e+00
0.000000000000e+00
0.000000000000e+00
0.000000000000e+00
0.000000000000e+00
0.000000000000e+00
0.000000000000e+00
0.000000000000e+00
0.000000000000e+00
0.000000000000e+00
0.000000000000e+00
0.000000000000e+00
0.000000000000e+00
0.000000000000e+00
0.000000000000e+00
0.000000000000e+00
0.000000000000e+00
0.000000000000e+00
0.000000000000e+00
0.000000000000e+00
0.000000000000e+00
0.000000000000e+00
0.000000000000e+00
0.000000000000e+00
0.000000000000e+00
0.000000000000e+00
0.000000000000e+00
0.000000000000e+00
0.000000000000e+00
0.000000000000e+00
0.000000000000e+00
0.000000000000e+00
0.000000000000e+00
0.000000000000e+00
0.000000000000e+00
0.000000000000e+00
0.000000000000e+00
0.000000000000e+00
0.000000000000e+00
0.000000000000e+00
0.000000000000e+00
0.000000000000e+00
0.000000000000e+00
0.000000000000e+00
0.000000000000e+00
0.000000000000e+00
0.000000000000e+00
0.000000000000e+00
0.000000000000e+00
0.000000000000e+00
0.000000000000e+00
0.000000000000e+00
0.000000000000e+00
0.000000000000e+00
0.000000000000e+00
0.000000000000e+00
0.000000000000e+00
0.000000000000e+00
0.000000000000e+00
0.000000000000e+00
0.000000000000e+00
0.000000000000e+00
0.000000000000e+00
0.000000000000e+00
0.000000000000e+00
0.000000000000e+00
0.000000000000e+00
0.000000000000e+00
0.000000000000e+00
0.000000000000e+00
0.000000000000e+00
0.000000000000e+00
0.000000000000e+00
0.000000000000e+00
0.000000000000e+00
0.000000000000e+00
0.000000000000e+00
0.000000000000e+00
0.000000000000e+00
0.000000000000e+00
0.000000000000e+00
0.000000000000e+00
0.000000000000e+00
0.000000000000e+00
0.000000000000e+00
0.000000000000e+00
0.000000000000e+00
0.000000000000e+00
0.000000000000e+00
0.000000000000e+00
0.000000000000e+00
0.000000000000e+00
0.000000000000e+00
0.000000000000e+00
0.000000000000e+00
0.000000000000e+00
0.000000000000e+00
0.000000000000e+00
0.000000000000e+00
0.000000000000e+00
0.000000000000e+00
0.000000000000e+00
0.000000000000e+00
0.000000000000e+00
0.000000000000e+00
0.000000000000e+00
0.000000000000e+00
0.000000000000e+00
0.000000000000e+00
0.000000000000e+00
0.000000000000e+00
0.000000000000e+00
0.000000000000e+00
0.000000000000e+00
0.000000000000e+00
0.000000000000e+00
0.000000000000e+00
0.000000000000e+00
0.000000000000e+00
0.000000000000e+00
0.000000000000e+00
0.000000000000e+00
0.000000000000e+00
0.000000000000e+00
0.000000000000e+00
0.000000000000e+00
0.000000000000e+00
0.000000000000e+00
0.000000000000e+00
0.000000000000e+00
0.000000000000e+00
0.000000000000e+00
0.000000000000e+00
0.000000000000e+00
0.000000000000e+00
0.000000000000e+00
0.000000000000e+00
0.000000000000e+00
0.000000000000e+00
0.000000000000e+00
0.000000000000e+00
0.000000000000e+00
0.000000000000e+00
0.000000000000e+00
0.000000000000e+00
0.000000000000e+00
0.000000000000e+00
0.000000000000e+00
0.000000000000e+00
0.000000000000e+00
0.000000000000e+00
0.000000000000e+00
0.000000000000e+00
0.000000000000e+00
0.000000000000e+00
0.000000000000e+00
0.000000000000e+00
0.000000000000e+00
0.000000000000e+00
0.000000000000e+00
0.000000000000e+00
0.000000000000e+00
0.000000000000e+00
0.000000000000e+00
0.000000000000e+00
0.000000000000e+00
0.000000000000e+00
0.000000000000e+00
0.000000000000e+00
0.000000000000e+00
0.000000000000e+00
0.000000000000e+00
0.000000000000e+00
0.000000000000e+00
0.000000000000e+00
0.000000000000e+00
0.000000000000e+00
0.000000000000e+00
0.000000000000e+00
0.000000000000e+00
0.000000000000e+00
0.000000000000e+00
0.000000000000e+00
0.000000000000e+00
0.000000000000e+00
0.000000000000e+00
0.000000000000e+00
0.000000000000e+00
0.000000000000e+00
0.000000000000e+00
0.000000000000e+00
0.000000000000e+00
0.000000000000e+00
0.000000000000e+00
0.000000000000e+00
0.000000000000e+00
0.000000000000e+00
0.000000000000e+00
0.000000000000e+00
0.000000000000e+00
0.000000000000e+00
0.000000000000e+00
0.000000000000e+00
0.000000000000e+00
0.000000000000e+00
0.000000000000e+00
0.000000000000e+00
0.000000000000e+00
0.000000000000e+00
0.000000000000e+00
0.000000000000e+00
0.000000000000e+00
0.000000000000e+00
0.000000000000e+00
0.000000000000e+00
0.000000000000e+00
0.000000000000e+00
0.000000000000e+00
0.000000000000e+00
0.000000000000e+00
0.000000000000e+00
0.000000000000e+00
0.000000000000e+00
0.000000000000e+00
0.000000000000e+00
0.000000000000e+00
0.000000000000e+00
0.000000000000e+00
0.000000000000e+00
0.000000000000e+00
0.000000000000e+00
0.000000000000e+00
0.000000000000e+00
0.000000000000e+00
0.000000000000e+00
0.000000000000e+00
0.000000000000e+00
0.000000000000e+00
0.000000000000e+00
0.000000000000e+00
0.000000000000e+00
0.000000000000e+00
0.000000000000e+00
0.000000000000e+00
0.000000000000e+00
0.000000000000e+00
0.000000000000e+00
0.000000000000e+00
0.000000000000e+00
0.000000000000e+00
0.000000000000e+00
0.000000000000e+00
0.000000000000e+00
0.000000000000e+00
0.000000000000e+00
0.000000000000e+00
0.000000000000e+00
0.000000000000e+00
0.000000000000e+00
0.000000000000e+00
0.000000000000e+00
0.000000000000e+00
0.000000000000e+00
0.000000000000e+00
0.000000000000e+00
0.000000000000e+00
0.000000000000e+00
0.000000000000e+00
0.000000000000e+00
0.000000000000e+00
0.000000000000e+00
0.000000000000e+00
0.000000000000e+00
0.000000000000e+00
0.000000000000e+00
0.000000000000e+00
0.000000000000e+00
0.000000000000e+00
0.000000000000e+00
0.000000000000e+00
0.000000000000e+00
0.000000000000e+00
0.000000000000e+00
0.000000000000e+00
0.000000000000e+00
0.000000000000e+00
0.000000000000e+00
0.000000000000e+00
0.000000000000e+00
0.000000000000e+00
0.000000000000e+00
0.000000000000e+00
0.000000000000e+00
0.000000000000e+00
0.000000000000e+00
0.000000000000e+00
0.000000000000e+00
0.000000000000e+00
0.000000000000e+00
0.000000000000e+00
0.000000000000e+00
0.000000000000e+00
0.000000000000e+00
0.000000000000e+00
0.000000000000e+00
0.000000000000e+00
0.000000000000e+00
0.000000000000e+00
0.000000000000e+00
0.000000000000e+00
0.000000000000e+00
0.000000000000e+00
0.000000000000e+00
0.000000000000e+00
0.000000000000e+00
0.000000000000e+00
0.000000000000e+00
0.000000000000e+00
0.000000000000e+00
0.000000000000e+00
0.000000000000e+00
0.000000000000e+00
0.000000000000e+00
0.000000000000e+00
0.000000000000e+00
0.000000000000e+00
0.000000000000e+00
0.000000000000e+00
0.000000000000e+00
0.000000000000e+00
0.000000000000e+00
0.000000000000e+00
0.000000000000e+00
0.000000000000e+00
0.000000000000e+00
0.000000000000e+00
0.000000000000e+00
0.000000000000e+00
0.000000000000e+00
0.000000000000e+00
0.000000000000e+00
0.000000000000e+00
0.000000000000e+00
0.000000000000e+00
0.000000000000e+00
0.000000000000e+00
0.000000000000e+00
0.000000000000e+00
0.000000000000e+00
0.000000000000e+00
0.000000000000e+00
0.000000000000e+00
0.000000000000e+00
0.000000000000e+00
0.000000000000e+00
0.000000000000e+00
0.000000000000e+00
0.000000000000e+00
0.000000000000e+00
0.000000000000e+00
0.000000000000e+00
0.000000000000e+00
0.000000000000e+00
0.000000000000e+00
0.000000000000e+00
0.000000000000e+00
0.000000000000e+00
0.000000000000e+00
0.000000000000e+00
0.000000000000e+00
0.000000000000e+00
0.000000000000e+00
0.000000000000e+00
0.000000000000e+00
0.000000000000e+00
0.000000000000e+00
0.000000000000e+00
0.000000000000e+00
0.000000000000e+00
0.000000000000e+00
0.000000000000e+00
0.000000000000e+00
0.000000000000e+00
0.000000000000e+00
0.000000000000e+00
0.000000000000e+00
0.000000000000e+00
0.000000000000e+00
0.000000000000e+00
0.000000000000e+00
0.000000000000e+00
0.000000000000e+00
0.000000000000e+00
0.000000000000e+00
0.000000000000e+00
0.000000000000e+00
0.000000000000e+00
0.000000000000e+00
0.000000000000e+00
0.000000000000e+00
0.000000000000e+00
0.000000000000e+00
0.000000000000e+00
0.000000000000e+00
0.000000000000e+00
0.000000000000e+00
0.000000000000e+00
0.000000000000e+00
0.000000000000e+00
0.000000000000e+00
0.000000000000e+00
0.000000000000e+00
0.000000000000e+00
0.000000000000e+00
0.000000000000e+00
0.000000000000e+00
0.000000000000e+00
0.000000000000e+00
0.000000000000e+00
0.000000000000e+00
0.000000000000e+00
0.000000000000e+00
0.000000000000e+00
0.000000000000e+00
0.000000000000e+00
0.000000000000e+00
0.000000000000e+00
0.000000000000e+00
0.000000000000e+00
0.000000000000e+00
0.000000000000e+00
0.000000000000e+00
0.000000000000e+00
0.000000000000e+00
0.000000000000e+00
0.000000000000e+00
0.000000000000e+00
0.000000000000e+00
0.000000000000e+00
0.000000000000e+00
0.000000000000e+00
0.000000000000e+00
0.000000000000e+00
0.000000000000e+00
0.000000000000e+00
0.000000000000e+00
0.000000000000e+00
0.000000000000e+00
0.000000000000e+00
0.000000000000e+00
0.000000000000e+00
0.000000000000e+00
0.000000000000e+00
0.000000000000e+00
0.000000000000e+00
0.000000000000e+00
0.000000000000e+00
0.000000000000e+00
0.000000000000e+00
0.000000000000e+00
0.000000000000e+00
0.000000000000e+00
0.000000000000e+00
0.000000000000e+00
0.000000000000e+00
0.000000000000e+00
0.000000000000e+00
0.000000000000e+00
0.000000000000e+00
0.000000000000e+00
0.000000000000e+00
0.000000000000e+00
0.000000000000e+00
0.000000000000e+00
0.000000000000e+00
0.000000000000e+00
0.000000000000e+00
0.000000000000e+00
0.000000000000e+00
0.000000000000e+00
0.000000000000e+00
0.000000000000e+00
0.000000000000e+00
0.000000000000e+00
0.000000000000e+00
0.000000000000e+00
0.000000000000e+00
0.000000000000e+00
0.000000000000e+00
0.000000000000e+00
0.000000000000e+00
0.000000000000e+00
0.000000000000e+00
0.000000000000e+00
0.000000000000e+00
0.000000000000e+00
0.000000000000e+00
0.000000000000e+00
0.000000000000e+00
0.000000000000e+00
0.000000000000e+00
0.000000000000e+00
0.000000000000e+00
0.000000000000e+00
0.000000000000e+00
0.000000000000e+00
0.000000000000e+00
0.000000000000e+00
0.000000000000e+00
0.000000000000e+00
0.000000000000e+00
0.000000000000e+00
1.000000000000e+00
1.000000000000e+00
1.000000000000e+00
1.000000000000e+00
1.000000000000e+00
1.000000000000e+00
1.000000000000e+00
0.000000000000e+00
0.000000000000e+00
0.000000000000e+00
0.000000000000e+00
0.000000000000e+00
0.000000000000e+00
0.000000000000e+00
0.000000000000e+00
0.000000000000e+00
0.000000000000e+00
0.000000000000e+00
0.000000000000e+00
0.000000000000e+00
0.000000000000e+00
0.000000000000e+00
0.000000000000e+00
0.000000000000e+00
1.000000000000e+00
1.000000000000e+00
1.000000000000e+00
1.000000000000e+00
1.000000000000e+00
1.000000000000e+00
1.000000000000e+00
0.000000000000e+00
0.000000000000e+00
0.000000000000e+00
0.000000000000e+00
0.000000000000e+00
0.000000000000e+00
0.000000000000e+00
0.000000000000e+00
0.000000000000e+00
0.000000000000e+00
0.000000000000e+00
0.000000000000e+00
0.000000000000e+00
0.000000000000e+00
0.000000000000e+00
0.000000000000e+00
0.000000000000e+00
1.000000000000e+00
1.000000000000e+00
1.000000000000e+00
1.000000000000e+00
1.000000000000e+00
1.000000000000e+00
1.000000000000e+00
0.000000000000e+00
0.000000000000e+00
0.000000000000e+00
0.000000000000e+00
0.000000000000e+00
0.000000000000e+00
0.000000000000e+00
0.000000000000e+00
0.000000000000e+00
0.000000000000e+00
0.000000000000e+00
0.000000000000e+00
0.000000000000e+00
0.000000000000e+00
0.000000000000e+00
0.000000000000e+00
0.000000000000e+00
1.000000000000e+00
1.000000000000e+00
1.000000000000e+00
1.000000000000e+00
1.000000000000e+00
1.000000000000e+00
1.000000000000e+00
0.000000000000e+00
0.000000000000e+00
0.000000000000e+00
0.000000000000e+00
0.000000000000e+00
0.000000000000e+00
0.000000000000e+00
0.000000000000e+00
0.000000000000e+00
0.000000000000e+00
0.000000000000e+00
0.000000000000e+00
0.000000000000e+00
0.000000000000e+00
0.000000000000e+00
0.000000000000e+00
0.000000000000e+00
1.000000000000e+00
1.000000000000e+00
1.000000000000e+00
1.000000000000e+00
1.000000000000e+00
1.000000000000e+00
1.000000000000e+00
0.000000000000e+00
0.000000000000e+00
0.000000000000e+00
0.000000000000e+00
0.000000000000e+00
0.000000000000e+00
0.000000000000e+00
0.000000000000e+00
0.000000000000e+00
0.000000000000e+00
0.000000000000e+00
0.000000000000e+00
0.000000000000e+00
0.000000000000e+00
0.000000000000e+00
0.000000000000e+00
0.000000000000e+00
1.000000000000e+00
1.000000000000e+00
1.000000000000e+00
1.000000000000e+00
1.000000000000e+00
1.000000000000e+00
1.000000000000e+00
0.000000000000e+00
0.000000000000e+00
0.000000000000e+00
0.000000000000e+00
0.000000000000e+00
0.000000000000e+00
0.000000000000e+00
0.000000000000e+00
0.000000000000e+00
0.000000000000e+00
0.000000000000e+00
0.000000000000e+00
0.000000000000e+00
0.000000000000e+00
0.000000000000e+00
0.000000000000e+00
0.000000000000e+00
0.000000000000e+00
0.000000000000e+00
0.000000000000e+00
0.000000000000e+00
0.000000000000e+00
0.000000000000e+00
0.000000000000e+00
0.000000000000e+00
0.000000000000e+00
0.000000000000e+00
0.000000000000e+00
0.000000000000e+00
0.000000000000e+00
0.000000000000e+00
0.000000000000e+00
0.000000000000e+00
0.000000000000e+00
0.000000000000e+00
0.000000000000e+00
0.000000000000e+00
0.000000000000e+00
0.000000000000e+00
0.000000000000e+00
0.000000000000e+00
0.000000000000e+00
0.000000000000e+00
0.000000000000e+00
0.000000000000e+00
0.000000000000e+00
0.000000000000e+00
0.000000000000e+00
0.000000000000e+00
0.000000000000e+00
0.000000000000e+00
0.000000000000e+00
0.000000000000e+00
0.000000000000e+00
0.000000000000e+00
0.000000000000e+00
0.000000000000e+00
0.000000000000e+00
0.000000000000e+00
0.000000000000e+00
0.000000000000e+00
0.000000000000e+00
0.000000000000e+00
0.000000000000e+00
0.000000000000e+00
0.000000000000e+00
0.000000000000e+00
0.000000000000e+00
0.000000000000e+00
0.000000000000e+00
0.000000000000e+00
0.000000000000e+00
0.000000000000e+00
0.000000000000e+00
0.000000000000e+00
0.000000000000e+00
0.000000000000e+00
0.000000000000e+00
