source,time,sphere_mean_uz,sphere_center_z,beam_tip_mean_uz,beam_max_abs_u,max_von_mises,max_strain_norm,_combined_u,min_gap,active_samples,sfc_solve_wall_seconds,time_integrator,mass_matrix,explicit_algorithm,contact_path,sfc_contact_backend,contact_stiffness
abaqus,0.0,0.0,0.06899999999999826,0.0,0.0,0.0,5.824185591233188e-05,"[[0. 0. 0.]
 [0. 0. 0.]
 [0. 0. 0.]
 ...
 [0. 0. 0.]
 [0. 0. 0.]
 [0. 0. 0.]]",,,,,,,,,
abaqus,0.0010100000072270632,-0.0012170039299593495,0.06778299607003893,-5.003590811755556e-06,5.4383854150556005e-06,5580.262811909205,5.75746786821802e-05,"[[ 0.00000000e+00  0.00000000e+00  0.00000000e+00]
 [-3.56194249e-07 -1.67898890e-07 -2.42775627e-07]
 [-5.55499696e-07 -1.47722844e-07 -5.24948462e-07]
 ...
 [-1.82871144e-12 -4.99444670e-12 -1.21700403e-03]
 [-3.08200319e-12 -3.04372434e-12 -1.21700414e-03]
 [-1.63479755e-12 -2.39994309e-12 -1.21700391e-03]]",,,,,,,,,
abaqus,0.0020099999383091927,-0.002431818300417344,0.06656818169958093,-1.9822205811333333e-05,2.1665087844545938e-05,11658.636890167576,6.801100399526867e-05,"[[ 0.00000000e+00  0.00000000e+00  0.00000000e+00]
 [-7.40497398e-07 -3.86444725e-07 -4.06117891e-07]
 [-1.22371125e-06 -3.91756572e-07 -9.10530730e-07]
 ...
 [ 3.80652888e-12 -5.61640491e-12 -2.43181852e-03]
 [ 1.11064673e-12 -1.96925180e-12 -2.43181852e-03]
 [-2.31386676e-12  6.58384263e-13 -2.43181828e-03]]",,,,,,,,,
abaqus,0.003000000026077032,-0.0036441491319801262,0.06535585086801814,-4.4926920398000006e-05,4.8375455712794395e-05,17764.97375555204,8.869618240548224e-05,"[[ 0.00000000e+00  0.00000000e+00  0.00000000e+00]
 [-1.12550924e-06 -6.11003657e-07 -5.50861671e-07]
 [-1.89586569e-06 -6.54548387e-07 -1.25591089e-06]
 ...
 [-6.06022827e-13  2.05577100e-11 -3.64414928e-03]
 [ 6.41117714e-12  2.44705350e-11 -3.64414928e-03]
 [-5.95739213e-12  1.53544954e-11 -3.64414905e-03]]",,,,,,,,,
abaqus,0.004009999800473452,-0.0048713544017380305,0.06412864559826024,-7.760008383155556e-05,0.00014559349983932847,195127.83523076287,0.07943755454294102,"[[ 0.00000000e+00  0.00000000e+00  0.00000000e+00]
 [-1.51677852e-06 -8.45731790e-07 -6.89295121e-07]
 [-2.58899035e-06 -9.29145983e-07 -1.59151386e-06]
 ...
 [-1.59178285e-06  3.96438509e-07 -4.54929331e-03]
 [-1.84892417e-06  1.52890593e-07 -4.54847421e-03]
 [-5.02288515e-07 -1.09887978e-07 -4.22764011e-03]]",,,,,,,,,
abaqus,0.005009999964386225,-0.005992365365411923,0.06300763463458635,-7.343418740955554e-05,0.00039761186912455545,463772.35896578844,0.13561466893237278,"[[ 0.00000000e+00  0.00000000e+00  0.00000000e+00]
 [-2.01015109e-06 -1.03645664e-06 -1.11327972e-06]
 [-3.28674855e-06 -1.11487407e-06 -2.37824861e-06]
 ...
 [ 7.11722942e-06 -1.63941979e-06 -4.87740710e-03]
 [ 7.14626867e-06 -6.90877016e-07 -4.87706671e-03]
 [-1.77560153e-07  3.54695899e-08 -4.53437027e-03]]",,,,,,,,,
abaqus,0.006000000052154064,-0.007009494305993676,0.06199050569400459,2.3106265709555553e-05,0.000846399049294141,612220.9797093903,0.19391865483675352,"[[ 0.00000000e+00  0.00000000e+00  0.00000000e+00]
 [ 1.86026156e-07  4.50587436e-07  9.38307494e-08]
 [-7.74709186e-09  4.51411950e-07 -2.95229256e-07]
 ...
 [ 1.00618127e-05 -3.31381079e-06 -5.38611366e-03]
 [ 9.87586191e-06 -2.13662543e-06 -5.38618676e-03]
 [ 1.93994015e-06 -1.13490195e-07 -5.00476034e-03]]",,,,,,,,,
abaqus,0.007009999826550484,-0.007873305962131889,0.06112669403786639,6.0717502815555544e-05,0.0015302211796145225,662499.321778101,0.20866898925159624,"[[ 0.00000000e+00  0.00000000e+00  0.00000000e+00]
 [ 2.68972394e-06  1.34564948e-06  1.56532042e-06]
 [ 4.50285370e-06  1.20336199e-06  3.63728032e-06]
 ...
 [ 7.31379350e-06 -1.43275702e-06 -6.07758947e-03]
 [ 6.70368218e-06 -7.23282199e-07 -6.07560994e-03]
 [ 4.19180788e-06 -1.55237032e-07 -5.68243582e-03]]",,,,,,,,,
abaqus,0.008009999990463257,-0.008504284853271907,0.06049571514672636,-0.00015065533936666666,0.002381579098409267,724499.7905933531,0.19723337369928182,"[[ 0.00000000e+00  0.00000000e+00  0.00000000e+00]
 [ 1.82969916e-06 -1.10099521e-07  3.14484350e-06]
 [ 2.13509156e-06 -2.09626546e-06  7.19772652e-06]
 ...
 [-2.62374419e-06 -1.64505622e-07 -6.91356976e-03]
 [-3.81317704e-06 -4.46559795e-07 -6.91293972e-03]
 [-1.29013620e-06  7.87923398e-08 -6.53752079e-03]]",,,,,,,,,
abaqus,0.00901000015437603,-0.008946179110274616,0.06005382088972365,-0.0007578620169755557,0.003233322066591525,690146.7209380398,0.15821241707847408,"[[ 0.00000000e+00  0.00000000e+00  0.00000000e+00]
 [-8.30777117e-06 -6.49066987e-06 -6.75208867e-08]
 [-1.65247184e-05 -9.57347038e-06 -1.25123188e-06]
 ...
 [-1.18174330e-06 -7.06364460e-07 -7.73523608e-03]
 [-1.49802145e-06 -7.47875220e-07 -7.73591781e-03]
 [-1.93526557e-06 -6.53257217e-08 -7.37097254e-03]]",,,,,,,,,
abaqus,0.010009999386966228,-0.00925391906403252,0.059746080935965735,-0.0018748715856666666,0.0040240200420814795,575592.3064397397,0.09606379582737513,"[[ 0.00000000e+00  0.00000000e+00  0.00000000e+00]
 [-2.94311249e-05 -1.80534407e-05 -9.34069976e-06]
 [-5.23056078e-05 -2.18867644e-05 -2.33391765e-05]
 ...
 [ 3.76473599e-06 -1.20173058e-06 -8.46078061e-03]
 [ 3.91047342e-06 -5.75569402e-07 -8.46019015e-03]
 [ 1.03802631e-06 -5.48602600e-07 -8.14483687e-03]]",,,,,,,,,
abaqus,0.011009999550879002,-0.009444587391994582,0.059555412608003684,-0.003378861883777778,0.004724673050154339,859192.9560369819,0.07043517855491435,"[[ 0.00000000e+00  0.00000000e+00  0.00000000e+00]
 [-5.09586098e-05 -2.93797912e-05 -2.00124923e-05]
 [-8.93858305e-05 -3.38746831e-05 -4.73505352e-05]
 ...
 [ 1.94473214e-05 -4.62483376e-06 -9.09793749e-03]
 [ 2.01206276e-05 -2.55773102e-06 -9.09711234e-03]
 [ 5.31105707e-06 -6.69030783e-07 -8.81728344e-03]]",,,,,,,,,
abaqus,0.012000000104308128,-0.009618723671626016,0.05938127632837225,-0.005094515780666666,0.005423032576356758,1126123.8954840165,0.02910729311219831,"[[ 0.00000000e+00  0.00000000e+00  0.00000000e+00]
 [-6.65591433e-05 -3.84702653e-05 -2.62605026e-05]
 [-1.16559138e-04 -4.35264228e-05 -6.27299305e-05]
 ...
 [ 9.54622101e-06 -1.95205212e-06 -9.57952812e-03]
 [ 9.55558335e-06 -1.59647743e-06 -9.57938656e-03]
 [ 9.26986922e-06 -6.29694625e-07 -9.46108066e-03]]",,,,,,,,,
abaqus,0.013009999878704548,-0.009778641466323396,0.05922135853367488,-0.006841526563399998,0.006846024279545471,1226600.832634883,0.00890507623766306,"[[ 0.00000000e+00  0.00000000e+00  0.00000000e+00]
 [-7.27570441e-05 -4.18337149e-05 -2.84626149e-05]
 [-1.27470150e-04 -4.77398644e-05 -6.76186755e-05]
 ...
 [-8.87661008e-06  4.01382386e-06 -9.96173266e-03]
 [-9.25411223e-06  1.89714604e-06 -9.96148679e-03]
 [ 4.82000360e-06 -5.26952192e-07 -9.95147694e-03]]",,,,,,,,,
abaqus,0.014010000042617321,-0.009924292938772358,0.05907570706122592,-0.008498263959222223,0.008503842371744506,1094431.669930578,0.0075935485283084815,"[[ 0.00000000e+00  0.00000000e+00  0.00000000e+00]
 [-6.41733422e-05 -3.81126083e-05 -2.30814330e-05]
 [-1.12915790e-04 -4.47290804e-05 -5.54029830e-05]
 ...
 [ 9.64298670e-06 -4.07147309e-06 -9.82411206e-03]
 [ 9.92464265e-06 -3.16206797e-06 -9.82400775e-03]
 [ 3.56017335e-06 -8.56913971e-07 -9.82984342e-03]]",,,,,,,,,
abaqus,0.01500999927520752,-0.01010423443037308,0.0588957655696252,-0.010287985474444443,0.01029166352238302,839787.3590855775,0.010753702681016703,"[[ 0.00000000e+00  0.00000000e+00  0.00000000e+00]
 [-4.84866760e-05 -2.94069268e-05 -1.60369091e-05]
 [-8.48118798e-05 -3.53363685e-05 -3.86200845e-05]
 ...
 [ 2.79410961e-06  1.97352620e-06 -1.00803915e-02]
 [ 2.53428880e-06  1.99995043e-06 -1.00805685e-02]
 [ 3.45552689e-06 -1.25705606e-06 -1.00905113e-02]]",,,,,,,,,
abaqus,0.016009999439120293,-0.010274402521391147,0.058725597478607124,-0.012364796466222221,0.012371417423812314,572179.092560579,0.009827615764613188,"[[ 0.00000000e+00  0.00000000e+00  0.00000000e+00]
 [-3.05541107e-05 -2.01746043e-05 -7.03521073e-06]
 [-5.48327262e-05 -2.54171737e-05 -1.77822076e-05]
 ...
 [ 1.31469024e-05 -2.25808321e-06 -1.02310097e-02]
 [ 1.32910682e-05 -1.46629361e-06 -1.02306157e-02]
 [ 6.64028266e-06 -1.54489851e-06 -1.02174766e-02]]",,,,,,,,,
abaqus,0.017009999603033066,-0.010449874147651311,0.05855012585234695,-0.014836775759555556,0.014848571695365362,552555.5117816277,0.009777591170114805,"[[ 0.00000000e+00  0.00000000e+00  0.00000000e+00]
 [-2.24645992e-05 -1.60283671e-05 -2.61561945e-06]
 [-4.19147873e-05 -2.14114061e-05 -7.85058364e-06]
 ...
 [ 5.25188443e-06 -1.81251301e-06 -1.05059035e-02]
 [ 4.61562013e-06 -2.36777032e-06 -1.05057796e-02]
 [ 1.02092563e-05 -1.81074370e-06 -1.04680480e-02]]",,,,,,,,,
abaqus,0.01800999976694584,-0.010658586859530264,0.05834141314046799,-0.017611332320888885,0.01763705204021214,490222.57092843443,0.010180029329869379,"[[ 0.00000000e+00  0.00000000e+00  0.00000000e+00]
 [-2.60484048e-05 -1.77650836e-05 -4.59887087e-06]
 [-4.75553388e-05 -2.28489880e-05 -1.27223320e-05]
 ...
 [ 6.07679249e-06 -4.86833642e-07 -1.07022095e-02]
 [ 6.18187187e-06 -1.37394568e-06 -1.07022878e-02]
 [ 1.10115361e-05 -1.75197476e-06 -1.06832031e-02]]",,,,,,,,,
abaqus,0.019009999930858612,-0.010875903026233062,0.0581240969737652,-0.020395348097111108,0.020440640142350197,534731.1731273877,0.011205203711644993,"[[ 0.00000000e+00  0.00000000e+00  0.00000000e+00]
 [-2.98117884e-05 -1.96878209e-05 -7.21588731e-06]
 [-5.30299949e-05 -2.49487257e-05 -1.79936178e-05]
 ...
 [ 2.12192026e-05 -3.90379819e-06 -1.07415430e-02]
 [ 2.16006738e-05 -2.39503220e-06 -1.07426196e-02]
 [ 1.18750686e-05 -1.90774267e-06 -1.07055288e-02]]",,,,,,,,,
abaqus,0.019999999552965164,-0.011074329124760616,0.05792567087523765,-0.02283800289888889,0.022904490671402617,651234.7425611288,0.0095660007312792,"[[ 0.00000000e+00  0.00000000e+00  0.00000000e+00]
 [-3.12674856e-05 -1.98356829e-05 -8.88295472e-06]
 [-5.46795345e-05 -2.46238760e-05 -2.16844492e-05]
 ...
 [ 1.62571814e-05 -3.63154527e-06 -1.09926462e-02]
 [ 1.58230905e-05 -2.80589529e-06 -1.09923836e-02]
 [ 1.06458392e-05 -2.08161737e-06 -1.09875668e-02]]",,,,,,,,,
sfc_lagrangian_sdf,0.0,0.0,0.06899999999999826,0.0,0.0,,,,0.004256654158786663,0,7.332142800092697,explicit,lumped,central_difference,MaterialSDF+LagrangianSDFContactOracle,structured-top,5000000000.0
sfc_lagrangian_sdf,1e-05,-1.20004905e-05,0.06898799950949826,-4.905000000000002e-10,4.905000000000003e-10,,,,0.004244654158786665,0,7.332142800092697,explicit,lumped,central_difference,MaterialSDF+LagrangianSDFContactOracle,structured-top,5000000000.0
sfc_lagrangian_sdf,2e-05,-2.4001962e-05,0.06897599803799827,-1.962000000000001e-09,1.9620000000000013e-09,,,,0.004232654158786663,0,7.332142800092697,explicit,lumped,central_difference,MaterialSDF+LagrangianSDFContactOracle,structured-top,5000000000.0
sfc_lagrangian_sdf,3.0000000000000004e-05,-3.600441449999999e-05,0.06896399558549826,-4.4145000000000004e-09,4.414500000000003e-09,,,,0.004220654158786669,0,7.332142800092697,explicit,lumped,central_difference,MaterialSDF+LagrangianSDFContactOracle,structured-top,5000000000.0
sfc_lagrangian_sdf,4e-05,-4.8007848e-05,0.06895199215199825,-7.848000000000004e-09,7.848220802155493e-09,,,,0.00420865415878666,0,7.332142800092697,explicit,lumped,central_difference,MaterialSDF+LagrangianSDFContactOracle,structured-top,5000000000.0
sfc_lagrangian_sdf,5e-05,-6.001226249999999e-05,0.06893998773749825,-1.2262500000000005e-08,1.2264160818410863e-08,,,,0.004196654158786662,0,7.332142800092697,explicit,lumped,central_difference,MaterialSDF+LagrangianSDFContactOracle,structured-top,5000000000.0
sfc_lagrangian_sdf,6.000000000000001e-05,-7.2017658e-05,0.06892798234199828,-1.7658000000000002e-08,1.766407276237791e-08,,,,0.004184654158786667,0,7.332142800092697,explicit,lumped,central_difference,MaterialSDF+LagrangianSDFContactOracle,structured-top,5000000000.0
sfc_lagrangian_sdf,7.000000000000001e-05,-8.40240345e-05,0.06891597596549826,-2.403450000000001e-08,2.4047952745229516e-08,,,,0.004172654158786666,0,7.332142800092697,explicit,lumped,central_difference,MaterialSDF+LagrangianSDFContactOracle,structured-top,5000000000.0
sfc_lagrangian_sdf,8e-05,-9.6031392e-05,0.06890396860799826,-3.1392000000000014e-08,3.1410298289460126e-08,,,,0.004160654158786664,0,7.332142800092697,explicit,lumped,central_difference,MaterialSDF+LagrangianSDFContactOracle,structured-top,5000000000.0
sfc_lagrangian_sdf,9e-05,-0.0001080397305,0.06889196026949826,-3.97305e-08,3.978178937723853e-08,,,,0.004148654158786666,0,7.332142800092697,explicit,lumped,central_difference,MaterialSDF+LagrangianSDFContactOracle,structured-top,5000000000.0
sfc_lagrangian_sdf,0.0001,-0.00012004904999999999,0.06887995094999827,-4.9050000000000006e-08,4.916853101566563e-08,,,,0.004136654158786661,0,7.332142800092697,explicit,lumped,central_difference,MaterialSDF+LagrangianSDFContactOracle,structured-top,5000000000.0
sfc_lagrangian_sdf,0.00011,-0.00013205935049999997,0.06886794064949826,-5.935049999999999e-08,5.958591753265117e-08,,,,0.004124654158786659,0,7.332142800092697,explicit,lumped,central_difference,MaterialSDF+LagrangianSDFContactOracle,structured-top,5000000000.0
sfc_lagrangian_sdf,0.00012000000000000002,-0.00014407063200000002,0.06885592936799825,-7.063200000000001e-08,7.103832370069601e-08,,,,0.004112654158786661,0,7.332142800092697,explicit,lumped,central_difference,MaterialSDF+LagrangianSDFContactOracle,structured-top,5000000000.0
sfc_lagrangian_sdf,0.00013000000000000002,-0.0001560828945,0.06884391710549827,-8.289450000000003e-08,8.351093832520397e-08,,,,0.004100654158786663,0,7.332142800092697,explicit,lumped,central_difference,MaterialSDF+LagrangianSDFContactOracle,structured-top,5000000000.0
sfc_lagrangian_sdf,0.00014000000000000001,-0.00016809613800000003,0.06883190386199826,-9.613800000000006e-08,9.6960786134638e-08,,,,0.004088654158786658,0,7.332142800092697,explicit,lumped,central_difference,MaterialSDF+LagrangianSDFContactOracle,structured-top,5000000000.0
sfc_lagrangian_sdf,0.00015000000000000001,-0.0001801103625,0.06881988963749826,-1.103625e-07,1.1131321883218888e-07,,,,0.004076654158786663,0,7.332142800092697,explicit,lumped,central_difference,MaterialSDF+LagrangianSDFContactOracle,structured-top,5000000000.0
sfc_lagrangian_sdf,0.00016,-0.00019212556799999997,0.06880787443199828,-1.2556800000000006e-07,1.2701611634181332e-07,,,,0.004064654158786669,0,7.332142800092697,explicit,lumped,central_difference,MaterialSDF+LagrangianSDFContactOracle,structured-top,5000000000.0
sfc_lagrangian_sdf,0.00017,-0.00020414175449999996,0.06879585824549828,-1.417545e-07,1.4382905773751053e-07,,,,0.004052654158786664,0,7.332142800092697,explicit,lumped,central_difference,MaterialSDF+LagrangianSDFContactOracle,structured-top,5000000000.0
sfc_lagrangian_sdf,0.00018,-0.00021615892199999996,0.06878384107799826,-1.58922e-07,1.6170582784588213e-07,,,,0.0040406541587866655,0,7.332142800092697,explicit,lumped,central_difference,MaterialSDF+LagrangianSDFContactOracle,structured-top,5000000000.0
sfc_lagrangian_sdf,0.00019,-0.0002281770705,0.06877182292949827,-1.7707050000000002e-07,1.8058026327594935e-07,,,,0.0040286541587866605,0,7.332142800092697,explicit,lumped,central_difference,MaterialSDF+LagrangianSDFContactOracle,structured-top,5000000000.0
sfc_lagrangian_sdf,0.0002,-0.00024019619999999996,0.06875980379999827,-1.9620000000000008e-07,2.0035818283821274e-07,,,,0.004016654158786662,0,7.332142800092697,explicit,lumped,central_difference,MaterialSDF+LagrangianSDFContactOracle,structured-top,5000000000.0
sfc_lagrangian_sdf,0.00021,-0.0002522163105,0.06874778368949826,-2.1631050000000005e-07,2.209219578174781e-07,,,,0.004004654158786664,0,7.332142800092697,explicit,lumped,central_difference,MaterialSDF+LagrangianSDFContactOracle,structured-top,5000000000.0
sfc_lagrangian_sdf,0.00022,-0.000264237402,0.06873576259799827,-2.37402e-07,2.431912069976655e-07,,,,0.003992654158786663,0,7.332142800092697,explicit,lumped,central_difference,MaterialSDF+LagrangianSDFContactOracle,structured-top,5000000000.0
sfc_lagrangian_sdf,0.00023,-0.00027625947450000005,0.06872374052549828,-2.5947450000000005e-07,2.6674111577214114e-07,,,,0.003980654158786668,0,7.332142800092697,explicit,lumped,central_difference,MaterialSDF+LagrangianSDFContactOracle,structured-top,5000000000.0
sfc_lagrangian_sdf,0.00024000000000000003,-0.00028828252799999995,0.06871171747199825,-2.8252800000000003e-07,2.9131302099038806e-07,,,,0.0039686541587866594,0,7.332142800092697,explicit,lumped,central_difference,MaterialSDF+LagrangianSDFContactOracle,structured-top,5000000000.0
sfc_lagrangian_sdf,0.00025,-0.00030030656249999994,0.06869969343749827,-3.0656250000000014e-07,3.168027493734376e-07,,,,0.003956654158786661,0,7.332142800092697,explicit,lumped,central_difference,MaterialSDF+LagrangianSDFContactOracle,structured-top,5000000000.0
sfc_lagrangian_sdf,0.00026000000000000003,-0.00031233157799999997,0.06868766842199826,-3.315780000000001e-07,3.4308842949669573e-07,,,,0.00394465415878666,0,7.332142800092697,explicit,lumped,central_difference,MaterialSDF+LagrangianSDFContactOracle,structured-top,5000000000.0
sfc_lagrangian_sdf,0.00027,-0.0003243575745,0.06867564242549827,-3.575745000000001e-07,3.70037684530675e-07,,,,0.003932654158786662,0,7.332142800092697,explicit,lumped,central_difference,MaterialSDF+LagrangianSDFContactOracle,structured-top,5000000000.0
sfc_lagrangian_sdf,0.00028000000000000003,-0.000336384552,0.06866361544799827,-3.84552e-07,3.990841032587081e-07,,,,0.003920654158786667,0,7.332142800092697,explicit,lumped,central_difference,MaterialSDF+LagrangianSDFContactOracle,structured-top,5000000000.0
sfc_lagrangian_sdf,0.00029,-0.0003484125105,0.06865158748949826,-4.1251049999999994e-07,4.2961327365221866e-07,,,,0.003908654158786669,0,7.332142800092697,explicit,lumped,central_difference,MaterialSDF+LagrangianSDFContactOracle,structured-top,5000000000.0
sfc_lagrangian_sdf,0.00030000000000000003,-0.00036044144999999996,0.06863955854999827,-4.4145e-07,4.610893797010516e-07,,,,0.0038966541587866638,0,7.332142800092697,explicit,lumped,central_difference,MaterialSDF+LagrangianSDFContactOracle,structured-top,5000000000.0
sfc_lagrangian_sdf,0.00031,-0.0003724713705,0.06862752862949827,-4.7137050000000003e-07,4.933826739611123e-07,,,,0.003884654158786662,0,7.332142800092697,explicit,lumped,central_difference,MaterialSDF+LagrangianSDFContactOracle,structured-top,5000000000.0
sfc_lagrangian_sdf,0.00032,-0.00038450227199999994,0.06861549772799827,-5.022720000000002e-07,5.263522589864958e-07,,,,0.0038726541587866606,0,7.332142800092697,explicit,lumped,central_difference,MaterialSDF+LagrangianSDFContactOracle,structured-top,5000000000.0
sfc_lagrangian_sdf,0.00033000000000000005,-0.0003965341545,0.06860346584549827,-5.341545000000002e-07,5.59854583937723e-07,,,,0.0038606541587866625,0,7.332142800092697,explicit,lumped,central_difference,MaterialSDF+LagrangianSDFContactOracle,structured-top,5000000000.0
sfc_lagrangian_sdf,0.00034,-0.0004085670179999999,0.06859143298199825,-5.67018e-07,5.954807100121895e-07,,,,0.0038486541587866643,0,7.332142800092697,explicit,lumped,central_difference,MaterialSDF+LagrangianSDFContactOracle,structured-top,5000000000.0
sfc_lagrangian_sdf,0.00035000000000000005,-0.0004206008625,0.06857939913749826,-6.008625000000003e-07,6.331177057242298e-07,,,,0.0038366541587866627,0,7.332142800092697,explicit,lumped,central_difference,MaterialSDF+LagrangianSDFContactOracle,structured-top,5000000000.0
sfc_lagrangian_sdf,0.00036,-0.00043263568799999997,0.06856736431199825,-6.356880000000001e-07,6.715666486293889e-07,,,,0.003824654158786661,0,7.332142800092697,explicit,lumped,central_difference,MaterialSDF+LagrangianSDFContactOracle,structured-top,5000000000.0
sfc_lagrangian_sdf,0.00037000000000000005,-0.00044467149449999987,0.06855532850549827,-6.714945000000002e-07,7.106794648362458e-07,,,,0.003812654158786663,0,7.332142800092697,explicit,lumped,central_difference,MaterialSDF+LagrangianSDFContactOracle,structured-top,5000000000.0
sfc_lagrangian_sdf,0.00038,-0.0004567082819999999,0.06854329171799825,-7.082820000000002e-07,7.503167056052392e-07,,,,0.003800654158786658,0,7.332142800092697,explicit,lumped,central_difference,MaterialSDF+LagrangianSDFContactOracle,structured-top,5000000000.0
sfc_lagrangian_sdf,0.00039000000000000005,-0.00046874605049999993,0.06853125394949826,-7.460505e-07,7.903573437492243e-07,,,,0.0037886541587866633,0,7.332142800092697,explicit,lumped,central_difference,MaterialSDF+LagrangianSDFContactOracle,structured-top,5000000000.0
sfc_lagrangian_sdf,0.0004,-0.0004807848,0.06851921519999826,-7.848000000000003e-07,8.321662922475613e-07,,,,0.0037766541587866582,0,7.332142800092697,explicit,lumped,central_difference,MaterialSDF+LagrangianSDFContactOracle,structured-top,5000000000.0
sfc_lagrangian_sdf,0.00041000000000000005,-0.0004928245304999999,0.06850717546949828,-8.245305000000002e-07,8.767962746700097e-07,,,,0.00376465415878666,0,7.332142800092697,explicit,lumped,central_difference,MaterialSDF+LagrangianSDFContactOracle,structured-top,5000000000.0
sfc_lagrangian_sdf,0.00042,-0.000504865242,0.06849513475799826,-8.652420000000004e-07,9.220897125717628e-07,,,,0.0037526541587866655,0,7.332142800092697,explicit,lumped,central_difference,MaterialSDF+LagrangianSDFContactOracle,structured-top,5000000000.0
sfc_lagrangian_sdf,0.00043000000000000004,-0.0005169069345,0.06848309306549827,-9.069345000000005e-07,9.679225591875071e-07,,,,0.003740654158786664,0,7.332142800092697,explicit,lumped,central_difference,MaterialSDF+LagrangianSDFContactOracle,structured-top,5000000000.0
sfc_lagrangian_sdf,0.00044,-0.000528949608,0.06847105039199826,-9.496080000000006e-07,1.014190698297935e-06,,,,0.0037286541587866623,0,7.332142800092697,explicit,lumped,central_difference,MaterialSDF+LagrangianSDFContactOracle,structured-top,5000000000.0
sfc_lagrangian_sdf,0.00045000000000000004,-0.0005409932625,0.06845900673749827,-9.932625000000006e-07,1.0608136531479406e-06,,,,0.0037166541587866607,0,7.332142800092697,explicit,lumped,central_difference,MaterialSDF+LagrangianSDFContactOracle,structured-top,5000000000.0
sfc_lagrangian_sdf,0.00046,-0.000553037898,0.06844696210199826,-1.0378980000000008e-06,1.1080654963299674e-06,,,,0.0037046541587866626,0,7.332142800092697,explicit,lumped,central_difference,MaterialSDF+LagrangianSDFContactOracle,structured-top,5000000000.0
sfc_lagrangian_sdf,0.00047000000000000004,-0.0005650835145,0.06843491648549827,-1.0835145000000006e-06,1.159555193053906e-06,,,,0.003692654158786661,0,7.332142800092697,explicit,lumped,central_difference,MaterialSDF+LagrangianSDFContactOracle,structured-top,5000000000.0
sfc_lagrangian_sdf,0.00048000000000000007,-0.000577130112,0.06842286988799826,-1.1301120000000005e-06,1.2116077990138132e-06,,,,0.003680654158786663,0,7.332142800092697,explicit,lumped,central_difference,MaterialSDF+LagrangianSDFContactOracle,structured-top,5000000000.0
sfc_lagrangian_sdf,0.0004900000000000001,-0.0005891776905,0.06841082230949827,-1.1776905000000007e-06,1.264132584047477e-06,,,,0.0036686541587866613,0,7.332142800092697,explicit,lumped,central_difference,MaterialSDF+LagrangianSDFContactOracle,structured-top,5000000000.0
sfc_lagrangian_sdf,0.0005,-0.0006012262499999999,0.06839877374999827,-1.2262500000000012e-06,1.317064424489922e-06,,,,0.003656654158786663,0,7.332142800092697,explicit,lumped,central_difference,MaterialSDF+LagrangianSDFContactOracle,structured-top,5000000000.0
sfc_lagrangian_sdf,0.00051,-0.0006132757905,0.06838672420949826,-1.275790500000001e-06,1.3703636924020097e-06,,,,0.003644654158786665,0,7.332142800092697,explicit,lumped,central_difference,MaterialSDF+LagrangianSDFContactOracle,structured-top,5000000000.0
sfc_lagrangian_sdf,0.0005200000000000001,-0.0006253263119999999,0.06837467368799827,-1.3263120000000009e-06,1.4240129389119315e-06,,,,0.0036326541587866634,0,7.332142800092697,explicit,lumped,central_difference,MaterialSDF+LagrangianSDFContactOracle,structured-top,5000000000.0
sfc_lagrangian_sdf,0.0005300000000000001,-0.0006373778145,0.06836262218549827,-1.377814500000001e-06,1.4802390515912615e-06,,,,0.003620654158786662,0,7.332142800092697,explicit,lumped,central_difference,MaterialSDF+LagrangianSDFContactOracle,structured-top,5000000000.0
sfc_lagrangian_sdf,0.00054,-0.000649430298,0.06835056970199826,-1.4302980000000013e-06,1.5389952873859145e-06,,,,0.0036086541587866602,0,7.332142800092697,explicit,lumped,central_difference,MaterialSDF+LagrangianSDFContactOracle,structured-top,5000000000.0
sfc_lagrangian_sdf,0.00055,-0.0006614837625,0.06833851623749827,-1.483762500000001e-06,1.598227574677381e-06,,,,0.0035966541587866656,0,7.332142800092697,explicit,lumped,central_difference,MaterialSDF+LagrangianSDFContactOracle,structured-top,5000000000.0
sfc_lagrangian_sdf,0.0005600000000000001,-0.0006735382079999999,0.06832646179199826,-1.5382080000000012e-06,1.6579145107934365e-06,,,,0.0035846541587866605,0,7.332142800092697,explicit,lumped,central_difference,MaterialSDF+LagrangianSDFContactOracle,structured-top,5000000000.0
sfc_lagrangian_sdf,0.0005700000000000001,-0.0006855936345,0.06831440636549826,-1.5936345000000005e-06,1.7180524553526822e-06,,,,0.003572654158786659,0,7.332142800092697,explicit,lumped,central_difference,MaterialSDF+LagrangianSDFContactOracle,structured-top,5000000000.0
sfc_lagrangian_sdf,0.00058,-0.000697650042,0.06830234995799826,-1.6500420000000008e-06,1.7786475976245195e-06,,,,0.0035606541587866573,0,7.332142800092697,explicit,lumped,central_difference,MaterialSDF+LagrangianSDFContactOracle,structured-top,5000000000.0
sfc_lagrangian_sdf,0.00059,-0.0007097074304999999,0.06829029256949827,-1.7074305000000015e-06,1.839707194347393e-06,,,,0.0035486541587866627,0,7.332142800092697,explicit,lumped,central_difference,MaterialSDF+LagrangianSDFContactOracle,structured-top,5000000000.0
sfc_lagrangian_sdf,0.0006000000000000001,-0.0007217658,0.06827823419999828,-1.7658000000000007e-06,1.9031962443538467e-06,,,,0.003536654158786668,0,7.332142800092697,explicit,lumped,central_difference,MaterialSDF+LagrangianSDFContactOracle,structured-top,5000000000.0
sfc_lagrangian_sdf,0.0006100000000000001,-0.0007338251505000001,0.06826617484949828,-1.8251505000000014e-06,1.969270777153155e-06,,,,0.003524654158786656,0,7.332142800092697,explicit,lumped,central_difference,MaterialSDF+LagrangianSDFContactOracle,structured-top,5000000000.0
sfc_lagrangian_sdf,0.00062,-0.000745885482,0.06825411451799826,-1.8854820000000012e-06,2.035901973173206e-06,,,,0.003512654158786665,0,7.332142800092697,explicit,lumped,central_difference,MaterialSDF+LagrangianSDFContactOracle,structured-top,5000000000.0
sfc_lagrangian_sdf,0.00063,-0.0007579467945,0.06824205320549827,-1.946794500000002e-06,2.103092354411763e-06,,,,0.0035006541587866598,0,7.332142800092697,explicit,lumped,central_difference,MaterialSDF+LagrangianSDFContactOracle,structured-top,5000000000.0
sfc_lagrangian_sdf,0.00064,-0.0007700090880000001,0.06822999091199827,-2.0090880000000017e-06,2.170841498510394e-06,,,,0.0034886541587866617,0,7.332142800092697,explicit,lumped,central_difference,MaterialSDF+LagrangianSDFContactOracle,structured-top,5000000000.0
sfc_lagrangian_sdf,0.0006500000000000001,-0.0007820723624999999,0.06821792763749827,-2.0723625000000023e-06,2.239143363008253e-06,,,,0.003476654158786667,0,7.332142800092697,explicit,lumped,central_difference,MaterialSDF+LagrangianSDFContactOracle,structured-top,5000000000.0
sfc_lagrangian_sdf,0.0006600000000000001,-0.000794136618,0.06820586338199826,-2.1366180000000026e-06,2.3079864274114426e-06,,,,0.0034646541587866585,0,7.332142800092697,explicit,lumped,central_difference,MaterialSDF+LagrangianSDFContactOracle,structured-top,5000000000.0
sfc_lagrangian_sdf,0.00067,-0.0008062018544999999,0.06819379814549827,-2.2018545000000027e-06,2.3773557305738593e-06,,,,0.0034526541587866603,0,7.332142800092697,explicit,lumped,central_difference,MaterialSDF+LagrangianSDFContactOracle,structured-top,5000000000.0
sfc_lagrangian_sdf,0.00068,-0.0008182680720000002,0.06818173192799827,-2.2680720000000017e-06,2.4501136117074025e-06,,,,0.0034406541587866622,0,7.332142800092697,explicit,lumped,central_difference,MaterialSDF+LagrangianSDFContactOracle,structured-top,5000000000.0
sfc_lagrangian_sdf,0.0006900000000000001,-0.0008303352705000001,0.06816966472949827,-2.335270500000002e-06,2.5244704137546228e-06,,,,0.003428654158786664,0,7.332142800092697,explicit,lumped,central_difference,MaterialSDF+LagrangianSDFContactOracle,structured-top,5000000000.0
sfc_lagrangian_sdf,0.0007000000000000001,-0.00084240345,0.06815759654999827,-2.403450000000003e-06,2.599486596103805e-06,,,,0.0034166541587866625,0,7.332142800092697,explicit,lumped,central_difference,MaterialSDF+LagrangianSDFContactOracle,structured-top,5000000000.0
sfc_lagrangian_sdf,0.00071,-0.0008544726105,0.06814552738949825,-2.4726105000000024e-06,2.675157436537972e-06,,,,0.003404654158786661,0,7.332142800092697,explicit,lumped,central_difference,MaterialSDF+LagrangianSDFContactOracle,structured-top,5000000000.0
sfc_lagrangian_sdf,0.00072,-0.000866542752,0.06813345724799827,-2.5427520000000034e-06,2.7514720050034112e-06,,,,0.0033926541587866663,0,7.332142800092697,explicit,lumped,central_difference,MaterialSDF+LagrangianSDFContactOracle,structured-top,5000000000.0
sfc_lagrangian_sdf,0.0007300000000000001,-0.0008786138744999999,0.06812138612549826,-2.613874500000003e-06,2.8284144326351105e-06,,,,0.003380654158786675,0,7.332142800092697,explicit,lumped,central_difference,MaterialSDF+LagrangianSDFContactOracle,structured-top,5000000000.0
sfc_lagrangian_sdf,0.0007400000000000001,-0.000890685978,0.06810931402199825,-2.6859780000000034e-06,2.905966440904975e-06,,,,0.0033686541587867012,0,7.332142800092697,explicit,lumped,central_difference,MaterialSDF+LagrangianSDFContactOracle,structured-top,5000000000.0
sfc_lagrangian_sdf,0.00075,-0.0009027590625000001,0.06809724093749826,-2.7590625000000033e-06,2.9841102758039364e-06,,,,0.0033566541587867517,0,7.332142800092697,explicit,lumped,central_difference,MaterialSDF+LagrangianSDFContactOracle,structured-top,5000000000.0
sfc_lagrangian_sdf,0.00076,-0.000914833128,0.06808516687199828,-2.8331280000000038e-06,3.0637021938035084e-06,,,,0.0033446541587868438,0,7.332142800092697,explicit,lumped,central_difference,MaterialSDF+LagrangianSDFContactOracle,structured-top,5000000000.0
sfc_lagrangian_sdf,0.0007700000000000001,-0.0009269081745000001,0.06807309182549827,-2.9081745000000053e-06,3.1469260161289297e-06,,,,0.0033326541587870052,0,7.332142800092697,explicit,lumped,central_difference,MaterialSDF+LagrangianSDFContactOracle,structured-top,5000000000.0
sfc_lagrangian_sdf,0.0007800000000000001,-0.0009389842020000001,0.06806101579799827,-2.9842020000000057e-06,3.2308802589637694e-06,,,,0.003320654158787257,0,7.332142800092697,explicit,lumped,central_difference,MaterialSDF+LagrangianSDFContactOracle,structured-top,5000000000.0
sfc_lagrangian_sdf,0.00079,-0.0009510612104999999,0.06804893878949826,-3.061210500000005e-06,3.3155419192955687e-06,,,,0.003308654158787609,0,7.332142800092697,explicit,lumped,central_difference,MaterialSDF+LagrangianSDFContactOracle,structured-top,5000000000.0
sfc_lagrangian_sdf,0.0008,-0.0009631392000000001,0.06803686079999828,-3.1392000000000046e-06,3.400891871279201e-06,,,,0.003296654158787986,0,7.332142800092697,explicit,lumped,central_difference,MaterialSDF+LagrangianSDFContactOracle,structured-top,5000000000.0
sfc_lagrangian_sdf,0.0008100000000000001,-0.0009752181705000001,0.06802478182949825,-3.2181705000000056e-06,3.4869169438655882e-06,,,,0.0032846541587879044,0,7.332142800092697,explicit,lumped,central_difference,MaterialSDF+LagrangianSDFContactOracle,structured-top,5000000000.0
sfc_lagrangian_sdf,0.0008200000000000001,-0.000987298122,0.06801270187799827,-3.2981220000000047e-06,3.57361038033548e-06,,,,0.0032726541587845964,0,7.332142800092697,explicit,lumped,central_difference,MaterialSDF+LagrangianSDFContactOracle,structured-top,5000000000.0
sfc_lagrangian_sdf,0.0008300000000000001,-0.0009993790544999999,0.06800062094549826,-3.3790545000000047e-06,3.6609705646844667e-06,,,,0.0032606541587768857,0,7.332142800092697,explicit,lumped,central_difference,MaterialSDF+LagrangianSDFContactOracle,structured-top,5000000000.0
sfc_lagrangian_sdf,0.00084,-0.0010114609679999999,0.06798853903199827,-3.460968000000006e-06,3.748997888519696e-06,,,,0.003248654158761844,0,7.332142800092697,explicit,lumped,central_difference,MaterialSDF+LagrangianSDFContactOracle,structured-top,5000000000.0
sfc_lagrangian_sdf,0.0008500000000000001,-0.0010235438624999998,0.06797645613749827,-3.543862500000005e-06,3.837690118143019e-06,,,,0.003236654158735787,0,7.332142800092697,explicit,lumped,central_difference,MaterialSDF+LagrangianSDFContactOracle,structured-top,5000000000.0
sfc_lagrangian_sdf,0.0008600000000000001,-0.0010356277379999998,0.06796437226199825,-3.627738000000006e-06,3.930907653846242e-06,,,,0.003224654158694714,0,7.332142800092697,explicit,lumped,central_difference,MaterialSDF+LagrangianSDFContactOracle,structured-top,5000000000.0
sfc_lagrangian_sdf,0.0008700000000000001,-0.0010477125945,0.06795228740549827,-3.7125945000000074e-06,4.0249049988089265e-06,,,,0.0032126541586354196,0,7.332142800092697,explicit,lumped,central_difference,MaterialSDF+LagrangianSDFContactOracle,structured-top,5000000000.0
sfc_lagrangian_sdf,0.00088,-0.0010597984319999998,0.06794020156799825,-3.798432000000008e-06,4.11967068503201e-06,,,,0.0032006541585573554,0,7.332142800092697,explicit,lumped,central_difference,MaterialSDF+LagrangianSDFContactOracle,structured-top,5000000000.0
sfc_lagrangian_sdf,0.0008900000000000001,-0.0010718852504999995,0.06792811474949827,-3.885250500000005e-06,4.215194502349266e-06,,,,0.0031886541584654447,0,7.332142800092697,explicit,lumped,central_difference,MaterialSDF+LagrangianSDFContactOracle,structured-top,5000000000.0
sfc_lagrangian_sdf,0.0009000000000000001,-0.0010839730499999998,0.06791602694999826,-3.9730500000000085e-06,4.311460275780341e-06,,,,0.0031766541583737873,0,7.332142800092697,explicit,lumped,central_difference,MaterialSDF+LagrangianSDFContactOracle,structured-top,5000000000.0
sfc_lagrangian_sdf,0.0009100000000000001,-0.0010960618304999999,0.06790393816949826,-4.06183050000001e-06,4.4084449004732465e-06,,,,0.003164654158309941,0,7.332142800092697,explicit,lumped,central_difference,MaterialSDF+LagrangianSDFContactOracle,structured-top,5000000000.0
sfc_lagrangian_sdf,0.00092,-0.0011081515920000002,0.06789184840799826,-4.1515920000000084e-06,4.506119191023863e-06,,,,0.003152654158319213,0,7.332142800092697,explicit,lumped,central_difference,MaterialSDF+LagrangianSDFContactOracle,structured-top,5000000000.0
sfc_lagrangian_sdf,0.00093,-0.0011202423345,0.06787975766549827,-4.242334500000011e-06,4.604450526325267e-06,,,,0.003140654158396268,0,7.332142800092697,explicit,lumped,central_difference,MaterialSDF+LagrangianSDFContactOracle,structured-top,5000000000.0
sfc_lagrangian_sdf,0.0009400000000000001,-0.001132334058,0.06786766594199825,-4.334058000000011e-06,4.7034067043612014e-06,,,,0.0031286541585375735,0,7.332142800092697,explicit,lumped,central_difference,MaterialSDF+LagrangianSDFContactOracle,structured-top,5000000000.0
sfc_lagrangian_sdf,0.0009500000000000001,-0.0011444267625,0.06785557323749826,-4.426762500000012e-06,4.8033627160357316e-06,,,,0.0031166541587801626,0,7.332142800092697,explicit,lumped,central_difference,MaterialSDF+LagrangianSDFContactOracle,structured-top,5000000000.0
sfc_lagrangian_sdf,0.0009600000000000001,-0.001156520448,0.06784347955199826,-4.520448000000013e-06,4.907729698209593e-06,,,,0.0031046541592569393,0,7.332142800092697,explicit,lumped,central_difference,MaterialSDF+LagrangianSDFContactOracle,structured-top,5000000000.0
sfc_lagrangian_sdf,0.00097,-0.0011686151144999998,0.06783138488549827,-4.615114500000017e-06,5.0128437494478414e-06,,,,0.0030926541600620784,0,7.332142800092697,explicit,lumped,central_difference,MaterialSDF+LagrangianSDFContactOracle,structured-top,5000000000.0
sfc_lagrangian_sdf,0.0009800000000000002,-0.001180710762,0.06781928923799826,-4.710762000000016e-06,5.118674133850683e-06,,,,0.003080654161292367,0,7.332142800092697,explicit,lumped,central_difference,MaterialSDF+LagrangianSDFContactOracle,structured-top,5000000000.0
sfc_lagrangian_sdf,0.00099,-0.0011928073904999997,0.06780719260949827,-4.807390500000018e-06,5.225190517129292e-06,,,,0.0030686541630361927,0,7.332142800092697,explicit,lumped,central_difference,MaterialSDF+LagrangianSDFContactOracle,structured-top,5000000000.0
sfc_lagrangian_sdf,0.001,-0.001204905,0.06779509499999828,-4.905000000000019e-06,5.332366786523444e-06,,,,0.0030566541653573066,0,7.332142800092697,explicit,lumped,central_difference,MaterialSDF+LagrangianSDFContactOracle,structured-top,5000000000.0
sfc_lagrangian_sdf,0.00101,-0.0012170035905,0.06778299640949827,-5.0035905000000225e-06,5.440184245530725e-06,,,,0.0030446541682766365,0,7.332142800092697,explicit,lumped,central_difference,MaterialSDF+LagrangianSDFContactOracle,structured-top,5000000000.0
sfc_lagrangian_sdf,0.00102,-0.0012291031619999998,0.06777089683799827,-5.103162000000024e-06,5.5486327968214116e-06,,,,0.003032654171754478,0,7.332142800092697,explicit,lumped,central_difference,MaterialSDF+LagrangianSDFContactOracle,structured-top,5000000000.0
sfc_lagrangian_sdf,0.00103,-0.0012412037145,0.06775879628549827,-5.203714500000027e-06,5.657709800278138e-06,,,,0.0030206541756765543,0,7.332142800092697,explicit,lumped,central_difference,MaterialSDF+LagrangianSDFContactOracle,structured-top,5000000000.0
sfc_lagrangian_sdf,0.0010400000000000001,-0.001253305248,0.06774669475199827,-5.30524800000003e-06,5.767417359078171e-06,,,,0.003008654179847515,0,7.332142800092697,explicit,lumped,central_difference,MaterialSDF+LagrangianSDFContactOracle,structured-top,5000000000.0
sfc_lagrangian_sdf,0.0010500000000000002,-0.0012654077625,0.06773459223749825,-5.407762500000036e-06,5.8777590686652055e-06,,,,0.0029966541839957297,0,7.332142800092697,explicit,lumped,central_difference,MaterialSDF+LagrangianSDFContactOracle,structured-top,5000000000.0
sfc_lagrangian_sdf,0.0010600000000000002,-0.001277511258,0.06772248874199827,-5.51125800000004e-06,5.9926784761089484e-06,,,,0.0029846541877921497,0,7.332142800092697,explicit,lumped,central_difference,MaterialSDF+LagrangianSDFContactOracle,structured-top,5000000000.0
sfc_lagrangian_sdf,0.00107,-0.0012896157345,0.06771038426549827,-5.615734500000045e-06,6.10861518484883e-06,,,,0.002972654190884976,0,7.332142800092697,explicit,lumped,central_difference,MaterialSDF+LagrangianSDFContactOracle,structured-top,5000000000.0
sfc_lagrangian_sdf,0.00108,-0.001301721192,0.06769827880799827,-5.72119200000005e-06,6.225262197614365e-06,,,,0.002960654192949743,0,7.332142800092697,explicit,lumped,central_difference,MaterialSDF+LagrangianSDFContactOracle,structured-top,5000000000.0
sfc_lagrangian_sdf,0.00109,-0.0013138276305,0.06768617236949827,-5.827630500000043e-06,6.342626985869348e-06,,,,0.0029486541937522766,0,7.332142800092697,explicit,lumped,central_difference,MaterialSDF+LagrangianSDFContactOracle,structured-top,5000000000.0
sfc_lagrangian_sdf,0.0011,-0.00132593505,0.06767406494999825,-5.935050000000007e-06,6.460714369469663e-06,,,,0.0029366541932192604,0,7.332142800092697,explicit,lumped,central_difference,MaterialSDF+LagrangianSDFContactOracle,structured-top,5000000000.0
sfc_lagrangian_sdf,0.00111,-0.0013380434504999998,0.06766195654949828,-6.043450499999908e-06,6.579521973823253e-06,,,,0.002924654191509088,0,7.332142800092697,explicit,lumped,central_difference,MaterialSDF+LagrangianSDFContactOracle,structured-top,5000000000.0
sfc_lagrangian_sdf,0.0011200000000000001,-0.001350152832,0.06764984716799827,-6.152831999999679e-06,6.699037150538667e-06,,,,0.002912654189073663,0,7.332142800092697,explicit,lumped,central_difference,MaterialSDF+LagrangianSDFContactOracle,structured-top,5000000000.0
sfc_lagrangian_sdf,0.0011300000000000001,-0.0013622631945,0.06763773680549826,-6.2631944999992076e-06,6.819236043594352e-06,,,,0.0029006541867013648,0,7.332142800092697,explicit,lumped,central_difference,MaterialSDF+LagrangianSDFContactOracle,structured-top,5000000000.0
sfc_lagrangian_sdf,0.0011400000000000002,-0.001374374538,0.06762562546199827,-6.374537999998332e-06,6.940085224288087e-06,,,,0.0028886541855319236,0,7.332142800092697,explicit,lumped,central_difference,MaterialSDF+LagrangianSDFContactOracle,structured-top,5000000000.0
sfc_lagrangian_sdf,0.0011500000000000002,-0.0013864868625,0.06761351313749828,-6.486862499996833e-06,7.061545816303021e-06,,,,0.002876654187036593,0,7.332142800092697,explicit,lumped,central_difference,MaterialSDF+LagrangianSDFContactOracle,structured-top,5000000000.0
sfc_lagrangian_sdf,0.00116,-0.001398600168,0.06760139983199825,-6.600167999994473e-06,7.183579340030095e-06,,,,0.002864654192961317,0,7.332142800092697,explicit,lumped,central_difference,MaterialSDF+LagrangianSDFContactOracle,structured-top,5000000000.0
sfc_lagrangian_sdf,0.00117,-0.0014107144545,0.06758928554549827,-6.714454499991115e-06,7.310644219309048e-06,,,,0.0028526542052367382,0,7.332142800092697,explicit,lumped,central_difference,MaterialSDF+LagrangianSDFContactOracle,structured-top,5000000000.0
sfc_lagrangian_sdf,0.00118,-0.001422829722,0.06757717027799827,-6.829721999986963e-06,7.438495929941429e-06,,,,0.0028406542258656957,0,7.332142800092697,explicit,lumped,central_difference,MaterialSDF+LagrangianSDFContactOracle,structured-top,5000000000.0
sfc_lagrangian_sdf,0.00119,-0.0014349459705000002,0.06756505402949826,-6.9459704999830214e-06,7.567038547589701e-06,,,,0.0028286542568061544,0,7.332142800092697,explicit,lumped,central_difference,MaterialSDF+LagrangianSDFContactOracle,structured-top,5000000000.0
sfc_lagrangian_sdf,0.0012000000000000001,-0.0014470632000000002,0.06755293679999826,-7.063199999981875e-06,7.696237837371705e-06,,,,0.002816654299872812,0,7.332142800092697,explicit,lumped,central_difference,MaterialSDF+LagrangianSDFContactOracle,structured-top,5000000000.0
sfc_lagrangian_sdf,0.0012100000000000001,-0.0014591814104999998,0.06754081858949826,-7.181410499988811e-06,7.826065231583113e-06,,,,0.002804654356683337,0,7.332142800092697,explicit,lumped,central_difference,MaterialSDF+LagrangianSDFContactOracle,structured-top,5000000000.0
sfc_lagrangian_sdf,0.0012200000000000002,-0.001471300602,0.06752869939799826,-7.300602000013328e-06,7.956501985586904e-06,,,,0.0027926544286741664,0,7.332142800092697,explicit,lumped,central_difference,MaterialSDF+LagrangianSDFContactOracle,structured-top,5000000000.0
sfc_lagrangian_sdf,0.0012300000000000002,-0.0014834207745,0.06751657922549827,-7.420774500070849e-06,8.08754202268554e-06,,,,0.002780654517204314,0,7.332142800092697,explicit,lumped,central_difference,MaterialSDF+LagrangianSDFContactOracle,structured-top,5000000000.0
sfc_lagrangian_sdf,0.00124,-0.001495541928,0.06750445807199827,-7.5419280001840896e-06,8.219192461627556e-06,,,,0.0027686546237556033,0,7.332142800092697,explicit,lumped,central_difference,MaterialSDF+LagrangianSDFContactOracle,structured-top,5000000000.0
sfc_lagrangian_sdf,0.00125,-0.0015076640625,0.06749233593749829,-7.664062500383239e-06,8.351471307683377e-06,,,,0.0027566547502233716,0,7.332142800092697,explicit,lumped,central_difference,MaterialSDF+LagrangianSDFContactOracle,structured-top,5000000000.0
sfc_lagrangian_sdf,0.00126,-0.001519787178,0.06748021282199826,-7.787178000703309e-06,8.484402630227365e-06,,,,0.0027446548992760417,0,7.332142800092697,explicit,lumped,central_difference,MaterialSDF+LagrangianSDFContactOracle,structured-top,5000000000.0
sfc_lagrangian_sdf,0.00127,-0.0015319112745,0.06746808872549827,-7.9112745011764e-06,8.618010347946725e-06,,,,0.0027326550747466334,0,7.332142800092697,explicit,lumped,central_difference,MaterialSDF+LagrangianSDFContactOracle,structured-top,5000000000.0
sfc_lagrangian_sdf,0.00128,-0.001544036352,0.06745596364799826,-8.036352001815966e-06,8.756147029947569e-06,,,,0.002720655282006762,0,7.332142800092697,explicit,lumped,central_difference,MaterialSDF+LagrangianSDFContactOracle,structured-top,5000000000.0
sfc_lagrangian_sdf,0.0012900000000000001,-0.0015561624105,0.06744383758949826,-8.162410502589924e-06,8.895601376561422e-06,,,,0.0027086555282663117,0,7.332142800092697,explicit,lumped,central_difference,MaterialSDF+LagrangianSDFContactOracle,structured-top,5000000000.0
sfc_lagrangian_sdf,0.0013000000000000002,-0.00156828945,0.06743171054999826,-8.289450003379769e-06,9.03578360042485e-06,,,,0.0026966558227409267,0,7.332142800092697,explicit,lumped,central_difference,MaterialSDF+LagrangianSDFContactOracle,structured-top,5000000000.0
sfc_lagrangian_sdf,0.0013100000000000002,-0.0015804174705,0.06741958252949827,-8.41747050392486e-06,9.176715262321636e-06,,,,0.0026846561766354234,0,7.332142800092697,explicit,lumped,central_difference,MaterialSDF+LagrangianSDFContactOracle,structured-top,5000000000.0
sfc_lagrangian_sdf,0.0013200000000000002,-0.001592546472,0.06740745352799828,-8.546472003754252e-06,9.318416342013848e-06,,,,0.002672656602904215,0,7.332142800092697,explicit,lumped,central_difference,MaterialSDF+LagrangianSDFContactOracle,structured-top,5000000000.0
sfc_lagrangian_sdf,0.00133,-0.0016046764545000001,0.06739532354549828,-8.676454502114372e-06,9.460900077681659e-06,,,,0.00266065711576821,0,7.332142800092697,explicit,lumped,central_difference,MaterialSDF+LagrangianSDFContactOracle,structured-top,5000000000.0
sfc_lagrangian_sdf,0.00134,-0.0016168074180000001,0.06738319258199826,-8.807417997908532e-06,9.60416859146498e-06,,,,0.0026486577299904995,0,7.332142800092697,explicit,lumped,central_difference,MaterialSDF+LagrangianSDFContactOracle,structured-top,5000000000.0
sfc_lagrangian_sdf,0.00135,-0.0016289393625,0.06737106063749826,-8.939362489673832e-06,9.748210785871617e-06,,,,0.0026366584599374593,0,7.332142800092697,explicit,lumped,central_difference,MaterialSDF+LagrangianSDFContactOracle,structured-top,5000000000.0
sfc_lagrangian_sdf,0.00136,-0.0016410722880000003,0.06735892771199826,-9.072287975630744e-06,9.893003666533228e-06,,,,0.002624659318476612,0,7.332142800092697,explicit,lumped,central_difference,MaterialSDF+LagrangianSDFContactOracle,structured-top,5000000000.0
sfc_lagrangian_sdf,0.0013700000000000001,-0.0016532061945000003,0.06734679380549827,-9.206194453848517e-06,1.0038516923663653e-05,,,,0.002612660315783878,0,7.332142800092697,explicit,lumped,central_difference,MaterialSDF+LagrangianSDFContactOracle,structured-top,5000000000.0
sfc_lagrangian_sdf,0.0013800000000000002,-0.001665341082,0.06733465891799827,-9.341081922572107e-06,1.0184718993545612e-05,,,,0.002600661458148326,0,7.332142800092697,explicit,lumped,central_difference,MaterialSDF+LagrangianSDFContactOracle,structured-top,5000000000.0
sfc_lagrangian_sdf,0.0013900000000000002,-0.0016774769505,0.06732252304949826,-9.476950380750435e-06,1.0331582167838061e-05,,,,0.002588662746870265,0,7.332142800092697,explicit,lumped,central_difference,MaterialSDF+LagrangianSDFContactOracle,structured-top,5000000000.0
sfc_lagrangian_sdf,0.0014000000000000002,-0.0016896138000000002,0.06731038619999827,-9.613799828787176e-06,1.0481291932763464e-05,,,,0.0025766641773445754,0,7.332142800092697,explicit,lumped,central_difference,MaterialSDF+LagrangianSDFContactOracle,structured-top,5000000000.0
sfc_lagrangian_sdf,0.00141,-0.0017017516305,0.06729824836949826,-9.751630269502272e-06,1.0634192588631647e-05,,,,0.0025646657384069643,0,7.332142800092697,explicit,lumped,central_difference,MaterialSDF+LagrangianSDFContactOracle,structured-top,5000000000.0
sfc_lagrangian_sdf,0.00142,-0.001713890442,0.06728610955799826,-9.890441709243682e-06,1.0787867568553019e-05,,,,0.0025526674119955824,0,7.332142800092697,explicit,lumped,central_difference,MaterialSDF+LagrangianSDFContactOracle,structured-top,5000000000.0
sfc_lagrangian_sdf,0.00143,-0.0017260302345,0.06727396976549826,-1.0030234159028068e-05,1.0942283474485902e-05,,,,0.0025406691731496376,0,7.332142800092697,explicit,lumped,central_difference,MaterialSDF+LagrangianSDFContactOracle,structured-top,5000000000.0
sfc_lagrangian_sdf,0.00144,-0.0017381710080000001,0.06726182899199826,-1.0171007635522507e-05,1.109741392801135e-05,,,,0.0025286709903338646,0,7.332142800092697,explicit,lumped,central_difference,MaterialSDF+LagrangianSDFContactOracle,structured-top,5000000000.0
sfc_lagrangian_sdf,0.0014500000000000001,-0.0017503127625000004,0.06724968723749826,-1.0312762161618084e-05,1.1253242226089468e-05,,,,0.00251667282605052,0,7.332142800092697,explicit,lumped,central_difference,MaterialSDF+LagrangianSDFContactOracle,structured-top,5000000000.0
sfc_lagrangian_sdf,0.0014600000000000001,-0.0017624554980000002,0.06723754450199827,-1.0455497766305393e-05,1.1409762120778858e-05,,,,0.00250467463768257,0,7.332142800092697,explicit,lumped,central_difference,MaterialSDF+LagrangianSDFContactOracle,structured-top,5000000000.0
sfc_lagrangian_sdf,0.0014700000000000002,-0.0017745992145,0.06722540078549825,-1.059921448355808e-05,1.1566977346613429e-05,,,,0.00249267637850629,0,7.332142800092697,explicit,lumped,central_difference,MaterialSDF+LagrangianSDFContactOracle,structured-top,5000000000.0
sfc_lagrangian_sdf,0.0014800000000000002,-0.0017867439120000004,0.06721325608799826,-1.0743912349979951e-05,1.1724899966296378e-05,,,,0.0024806779988181807,0,7.332142800092697,explicit,lumped,central_difference,MaterialSDF+LagrangianSDFContactOracle,structured-top,5000000000.0
sfc_lagrangian_sdf,0.0014900000000000002,-0.0017988895905000002,0.06720111040949826,-1.0889591401086645e-05,1.1883546951621856e-05,,,,0.002468678621630445,0,7.332142800092697,explicit,lumped,central_difference,MaterialSDF+LagrangianSDFContactOracle,structured-top,5000000000.0
sfc_lagrangian_sdf,0.0015,-0.0018110362500000001,0.06718896374999828,-1.103625166627866e-05,1.2042934647025803e-05,,,,0.002456678354967853,0,7.332142800092697,explicit,lumped,central_difference,MaterialSDF+LagrangianSDFContactOracle,structured-top,5000000000.0
sfc_lagrangian_sdf,0.00151,-0.0018231838905000003,0.06717681610949826,-1.1183893162812288e-05,1.2203072082150112e-05,,,,0.0024446776448825776,0,7.332142800092697,explicit,lumped,central_difference,MaterialSDF+LagrangianSDFContactOracle,structured-top,5000000000.0
sfc_lagrangian_sdf,0.00152,-0.0018353325120000002,0.06716466748799826,-1.1332515889368577e-05,1.2363955552232734e-05,,,,0.0024326764635772373,0,7.332142800092697,explicit,lumped,central_difference,MaterialSDF+LagrangianSDFContactOracle,structured-top,5000000000.0
sfc_lagrangian_sdf,0.0015300000000000001,-0.0018474821144999999,0.06715251788549827,-1.1482119820122041e-05,1.2529253598759872e-05,,,,0.0024206747917182403,0,7.332142800092697,explicit,lumped,central_difference,MaterialSDF+LagrangianSDFContactOracle,structured-top,5000000000.0
sfc_lagrangian_sdf,0.0015400000000000001,-0.0018596326979999998,0.06714036730199827,-1.1632704900472285e-05,1.2696201417825081e-05,,,,0.0024086726188413594,0,7.332142800092697,explicit,lumped,central_difference,MaterialSDF+LagrangianSDFContactOracle,structured-top,5000000000.0
sfc_lagrangian_sdf,0.0015500000000000002,-0.0018717842625,0.06712821573749828,-1.1784271045765076e-05,1.2863949727800808e-05,,,,0.0023966699433926003,0,7.332142800092697,explicit,lumped,central_difference,MaterialSDF+LagrangianSDFContactOracle,structured-top,5000000000.0
sfc_lagrangian_sdf,0.0015600000000000002,-0.0018839368080000004,0.06711606319199825,-1.1936818144334265e-05,1.3032496523991549e-05,,,,0.0023846667723772873,0,7.332142800092697,explicit,lumped,central_difference,MaterialSDF+LagrangianSDFContactOracle,structured-top,5000000000.0
sfc_lagrangian_sdf,0.0015700000000000002,-0.0018960903345000004,0.06710390966549827,-1.2090346065990125e-05,1.320183099841579e-05,,,,0.002372663120614824,0,7.332142800092697,explicit,lumped,central_difference,MaterialSDF+LagrangianSDFContactOracle,structured-top,5000000000.0
sfc_lagrangian_sdf,0.00158,-0.0019082448420000005,0.06709175515799827,-1.2244854676628593e-05,1.3371932963846245e-05,,,,0.0023606590096288127,0,7.332142800092697,explicit,lumped,central_difference,MaterialSDF+LagrangianSDFContactOracle,structured-top,5000000000.0
sfc_lagrangian_sdf,0.00159,-0.0019204003305000007,0.06707959966949827,-1.2400343858936066e-05,1.3542775213982913e-05,,,,0.002348654466233525,0,7.332142800092697,explicit,lumped,central_difference,MaterialSDF+LagrangianSDFContactOracle,structured-top,5000000000.0
sfc_lagrangian_sdf,0.0016,-0.0019325568000000003,0.06706744319999827,-1.2556813538251964e-05,1.3714328456348413e-05,,,,0.002336649520904294,0,7.332142800092697,explicit,lumped,central_difference,MaterialSDF+LagrangianSDFContactOracle,structured-top,5000000000.0
sfc_lagrangian_sdf,0.00161,-0.0019447142505000005,0.06705528574949826,-1.2714263711609135e-05,1.3886566715263835e-05,,,,0.0023246442060371347,0,7.332142800092697,explicit,lumped,central_difference,MaterialSDF+LagrangianSDFContactOracle,structured-top,5000000000.0
sfc_lagrangian_sdf,0.0016200000000000001,-0.0019568726820000004,0.06704312731799827,-1.2872694476930295e-05,1.4059470698221448e-05,,,,0.0023126385542136824,0,7.332142800092697,explicit,lumped,central_difference,MaterialSDF+LagrangianSDFContactOracle,structured-top,5000000000.0
sfc_lagrangian_sdf,0.0016300000000000002,-0.0019690320945000006,0.06703096790549827,-1.3032106058484516e-05,1.4233028012735502e-05,,,,0.002300632596594457,0,7.332142800092697,explicit,lumped,central_difference,MaterialSDF+LagrangianSDFContactOracle,structured-top,5000000000.0
sfc_lagrangian_sdf,0.0016400000000000002,-0.0019811924880000003,0.06701880751199826,-1.3192498824191944e-05,1.4407231232025795e-05,,,,0.002288626361567283,0,7.332142800092697,explicit,lumped,central_difference,MaterialSDF+LagrangianSDFContactOracle,structured-top,5000000000.0
sfc_lagrangian_sdf,0.0016500000000000002,-0.001993353862500001,0.06700664613749827,-1.3353873290391562e-05,1.4582075936109021e-05,,,,0.0022766198737741274,0,7.332142800092697,explicit,lumped,central_difference,MaterialSDF+LagrangianSDFContactOracle,structured-top,5000000000.0
sfc_lagrangian_sdf,0.0016600000000000002,-0.002005516218000001,0.06699448378199827,-1.3516230110403738e-05,1.4759882675109714e-05,,,,0.002264613153623093,0,7.332142800092697,explicit,lumped,central_difference,MaterialSDF+LagrangianSDFContactOracle,structured-top,5000000000.0
sfc_lagrangian_sdf,0.00167,-0.0020176795545000003,0.06698232044549828,-1.3679570044701101e-05,1.4941092715550462e-05,,,,0.0022526062173537473,0,7.332142800092697,explicit,lumped,central_difference,MaterialSDF+LagrangianSDFContactOracle,structured-top,5000000000.0
sfc_lagrangian_sdf,0.00168,-0.0020298438720000003,0.06697015612799827,-1.3843893912715986e-05,1.5123009324005061e-05,,,,0.0022405990776627987,0,7.332142800092697,explicit,lumped,central_difference,MaterialSDF+LagrangianSDFContactOracle,structured-top,5000000000.0
sfc_lagrangian_sdf,0.00169,-0.002042009170500001,0.06695799082949826,-1.4009202529102958e-05,1.5305626584576115e-05,,,,0.002228591744817304,0,7.332142800092697,explicit,lumped,central_difference,MaterialSDF+LagrangianSDFContactOracle,structured-top,5000000000.0
sfc_lagrangian_sdf,0.0017000000000000001,-0.002054175450000001,0.06694582454999827,-1.4175496630348644e-05,1.5488944519178146e-05,,,,0.0022165842280978815,0,7.332142800092697,explicit,lumped,central_difference,MaterialSDF+LagrangianSDFContactOracle,structured-top,5000000000.0
sfc_lagrangian_sdf,0.0017100000000000001,-0.002066342710500001,0.06693365728949827,-1.4342776800570771e-05,1.5672968896297247e-05,,,,0.0022045765373414662,0,7.332142800092697,explicit,lumped,central_difference,MaterialSDF+LagrangianSDFContactOracle,structured-top,5000000000.0
sfc_lagrangian_sdf,0.0017200000000000002,-0.0020785109520000005,0.06692148904799827,-1.451104340769006e-05,1.585770970055852e-05,,,,0.00219256868431082,0,7.332142800092697,explicit,lumped,central_difference,MaterialSDF+LagrangianSDFContactOracle,structured-top,5000000000.0
sfc_lagrangian_sdf,0.0017300000000000002,-0.002090680174500001,0.06690931982549826,-1.4680296562392689e-05,1.6043177339627682e-05,,,,0.0021805606836221452,0,7.332142800092697,explicit,lumped,central_difference,MaterialSDF+LagrangianSDFContactOracle,structured-top,5000000000.0
sfc_lagrangian_sdf,0.0017400000000000002,-0.002102850378000001,0.06689714962199826,-1.4850536111989632e-05,1.622937757125054e-05,,,,0.002168552553022588,0,7.332142800092697,explicit,lumped,central_difference,MaterialSDF+LagrangianSDFContactOracle,structured-top,5000000000.0
sfc_lagrangian_sdf,0.00175,-0.0021150215625000014,0.06688497843749826,-1.5021761679126718e-05,1.6416307700906814e-05,,,,0.002156544312924293,0,7.332142800092697,explicit,lumped,central_difference,MaterialSDF+LagrangianSDFContactOracle,structured-top,5000000000.0
sfc_lagrangian_sdf,0.00176,-0.002127193728000001,0.06687280627199825,-1.5193972751225663e-05,1.660395628913049e-05,,,,0.0021445359852561847,0,7.332142800092697,explicit,lumped,central_difference,MaterialSDF+LagrangianSDFContactOracle,structured-top,5000000000.0
sfc_lagrangian_sdf,0.00177,-0.0021393668745000012,0.06686063312549827,-1.5367168820730596e-05,1.6792306526665505e-05,,,,0.002132527591855262,0,7.332142800092697,explicit,lumped,central_difference,MaterialSDF+LagrangianSDFContactOracle,structured-top,5000000000.0
sfc_lagrangian_sdf,0.0017800000000000001,-0.002151541002000001,0.06684845899799827,-1.554134956917405e-05,1.6981341255784853e-05,,,,0.0021205191527443506,0,7.332142800092697,explicit,lumped,central_difference,MaterialSDF+LagrangianSDFContactOracle,structured-top,5000000000.0
sfc_lagrangian_sdf,0.0017900000000000001,-0.0021637161105000006,0.06683628388949825,-1.5716515080508868e-05,1.717104702594297e-05,,,,0.002108510684693602,0,7.332142800092697,explicit,lumped,central_difference,MaterialSDF+LagrangianSDFContactOracle,structured-top,5000000000.0
sfc_lagrangian_sdf,0.0018000000000000002,-0.002175892200000001,0.06682410779999827,-1.589266606203257e-05,1.7364344419983394e-05,,,,0.0020965022004183673,0,7.332142800092697,explicit,lumped,central_difference,MaterialSDF+LagrangianSDFContactOracle,structured-top,5000000000.0
sfc_lagrangian_sdf,0.0018100000000000002,-0.002188069270500001,0.06681193072949827,-1.606980404561923e-05,1.756047490966485e-05,,,,0.002084493708634923,0,7.332142800092697,explicit,lumped,central_difference,MaterialSDF+LagrangianSDFContactOracle,structured-top,5000000000.0
sfc_lagrangian_sdf,0.0018200000000000002,-0.0022002473220000007,0.06679975267799826,-1.6247931538901306e-05,1.7757360364946704e-05,,,,0.0020724852150154826,0,7.332142800092697,explicit,lumped,central_difference,MaterialSDF+LagrangianSDFContactOracle,structured-top,5000000000.0
sfc_lagrangian_sdf,0.0018300000000000002,-0.002212426354500001,0.06678757364549827,-1.6427052096359728e-05,1.7954992837956625e-05,,,,0.0020604767239015987,0,7.332142800092697,explicit,lumped,central_difference,MaterialSDF+LagrangianSDFContactOracle,structured-top,5000000000.0
sfc_lagrangian_sdf,0.00184,-0.0022246063680000008,0.06677539363199826,-1.6607170284498916e-05,1.8153368434488966e-05,,,,0.002048468240493276,0,7.332142800092697,explicit,lumped,central_difference,MaterialSDF+LagrangianSDFContactOracle,structured-top,5000000000.0
sfc_lagrangian_sdf,0.00185,-0.0022367873625000006,0.06676321263749826,-1.6788291523452746e-05,1.8352486048502173e-05,,,,0.002036459773148318,0,7.332142800092697,explicit,lumped,central_difference,MaterialSDF+LagrangianSDFContactOracle,structured-top,5000000000.0
sfc_lagrangian_sdf,0.00186,-0.002248969338000001,0.06675103066199825,-1.6970421798982445e-05,1.8552345218898354e-05,,,,0.002024451335402895,0,7.332142800092697,explicit,lumped,central_difference,MaterialSDF+LagrangianSDFContactOracle,structured-top,5000000000.0
sfc_lagrangian_sdf,0.0018700000000000001,-0.002261152294500001,0.06673884770549826,-1.7153567252812366e-05,1.8752944186381287e-05,,,,0.0020124429473490054,0,7.332142800092697,explicit,lumped,central_difference,MaterialSDF+LagrangianSDFContactOracle,structured-top,5000000000.0
sfc_lagrangian_sdf,0.0018800000000000002,-0.0022733362320000007,0.06672666376799825,-1.7337733674016434e-05,1.8954278797314582e-05,,,,0.002000434636069717,0,7.332142800092697,explicit,lumped,central_difference,MaterialSDF+LagrangianSDFContactOracle,structured-top,5000000000.0
sfc_lagrangian_sdf,0.0018900000000000002,-0.0022855211505000013,0.06671447884949826,-1.75229259277778e-05,1.9156342445394796e-05,,,,0.0019884264349395433,0,7.332142800092697,explicit,lumped,central_difference,MaterialSDF+LagrangianSDFContactOracle,structured-top,5000000000.0
sfc_lagrangian_sdf,0.0019000000000000002,-0.002297707050000001,0.06670229294999827,-1.7709147368238278e-05,1.9359127109237702e-05,,,,0.0019764183817444036,0,7.332142800092697,explicit,lumped,central_difference,MaterialSDF+LagrangianSDFContactOracle,structured-top,5000000000.0
sfc_lagrangian_sdf,0.0019100000000000002,-0.0023098939305000008,0.06669010606949827,-1.7896399287458873e-05,1.9562625477405773e-05,,,,0.001964410515755976,0,7.332142800092697,explicit,lumped,central_difference,MaterialSDF+LagrangianSDFContactOracle,structured-top,5000000000.0
sfc_lagrangian_sdf,0.0019200000000000003,-0.002322081792000001,0.06667791820799826,-1.8084680451357432e-05,1.976683367786351e-05,,,,0.0019524028740841438,0,7.332142800092697,explicit,lumped,central_difference,MaterialSDF+LagrangianSDFContactOracle,structured-top,5000000000.0
sfc_lagrangian_sdf,0.00193,-0.002334270634500001,0.06666572936549826,-1.8273986765299004e-05,1.9971753304909193e-05,,,,0.001940395487796029,0,7.332142800092697,explicit,lumped,central_difference,MaterialSDF+LagrangianSDFContactOracle,structured-top,5000000000.0
sfc_lagrangian_sdf,0.00194,-0.002346460458000001,0.06665353954199828,-1.8464311097212537e-05,2.0177553841071553e-05,,,,0.0019283883783972337,0,7.332142800092697,explicit,lumped,central_difference,MaterialSDF+LagrangianSDFContactOracle,structured-top,5000000000.0
sfc_lagrangian_sdf,0.0019500000000000001,-0.002358651262500001,0.06664134873749826,-1.865564326618731e-05,2.0389039520217415e-05,,,,0.0019163815552959403,0,7.332142800092697,explicit,lumped,central_difference,MaterialSDF+LagrangianSDFContactOracle,structured-top,5000000000.0
sfc_lagrangian_sdf,0.0019600000000000004,-0.002370843048000001,0.06662915695199827,-1.88479701819275e-05,2.0601317323844777e-05,,,,0.0019043750147978915,0,7.332142800092697,explicit,lumped,central_difference,MaterialSDF+LagrangianSDFContactOracle,structured-top,5000000000.0
sfc_lagrangian_sdf,0.00197,-0.0023830358145000012,0.06661696418549827,-1.9041276098378812e-05,2.081438861916347e-05,,,,0.0018923687410022127,0,7.332142800092697,explicit,lumped,central_difference,MaterialSDF+LagrangianSDFContactOracle,structured-top,5000000000.0
sfc_lagrangian_sdf,0.00198,-0.0023952295620000012,0.06660477043799826,-1.9235542926741638e-05,2.102825318849372e-05,,,,0.0018803627062726654,0,7.332142800092697,explicit,lumped,central_difference,MaterialSDF+LagrangianSDFContactOracle,structured-top,5000000000.0
sfc_lagrangian_sdf,0.00199,-0.0024074242905000012,0.06659257570949827,-1.9430750542191712e-05,2.1242908798487285e-05,,,,0.0018683568656484044,0,7.332142800092697,explicit,lumped,central_difference,MaterialSDF+LagrangianSDFContactOracle,structured-top,5000000000.0
sfc_lagrangian_sdf,0.002,-0.0024196200000000012,0.06658037999999827,-1.962687701745773e-05,2.1458350645492595e-05,,,,0.001856351208318239,0,7.332142800092697,explicit,lumped,central_difference,MaterialSDF+LagrangianSDFContactOracle,structured-top,5000000000.0
sfc_lagrangian_sdf,0.00201,-0.0024318166905000016,0.06656818330949826,-1.9823898726298656e-05,2.167457031649448e-05,,,,0.001844345711770887,0,7.332142800092697,explicit,lumped,central_difference,MaterialSDF+LagrangianSDFContactOracle,structured-top,5000000000.0
sfc_lagrangian_sdf,0.00202,-0.002444014362000001,0.06655598563799826,-2.0021790280745036e-05,2.189155515758382e-05,,,,0.0018323403550418117,0,7.332142800092697,explicit,lumped,central_difference,MaterialSDF+LagrangianSDFContactOracle,structured-top,5000000000.0
sfc_lagrangian_sdf,0.00203,-0.0024562130145000015,0.06654378698549826,-2.022052429598394e-05,2.2109289512870696e-05,,,,0.0018203351274469145,0,7.332142800092697,explicit,lumped,central_difference,MaterialSDF+LagrangianSDFContactOracle,structured-top,5000000000.0
sfc_lagrangian_sdf,0.00204,-0.0024684126480000014,0.06653158735199827,-2.0420071012734912e-05,2.232775820433383e-05,,,,0.0018083300257656719,0,7.332142800092697,explicit,lumped,central_difference,MaterialSDF+LagrangianSDFContactOracle,structured-top,5000000000.0
sfc_lagrangian_sdf,0.00205,-0.002480613262500001,0.06651938673749826,-2.0620397844435285e-05,2.2546950564322866e-05,,,,0.0017963249614864215,0,7.332142800092697,explicit,lumped,central_difference,MaterialSDF+LagrangianSDFContactOracle,structured-top,5000000000.0
sfc_lagrangian_sdf,0.00206,-0.0024928148580000017,0.06650718514199827,-2.0821468950343238e-05,2.2766862222402337e-05,,,,0.0017843195272136782,0,7.332142800092697,explicit,lumped,central_difference,MaterialSDF+LagrangianSDFContactOracle,structured-top,5000000000.0
sfc_lagrangian_sdf,0.0020700000000000002,-0.002505017434500001,0.06649498256549827,-2.102324496046644e-05,2.298749302792233e-05,,,,0.0017723140414348743,0,7.332142800092697,explicit,lumped,central_difference,MaterialSDF+LagrangianSDFContactOracle,structured-top,5000000000.0
sfc_lagrangian_sdf,0.0020800000000000003,-0.0025172209920000014,0.06648277900799827,-2.1225682989274577e-05,2.3208842299277454e-05,,,,0.0017603088136555834,0,7.332142800092697,explicit,lumped,central_difference,MaterialSDF+LagrangianSDFContactOracle,structured-top,5000000000.0
sfc_lagrangian_sdf,0.0020900000000000003,-0.002529425530500001,0.06647057446949826,-2.1428737068935155e-05,2.343090476084537e-05,,,,0.0017483039035967353,0,7.332142800092697,explicit,lumped,central_difference,MaterialSDF+LagrangianSDFContactOracle,structured-top,5000000000.0
sfc_lagrangian_sdf,0.0021000000000000003,-0.0025416310500000015,0.06645836894999825,-2.1632359107650065e-05,2.3657619430253754e-05,,,,0.0017362993570011745,0,7.332142800092697,explicit,lumped,central_difference,MaterialSDF+LagrangianSDFContactOracle,structured-top,5000000000.0
sfc_lagrangian_sdf,0.0021100000000000003,-0.002553837550500002,0.06644616244949826,-2.18365004351904e-05,2.3886455376260064e-05,,,,0.0017242950550640118,0,7.332142800092697,explicit,lumped,central_difference,MaterialSDF+LagrangianSDFContactOracle,structured-top,5000000000.0
sfc_lagrangian_sdf,0.0021200000000000004,-0.0025660450320000015,0.06643395496799827,-2.204111393905648e-05,2.4116067540196716e-05,,,,0.0017122911819839556,0,7.332142800092697,explicit,lumped,central_difference,MaterialSDF+LagrangianSDFContactOracle,structured-top,5000000000.0
sfc_lagrangian_sdf,0.0021300000000000004,-0.0025782534945000012,0.06642174650549826,-2.224615672634683e-05,2.434644693207524e-05,,,,0.0017002877447919156,0,7.332142800092697,explicit,lumped,central_difference,MaterialSDF+LagrangianSDFContactOracle,structured-top,5000000000.0
sfc_lagrangian_sdf,0.00214,-0.002590462938000002,0.06640953706199826,-2.245159317584192e-05,2.4577582535484147e-05,,,,0.0016882847335345584,0,7.332142800092697,explicit,lumped,central_difference,MaterialSDF+LagrangianSDFContactOracle,structured-top,5000000000.0
sfc_lagrangian_sdf,0.00215,-0.002602673362500001,0.06639732663749826,-2.2657398180533806e-05,2.4809463349091814e-05,,,,0.0016762819869632862,0,7.332142800092697,explicit,lumped,central_difference,MaterialSDF+LagrangianSDFContactOracle,structured-top,5000000000.0
sfc_lagrangian_sdf,0.00216,-0.0026148847680000017,0.06638511523199828,-2.2863560331419547e-05,2.504208146276507e-05,,,,0.0016642788386573605,0,7.332142800092697,explicit,lumped,central_difference,MaterialSDF+LagrangianSDFContactOracle,structured-top,5000000000.0
sfc_lagrangian_sdf,0.00217,-0.002627097154500002,0.06637290284549825,-2.3070084766193062e-05,2.527543370741937e-05,,,,0.0016522758013267746,0,7.332142800092697,explicit,lumped,central_difference,MaterialSDF+LagrangianSDFContactOracle,structured-top,5000000000.0
sfc_lagrangian_sdf,0.00218,-0.0026393105220000016,0.06636068947799827,-2.327699540657338e-05,2.5509520237253063e-05,,,,0.0016402730687174382,0,7.332142800092697,explicit,lumped,central_difference,MaterialSDF+LagrangianSDFContactOracle,structured-top,5000000000.0
sfc_lagrangian_sdf,0.00219,-0.0026515248705000017,0.06634847512949826,-2.3484336337294032e-05,2.5744340689012947e-05,,,,0.0016282706414795724,0,7.332142800092697,explicit,lumped,central_difference,MaterialSDF+LagrangianSDFContactOracle,structured-top,5000000000.0
sfc_lagrangian_sdf,0.0022,-0.0026637402000000017,0.06633625979999827,-2.3692172136600468e-05,2.5979890387733527e-05,,,,0.0016162685486254093,0,7.332142800092697,explicit,lumped,central_difference,MaterialSDF+LagrangianSDFContactOracle,structured-top,5000000000.0
sfc_lagrangian_sdf,0.00221,-0.002675956510500002,0.06632404348949827,-2.3900587047417034e-05,2.6216158987833198e-05,,,,0.001604266790388289,0,7.332142800092697,explicit,lumped,central_difference,MaterialSDF+LagrangianSDFContactOracle,structured-top,5000000000.0
sfc_lagrangian_sdf,0.00222,-0.002688173802000002,0.06631182619799826,-2.410968297238199e-05,2.645313221251705e-05,,,,0.00159226537572773,0,7.332142800092697,explicit,lumped,central_difference,MaterialSDF+LagrangianSDFContactOracle,structured-top,5000000000.0
sfc_lagrangian_sdf,0.00223,-0.0027003920745000015,0.06629960792549827,-2.4319576375250393e-05,2.6690795517523746e-05,,,,0.001580264302304533,0,7.332142800092697,explicit,lumped,central_difference,MaterialSDF+LagrangianSDFContactOracle,structured-top,5000000000.0
sfc_lagrangian_sdf,0.0022400000000000002,-0.002712611328000002,0.06628738867199827,-2.453039426579916e-05,2.6929137848647562e-05,,,,0.0015682636097112067,0,7.332142800092697,explicit,lumped,central_difference,MaterialSDF+LagrangianSDFContactOracle,structured-top,5000000000.0
sfc_lagrangian_sdf,0.0022500000000000003,-0.0027248315625000015,0.06627516843749828,-2.4742269526090084e-05,2.7168154185285143e-05,,,,0.0015562633192173975,0,7.332142800092697,explicit,lumped,central_difference,MaterialSDF+LagrangianSDFContactOracle,structured-top,5000000000.0
sfc_lagrangian_sdf,0.0022600000000000003,-0.0027370527780000015,0.06626294722199827,-2.495533589512819e-05,2.741323699360633e-05,,,,0.0015442634481173864,0,7.332142800092697,explicit,lumped,central_difference,MaterialSDF+LagrangianSDFContactOracle,structured-top,5000000000.0
sfc_lagrangian_sdf,0.0022700000000000003,-0.002749274974500002,0.06625072502549827,-2.516972296120632e-05,2.765919351829119e-05,,,,0.001532264006263297,0,7.332142800092697,explicit,lumped,central_difference,MaterialSDF+LagrangianSDFContactOracle,structured-top,5000000000.0
sfc_lagrangian_sdf,0.0022800000000000003,-0.0027614981520000014,0.06623850184799826,-2.5385551513711397e-05,2.79058993748458e-05,,,,0.001520264994442859,0,7.332142800092697,explicit,lumped,central_difference,MaterialSDF+LagrangianSDFContactOracle,structured-top,5000000000.0
sfc_lagrangian_sdf,0.0022900000000000004,-0.0027737223105000013,0.06622627768949825,-2.560292957865452e-05,2.8153354323941708e-05,,,,0.0015082664049959097,0,7.332142800092697,explicit,lumped,central_difference,MaterialSDF+LagrangianSDFContactOracle,structured-top,5000000000.0
sfc_lagrangian_sdf,0.0023000000000000004,-0.002785947450000002,0.06621405254999826,-2.5821949406967677e-05,2.8401561649526063e-05,,,,0.0014962682244210811,0,7.332142800092697,explicit,lumped,central_difference,MaterialSDF+LagrangianSDFContactOracle,structured-top,5000000000.0
sfc_lagrangian_sdf,0.00231,-0.0027981735705000016,0.06620182642949826,-2.604268560631036e-05,2.8650525973550706e-05,,,,0.0014842704371906524,0,7.332142800092697,explicit,lumped,central_difference,MaterialSDF+LagrangianSDFContactOracle,structured-top,5000000000.0
sfc_lagrangian_sdf,0.00232,-0.002810400672000002,0.06618959932799827,-2.6265194512421276e-05,2.8900250438115627e-05,,,,0.0014722730297408984,0,7.332142800092697,explicit,lumped,central_difference,MaterialSDF+LagrangianSDFContactOracle,structured-top,5000000000.0
sfc_lagrangian_sdf,0.00233,-0.0028226287545000017,0.06617737124549827,-2.648951479323675e-05,2.9150734411529973e-05,,,,0.001460275993675592,0,7.332142800092697,explicit,lumped,central_difference,MaterialSDF+LagrangianSDFContactOracle,structured-top,5000000000.0
sfc_lagrangian_sdf,0.00234,-0.0028348578180000016,0.06616514218199826,-2.67156691773791e-05,2.9401972532404335e-05,,,,0.0014482793275299795,0,7.332142800092697,explicit,lumped,central_difference,MaterialSDF+LagrangianSDFContactOracle,structured-top,5000000000.0
sfc_lagrangian_sdf,0.00235,-0.002847087862500002,0.06615291213749826,-2.694366710763542e-05,2.9653955363205845e-05,,,,0.0014362830368541536,0,7.332142800092697,explicit,lumped,central_difference,MaterialSDF+LagrangianSDFContactOracle,structured-top,5000000000.0
sfc_lagrangian_sdf,0.00236,-0.0028593188880000017,0.06614068111199826,-2.717350804823046e-05,2.9906671365472355e-05,,,,0.0014242871327727637,0,7.332142800092697,explicit,lumped,central_difference,MaterialSDF+LagrangianSDFContactOracle,structured-top,5000000000.0
sfc_lagrangian_sdf,0.00237,-0.002871550894500002,0.06612844910549825,-2.7405185128583906e-05,3.0160109405142595e-05,,,,0.0014122916294903934,0,7.332142800092697,explicit,lumped,central_difference,MaterialSDF+LagrangianSDFContactOracle,structured-top,5000000000.0
sfc_lagrangian_sdf,0.00238,-0.002883783882000002,0.06611621611799827,-2.7638688789499695e-05,3.0414260733774578e-05,,,,0.0014002965413983054,0,7.332142800092697,explicit,lumped,central_difference,MaterialSDF+LagrangianSDFContactOracle,structured-top,5000000000.0
sfc_lagrangian_sdf,0.00239,-0.002896017850500002,0.06610398214949825,-2.7874010110726293e-05,3.0669119652269044e-05,,,,0.0013883018804672783,0,7.332142800092697,explicit,lumped,central_difference,MaterialSDF+LagrangianSDFContactOracle,structured-top,5000000000.0
sfc_lagrangian_sdf,0.0024000000000000002,-0.002908252800000002,0.06609174719999826,-2.811114353878136e-05,3.092468287688397e-05,,,,0.0013763076544715297,0,7.332142800092697,explicit,lumped,central_difference,MaterialSDF+LagrangianSDFContactOracle,structured-top,5000000000.0
sfc_lagrangian_sdf,0.0024100000000000002,-0.002920488730500002,0.06607951126949826,-2.835008879569977e-05,3.118094850646943e-05,,,,0.0013643138663195834,0,7.332142800092697,explicit,lumped,central_difference,MaterialSDF+LagrangianSDFContactOracle,structured-top,5000000000.0
sfc_lagrangian_sdf,0.0024200000000000003,-0.002932725642000002,0.06606727435799827,-2.8590851826511016e-05,3.144105648182813e-05,,,,0.001352320514467166,0,7.332142800092697,explicit,lumped,central_difference,MaterialSDF+LagrangianSDFContactOracle,structured-top,5000000000.0
sfc_lagrangian_sdf,0.0024300000000000003,-0.002944963534500002,0.06605503646549826,-2.883344472918148e-05,3.1704400468949635e-05,,,,0.0013403275941702387,0,7.332142800092697,explicit,lumped,central_difference,MaterialSDF+LagrangianSDFContactOracle,structured-top,5000000000.0
sfc_lagrangian_sdf,0.0024400000000000003,-0.0029572024080000018,0.06604279759199827,-2.9077884699421323e-05,3.19685205271422e-05,,,,0.0013283350992642916,0,7.332142800092697,explicit,lumped,central_difference,MaterialSDF+LagrangianSDFContactOracle,structured-top,5000000000.0
sfc_lagrangian_sdf,0.0024500000000000004,-0.002969442262500002,0.06603055773749827,-2.932419210881801e-05,3.223341289806631e-05,,,,0.001316343024190457,0,7.332142800092697,explicit,lumped,central_difference,MaterialSDF+LagrangianSDFContactOracle,structured-top,5000000000.0
sfc_lagrangian_sdf,0.0024600000000000004,-0.002981683098000002,0.06601831690199826,-2.9572387913208402e-05,3.249907454582684e-05,,,,0.0013043513660263776,0,7.332142800092697,explicit,lumped,central_difference,MaterialSDF+LagrangianSDFContactOracle,structured-top,5000000000.0
sfc_lagrangian_sdf,0.0024700000000000004,-0.002993924914500002,0.06600607508549827,-2.9822490653765362e-05,3.276550368480595e-05,,,,0.0012923601262351911,0,7.332142800092697,explicit,lumped,central_difference,MaterialSDF+LagrangianSDFContactOracle,structured-top,5000000000.0
sfc_lagrangian_sdf,0.00248,-0.003006167712000002,0.06599383228799827,-3.0074513360032083e-05,3.3032700808189e-05,,,,0.0012803693117398372,0,7.332142800092697,explicit,lumped,central_difference,MaterialSDF+LagrangianSDFContactOracle,structured-top,5000000000.0
sfc_lagrangian_sdf,0.00249,-0.003018411490500002,0.06598158850949826,-3.0328460685758257e-05,3.330066972412486e-05,,,,0.0012683789348797985,0,7.332142800092697,explicit,lumped,central_difference,MaterialSDF+LagrangianSDFContactOracle,structured-top,5000000000.0
sfc_lagrangian_sdf,0.0025,-0.003030656250000002,0.06596934374999827,-3.0584326599114036e-05,3.3569417261242183e-05,,,,0.0012563890119440587,0,7.332142800092697,explicit,lumped,central_difference,MaterialSDF+LagrangianSDFContactOracle,structured-top,5000000000.0
sfc_lagrangian_sdf,0.00251,-0.003042901990500002,0.06595709800949826,-3.0842092905088286e-05,3.383895063783286e-05,,,,0.001244399560331246,0,7.332142800092697,explicit,lumped,central_difference,MaterialSDF+LagrangianSDFContactOracle,structured-top,5000000000.0
sfc_lagrangian_sdf,0.00252,-0.003055148712000002,0.06594485128799828,-3.1101728799933366e-05,3.410927311786652e-05,,,,0.0012324105948560932,0,7.332142800092697,explicit,lumped,central_difference,MaterialSDF+LagrangianSDFContactOracle,structured-top,5000000000.0
sfc_lagrangian_sdf,0.00253,-0.003067396414500002,0.06593260358549825,-3.1363191550928e-05,3.438038024491087e-05,,,,0.0012204221241043846,0,7.332142800092697,explicit,lumped,central_difference,MaterialSDF+LagrangianSDFContactOracle,structured-top,5000000000.0
sfc_lagrangian_sdf,0.00254,-0.0030796450980000016,0.06592035490199827,-3.1626428270507726e-05,3.465225909443102e-05,,,,0.0012084341478619265,0,7.332142800092697,explicit,lumped,central_difference,MaterialSDF+LagrangianSDFContactOracle,structured-top,5000000000.0
sfc_lagrangian_sdf,0.00255,-0.003091894762500002,0.06590810523749827,-3.189137862738336e-05,3.49248912472655e-05,,,,0.0011964466564398394,0,7.332142800092697,explicit,lumped,central_difference,MaterialSDF+LagrangianSDFContactOracle,structured-top,5000000000.0
sfc_lagrangian_sdf,0.00256,-0.003104145408000002,0.06589585459199826,-3.215797822606242e-05,3.5198257831457286e-05,,,,0.0011844596322472488,0,7.332142800092697,explicit,lumped,central_difference,MaterialSDF+LagrangianSDFContactOracle,structured-top,5000000000.0
sfc_lagrangian_sdf,0.0025700000000000002,-0.003116397034500002,0.06588360296549828,-3.242616230640845e-05,3.5472343845096013e-05,,,,0.0011724730533580305,0,7.332142800092697,explicit,lumped,central_difference,MaterialSDF+LagrangianSDFContactOracle,structured-top,5000000000.0
sfc_lagrangian_sdf,0.0025800000000000003,-0.0031286496420000025,0.06587135035799827,-3.269586937823894e-05,3.5747139864788224e-05,,,,0.0011604868982431813,0,7.332142800092697,explicit,lumped,central_difference,MaterialSDF+LagrangianSDFContactOracle,structured-top,5000000000.0
sfc_lagrangian_sdf,0.0025900000000000003,-0.0031409032305000023,0.06585909676949825,-3.2967044417355886e-05,3.6024998582304e-05,,,,0.0011485011504514364,0,7.332142800092697,explicit,lumped,central_difference,MaterialSDF+LagrangianSDFContactOracle,structured-top,5000000000.0
sfc_lagrangian_sdf,0.0026000000000000003,-0.003153157800000002,0.06584684219999827,-3.3239641306105007e-05,3.6307048933495314e-05,,,,0.0011365158019532257,0,7.332142800092697,explicit,lumped,central_difference,MaterialSDF+LagrangianSDFContactOracle,structured-top,5000000000.0
sfc_lagrangian_sdf,0.0026100000000000003,-0.003165413350500002,0.06583458664949826,-3.351362429425074e-05,3.658987173755919e-05,,,,0.0011245308541867392,0,7.332142800092697,explicit,lumped,central_difference,MaterialSDF+LagrangianSDFContactOracle,structured-top,5000000000.0
sfc_lagrangian_sdf,0.0026200000000000004,-0.0031776698820000023,0.06582233011799826,-3.3788968371032026e-05,3.6873456406685216e-05,,,,0.0011125463165120527,0,7.332142800092697,explicit,lumped,central_difference,MaterialSDF+LagrangianSDFContactOracle,structured-top,5000000000.0
sfc_lagrangian_sdf,0.0026300000000000004,-0.0031899273945000025,0.06581007260549826,-3.406565856162577e-05,3.7157798115545485e-05,,,,0.0011005622025887947,0,7.332142800092697,explicit,lumped,central_difference,MaterialSDF+LagrangianSDFContactOracle,structured-top,5000000000.0
sfc_lagrangian_sdf,0.0026400000000000004,-0.003202185888000002,0.06579781411199825,-3.4343688276618506e-05,3.744289599988044e-05,,,,0.0010885785258475929,0,7.332142800092697,explicit,lumped,central_difference,MaterialSDF+LagrangianSDFContactOracle,structured-top,5000000000.0
sfc_lagrangian_sdf,0.00265,-0.003214445362500002,0.06578555463749826,-3.4623056939379004e-05,3.772875133211479e-05,,,,0.0010765952954586214,0,7.332142800092697,explicit,lumped,central_difference,MaterialSDF+LagrangianSDFContactOracle,structured-top,5000000000.0
sfc_lagrangian_sdf,0.00266,-0.0032267058180000027,0.06577329418199826,-3.490376718394072e-05,3.801536634532521e-05,,,,0.0010646125139207757,0,7.332142800092697,explicit,lumped,central_difference,MaterialSDF+LagrangianSDFContactOracle,structured-top,5000000000.0
sfc_lagrangian_sdf,0.00267,-0.0032389672545000024,0.06576103274549826,-3.51858219482496e-05,3.830274332333401e-05,,,,0.0010526301767384977,0,7.332142800092697,explicit,lumped,central_difference,MaterialSDF+LagrangianSDFContactOracle,structured-top,5000000000.0
sfc_lagrangian_sdf,0.00268,-0.0032512296720000025,0.06574877032799827,-3.5469221780345643e-05,3.859088342303341e-05,,,,0.0010406482739137336,0,7.332142800092697,explicit,lumped,central_difference,MaterialSDF+LagrangianSDFContactOracle,structured-top,5000000000.0
sfc_lagrangian_sdf,0.00269,-0.0032634930705000022,0.06573650692949827,-3.57539626277685e-05,3.8879785336783775e-05,,,,0.001028666792456106,0,7.332142800092697,explicit,lumped,central_difference,MaterialSDF+LagrangianSDFContactOracle,structured-top,5000000000.0
sfc_lagrangian_sdf,0.0027,-0.0032757574500000023,0.06572424254999826,-3.6040034297537555e-05,3.916944441045311e-05,,,,0.0010166857189696714,0,7.332142800092697,explicit,lumped,central_difference,MaterialSDF+LagrangianSDFContactOracle,structured-top,5000000000.0
sfc_lagrangian_sdf,0.00271,-0.0032880228105000024,0.06571197718949826,-3.6327419665523e-05,3.945985259072378e-05,,,,0.001004705041592062,0,7.332142800092697,explicit,lumped,central_difference,MaterialSDF+LagrangianSDFContactOracle,structured-top,5000000000.0
sfc_lagrangian_sdf,0.00272,-0.0033002891520000025,0.06569971084799826,-3.661609459568788e-05,3.975099894875079e-05,,,,0.0009927247509893128,0,7.332142800092697,explicit,lumped,central_difference,MaterialSDF+LagrangianSDFContactOracle,structured-top,5000000000.0
sfc_lagrangian_sdf,0.0027300000000000002,-0.0033125564745000026,0.06568744352549827,-3.690602842151366e-05,4.004287035844226e-05,,,,0.0009807448405470096,0,7.332142800092697,explicit,lumped,central_difference,MaterialSDF+LagrangianSDFContactOracle,structured-top,5000000000.0
sfc_lagrangian_sdf,0.0027400000000000002,-0.003324824778000002,0.06567517522199826,-3.7197184764840556e-05,4.033545244695705e-05,,,,0.0009687653061783593,0,7.332142800092697,explicit,lumped,central_difference,MaterialSDF+LagrangianSDFContactOracle,structured-top,5000000000.0
sfc_lagrangian_sdf,0.0027500000000000003,-0.0033370940625000027,0.06566290593749827,-3.748952243874661e-05,4.0628731450911055e-05,,,,0.0009567861462033696,0,7.332142800092697,explicit,lumped,central_difference,MaterialSDF+LagrangianSDFContactOracle,structured-top,5000000000.0
sfc_lagrangian_sdf,0.0027600000000000003,-0.0033493643280000022,0.06565063567199826,-3.778299620998714e-05,4.092269718645163e-05,,,,0.0009448073615568768,0,7.332142800092697,explicit,lumped,central_difference,MaterialSDF+LagrangianSDFContactOracle,structured-top,5000000000.0
sfc_lagrangian_sdf,0.0027700000000000003,-0.0033616355745000027,0.06563836442549825,-3.807755727978811e-05,4.122162000494833e-05,,,,0.0009328289562701096,0,7.332142800092697,explicit,lumped,central_difference,MaterialSDF+LagrangianSDFContactOracle,structured-top,5000000000.0
sfc_lagrangian_sdf,0.0027800000000000004,-0.003373907802000003,0.06562609219799825,-3.837315346279252e-05,4.152301216914177e-05,,,,0.0009208509379137684,0,7.332142800092697,explicit,lumped,central_difference,MaterialSDF+LagrangianSDFContactOracle,structured-top,5000000000.0
sfc_lagrangian_sdf,0.0027900000000000004,-0.003386181010500002,0.06561381898949827,-3.866972917474448e-05,4.182516418060247e-05,,,,0.0009088733176384646,0,7.332142800092697,explicit,lumped,central_difference,MaterialSDF+LagrangianSDFContactOracle,structured-top,5000000000.0
sfc_lagrangian_sdf,0.0028000000000000004,-0.0033984552000000025,0.06560154479999826,-3.8967225446665705e-05,4.2128062985565155e-05,,,,0.0008968961096387315,0,7.332142800092697,explicit,lumped,central_difference,MaterialSDF+LagrangianSDFContactOracle,structured-top,5000000000.0
sfc_lagrangian_sdf,0.0028100000000000004,-0.0034107303705000025,0.06558926962949825,-3.9265580236369976e-05,4.243169959170803e-05,,,,0.0008849193301946576,0,7.332142800092697,explicit,lumped,central_difference,MaterialSDF+LagrangianSDFContactOracle,structured-top,5000000000.0
sfc_lagrangian_sdf,0.00282,-0.0034230065220000024,0.06557699347799827,-3.9564729288140744e-05,4.273607110960208e-05,,,,0.00087294299671988,0,7.332142800092697,explicit,lumped,central_difference,MaterialSDF+LagrangianSDFContactOracle,structured-top,5000000000.0
sfc_lagrangian_sdf,0.00283,-0.0034352836545000023,0.06556471634549826,-3.986460769655284e-05,4.3041180760350654e-05,,,,0.0008609671273004425,0,7.332142800092697,explicit,lumped,central_difference,MaterialSDF+LagrangianSDFContactOracle,structured-top,5000000000.0
sfc_lagrangian_sdf,0.00284,-0.003447561768000002,0.06555243823199827,-4.0165152177581604e-05,4.334703578576114e-05,,,,0.0008489917410018575,0,7.332142800092697,explicit,lumped,central_difference,MaterialSDF+LagrangianSDFContactOracle,structured-top,5000000000.0
sfc_lagrangian_sdf,0.00285,-0.003459840862500003,0.06554015913749825,-4.0466303870847635e-05,4.36536442339193e-05,,,,0.0008370168588442354,0,7.332142800092697,explicit,lumped,central_difference,MaterialSDF+LagrangianSDFContactOracle,structured-top,5000000000.0
sfc_lagrangian_sdf,0.00286,-0.0034721209380000027,0.06552787906199826,-4.0768011329799905e-05,4.396101204210271e-05,,,,0.0008250425049670287,0,7.332142800092697,explicit,lumped,central_difference,MaterialSDF+LagrangianSDFContactOracle,structured-top,5000000000.0
sfc_lagrangian_sdf,0.00287,-0.003484401994500002,0.06551559800549826,-4.107023323896669e-05,4.426914144330765e-05,,,,0.0008130687072895288,0,7.332142800092697,explicit,lumped,central_difference,MaterialSDF+LagrangianSDFContactOracle,structured-top,5000000000.0
sfc_lagrangian_sdf,0.00288,-0.0034966840320000024,0.06550331596799826,-4.137294035707974e-05,4.4578030863904124e-05,,,,0.0008010954970233315,0,7.332142800092697,explicit,lumped,central_difference,MaterialSDF+LagrangianSDFContactOracle,structured-top,5000000000.0
sfc_lagrangian_sdf,0.00289,-0.0035089670505000026,0.06549103294949826,-4.167611623584326e-05,4.488767583050757e-05,,,,0.0007891229067265484,0,7.332142800092697,explicit,lumped,central_difference,MaterialSDF+LagrangianSDFContactOracle,structured-top,5000000000.0
sfc_lagrangian_sdf,0.0029000000000000002,-0.003521251050000003,0.06547874894999826,-4.1979756404372466e-05,4.519807031456779e-05,,,,0.0007771509671270094,0,7.332142800092697,explicit,lumped,central_difference,MaterialSDF+LagrangianSDFContactOracle,structured-top,5000000000.0
sfc_lagrangian_sdf,0.0029100000000000003,-0.003533536030500003,0.06546646396949826,-4.228386592152817e-05,4.550920818085734e-05,,,,0.0007651797035017554,0,7.332142800092697,explicit,lumped,central_difference,MaterialSDF+LagrangianSDFContactOracle,structured-top,5000000000.0
sfc_lagrangian_sdf,0.0029200000000000003,-0.0035458219920000023,0.06545417800799826,-4.2588455452464927e-05,4.582108451344467e-05,,,,0.0007532091327357297,0,7.332142800092697,explicit,lumped,central_difference,MaterialSDF+LagrangianSDFContactOracle,structured-top,5000000000.0
sfc_lagrangian_sdf,0.0029300000000000003,-0.003558108934500003,0.06544189106549828,-4.289353628304734e-05,4.613369646019507e-05,,,,0.0007412392620852001,0,7.332142800092697,explicit,lumped,central_difference,MaterialSDF+LagrangianSDFContactOracle,structured-top,5000000000.0
sfc_lagrangian_sdf,0.0029400000000000003,-0.0035703968580000026,0.06542960314199826,-4.3199114904533e-05,4.6447043227313226e-05,,,,0.0007292700901075726,0,7.332142800092697,explicit,lumped,central_difference,MaterialSDF+LagrangianSDFContactOracle,structured-top,5000000000.0
sfc_lagrangian_sdf,0.0029500000000000004,-0.0035826857625000028,0.06541731423749826,-4.350518794200098e-05,4.676432155534093e-05,,,,0.0007173016093925389,0,7.332142800092697,explicit,lumped,central_difference,MaterialSDF+LagrangianSDFContactOracle,structured-top,5000000000.0
sfc_lagrangian_sdf,0.0029600000000000004,-0.003594975648000003,0.06540502435199826,-4.381173823293899e-05,4.708535375284155e-05,,,,0.0007053338100068434,0,7.332142800092697,explicit,lumped,central_difference,MaterialSDF+LagrangianSDFContactOracle,structured-top,5000000000.0
sfc_lagrangian_sdf,0.0029700000000000004,-0.0036072665145000025,0.06539273348549826,-4.411873277018636e-05,4.7407191694352525e-05,,,,0.0006933666822771083,0,7.332142800092697,explicit,lumped,central_difference,MaterialSDF+LagrangianSDFContactOracle,structured-top,5000000000.0
sfc_lagrangian_sdf,0.0029800000000000004,-0.0036195583620000035,0.06538044163799826,-4.442612300617704e-05,4.772983534082504e-05,,,,0.0006814002178011018,0,7.332142800092697,explicit,lumped,central_difference,MaterialSDF+LagrangianSDFContactOracle,structured-top,5000000000.0
sfc_lagrangian_sdf,0.00299,-0.0036318511905000027,0.06536814880949826,-4.473384769262552e-05,4.80532859649833e-05,,,,0.0006694344082602325,0,7.332142800092697,explicit,lumped,central_difference,MaterialSDF+LagrangianSDFContactOracle,structured-top,5000000000.0
sfc_lagrangian_sdf,0.003,-0.0036441450000000027,0.06535585499999826,-4.5041838040829946e-05,4.837754417137279e-05,,,,0.00065746924242281,0,7.332142800092697,explicit,lumped,central_difference,MaterialSDF+LagrangianSDFContactOracle,structured-top,5000000000.0
sfc_lagrangian_sdf,0.00301,-0.003656439790500003,0.06534356020949827,-4.535002458962318e-05,4.870260906835893e-05,,,,0.0006455047023977519,0,7.332142800092697,explicit,lumped,central_difference,MaterialSDF+LagrangianSDFContactOracle,structured-top,5000000000.0
sfc_lagrangian_sdf,0.00302,-0.003668735562000003,0.06533126443799826,-4.565834482885712e-05,4.902847829307515e-05,,,,0.0006335407605270981,0,7.332142800092697,explicit,lumped,central_difference,MaterialSDF+LagrangianSDFContactOracle,structured-top,5000000000.0
sfc_lagrangian_sdf,0.00303,-0.003681032314500003,0.06531896768549827,-4.596675041429274e-05,4.9355148198669087e-05,,,,0.0006215773781809537,0,7.332142800092697,explicit,lumped,central_difference,MaterialSDF+LagrangianSDFContactOracle,structured-top,5000000000.0
sfc_lagrangian_sdf,0.00304,-0.003693330048000003,0.06530666995199826,-4.6275212778397834e-05,4.968261375178103e-05,,,,0.0006096145071223972,0,7.332142800092697,explicit,lumped,central_difference,MaterialSDF+LagrangianSDFContactOracle,structured-top,5000000000.0
sfc_lagrangian_sdf,0.00305,-0.0037056287625000027,0.06529437123749826,-4.65837261154107e-05,5.0010868141343505e-05,,,,0.0005976520931849393,0,7.332142800092697,explicit,lumped,central_difference,MaterialSDF+LagrangianSDFContactOracle,structured-top,5000000000.0
sfc_lagrangian_sdf,0.0030600000000000002,-0.0037179284580000026,0.06528207154199826,-4.6892307084515095e-05,5.033990238921458e-05,,,,0.0005856900810985286,0,7.332142800092697,explicit,lumped,central_difference,MaterialSDF+LagrangianSDFContactOracle,structured-top,5000000000.0
sfc_lagrangian_sdf,0.0030700000000000002,-0.0037302291345000034,0.06526977086549826,-4.720099107975e-05,5.066970526222911e-05,,,,0.0005737284188699636,0,7.332142800092697,explicit,lumped,central_difference,MaterialSDF+LagrangianSDFContactOracle,structured-top,5000000000.0
sfc_lagrangian_sdf,0.0030800000000000003,-0.003742530792000003,0.06525746920799827,-4.750982547707996e-05,5.1000263587607985e-05,,,,0.000561767060450044,0,7.332142800092697,explicit,lumped,central_difference,MaterialSDF+LagrangianSDFContactOracle,structured-top,5000000000.0
sfc_lagrangian_sdf,0.0030900000000000003,-0.0037548334305000024,0.06524516656949826,-4.78188607913435e-05,5.1331562797010594e-05,,,,0.0005498059663541235,0,7.332142800092697,explicit,lumped,central_difference,MaterialSDF+LagrangianSDFContactOracle,structured-top,5000000000.0
sfc_lagrangian_sdf,0.0031000000000000003,-0.0037671370500000027,0.06523286294999825,-4.8128141065921514e-05,5.16635873100344e-05,,,,0.0005378451028747574,0,7.332142800092697,explicit,lumped,central_difference,MaterialSDF+LagrangianSDFContactOracle,structured-top,5000000000.0
sfc_lagrangian_sdf,0.0031100000000000004,-0.0037794416505000034,0.06522055834949826,-4.843769500363584e-05,5.1996320362827854e-05,,,,0.000525884440925585,0,7.332142800092697,explicit,lumped,central_difference,MaterialSDF+LagrangianSDFContactOracle,structured-top,5000000000.0
sfc_lagrangian_sdf,0.0031200000000000004,-0.0037917472320000024,0.06520825276799826,-4.874752928895988e-05,5.232974316127541e-05,,,,0.0005139239552005799,0,7.332142800092697,explicit,lumped,central_difference,MaterialSDF+LagrangianSDFContactOracle,structured-top,5000000000.0
sfc_lagrangian_sdf,0.0031300000000000004,-0.0038040537945000018,0.06519594620549826,-4.905762524914322e-05,5.266383367548708e-05,,,,0.0005019636236290492,0,7.332142800092697,explicit,lumped,central_difference,MaterialSDF+LagrangianSDFContactOracle,structured-top,5000000000.0
sfc_lagrangian_sdf,0.0031400000000000004,-0.0038163613380000024,0.06518363866199826,-4.936793949638681e-05,5.299856572159014e-05,,,,0.0004900034267057221,0,7.332142800092697,explicit,lumped,central_difference,MaterialSDF+LagrangianSDFContactOracle,structured-top,5000000000.0
sfc_lagrangian_sdf,0.0031500000000000005,-0.0038286698625000027,0.06517133013749826,-4.967840856198887e-05,5.3338631652043526e-05,,,,0.0004780433465032623,0,7.332142800092697,explicit,lumped,central_difference,MaterialSDF+LagrangianSDFContactOracle,structured-top,5000000000.0
sfc_lagrangian_sdf,0.00316,-0.003840979368000003,0.06515902063199826,-4.9988956878604025e-05,5.36799230189573e-05,,,,0.0004660833657297642,0,7.332142800092697,explicit,lumped,central_difference,MaterialSDF+LagrangianSDFContactOracle,structured-top,5000000000.0
sfc_lagrangian_sdf,0.00317,-0.003853289854500003,0.06514671014549825,-5.0299506898997434e-05,5.4021757268062096e-05,,,,0.0004541234674418324,0,7.332142800092697,explicit,lumped,central_difference,MaterialSDF+LagrangianSDFContactOracle,structured-top,5000000000.0
sfc_lagrangian_sdf,0.00318,-0.003865601322000003,0.06513439867799826,-5.0609989758754125e-05,5.4364113527392236e-05,,,,0.00044216363561921023,0,7.332142800092697,explicit,lumped,central_difference,MaterialSDF+LagrangianSDFContactOracle,structured-top,5000000000.0
sfc_lagrangian_sdf,0.00319,-0.003877913770500003,0.06512208622949826,-5.0920354767466374e-05,5.470697838436077e-05,,,,0.00043020385607847605,0,7.332142800092697,explicit,lumped,central_difference,MaterialSDF+LagrangianSDFContactOracle,structured-top,5000000000.0
sfc_lagrangian_sdf,0.0032,-0.0038902272000000027,0.06510977279999826,-5.1230576177197414e-05,5.5050345512061354e-05,,,,0.00041824411687180164,0,7.332142800092697,explicit,lumped,central_difference,MaterialSDF+LagrangianSDFContactOracle,structured-top,5000000000.0
sfc_lagrangian_sdf,0.00321,-0.0039025416105000024,0.06509745838949825,-5.154065610933561e-05,5.5394215813158e-05,,,,0.00040628440779420913,0,7.332142800092697,explicit,lumped,central_difference,MaterialSDF+LagrangianSDFContactOracle,structured-top,5000000000.0
sfc_lagrangian_sdf,0.00322,-0.0039148570020000025,0.06508514299799827,-5.1850623154638927e-05,5.573859848646779e-05,,,,0.0003943247195381938,0,7.332142800092697,explicit,lumped,central_difference,MaterialSDF+LagrangianSDFContactOracle,structured-top,5000000000.0
sfc_lagrangian_sdf,0.0032300000000000002,-0.003927173374500002,0.06507282662549826,-5.2160526890613986e-05,5.608351232800503e-05,,,,0.0003823650435135719,0,7.332142800092697,explicit,lumped,central_difference,MaterialSDF+LagrangianSDFContactOracle,structured-top,5000000000.0
sfc_lagrangian_sdf,0.0032400000000000003,-0.003939490728000003,0.06506050927199827,-5.247042925660603e-05,5.642898635610408e-05,,,,0.00037040537283126735,0,7.332142800092697,explicit,lumped,central_difference,MaterialSDF+LagrangianSDFContactOracle,structured-top,5000000000.0
sfc_lagrangian_sdf,0.0032500000000000003,-0.003951809062500003,0.06504819093749827,-5.2780394260979075e-05,5.6775059451249334e-05,,,,0.0003584457037953987,0,7.332142800092697,explicit,lumped,central_difference,MaterialSDF+LagrangianSDFContactOracle,structured-top,5000000000.0
sfc_lagrangian_sdf,0.0032600000000000003,-0.003964128378000002,0.06503587162199827,-5.3090477763408806e-05,5.712177931662467e-05,,,,0.0003464860365072582,0,7.332142800092697,explicit,lumped,central_difference,MaterialSDF+LagrangianSDFContactOracle,structured-top,5000000000.0
sfc_lagrangian_sdf,0.0032700000000000003,-0.003976448674500003,0.06502355132549827,-5.3400719025473395e-05,5.746920107378561e-05,,,,0.00033452637366069334,0,7.332142800092697,explicit,lumped,central_difference,MaterialSDF+LagrangianSDFContactOracle,structured-top,5000000000.0
sfc_lagrangian_sdf,0.0032800000000000004,-0.003988769952000002,0.06501123004799826,-5.3711135365581775e-05,5.781738538269396e-05,,,,0.00032256671805469187,0,7.332142800092697,explicit,lumped,central_difference,MaterialSDF+LagrangianSDFContactOracle,structured-top,5000000000.0
sfc_lagrangian_sdf,0.0032900000000000004,-0.004001092210500002,0.06499890778949827,-5.4021720664282214e-05,5.816639577837055e-05,,,,0.0003106070705898554,0,7.332142800092697,explicit,lumped,central_difference,MaterialSDF+LagrangianSDFContactOracle,structured-top,5000000000.0
sfc_lagrangian_sdf,0.0033000000000000004,-0.004013415450000003,0.06498658454999826,-5.4332447763715226e-05,5.851629530275119e-05,,,,0.0002986474304357704,0,7.332142800092697,explicit,lumped,central_difference,MaterialSDF+LagrangianSDFContactOracle,structured-top,5000000000.0
sfc_lagrangian_sdf,0.0033100000000000004,-0.004025739670500002,0.06497426032949825,-5.464327412867759e-05,5.8867143134206904e-05,,,,0.0002866877976071225,0,7.332142800092697,explicit,lumped,central_difference,MaterialSDF+LagrangianSDFContactOracle,structured-top,5000000000.0
sfc_lagrangian_sdf,0.0033200000000000005,-0.004038064872000003,0.06496193512799826,-5.4954149611207554e-05,5.9218992126545924e-05,,,,0.0002747281764717402,0,7.332142800092697,explicit,lumped,central_difference,MaterialSDF+LagrangianSDFContactOracle,structured-top,5000000000.0
sfc_lagrangian_sdf,0.00333,-0.004050391054500003,0.06494960894549826,-5.5265024871760345e-05,5.957188771409374e-05,,,,0.00026276857806310994,0,7.332142800092697,explicit,lumped,central_difference,MaterialSDF+LagrangianSDFContactOracle,structured-top,5000000000.0
sfc_lagrangian_sdf,0.00334,-0.0040627182180000025,0.06493728178199826,-5.5575858991398874e-05,5.993122561112205e-05,,,,0.0002508090199107373,0,7.332142800092697,explicit,lumped,central_difference,MaterialSDF+LagrangianSDFContactOracle,structured-top,5000000000.0
sfc_lagrangian_sdf,0.00335,-0.004075046362500003,0.06492495363749827,-5.5886625041531926e-05,6.0295287453975836e-05,,,,0.0002388495236524632,0,7.332142800092697,explicit,lumped,central_difference,MaterialSDF+LagrangianSDFContactOracle,structured-top,5000000000.0
sfc_lagrangian_sdf,0.00336,-0.004087375488000003,0.06491262451199827,-5.61973127990051e-05,6.066061520437101e-05,,,,0.0002268901117155813,0,7.332142800092697,explicit,lumped,central_difference,MaterialSDF+LagrangianSDFContactOracle,structured-top,5000000000.0
sfc_lagrangian_sdf,0.00337,-0.0040997055945000025,0.06490029440549826,-5.650792831885274e-05,6.102717717196966e-05,,,,0.00021493080424917377,0,7.332142800092697,explicit,lumped,central_difference,MaterialSDF+LagrangianSDFContactOracle,structured-top,5000000000.0
sfc_lagrangian_sdf,0.00338,-0.004112036682000004,0.06488796331799826,-5.6818490613675334e-05,6.139493673541138e-05,,,,0.00020297161671848336,0,7.332142800092697,explicit,lumped,central_difference,MaterialSDF+LagrangianSDFContactOracle,structured-top,5000000000.0
sfc_lagrangian_sdf,0.0033900000000000002,-0.004124368750500003,0.06487563124949826,-5.7129026156675135e-05,6.176385734481644e-05,,,,0.0001910125580624584,0,7.332142800092697,explicit,lumped,central_difference,MaterialSDF+LagrangianSDFContactOracle,structured-top,5000000000.0
sfc_lagrangian_sdf,0.0034000000000000002,-0.0041367018000000024,0.06486329819999827,-5.743956226289647e-05,6.213390550879982e-05,,,,0.00017905362950215712,0,7.332142800092697,explicit,lumped,central_difference,MaterialSDF+LagrangianSDFContactOracle,structured-top,5000000000.0
sfc_lagrangian_sdf,0.0034100000000000003,-0.0041490358305000035,0.06485096416949826,-5.775012056867982e-05,6.25050517535889e-05,,,,0.00016709482452567458,0,7.332142800092697,explicit,lumped,central_difference,MaterialSDF+LagrangianSDFContactOracle,structured-top,5000000000.0
sfc_lagrangian_sdf,0.0034200000000000003,-0.004161370842000003,0.06483862915799826,-5.806071180046635e-05,6.287727049027697e-05,,,,0.00015513613048878414,0,7.332142800092697,explicit,lumped,central_difference,MaterialSDF+LagrangianSDFContactOracle,structured-top,5000000000.0
sfc_lagrangian_sdf,0.0034300000000000003,-0.004173706834500003,0.06482629316549827,-5.8371332798492215e-05,6.325053946397858e-05,,,,0.00014317753144237386,0,7.332142800092697,explicit,lumped,central_difference,MaterialSDF+LagrangianSDFContactOracle,structured-top,5000000000.0
sfc_lagrangian_sdf,0.0034400000000000003,-0.004186043808000003,0.06481395619199826,-5.868196636102999e-05,6.362483861391055e-05,,,,0.0001312190108789714,0,7.332142800092697,explicit,lumped,central_difference,MaterialSDF+LagrangianSDFContactOracle,structured-top,5000000000.0
sfc_lagrangian_sdf,0.0034500000000000004,-0.0041983817625000025,0.06480161823749828,-5.899258395447184e-05,6.400014790839244e-05,,,,0.00011926055299993794,0,7.332142800092697,explicit,lumped,central_difference,MaterialSDF+LagrangianSDFContactOracle,structured-top,5000000000.0
sfc_lagrangian_sdf,0.0034600000000000004,-0.004210720698000003,0.06478927930199825,-5.930315078027448e-05,6.437644449319309e-05,,,,0.00010730214210306606,0,7.332142800092697,explicit,lumped,central_difference,MaterialSDF+LagrangianSDFContactOracle,structured-top,5000000000.0
sfc_lagrangian_sdf,0.0034700000000000004,-0.004223060614500004,0.06477693938549826,-5.961363221097085e-05,6.47537005664485e-05,,,,9.534376105388893e-05,0,7.332142800092697,explicit,lumped,central_difference,MaterialSDF+LagrangianSDFContactOracle,structured-top,5000000000.0
sfc_lagrangian_sdf,0.0034800000000000005,-0.004235401512000004,0.06476459848799826,-5.992400031357444e-05,6.513188356338333e-05,,,,8.33853904394417e-05,0,7.332142800092697,explicit,lumped,central_difference,MaterialSDF+LagrangianSDFContactOracle,structured-top,5000000000.0
sfc_lagrangian_sdf,0.0034900000000000005,-0.004247743390500004,0.06475225660949825,-6.023423914958609e-05,6.551669696605053e-05,,,,7.142700943174203e-05,0,7.332142800092697,explicit,lumped,central_difference,MaterialSDF+LagrangianSDFContactOracle,structured-top,5000000000.0
sfc_lagrangian_sdf,0.0035,-0.004260086250000004,0.06473991374999825,-6.054434779984158e-05,6.590301705307669e-05,,,,5.946859815595389e-05,0,7.332142800092697,explicit,lumped,central_difference,MaterialSDF+LagrangianSDFContactOracle,structured-top,5000000000.0
sfc_lagrangian_sdf,0.00351,-0.004272430090500003,0.06472756990949827,-6.085434056279123e-05,6.62901220497257e-05,,,,4.751014051080055e-05,0,7.332142800092697,explicit,lumped,central_difference,MaterialSDF+LagrangianSDFContactOracle,structured-top,5000000000.0
sfc_lagrangian_sdf,0.00352,-0.004284774912000004,0.06471522508799826,-6.116424440462569e-05,6.667799124798353e-05,,,,3.5551626509185994e-05,0,7.332142800092697,explicit,lumped,central_difference,MaterialSDF+LagrangianSDFContactOracle,structured-top,5000000000.0
sfc_lagrangian_sdf,0.00353,-0.004297120714500004,0.06470287928549825,-6.147409434659693e-05,6.706660342357968e-05,,,,2.3593053951850782e-05,0,7.332142800092697,explicit,lumped,central_difference,MaterialSDF+LagrangianSDFContactOracle,structured-top,5000000000.0
sfc_lagrangian_sdf,0.00354,-0.004309467498000004,0.06469053250199826,-6.178392790501635e-05,6.745593784930582e-05,,,,1.1634429764395098e-05,0,7.332142800092697,explicit,lumped,central_difference,MaterialSDF+LagrangianSDFContactOracle,structured-top,5000000000.0
sfc_lagrangian_sdf,0.00355,-0.004321815262500004,0.06467818473749824,-6.209377984123056e-05,6.784597526347746e-05,,,,-3.242288809053117e-07,32,7.332142800092697,explicit,lumped,central_difference,MaterialSDF+LagrangianSDFContactOracle,structured-top,5000000000.0
sfc_lagrangian_sdf,0.0035600000000000002,-0.004334163982935714,0.06466583601706255,-6.240367829925924e-05,6.823669842400822e-05,,,,-1.227666593863638e-05,48,7.332142800092697,explicit,lumped,central_difference,MaterialSDF+LagrangianSDFContactOracle,structured-top,5000000000.0
sfc_lagrangian_sdf,0.0035700000000000003,-0.0043465113224567704,0.06465348867754149,-6.271364296747434e-05,6.862809212147502e-05,,,,-2.3758937041013425e-05,48,7.332142800092697,explicit,lumped,central_difference,MaterialSDF+LagrangianSDFContactOracle,structured-top,5000000000.0
sfc_lagrangian_sdf,0.0035800000000000003,-0.004358855028972654,0.0646411449710256,-6.30236853345239e-05,6.902014274057252e-05,,,,-3.4546323566363635e-05,48,7.332142800092697,explicit,lumped,central_difference,MaterialSDF+LagrangianSDFContactOracle,structured-top,5000000000.0
sfc_lagrangian_sdf,0.0035900000000000003,-0.00437119299354683,0.06462880700645143,-6.333381058852742e-05,7.112359735820777e-05,,,,-4.462412745383062e-05,48,7.332142800092697,explicit,lumped,central_difference,MaterialSDF+LagrangianSDFContactOracle,structured-top,5000000000.0
sfc_lagrangian_sdf,0.0036000000000000003,-0.0043835232538163285,0.06461647674618193,-6.364402037805896e-05,7.435630194202782e-05,,,,-5.414082986717685e-05,48,7.332142800092697,explicit,lumped,central_difference,MaterialSDF+LagrangianSDFContactOracle,structured-top,5000000000.0
sfc_lagrangian_sdf,0.0036100000000000004,-0.00439584396289599,0.06460415603710228,-6.395431558702543e-05,7.763367530314915e-05,,,,-6.3260808873232e-05,48,7.332142800092697,explicit,lumped,central_difference,MaterialSDF+LagrangianSDFContactOracle,structured-top,5000000000.0
sfc_lagrangian_sdf,0.0036200000000000004,-0.004408153353318774,0.06459184664667948,-6.426469845519524e-05,8.063309155675216e-05,,,,-7.206933225981357e-05,48,7.332142800092697,explicit,lumped,central_difference,MaterialSDF+LagrangianSDFContactOracle,structured-top,5000000000.0
sfc_lagrangian_sdf,0.0036300000000000004,-0.004420449718703565,0.06457955028129471,-6.45751737080135e-05,8.321316818428523e-05,,,,-8.054735608923355e-05,48,7.332142800092697,explicit,lumped,central_difference,MaterialSDF+LagrangianSDFContactOracle,structured-top,5000000000.0
sfc_lagrangian_sdf,0.0036400000000000004,-0.004432731417026187,0.06456726858297207,-6.488574871512289e-05,8.537067889090723e-05,,,,-8.86253698394567e-05,48,7.332142800092697,explicit,lumped,central_difference,MaterialSDF+LagrangianSDFContactOracle,structured-top,5000000000.0
sfc_lagrangian_sdf,0.0036500000000000005,-0.004444996884946011,0.06455500311505226,-6.51964329617058e-05,8.716683297787903e-05,,,,-9.623928855635731e-05,48,7.332142800092697,explicit,lumped,central_difference,MaterialSDF+LagrangianSDFContactOracle,structured-top,5000000000.0
sfc_lagrangian_sdf,0.0036600000000000005,-0.004457244651853282,0.06454275534814498,-6.550723722499039e-05,8.868934909154921e-05,,,,-0.00010334118384095003,48,7.332142800092697,explicit,lumped,central_difference,MaterialSDF+LagrangianSDFContactOracle,structured-top,5000000000.0
sfc_lagrangian_sdf,0.00367,-0.004469473351100311,0.06453052664889795,-6.581817279883958e-05,9.005255492296622e-05,,,,-0.00010987446574735724,48,7.332142800092697,explicit,lumped,central_difference,MaterialSDF+LagrangianSDFContactOracle,structured-top,5000000000.0
sfc_lagrangian_sdf,0.00368,-0.004481681732973923,0.06451831826702435,-6.612925095701541e-05,9.139188735432003e-05,,,,-0.00011575824025193328,48,7.332142800092697,explicit,lumped,central_difference,MaterialSDF+LagrangianSDFContactOracle,structured-top,5000000000.0
sfc_lagrangian_sdf,0.00369,-0.004493868682276129,0.06450613131772213,-6.644048267496114e-05,9.282208408721253e-05,,,,-0.00012090959023579736,48,7.332142800092697,explicit,lumped,central_difference,MaterialSDF+LagrangianSDFContactOracle,structured-top,5000000000.0
sfc_lagrangian_sdf,0.0037,-0.004506033235978648,0.06449396676401963,-6.675187851935234e-05,9.437874068824546e-05,,,,-0.00012528747607328794,48,7.332142800092697,explicit,lumped,central_difference,MaterialSDF+LagrangianSDFContactOracle,structured-top,5000000000.0
sfc_lagrangian_sdf,0.00371,-0.004518174592228062,0.0644818254077702,-6.706344860377821e-05,9.599473754585885e-05,,,,-0.00012891527118887922,48,7.332142800092697,explicit,lumped,central_difference,MaterialSDF+LagrangianSDFContactOracle,structured-top,5000000000.0
sfc_lagrangian_sdf,0.00372,-0.004530292106328785,0.06446970789366949,-6.737520258146938e-05,9.754205650075353e-05,,,,-0.00013185657130712966,48,7.332142800092697,explicit,lumped,central_difference,MaterialSDF+LagrangianSDFContactOracle,structured-top,5000000000.0
sfc_lagrangian_sdf,0.0037300000000000002,-0.004542385278726225,0.06445761472127204,-6.768714973974051e-05,9.891459144761135e-05,,,,-0.0001341624724290255,48,7.332142800092697,explicit,lumped,central_difference,MaterialSDF+LagrangianSDFContactOracle,structured-top,5000000000.0
sfc_lagrangian_sdf,0.0037400000000000003,-0.004554453745744079,0.0644455462542542,-6.799929930226953e-05,0.000100090295490075,,,,-0.0001358356506759758,48,7.332142800092697,explicit,lumped,central_difference,MaterialSDF+LagrangianSDFContactOracle,structured-top,5000000000.0
sfc_lagrangian_sdf,0.0037500000000000003,-0.004566497280428137,0.06443350271957013,-6.83116609926291e-05,0.00010112622748337682,,,,-0.0001368420634650155,48,7.332142800092697,explicit,lumped,central_difference,MaterialSDF+LagrangianSDFContactOracle,structured-top,5000000000.0
sfc_lagrangian_sdf,0.0037600000000000003,-0.004578515801184427,0.06442148419881383,-6.862424578175016e-05,0.00010209462553418465,,,,-0.00013715914615224952,48,7.332142800092697,explicit,lumped,central_difference,MaterialSDF+LagrangianSDFContactOracle,structured-top,5000000000.0
sfc_lagrangian_sdf,0.0037700000000000003,-0.0045905093784044315,0.06440949062159382,-6.893706660028262e-05,0.00010301474929924867,,,,-0.0001368183292862321,48,7.332142800092697,explicit,lumped,central_difference,MaterialSDF+LagrangianSDFContactOracle,structured-top,5000000000.0
sfc_lagrangian_sdf,0.0037800000000000004,-0.0046024782302733274,0.06439752176972494,-6.925013872492683e-05,0.0001038354615108899,,,,-0.00013590608208721515,48,7.332142800092697,explicit,lumped,central_difference,MaterialSDF+LagrangianSDFContactOracle,structured-top,5000000000.0
sfc_lagrangian_sdf,0.0037900000000000004,-0.004614422707292063,0.0643855772927062,-6.956347959565507e-05,0.00010447988630890274,,,,-0.0001345238000293653,48,7.332142800092697,explicit,lumped,central_difference,MaterialSDF+LagrangianSDFContactOracle,structured-top,5000000000.0
sfc_lagrangian_sdf,0.0038000000000000004,-0.00462634327348543,0.06437365672651284,-6.9877107981668e-05,0.0001049140670161405,,,,-0.0001327403036346944,48,7.332142800092697,explicit,lumped,central_difference,MaterialSDF+LagrangianSDFContactOracle,structured-top,5000000000.0
sfc_lagrangian_sdf,0.0038100000000000005,-0.0046382404939909186,0.06436175950600735,-7.019104263031091e-05,0.00010518557260425826,,,,-0.00013057424094607229,48,7.332142800092697,explicit,lumped,central_difference,MaterialSDF+LagrangianSDFContactOracle,structured-top,5000000000.0
sfc_lagrangian_sdf,0.0038200000000000005,-0.00465011503284507,0.06434988496715319,-7.050530072509274e-05,0.00010540437337544808,,,,-0.00012801736409014314,48,7.332142800092697,explicit,lumped,central_difference,MaterialSDF+LagrangianSDFContactOracle,structured-top,5000000000.0
sfc_lagrangian_sdf,0.0038300000000000005,-0.004661967656486776,0.0643380323435115,-7.081989657668662e-05,0.00010568235743450529,,,,-0.0001250776156756952,48,7.332142800092697,explicit,lumped,central_difference,MaterialSDF+LagrangianSDFContactOracle,structured-top,5000000000.0
sfc_lagrangian_sdf,0.0038400000000000005,-0.004673799234269412,0.06432620076572887,-7.113484093641779e-05,0.00010607490544506201,,,,-0.0001218088105163828,48,7.332142800092697,explicit,lumped,central_difference,MaterialSDF+LagrangianSDFContactOracle,structured-top,5000000000.0
sfc_lagrangian_sdf,0.00385,-0.0046856107297338434,0.06431438927026442,-7.145014115773652e-05,0.00010656094765915316,,,,-0.00011830797022594313,48,7.332142800092697,explicit,lumped,central_difference,MaterialSDF+LagrangianSDFContactOracle,structured-top,5000000000.0
sfc_lagrangian_sdf,0.00386,-0.004697403182843024,0.06430259681715525,-7.176580218069107e-05,0.00010706727598084714,,,,-0.00011468733798653879,48,7.332142800092697,explicit,lumped,central_difference,MaterialSDF+LagrangianSDFContactOracle,structured-top,5000000000.0
sfc_lagrangian_sdf,0.00387,-0.004709177688631759,0.0642908223113665,-7.208182805437376e-05,0.00010751406079828958,,,,-0.0001110445318837648,48,7.332142800092697,explicit,lumped,central_difference,MaterialSDF+LagrangianSDFContactOracle,structured-top,5000000000.0
sfc_lagrangian_sdf,0.00388,-0.004720935378360312,0.06427906462163795,-7.239822353403108e-05,0.00010785102370011581,,,,-0.00010745063828604913,48,7.332142800092697,explicit,lumped,central_difference,MaterialSDF+LagrangianSDFContactOracle,structured-top,5000000000.0
sfc_lagrangian_sdf,0.0038900000000000002,-0.004732677405833337,0.06426732259416493,-7.271499526464532e-05,0.00010806822910088117,,,,-0.00010395852931971852,48,7.332142800092697,explicit,lumped,central_difference,MaterialSDF+LagrangianSDFContactOracle,structured-top,5000000000.0
sfc_lagrangian_sdf,0.0039000000000000003,-0.004744404937466848,0.06425559506253142,-7.303215220598657e-05,0.00010818686188296196,,,,-0.00010061786345143816,48,7.332142800092697,explicit,lumped,central_difference,MaterialSDF+LagrangianSDFContactOracle,structured-top,5000000000.0
sfc_lagrangian_sdf,0.00391,-0.004756119143162783,0.06424388085683548,-7.33497052059086e-05,0.00010824645635581625,,,,-9.748097672613219e-05,48,7.332142800092697,explicit,lumped,central_difference,MaterialSDF+LagrangianSDFContactOracle,structured-top,5000000000.0
sfc_lagrangian_sdf,0.003920000000000001,-0.004767821186663955,0.0642321788133343,-7.366766587676455e-05,0.00010829954475855131,,,,-9.45951341309093e-05,48,7.332142800092697,explicit,lumped,central_difference,MaterialSDF+LagrangianSDFContactOracle,structured-top,5000000000.0
sfc_lagrangian_sdf,0.00393,-0.004779512216680942,0.06422048778331733,-7.39860450645769e-05,0.00010841049351866993,,,,-9.199083201001917e-05,48,7.332142800092697,explicit,lumped,central_difference,MaterialSDF+LagrangianSDFContactOracle,structured-top,5000000000.0
sfc_lagrangian_sdf,0.00394,-0.004791193360903074,0.06420880663909519,-7.430485117500824e-05,0.00010864679707821424,,,,-8.96808204224543e-05,48,7.332142800092697,explicit,lumped,central_difference,MaterialSDF+LagrangianSDFContactOracle,structured-top,5000000000.0
sfc_lagrangian_sdf,0.00395,-0.0048028657229869974,0.06419713427701126,-7.462408847977881e-05,0.00010905695089220618,,,,-8.767585541444664e-05,48,7.332142800092697,explicit,lumped,central_difference,MaterialSDF+LagrangianSDFContactOracle,structured-top,5000000000.0
sfc_lagrangian_sdf,0.00396,-0.004814530379408007,0.06418546962059025,-7.494375539328893e-05,0.00010964464227747586,,,,-8.600773789617518e-05,48,7.332142800092697,explicit,lumped,central_difference,MaterialSDF+LagrangianSDFContactOracle,structured-top,5000000000.0
sfc_lagrangian_sdf,0.0039700000000000004,-0.00482618837169073,0.06417381162830753,-7.526384272608313e-05,0.00011035991037895282,,,,-8.474090368710858e-05,48,7.332142800092697,explicit,lumped,central_difference,MaterialSDF+LagrangianSDFContactOracle,structured-top,5000000000.0
sfc_lagrangian_sdf,0.00398,-0.00483784069185011,0.06416215930814816,-7.558433219201405e-05,0.00011112190531216079,,,,-8.39595374452638e-05,48,7.332142800092697,explicit,lumped,central_difference,MaterialSDF+LagrangianSDFContactOracle,structured-top,5000000000.0
sfc_lagrangian_sdf,0.0039900000000000005,-0.004849488263747124,0.06415051173625114,-7.590519597310507e-05,0.00011186635205400737,,,,-8.373491549586356e-05,48,7.332142800092697,explicit,lumped,central_difference,MaterialSDF+LagrangianSDFContactOracle,structured-top,5000000000.0
sfc_lagrangian_sdf,0.004,-0.004861131926970593,0.06413886807302767,-7.622639879416647e-05,0.00011258957823974366,,,,-8.40940242091625e-05,48,7.332142800092697,explicit,lumped,central_difference,MaterialSDF+LagrangianSDFContactOracle,structured-top,5000000000.0
sfc_lagrangian_sdf,0.0040100000000000005,-0.0048727724295362105,0.06412722757046206,-7.654790444250427e-05,0.00011335818090275353,,,,-8.501189221506105e-05,48,7.332142800092697,explicit,lumped,central_difference,MaterialSDF+LagrangianSDFContactOracle,structured-top,5000000000.0
sfc_lagrangian_sdf,0.00402,-0.004884410430871492,0.06411558956912677,-7.686968860070677e-05,0.00011427416097032573,,,,-8.643417727258013e-05,48,7.332142800092697,explicit,lumped,central_difference,MaterialSDF+LagrangianSDFContactOracle,structured-top,5000000000.0
sfc_lagrangian_sdf,0.004030000000000001,-0.004896046510429106,0.06410395348956915,-7.719175889378103e-05,0.00011541585096941752,,,,-8.831496464267247e-05,48,7.332142800092697,explicit,lumped,central_difference,MaterialSDF+LagrangianSDFContactOracle,structured-top,5000000000.0
sfc_lagrangian_sdf,0.00404,-0.004907681174198348,0.06409231882579992,-7.751418108481659e-05,0.00011679247146659362,,,,-9.064405991104824e-05,48,7.332142800092697,explicit,lumped,central_difference,MaterialSDF+LagrangianSDFContactOracle,structured-top,5000000000.0
sfc_lagrangian_sdf,0.004050000000000001,-0.00491931485353902,0.06408068514645923,-7.783710772735959e-05,0.00011834112373120037,,,,-9.344637133683838e-05,48,7.332142800092697,explicit,lumped,central_difference,MaterialSDF+LagrangianSDFContactOracle,structured-top,5000000000.0
sfc_lagrangian_sdf,0.00406,-0.004930947896481913,0.06406905210351635,-7.816080312076935e-05,0.0001199661871910994,,,,-9.675627988639004e-05,48,7.332142800092697,explicit,lumped,central_difference,MaterialSDF+LagrangianSDFContactOracle,structured-top,5000000000.0
sfc_lagrangian_sdf,0.004070000000000001,-0.004942580556806202,0.06405741944319207,-7.848565719903291e-05,0.00012159394901219267,,,,-0.00010058625316431589,48,7.332142800092697,explicit,lumped,central_difference,MaterialSDF+LagrangianSDFContactOracle,structured-top,5000000000.0
sfc_lagrangian_sdf,0.00408,-0.004954212987452283,0.06404578701254598,-7.88121818991456e-05,0.00012320877641674272,,,,-0.00010490985291413848,48,7.332142800092697,explicit,lumped,central_difference,MaterialSDF+LagrangianSDFContactOracle,structured-top,5000000000.0
sfc_lagrangian_sdf,0.004090000000000001,-0.004965845241912187,0.06403415475808608,-7.914098679672451e-05,0.00012485326192361858,,,,-0.00010966641759022526,48,7.332142800092697,explicit,lumped,central_difference,MaterialSDF+LagrangianSDFContactOracle,structured-top,5000000000.0
sfc_lagrangian_sdf,0.0041,-0.004977477282745298,0.06402252271725296,-7.947273561530774e-05,0.0001265990019960505,,,,-0.00011477994857807416,48,7.332142800092697,explicit,lumped,central_difference,MaterialSDF+LagrangianSDFContactOracle,structured-top,5000000000.0
sfc_lagrangian_sdf,0.00411,-0.004989108993340177,0.06401089100665809,-7.98080901077877e-05,0.0001285093551620363,,,,-0.00012017895439672762,48,7.332142800092697,explicit,lumped,central_difference,MaterialSDF+LagrangianSDFContactOracle,structured-top,5000000000.0
sfc_lagrangian_sdf,0.00412,-0.005000740188756268,0.06399925981124199,-8.014765111113273e-05,0.00013061366966436055,,,,-0.00012580846255162101,48,7.332142800092697,explicit,lumped,central_difference,MaterialSDF+LagrangianSDFContactOracle,structured-top,5000000000.0
sfc_lagrangian_sdf,0.00413,-0.005012370623097596,0.06398762937690067,-8.04919071932628e-05,0.00013290045682231154,,,,-0.00013163299503965488,48,7.332142800092697,explicit,lumped,central_difference,MaterialSDF+LagrangianSDFContactOracle,structured-top,5000000000.0
sfc_lagrangian_sdf,0.0041400000000000005,-0.005023999992832067,0.0639760000071662,-8.084119918417128e-05,0.00013532601557237424,,,,-0.00013763299447305862,48,7.332142800092697,explicit,lumped,central_difference,MaterialSDF+LagrangianSDFContactOracle,structured-top,5000000000.0
sfc_lagrangian_sdf,0.00415,-0.005035627936923317,0.06396437206307495,-8.119570494668907e-05,0.00013783095263918875,,,,-0.00014379648144680133,48,7.332142800092697,explicit,lumped,central_difference,MaterialSDF+LagrangianSDFContactOracle,structured-top,5000000000.0
sfc_lagrangian_sdf,0.0041600000000000005,-0.0050472540356339265,0.06395274596436434,-8.155544441184385e-05,0.0001403579310893663,,,,-0.00015010713907599057,48,7.332142800092697,explicit,lumped,central_difference,MaterialSDF+LagrangianSDFContactOracle,structured-top,5000000000.0
sfc_lagrangian_sdf,0.00417,-0.005058877810498856,0.0639411221894994,-8.192030141180653e-05,0.00014286541913873223,,,,-0.00015653233729880854,48,7.332142800092697,explicit,lumped,central_difference,MaterialSDF+LagrangianSDFContactOracle,structured-top,5000000000.0
sfc_lagrangian_sdf,0.0041800000000000006,-0.005070498727854451,0.06392950127214381,-8.229005680094527e-05,0.00014533317337789688,,,,-0.00016301752394045016,48,7.332142800092697,explicit,lumped,central_difference,MaterialSDF+LagrangianSDFContactOracle,structured-top,5000000000.0
sfc_lagrangian_sdf,0.00419,-0.005082116206984312,0.06391788379301395,-8.266442672701654e-05,0.00014775791063519698,,,,-0.00016949144941048102,48,7.332142800092697,explicit,lumped,central_difference,MaterialSDF+LagrangianSDFContactOracle,structured-top,5000000000.0
sfc_lagrangian_sdf,0.004200000000000001,-0.005093729631795898,0.06390627036820236,-8.304310027719427e-05,0.0001501428621121232,,,,-0.00017587987820807203,48,7.332142800092697,explicit,lumped,central_difference,MaterialSDF+LagrangianSDFContactOracle,structured-top,5000000000.0
sfc_lagrangian_sdf,0.00421,-0.005105338363326488,0.06389466163667178,-8.34257715117197e-05,0.0001524891669140759,,,,-0.00018211870737776313,48,7.332142800092697,explicit,lumped,central_difference,MaterialSDF+LagrangianSDFContactOracle,structured-top,5000000000.0
sfc_lagrangian_sdf,0.004220000000000001,-0.0051169417505582005,0.06388305824944006,-8.381216145924516e-05,0.00015479567821556598,,,,-0.00018815764775810886,48,7.332142800092697,explicit,lumped,central_difference,MaterialSDF+LagrangianSDFContactOracle,structured-top,5000000000.0
sfc_lagrangian_sdf,0.00423,-0.005128539138910239,0.06387146086108803,-8.420202526356041e-05,0.00015706653104918317,,,,-0.0001939534317024864,48,7.332142800092697,explicit,lumped,central_difference,MaterialSDF+LagrangianSDFContactOracle,structured-top,5000000000.0
sfc_lagrangian_sdf,0.004240000000000001,-0.005140129877822432,0.06385987012217584,-8.459513788416972e-05,0.00015931854623224719,,,,-0.0001994601965850966,48,7.332142800092697,explicit,lumped,central_difference,MaterialSDF+LagrangianSDFContactOracle,structured-top,5000000000.0
sfc_lagrangian_sdf,0.00425,-0.005151713329353499,0.06384828667064477,-8.499124911836214e-05,0.00016157992492204978,,,,-0.0002046264030957593,48,7.332142800092697,explicit,lumped,central_difference,MaterialSDF+LagrangianSDFContactOracle,structured-top,5000000000.0
sfc_lagrangian_sdf,0.004260000000000001,-0.0051632888783781986,0.06383671112162007,-8.5389997485068e-05,0.00016387862121731859,,,,-0.0002094010715028593,48,7.332142800092697,explicit,lumped,central_difference,MaterialSDF+LagrangianSDFContactOracle,structured-top,5000000000.0
sfc_lagrangian_sdf,0.00427,-0.00517485594309183,0.06382514405690644,-8.579077632602175e-05,0.00016622713691387067,,,,-0.00021374377168611067,48,7.332142800092697,explicit,lumped,central_difference,MaterialSDF+LagrangianSDFContactOracle,structured-top,5000000000.0
sfc_lagrangian_sdf,0.00428,-0.005186413983769558,0.06381358601622872,-8.619255739184869e-05,0.0001686129775411865,,,,-0.00021763046841370557,48,7.332142800092697,explicit,lumped,central_difference,MaterialSDF+LagrangianSDFContactOracle,structured-top,5000000000.0
sfc_lagrangian_sdf,0.00429,-0.005197962508546133,0.06380203749145213,-8.659369665294935e-05,0.00017099923886122796,,,,-0.0002210523620718569,48,7.332142800092697,explicit,lumped,central_difference,MaterialSDF+LagrangianSDFContactOracle,structured-top,5000000000.0
sfc_lagrangian_sdf,0.0043,-0.005209501076391573,0.06379049892360669,-8.699176792352144e-05,0.00017333315448590515,,,,-0.0002240112694651618,48,7.332142800092697,explicit,lumped,central_difference,MaterialSDF+LagrangianSDFContactOracle,structured-top,5000000000.0
sfc_lagrangian_sdf,0.0043100000000000005,-0.0052210292981975095,0.06377897070180075,-8.738348148427034e-05,0.00017555806005144076,,,,-0.00022651615544699752,48,7.332142800092697,explicit,lumped,central_difference,MaterialSDF+LagrangianSDFContactOracle,structured-top,5000000000.0
sfc_lagrangian_sdf,0.00432,-0.005232546836730457,0.0637674531632678,-8.776473728285057e-05,0.00017762652794396246,,,,-0.000228580922257952,48,7.332142800092697,explicit,lumped,central_difference,MaterialSDF+LagrangianSDFContactOracle,structured-top,5000000000.0
sfc_lagrangian_sdf,0.0043300000000000005,-0.005244053406006148,0.06375594659399211,-8.813083291412177e-05,0.00017951426496438098,,,,-0.0002302197473548625,48,7.332142800092697,explicit,lumped,central_difference,MaterialSDF+LagrangianSDFContactOracle,structured-top,5000000000.0
sfc_lagrangian_sdf,0.00434,-0.005255548771112444,0.06374445122888582,-8.847680405383218e-05,0.0001812316797044836,,,,-0.00023143867380267342,48,7.332142800092697,explicit,lumped,central_difference,MaterialSDF+LagrangianSDFContactOracle,structured-top,5000000000.0
sfc_lagrangian_sdf,0.004350000000000001,-0.005267032750171368,0.0637329672498269,-8.879783636140023e-05,0.00018282544288181755,,,,-0.00023222893369560357,48,7.332142800092697,explicit,lumped,central_difference,MaterialSDF+LagrangianSDFContactOracle,structured-top,5000000000.0
sfc_lagrangian_sdf,0.00436,-0.0052785052196753415,0.06372149478032293,-8.908966959505071e-05,0.00018436308774481063,,,,-0.00023257065504234256,48,7.332142800092697,explicit,lumped,central_difference,MaterialSDF+LagrangianSDFContactOracle,structured-top,5000000000.0
sfc_lagrangian_sdf,0.004370000000000001,-0.005289966122287852,0.06371003387771042,-8.934892307657553e-05,0.0001859032205957485,,,,-0.00023244955965370554,48,7.332142800092697,explicit,lumped,central_difference,MaterialSDF+LagrangianSDFContactOracle,structured-top,5000000000.0
sfc_lagrangian_sdf,0.00438,-0.00530141547360703,0.06369858452639124,-8.957329913902454e-05,0.00018746633002778297,,,,-0.00023187769402817387,48,7.332142800092697,explicit,lumped,central_difference,MaterialSDF+LagrangianSDFContactOracle,structured-top,5000000000.0
sfc_lagrangian_sdf,0.004390000000000001,-0.005312853363650004,0.06368714663634825,-8.976165205733433e-05,0.00018902510202119607,,,,-0.00023090280179899724,48,7.332142800092697,explicit,lumped,central_difference,MaterialSDF+LagrangianSDFContactOracle,structured-top,5000000000.0
sfc_lagrangian_sdf,0.0044,-0.005324279951166691,0.06367572004883157,-8.991393142351368e-05,0.00019052248319171292,,,,-0.0002295971640543647,48,7.332142800092697,explicit,lumped,central_difference,MaterialSDF+LagrangianSDFContactOracle,structured-top,5000000000.0
sfc_lagrangian_sdf,0.004410000000000001,-0.005335695453050535,0.06366430454694773,-9.003101911717554e-05,0.00019190695512561238,,,,-0.00022803189252221896,48,7.332142800092697,explicit,lumped,central_difference,MaterialSDF+LagrangianSDFContactOracle,structured-top,5000000000.0
sfc_lagrangian_sdf,0.00442,-0.005347100134036573,0.06365289986596169,-9.011448523727348e-05,0.00019316232278554884,,,,-0.0002262541910862039,48,7.332142800092697,explicit,lumped,central_difference,MaterialSDF+LagrangianSDFContactOracle,structured-top,5000000000.0
sfc_lagrangian_sdf,0.004430000000000001,-0.005358494301267752,0.06364150569873052,-9.016629725544506e-05,0.00019431399064687627,,,,-0.00022428282581537888,48,7.332142800092697,explicit,lumped,central_difference,MaterialSDF+LagrangianSDFContactOracle,structured-top,5000000000.0
sfc_lagrangian_sdf,0.00444,-0.005369878304636244,0.06363012169536203,-9.018852561091425e-05,0.00019541139670293178,,,,-0.0002221227641849816,48,7.332142800092697,explicit,lumped,central_difference,MaterialSDF+LagrangianSDFContactOracle,structured-top,5000000000.0
sfc_lagrangian_sdf,0.00445,-0.005381252539929555,0.06361874746006871,-9.01830877139215e-05,0.00019650227284011924,,,,-0.00021978600810334506,48,7.332142800092697,explicit,lumped,central_difference,MaterialSDF+LagrangianSDFContactOracle,structured-top,5000000000.0
sfc_lagrangian_sdf,0.00446,-0.005392617450526948,0.06360738254947132,-9.015155460802807e-05,0.00019761621471492755,,,,-0.00021730361986203243,48,7.332142800092697,explicit,lumped,central_difference,MaterialSDF+LagrangianSDFContactOracle,structured-top,5000000000.0
sfc_lagrangian_sdf,0.00447,-0.005403973525124071,0.0635960264748742,-9.00950190420419e-05,0.00019876336187788974,,,,-0.00021472413407338796,48,7.332142800092697,explicit,lumped,central_difference,MaterialSDF+LagrangianSDFContactOracle,structured-top,5000000000.0
sfc_lagrangian_sdf,0.0044800000000000005,-0.005415321291696526,0.06358467870830174,-9.001401149009342e-05,0.0001999411104130138,,,,-0.00021210535405008743,48,7.332142800092697,explicit,lumped,central_difference,MaterialSDF+LagrangianSDFContactOracle,structured-top,5000000000.0
sfc_lagrangian_sdf,0.00449,-0.005426661309290168,0.0635733386907081,-8.990846745598118e-05,0.00020113932575069646,,,,-0.0002095090436057048,48,7.332142800092697,explicit,lumped,central_difference,MaterialSDF+LagrangianSDFContactOracle,structured-top,5000000000.0
sfc_lagrangian_sdf,0.0045000000000000005,-0.005437994158717819,0.06356200584128045,-8.977778641164924e-05,0.00020234248818449383,,,,-0.00020700045317558602,48,7.332142800092697,explicit,lumped,central_difference,MaterialSDF+LagrangianSDFContactOracle,structured-top,5000000000.0
sfc_lagrangian_sdf,0.00451,-0.005449320432318386,0.06355067956767989,-8.962104538900832e-05,0.00020353494360700265,,,,-0.00020464637083514921,48,7.332142800092697,explicit,lumped,central_difference,MaterialSDF+LagrangianSDFContactOracle,structured-top,5000000000.0
sfc_lagrangian_sdf,0.004520000000000001,-0.005460640723215337,0.06353935927678293,-8.943740196863999e-05,0.00020471326887792297,,,,-0.00020250602179748689,48,7.332142800092697,explicit,lumped,central_difference,MaterialSDF+LagrangianSDFContactOracle,structured-top,5000000000.0
sfc_lagrangian_sdf,0.00453,-0.005471955615881777,0.06352804438411648,-8.922663702124966e-05,0.0002058993819934972,,,,-0.0002006183693191361,48,7.332142800092697,explicit,lumped,central_difference,MaterialSDF+LagrangianSDFContactOracle,structured-top,5000000000.0
sfc_lagrangian_sdf,0.004540000000000001,-0.0054832656804778895,0.06351673431952039,-8.898968827926716e-05,0.0002071410890870879,,,,-0.00019899719988677756,48,7.332142800092697,explicit,lumped,central_difference,MaterialSDF+LagrangianSDFContactOracle,structured-top,5000000000.0
sfc_lagrangian_sdf,0.00455,-0.005494571471851638,0.06350542852814663,-8.872897792372272e-05,0.00020849290835096647,,,,-0.0001976421865339023,48,7.332142800092697,explicit,lumped,central_difference,MaterialSDF+LagrangianSDFContactOracle,structured-top,5000000000.0
sfc_lagrangian_sdf,0.004560000000000001,-0.00550587353092024,0.06349412646907802,-8.844838556630254e-05,0.00020998620942471255,,,,-0.00019656118579811395,48,7.332142800092697,explicit,lumped,central_difference,MaterialSDF+LagrangianSDFContactOracle,structured-top,5000000000.0
sfc_lagrangian_sdf,0.00457,-0.0055171723839592375,0.06348282761603903,-8.815284829264758e-05,0.00021160979238774515,,,,-0.00019578748135409116,48,7.332142800092697,explicit,lumped,central_difference,MaterialSDF+LagrangianSDFContactOracle,structured-top,5000000000.0
sfc_lagrangian_sdf,0.004580000000000001,-0.0055284685363697844,0.06347153146362847,-8.784771302108587e-05,0.00021331759856274354,,,,-0.000195377263003673,48,7.332142800092697,explicit,lumped,central_difference,MaterialSDF+LagrangianSDFContactOracle,structured-top,5000000000.0
sfc_lagrangian_sdf,0.00459,-0.005539762461449555,0.06346023753854871,-8.753804525342124e-05,0.00021506083207199785,,,,-0.0001953874006638947,48,7.332142800092697,explicit,lumped,central_difference,MaterialSDF+LagrangianSDFContactOracle,structured-top,5000000000.0
sfc_lagrangian_sdf,0.004600000000000001,-0.005551054588627138,0.06344894541137112,-8.722807848027812e-05,0.0002168226132190655,,,,-0.0001958495295040334,48,7.332142800092697,explicit,lumped,central_difference,MaterialSDF+LagrangianSDFContactOracle,structured-top,5000000000.0
sfc_lagrangian_sdf,0.00461,-0.005562345296360416,0.06343765470363785,-8.692090016127908e-05,0.00021863043741902167,,,,-0.00019675998480017776,96,7.332142800092697,explicit,lumped,central_difference,MaterialSDF+LagrangianSDFContactOracle,structured-top,5000000000.0
sfc_lagrangian_sdf,0.00462,-0.005573634385572829,0.06342636561442544,-8.661837862813141e-05,0.00022057902376545747,,,,-0.0001980501689299089,96,7.332142800092697,explicit,lumped,central_difference,MaterialSDF+LagrangianSDFContactOracle,structured-top,5000000000.0
sfc_lagrangian_sdf,0.0046300000000000004,-0.005584921366403594,0.06341507863359468,-8.632128855512664e-05,0.00022275127126838892,,,,-0.000199655712801735,96,7.332142800092697,explicit,lumped,central_difference,MaterialSDF+LagrangianSDFContactOracle,structured-top,5000000000.0
sfc_lagrangian_sdf,0.00464,-0.005596205745728935,0.06340379425426934,-8.602958950402169e-05,0.0002251529272785726,,,,-0.00020156929820486122,96,7.332142800092697,explicit,lumped,central_difference,MaterialSDF+LagrangianSDFContactOracle,structured-top,5000000000.0
sfc_lagrangian_sdf,0.0046500000000000005,-0.005607487028546601,0.06339251297145167,-8.574281482556093e-05,0.00022772428956995995,,,,-0.00020382912474704772,96,7.332142800092697,explicit,lumped,central_difference,MaterialSDF+LagrangianSDFContactOracle,structured-top,5000000000.0
sfc_lagrangian_sdf,0.00466,-0.005618764700881957,0.06338123529911631,-8.54605063488984e-05,0.0002303933470094547,,,,-0.00020647512588210836,96,7.332142800092697,explicit,lumped,central_difference,MaterialSDF+LagrangianSDFContactOracle,structured-top,5000000000.0
sfc_lagrangian_sdf,0.0046700000000000005,-0.005630038211204721,0.06336996178879355,-8.5182593443856e-05,0.00023312632691509572,,,,-0.00020950912960758248,96,7.332142800092697,explicit,lumped,central_difference,MaterialSDF+LagrangianSDFContactOracle,structured-top,5000000000.0
sfc_lagrangian_sdf,0.00468,-0.005641306965672116,0.06335869303432615,-8.4909605367484e-05,0.00023593937835753633,,,,-0.00021288782080040595,96,7.332142800092697,explicit,lumped,central_difference,MaterialSDF+LagrangianSDFContactOracle,structured-top,5000000000.0
sfc_lagrangian_sdf,0.004690000000000001,-0.0056525703397458694,0.06334742966025239,-8.4642656563595e-05,0.00023886973480469236,,,,-0.00021654837384028352,96,7.332142800092697,explicit,lumped,central_difference,MaterialSDF+LagrangianSDFContactOracle,structured-top,5000000000.0
sfc_lagrangian_sdf,0.0047,-0.005663827696159021,0.06333617230383924,-8.438324237207356e-05,0.0002419356206262779,,,,-0.00022044164312783022,96,7.332142800092697,explicit,lumped,central_difference,MaterialSDF+LagrangianSDFContactOracle,structured-top,5000000000.0
sfc_lagrangian_sdf,0.004710000000000001,-0.005675078396482452,0.0633249216035158,-8.413296837657244e-05,0.000245117591536915,,,,-0.00022454621256407883,96,7.332142800092697,explicit,lumped,central_difference,MaterialSDF+LagrangianSDFContactOracle,structured-top,5000000000.0
sfc_lagrangian_sdf,0.00472,-0.005686321801140849,0.06331367819885741,-8.389334776498642e-05,0.0002483714642438985,,,,-0.00022885625519802086,96,7.332142800092697,explicit,lumped,central_difference,MaterialSDF+LagrangianSDFContactOracle,structured-top,5000000000.0
sfc_lagrangian_sdf,0.004730000000000001,-0.0056975572628968595,0.06330244273710141,-8.36657221821474e-05,0.00025165667704221955,,,,-0.0002333579337041308,96,7.332142800092697,explicit,lumped,central_difference,MaterialSDF+LagrangianSDFContactOracle,structured-top,5000000000.0
sfc_lagrangian_sdf,0.00474,-0.0057087841230946245,0.06329121587690364,-8.345124313923967e-05,0.00025495549173926694,,,,-0.00023801509568492846,96,7.332142800092697,explicit,lumped,central_difference,MaterialSDF+LagrangianSDFContactOracle,structured-top,5000000000.0
sfc_lagrangian_sdf,0.004750000000000001,-0.005720001716112343,0.06327999828388593,-8.32507792287009e-05,0.00025827132419380686,,,,-0.00024277322933745831,96,7.332142800092697,explicit,lumped,central_difference,MaterialSDF+LagrangianSDFContactOracle,structured-top,5000000000.0
sfc_lagrangian_sdf,0.00476,-0.005731209380250414,0.06326879061974784,-8.306465072095797e-05,0.0002616139722945212,,,,-0.00024757402902787795,96,7.332142800092697,explicit,lumped,central_difference,MaterialSDF+LagrangianSDFContactOracle,structured-top,5000000000.0
sfc_lagrangian_sdf,0.004770000000000001,-0.00574240646920408,0.06325759353079419,-8.289222621129354e-05,0.00026498800691159707,,,,-0.00025236622490465015,96,7.332142800092697,explicit,lumped,central_difference,MaterialSDF+LagrangianSDFContactOracle,structured-top,5000000000.0
sfc_lagrangian_sdf,0.00478,-0.005753592359899332,0.06324640764009894,-8.273156065120105e-05,0.00026839295225592234,,,,-0.00025710698880159095,96,7.332142800092697,explicit,lumped,central_difference,MaterialSDF+LagrangianSDFContactOracle,structured-top,5000000000.0
sfc_lagrangian_sdf,0.00479,-0.005764766456984317,0.06323523354301396,-8.257930349246213e-05,0.0002718298719396023,,,,-0.0002617501146854176,96,7.332142800092697,explicit,lumped,central_difference,MaterialSDF+LagrangianSDFContactOracle,structured-top,5000000000.0
sfc_lagrangian_sdf,0.0048000000000000004,-0.005775928196881448,0.06322407180311682,-8.24310060651372e-05,0.0002753026524124021,,,,-0.00026624960819978706,96,7.332142800092697,explicit,lumped,central_difference,MaterialSDF+LagrangianSDFContactOracle,structured-top,5000000000.0
sfc_lagrangian_sdf,0.00481,-0.005787077052878452,0.0632129229471198,-8.228175496496224e-05,0.00027880902262769223,,,,-0.0002705634108384318,96,7.332142800092697,explicit,lumped,central_difference,MaterialSDF+LagrangianSDFContactOracle,structured-top,5000000000.0
sfc_lagrangian_sdf,0.0048200000000000005,-0.005798212539403956,0.06320178746059431,-8.212687943092517e-05,0.00028232886492597273,,,,-0.0002746619260934001,96,7.332142800092697,explicit,lumped,central_difference,MaterialSDF+LagrangianSDFContactOracle,structured-top,5000000000.0
sfc_lagrangian_sdf,0.00483,-0.0058093342123749355,0.06319066578762332,-8.196244862284044e-05,0.00028582306941709955,,,,-0.000278529412089334,96,7.332142800092697,explicit,lumped,central_difference,MaterialSDF+LagrangianSDFContactOracle,structured-top,5000000000.0
sfc_lagrangian_sdf,0.0048400000000000006,-0.005820441665168675,0.06317955833482959,-8.178541665782776e-05,0.00028924879504728244,,,,-0.0002821535544742546,96,7.332142800092697,explicit,lumped,central_difference,MaterialSDF+LagrangianSDFContactOracle,structured-top,5000000000.0
sfc_lagrangian_sdf,0.00485,-0.005831534524191072,0.0631684654758072,-8.159349060690577e-05,0.00029258231408153904,,,,-0.0002855099356052002,96,7.332142800092697,explicit,lumped,central_difference,MaterialSDF+LagrangianSDFContactOracle,structured-top,5000000000.0
sfc_lagrangian_sdf,0.004860000000000001,-0.005842612449851643,0.06315738755014663,-8.138493207023376e-05,0.0002958316680040185,,,,-0.0002885571650973862,96,7.332142800092697,explicit,lumped,central_difference,MaterialSDF+LagrangianSDFContactOracle,structured-top,5000000000.0
sfc_lagrangian_sdf,0.00487,-0.0058536751455030706,0.0631463248544952,-8.115846279523251e-05,0.00029902715959066354,,,,-0.00029124011395813396,96,7.332142800092697,explicit,lumped,central_difference,MaterialSDF+LagrangianSDFContactOracle,structured-top,5000000000.0
sfc_lagrangian_sdf,0.004880000000000001,-0.005864722370516767,0.0631352776294815,-8.091327875268756e-05,0.00030219488825464414,,,,-0.000293515415057326,96,7.332142800092697,explicit,lumped,central_difference,MaterialSDF+LagrangianSDFContactOracle,structured-top,5000000000.0
sfc_lagrangian_sdf,0.00489,-0.005875753949380149,0.06312424605061812,-8.064903981332239e-05,0.00030533324683120806,,,,-0.0002953701430143562,96,7.332142800092697,explicit,lumped,central_difference,MaterialSDF+LagrangianSDFContactOracle,structured-top,5000000000.0
sfc_lagrangian_sdf,0.004900000000000001,-0.005886769770685969,0.0631132302293123,-8.036571865948905e-05,0.00030841141887419127,,,,-0.0002968141243748896,96,7.332142800092697,explicit,lumped,central_difference,MaterialSDF+LagrangianSDFContactOracle,structured-top,5000000000.0
sfc_lagrangian_sdf,0.00491,-0.00589776977729072,0.06310223022270754,-8.006334175884801e-05,0.0003113917416409941,,,,-0.00029786659258411663,96,7.332142800092697,explicit,lumped,central_difference,MaterialSDF+LagrangianSDFContactOracle,structured-top,5000000000.0
sfc_lagrangian_sdf,0.004920000000000001,-0.005908753955947714,0.06309124604405056,-7.974178410199322e-05,0.00031425791062330026,,,,-0.00029853031852629413,96,7.332142800092697,explicit,lumped,central_difference,MaterialSDF+LagrangianSDFContactOracle,structured-top,5000000000.0
sfc_lagrangian_sdf,0.00493,-0.005919722335190739,0.06308027766480752,-7.940074720216557e-05,0.0003170255625061703,,,,-0.0002987856842538798,96,7.332142800092697,explicit,lumped,central_difference,MaterialSDF+LagrangianSDFContactOracle,structured-top,5000000000.0
sfc_lagrangian_sdf,0.004940000000000001,-0.005930674993119176,0.06306932500687909,-7.903987338659777e-05,0.00031972649222125496,,,,-0.0002986077761632787,96,7.332142800092697,explicit,lumped,central_difference,MaterialSDF+LagrangianSDFContactOracle,structured-top,5000000000.0
sfc_lagrangian_sdf,0.00495,-0.005941612067656792,0.06305838793234148,-7.86588028957719e-05,0.0003223807188774113,,,,-0.0002979922622438948,96,7.332142800092697,explicit,lumped,central_difference,MaterialSDF+LagrangianSDFContactOracle,structured-top,5000000000.0
sfc_lagrangian_sdf,0.00496,-0.005952533758766009,0.06304746624123225,-7.825703169118695e-05,0.00032498163347880946,,,,-0.0002969683948092861,96,7.332142800092697,explicit,lumped,central_difference,MaterialSDF+LagrangianSDFContactOracle,structured-top,5000000000.0
sfc_lagrangian_sdf,0.0049700000000000005,-0.005963440318263098,0.06303655968173516,-7.783365891032799e-05,0.00032750792678294964,,,,-0.00029558122486307624,96,7.332142800092697,explicit,lumped,central_difference,MaterialSDF+LagrangianSDFContactOracle,structured-top,5000000000.0
sfc_lagrangian_sdf,0.00498,-0.005974332033475083,0.06302566796652319,-7.738730770425942e-05,0.0003299513595955091,,,,-0.00029386662965421277,96,7.332142800092697,explicit,lumped,central_difference,MaterialSDF+LagrangianSDFContactOracle,structured-top,5000000000.0
sfc_lagrangian_sdf,0.0049900000000000005,-0.0059852092167846736,0.06301479078321359,-7.691644187597602e-05,0.00033233384458610497,,,,-0.00029183264157381193,96,7.332142800092697,explicit,lumped,central_difference,MaterialSDF+LagrangianSDFContactOracle,structured-top,5000000000.0
sfc_lagrangian_sdf,0.005,-0.005996072208552587,0.06300392779144569,-7.641998795031455e-05,0.00033469579426154974,,,,-0.0002894796543814732,96,7.332142800092697,explicit,lumped,central_difference,MaterialSDF+LagrangianSDFContactOracle,structured-top,5000000000.0
sfc_lagrangian_sdf,0.0050100000000000006,-0.0060069213893758164,0.06299307861062244,-7.589787002311449e-05,0.00033706369837525066,,,,-0.00028680079173132447,96,7.332142800092697,explicit,lumped,central_difference,MaterialSDF+LagrangianSDFContactOracle,structured-top,5000000000.0
sfc_lagrangian_sdf,0.00502,-0.006017757188944175,0.06298224281105409,-7.535106801103767e-05,0.000339425189553882,,,,-0.00028383569752549393,96,7.332142800092697,explicit,lumped,central_difference,MaterialSDF+LagrangianSDFContactOracle,structured-top,5000000000.0
sfc_lagrangian_sdf,0.005030000000000001,-0.006028580080598757,0.0629714199193995,-7.478115871755607e-05,0.00034173536853394557,,,,-0.0002806601489037219,96,7.332142800092697,explicit,lumped,central_difference,MaterialSDF+LagrangianSDFContactOracle,structured-top,5000000000.0
sfc_lagrangian_sdf,0.00504,-0.006039390561725525,0.06296060943827274,-7.41897084565575e-05,0.0003439518933628607,,,,-0.00027735664708436063,96,7.332142800092697,explicit,lumped,central_difference,MaterialSDF+LagrangianSDFContactOracle,structured-top,5000000000.0
sfc_lagrangian_sdf,0.005050000000000001,-0.006050189130999617,0.06294981086899865,-7.357798877820335e-05,0.0003460713031421147,,,,-0.0002739819232140758,96,7.332142800092697,explicit,lumped,central_difference,MaterialSDF+LagrangianSDFContactOracle,structured-top,5000000000.0
sfc_lagrangian_sdf,0.00506,-0.0060609762751711,0.06293902372482717,-7.294717973903941e-05,0.00034813752417217755,,,,-0.0002705565709873604,96,7.332142800092697,explicit,lumped,central_difference,MaterialSDF+LagrangianSDFContactOracle,structured-top,5000000000.0
sfc_lagrangian_sdf,0.005070000000000001,-0.006071752469706884,0.06292824753029137,-7.229878392770304e-05,0.00035021668588709135,,,,-0.0002670825629759677,96,7.332142800092697,explicit,lumped,central_difference,MaterialSDF+LagrangianSDFContactOracle,structured-top,5000000000.0
sfc_lagrangian_sdf,0.00508,-0.0060825181869241535,0.06291748181307412,-7.163480742971904e-05,0.00035235946671116673,,,,-0.00026357132734840423,96,7.332142800092697,explicit,lumped,central_difference,MaterialSDF+LagrangianSDFContactOracle,structured-top,5000000000.0
sfc_lagrangian_sdf,0.005090000000000001,-0.006093273901263832,0.06290672609873443,-7.095752277267841e-05,0.0003545797801274285,,,,-0.0002600589699154534,96,7.332142800092697,explicit,lumped,central_difference,MaterialSDF+LagrangianSDFContactOracle,structured-top,5000000000.0
sfc_lagrangian_sdf,0.0051,-0.006104020086279795,0.06289597991371845,-7.026905423423898e-05,0.000356861882681223,,,,-0.00025659975337332703,96,7.332142800092697,explicit,lumped,central_difference,MaterialSDF+LagrangianSDFContactOracle,structured-top,5000000000.0
sfc_lagrangian_sdf,0.005110000000000001,-0.006114757205941848,0.06288524279405641,-6.957119369124395e-05,0.00035918393394874967,,,,-0.0002532487537424894,96,7.332142800092697,explicit,lumped,central_difference,MaterialSDF+LagrangianSDFContactOracle,structured-top,5000000000.0
sfc_lagrangian_sdf,0.00512,-0.006125485706346468,0.06287451429365179,-6.88655969457371e-05,0.00036153635612016453,,,,-0.0002500510976907479,96,7.332142800092697,explicit,lumped,central_difference,MaterialSDF+LagrangianSDFContactOracle,structured-top,5000000000.0
sfc_lagrangian_sdf,0.00513,-0.006136206010791527,0.06286379398920675,-6.815409160647625e-05,0.0003639240953000669,,,,-0.00024706114693513834,96,7.332142800092697,explicit,lumped,central_difference,MaterialSDF+LagrangianSDFContactOracle,structured-top,5000000000.0
sfc_lagrangian_sdf,0.0051400000000000005,-0.006146918516101579,0.06285308148389669,-6.743869086740833e-05,0.0003663594768139299,,,,-0.0002443119595500792,96,7.332142800092697,explicit,lumped,central_difference,MaterialSDF+LagrangianSDFContactOracle,structured-top,5000000000.0
sfc_lagrangian_sdf,0.00515,-0.006157623587053775,0.06284237641294449,-6.672122074855882e-05,0.0003688586046427704,,,,-0.00024182806497729763,96,7.332142800092697,explicit,lumped,central_difference,MaterialSDF+LagrangianSDFContactOracle,structured-top,5000000000.0
sfc_lagrangian_sdf,0.0051600000000000005,-0.006168321549597185,0.06283167845040108,-6.600293013277403e-05,0.00037144477097462693,,,,-0.0002396349637020056,96,7.332142800092697,explicit,lumped,central_difference,MaterialSDF+LagrangianSDFContactOracle,structured-top,5000000000.0
sfc_lagrangian_sdf,0.00517,-0.006179012687353113,0.06282098731264514,-6.528457246502885e-05,0.0003741497090921376,,,,-0.00023774242653816822,96,7.332142800092697,explicit,lumped,central_difference,MaterialSDF+LagrangianSDFContactOracle,structured-top,5000000000.0
sfc_lagrangian_sdf,0.005180000000000001,-0.00618969724448888,0.06281030275550939,-6.456704276818515e-05,0.00037700305359805687,,,,-0.00023615214665033638,96,7.332142800092697,explicit,lumped,central_difference,MaterialSDF+LagrangianSDFContactOracle,structured-top,5000000000.0
sfc_lagrangian_sdf,0.00519,-0.00620037543195374,0.06279962456804453,-6.385206905777726e-05,0.0003800135591417489,,,,-0.00023487598191299178,96,7.332142800092697,explicit,lumped,central_difference,MaterialSDF+LagrangianSDFContactOracle,structured-top,5000000000.0
sfc_lagrangian_sdf,0.005200000000000001,-0.006211047429297242,0.06278895257070102,-6.314226480721253e-05,0.0003831584211273137,,,,-0.0002339485606512908,96,7.332142800092697,explicit,lumped,central_difference,MaterialSDF+LagrangianSDFContactOracle,structured-top,5000000000.0
sfc_lagrangian_sdf,0.00521,-0.006221713376423049,0.06277828662357521,-6.244029373275397e-05,0.0003863945097295788,,,,-0.0002334199971087695,96,7.332142800092697,explicit,lumped,central_difference,MaterialSDF+LagrangianSDFContactOracle,structured-top,5000000000.0
sfc_lagrangian_sdf,0.005220000000000001,-0.006232373357820138,0.06276762664217814,-6.174763244352654e-05,0.0003896875524954206,,,,-0.00023333120015136185,96,7.332142800092697,explicit,lumped,central_difference,MaterialSDF+LagrangianSDFContactOracle,structured-top,5000000000.0
sfc_lagrangian_sdf,0.00523,-0.00624302738906909,0.06275697261092916,-6.106379907637468e-05,0.0003930382034760489,,,,-0.00023369051796177985,96,7.332142800092697,explicit,lumped,central_difference,MaterialSDF+LagrangianSDFContactOracle,structured-top,5000000000.0
sfc_lagrangian_sdf,0.005240000000000001,-0.006253675415014134,0.06274632458498412,-6.038660318415642e-05,0.00039648407802317576,,,,-0.000234470739112661,96,7.332142800092697,explicit,lumped,central_difference,MaterialSDF+LagrangianSDFContactOracle,structured-top,5000000000.0
sfc_lagrangian_sdf,0.00525,-0.006264317320835061,0.0627356826791632,-5.971323665072586e-05,0.00040007523396868395,,,,-0.00023562900064936362,96,7.332142800092697,explicit,lumped,central_difference,MaterialSDF+LagrangianSDFContactOracle,structured-top,5000000000.0
sfc_lagrangian_sdf,0.005260000000000001,-0.006274952948113086,0.06272504705188517,-5.9041495271821757e-05,0.00040384145340656603,,,,-0.000237133630827674,96,7.332142800092697,explicit,lumped,central_difference,MaterialSDF+LagrangianSDFContactOracle,structured-top,5000000000.0
sfc_lagrangian_sdf,0.00527,-0.006285582105354617,0.06271441789464365,-5.837049434292462e-05,0.0004077751089932585,,,,-0.00023897757738725086,96,7.332142800092697,explicit,lumped,central_difference,MaterialSDF+LagrangianSDFContactOracle,structured-top,5000000000.0
sfc_lagrangian_sdf,0.005280000000000001,-0.006296204567936176,0.06270379543206209,-5.7700747487973794e-05,0.0004118396293769773,,,,-0.00024117067781948334,96,7.332142800092697,explicit,lumped,central_difference,MaterialSDF+LagrangianSDFContactOracle,structured-top,5000000000.0
sfc_lagrangian_sdf,0.00529,-0.006306820070807461,0.06269317992919081,-5.703389369310879e-05,0.00041599358796635017,,,,-0.00024372034915248023,96,7.332142800092697,explicit,lumped,central_difference,MaterialSDF+LagrangianSDFContactOracle,structured-top,5000000000.0
sfc_lagrangian_sdf,0.0053,-0.00631742830156935,0.06268257169842892,-5.637234564621373e-05,0.00042021119960576863,,,,-0.00024661716630704775,96,7.332142800092697,explicit,lumped,central_difference,MaterialSDF+LagrangianSDFContactOracle,structured-top,5000000000.0
sfc_lagrangian_sdf,0.0053100000000000005,-0.006328028899207023,0.06267197110079124,-5.571884555858821e-05,0.0004244872592400132,,,,-0.0002498340493046917,96,7.332142800092697,explicit,lumped,central_difference,MaterialSDF+LagrangianSDFContactOracle,structured-top,5000000000.0
sfc_lagrangian_sdf,0.00532,-0.006338621458239443,0.06266137854175882,-5.507577759038167e-05,0.0004288292159183508,,,,-0.00025333459303412677,96,7.332142800092697,explicit,lumped,central_difference,MaterialSDF+LagrangianSDFContactOracle,structured-top,5000000000.0
sfc_lagrangian_sdf,0.0053300000000000005,-0.0063492055347529,0.06265079446524537,-5.444430806831015e-05,0.0004332473668397759,,,,-0.00025708001726596635,96,7.332142800092697,explicit,lumped,central_difference,MaterialSDF+LagrangianSDFContactOracle,structured-top,5000000000.0
sfc_lagrangian_sdf,0.00534,-0.0063597806519260025,0.06264021934807226,-5.38237646386562e-05,0.0004377505892566728,,,,-0.0002610292971721215,96,7.332142800092697,explicit,lumped,central_difference,MaterialSDF+LagrangianSDFContactOracle,structured-top,5000000000.0
sfc_lagrangian_sdf,0.005350000000000001,-0.0063703463057880405,0.06262965369421022,-5.321169670796973e-05,0.000442345958495326,,,,-0.00026513622204838545,96,7.332142800092697,explicit,lumped,central_difference,MaterialSDF+LagrangianSDFContactOracle,structured-top,5000000000.0
sfc_lagrangian_sdf,0.00536,-0.006380901973135847,0.06261909802686243,-5.260464909642963e-05,0.00044703629801698635,,,,-0.0002693505398369649,96,7.332142800092697,explicit,lumped,central_difference,MaterialSDF+LagrangianSDFContactOracle,structured-top,5000000000.0
sfc_lagrangian_sdf,0.005370000000000001,-0.006391447121475758,0.06260855287852252,-5.199916724575107e-05,0.0004518138876544587,,,,-0.0002736251316574254,96,7.332142800092697,explicit,lumped,central_difference,MaterialSDF+LagrangianSDFContactOracle,structured-top,5000000000.0
sfc_lagrangian_sdf,0.00538,-0.006401981217977253,0.06259801878202102,-5.139242056111784e-05,0.0004566556162782691,,,,-0.00027792350169394855,96,7.332142800092697,explicit,lumped,central_difference,MaterialSDF+LagrangianSDFContactOracle,structured-top,5000000000.0
sfc_lagrangian_sdf,0.005390000000000001,-0.0064125037340934405,0.06258749626590483,-5.0782214406305796e-05,0.0004615265186593623,,,,-0.0002822200214057322,96,7.332142800092697,explicit,lumped,central_difference,MaterialSDF+LagrangianSDFContactOracle,structured-top,5000000000.0
sfc_lagrangian_sdf,0.0054,-0.0064230141455050085,0.06257698585449327,-5.016669337257107e-05,0.00046639249739326003,,,,-0.0002864913697797786,96,7.332142800092697,explicit,lumped,central_difference,MaterialSDF+LagrangianSDFContactOracle,structured-top,5000000000.0
sfc_lagrangian_sdf,0.005410000000000001,-0.006433511930777874,0.0625664880692204,-4.9544212483790374e-05,0.00047123470347735363,,,,-0.00029070567574816596,96,7.332142800092697,explicit,lumped,central_difference,MaterialSDF+LagrangianSDFContactOracle,structured-top,5000000000.0
sfc_lagrangian_sdf,0.00542,-0.006443996573146137,0.06255600342685214,-4.891353261069531e-05,0.00047605537414942907,,,,-0.000294818359442121,96,7.332142800092697,explicit,lumped,central_difference,MaterialSDF+LagrangianSDFContactOracle,structured-top,5000000000.0
sfc_lagrangian_sdf,0.005430000000000001,-0.0064544675671183455,0.06254553243287991,-4.827404615542987e-05,0.0004808705500572232,,,,-0.0002987783396517705,96,7.332142800092697,explicit,lumped,central_difference,MaterialSDF+LagrangianSDFContactOracle,structured-top,5000000000.0
sfc_lagrangian_sdf,0.00544,-0.006464924427455652,0.06253507557254262,-4.762564256279954e-05,0.00048569437115389034,,,,-0.0003025399616585246,96,7.332142800092697,explicit,lumped,central_difference,MaterialSDF+LagrangianSDFContactOracle,structured-top,5000000000.0
sfc_lagrangian_sdf,0.005450000000000001,-0.006475366695971427,0.06252463330402684,-4.696818242116457e-05,0.0004905251884441569,,,,-0.000306071801002985,96,7.332142800092697,explicit,lumped,central_difference,MaterialSDF+LagrangianSDFContactOracle,structured-top,5000000000.0
sfc_lagrangian_sdf,0.0054600000000000004,-0.006485793943182324,0.06251420605681593,-4.630098268100694e-05,0.0004953417627467082,,,,-0.00030935646310106465,96,7.332142800092697,explicit,lumped,central_difference,MaterialSDF+LagrangianSDFContactOracle,structured-top,5000000000.0
sfc_lagrangian_sdf,0.00547,-0.006496205765646515,0.06250379423435175,-4.562275992403305e-05,0.0005001107188932788,,,,-0.00031242304638561387,96,7.332142800092697,explicit,lumped,central_difference,MaterialSDF+LagrangianSDFContactOracle,structured-top,5000000000.0
sfc_lagrangian_sdf,0.0054800000000000005,-0.006506601782779744,0.06249339821721853,-4.4932072070243405e-05,0.0005047998459945108,,,,-0.0003152302382316978,96,7.332142800092697,explicit,lumped,central_difference,MaterialSDF+LagrangianSDFContactOracle,structured-top,5000000000.0
sfc_lagrangian_sdf,0.00549,-0.006516981636972933,0.06248301836302533,-4.422784811629792e-05,0.0005093898625203014,,,,-0.00031773715336663494,96,7.332142800092697,explicit,lumped,central_difference,MaterialSDF+LagrangianSDFContactOracle,structured-top,5000000000.0
sfc_lagrangian_sdf,0.0055000000000000005,-0.006527344998360537,0.06247265500163774,-4.350955477738589e-05,0.0005138798166035217,,,,-0.0003199110603876217,96,7.332142800092697,explicit,lumped,central_difference,MaterialSDF+LagrangianSDFContactOracle,structured-top,5000000000.0
sfc_lagrangian_sdf,0.00551,-0.006537691572790083,0.06246230842720817,-4.2776950221919614e-05,0.0005182853493572016,,,,-0.00032171667071809044,96,7.332142800092697,explicit,lumped,central_difference,MaterialSDF+LagrangianSDFContactOracle,structured-top,5000000000.0
sfc_lagrangian_sdf,0.005520000000000001,-0.006548021110360665,0.062451978889637605,-4.2029795843050004e-05,0.0005226317718385722,,,,-0.0003231217726408509,96,7.332142800092697,explicit,lumped,central_difference,MaterialSDF+LagrangianSDFContactOracle,structured-top,5000000000.0
sfc_lagrangian_sdf,0.00553,-0.006558333412560906,0.06244166658743735,-4.126789814494119e-05,0.0005269446525866146,,,,-0.0003241015075470816,96,7.332142800092697,explicit,lumped,central_difference,MaterialSDF+LagrangianSDFContactOracle,structured-top,5000000000.0
sfc_lagrangian_sdf,0.005540000000000001,-0.006568628337268685,0.06243137166272959,-4.0491434043631e-05,0.0005312405213875744,,,,-0.00032464175746285836,96,7.332142800092697,explicit,lumped,central_difference,MaterialSDF+LagrangianSDFContactOracle,structured-top,5000000000.0
sfc_lagrangian_sdf,0.00555,-0.006578905801356123,0.06242109419864215,-3.9701116179203036e-05,0.0005355204259403014,,,,-0.0003247421698370201,96,7.332142800092697,explicit,lumped,central_difference,MaterialSDF+LagrangianSDFContactOracle,structured-top,5000000000.0
sfc_lagrangian_sdf,0.005560000000000001,-0.006589165780287221,0.06241083421971105,-3.8897813519727213e-05,0.0005397691147864868,,,,-0.00032441752003866753,96,7.332142800092697,explicit,lumped,central_difference,MaterialSDF+LagrangianSDFContactOracle,structured-top,5000000000.0
sfc_lagrangian_sdf,0.00557,-0.006599408303989224,0.06240059169600905,-3.808173707119627e-05,0.0005439613137460113,,,,-0.0003236949225694796,96,7.332142800092697,explicit,lumped,central_difference,MaterialSDF+LagrangianSDFContactOracle,structured-top,5000000000.0
sfc_lagrangian_sdf,0.005580000000000001,-0.006609633449402882,0.06239036655059539,-3.7251770263795014e-05,0.0005480734038920968,,,,-0.0003226060388994062,96,7.332142800092697,explicit,lumped,central_difference,MaterialSDF+LagrangianSDFContactOracle,structured-top,5000000000.0
sfc_lagrangian_sdf,0.00559,-0.00661984133210064,0.062380158667897624,-3.6405517027874894e-05,0.0005520952489145163,,,,-0.00032117730840173234,96,7.332142800092697,explicit,lumped,central_difference,MaterialSDF+LagrangianSDFContactOracle,structured-top,5000000000.0
sfc_lagrangian_sdf,0.005600000000000001,-0.006630032100539545,0.06236996789945872,-3.554014880622188e-05,0.0005560357498475321,,,,-0.0003194240491388986,112,7.332142800092697,explicit,lumped,central_difference,MaterialSDF+LagrangianSDFContactOracle,structured-top,5000000000.0
sfc_lagrangian_sdf,0.00561,-0.006640205820092192,0.06235979417990607,-3.4653582050434605e-05,0.0005599224202712307,,,,-0.0003173504999626669,139,7.332142800092697,explicit,lumped,central_difference,MaterialSDF+LagrangianSDFContactOracle,structured-top,5000000000.0
sfc_lagrangian_sdf,0.005620000000000001,-0.006650362283473594,0.06234963771652467,-3.37453552862222e-05,0.0005637934926705545,,,,-0.00031494403266077615,144,7.332142800092697,explicit,lumped,central_difference,MaterialSDF+LagrangianSDFContactOracle,structured-top,5000000000.0
sfc_lagrangian_sdf,0.0056300000000000005,-0.006660501188121405,0.06233949881187686,-3.281686168779521e-05,0.0005676709766144321,,,,-0.00031221217191032086,144,7.332142800092697,explicit,lumped,central_difference,MaterialSDF+LagrangianSDFContactOracle,structured-top,5000000000.0
sfc_lagrangian_sdf,0.00564,-0.006670622300528791,0.062329377699469474,-3.1871006642511255e-05,0.0005715512770508661,,,,-0.00030921774687671486,144,7.332142800092697,explicit,lumped,central_difference,MaterialSDF+LagrangianSDFContactOracle,structured-top,5000000000.0
sfc_lagrangian_sdf,0.0056500000000000005,-0.006680725484429917,0.06231927451556834,-3.0911551156284474e-05,0.0005754221830449048,,,,-0.00030597994607945697,144,7.332142800092697,explicit,lumped,central_difference,MaterialSDF+LagrangianSDFContactOracle,structured-top,5000000000.0
sfc_lagrangian_sdf,0.00566,-0.006690810681230365,0.0623091893187679,-2.99423254851549e-05,0.0005792872219707663,,,,-0.00030254714909872367,144,7.332142800092697,explicit,lumped,central_difference,MaterialSDF+LagrangianSDFContactOracle,structured-top,5000000000.0
sfc_lagrangian_sdf,0.0056700000000000006,-0.006700877892697165,0.0622991221073011,-2.8966388481947396e-05,0.0005831739002373741,,,,-0.00029895018021355456,144,7.332142800092697,explicit,lumped,central_difference,MaterialSDF+LagrangianSDFContactOracle,structured-top,5000000000.0
sfc_lagrangian_sdf,0.00568,-0.006710927176118567,0.062289072823879695,-2.798527258176198e-05,0.0005871174703462439,,,,-0.0002952135317217958,144,7.332142800092697,explicit,lumped,central_difference,MaterialSDF+LagrangianSDFContactOracle,structured-top,5000000000.0
sfc_lagrangian_sdf,0.005690000000000001,-0.0067209586464154186,0.062279041353582844,-2.6998622467671237e-05,0.0005911343796752316,,,,-0.0002913762859065082,144,7.332142800092697,explicit,lumped,central_difference,MaterialSDF+LagrangianSDFContactOracle,structured-top,5000000000.0
sfc_lagrangian_sdf,0.0057,-0.006730972471517374,0.06226902752848089,-2.600454172359647e-05,0.0005952092980072261,,,,-0.0002875048478800904,144,7.332142800092697,explicit,lumped,central_difference,MaterialSDF+LagrangianSDFContactOracle,structured-top,5000000000.0
sfc_lagrangian_sdf,0.005710000000000001,-0.006740968854140891,0.06225903114585737,-2.500065402907151e-05,0.000599307679356505,,,,-0.0002836714144002941,144,7.332142800092697,explicit,lumped,central_difference,MaterialSDF+LagrangianSDFContactOracle,structured-top,5000000000.0
sfc_lagrangian_sdf,0.00572,-0.006750948007869975,0.062249051992128296,-2.3985429641656248e-05,0.0006034031817996339,,,,-0.00027993594857603026,144,7.332142800092697,explicit,lumped,central_difference,MaterialSDF+LagrangianSDFContactOracle,structured-top,5000000000.0
sfc_lagrangian_sdf,0.005730000000000001,-0.006760910143490473,0.06223908985650779,-2.295908891277062e-05,0.0006074966459413244,,,,-0.0002763326240375218,144,7.332142800092697,explicit,lumped,central_difference,MaterialSDF+LagrangianSDFContactOracle,structured-top,5000000000.0
sfc_lagrangian_sdf,0.00574,-0.00677085547458572,0.06222914452541254,-2.1923605812433984e-05,0.000611611930488654,,,,-0.0002728753453570067,144,7.332142800092697,explicit,lumped,central_difference,MaterialSDF+LagrangianSDFContactOracle,structured-top,5000000000.0
sfc_lagrangian_sdf,0.005750000000000001,-0.0067807842354306825,0.062219215764567584,-2.0881875439027665e-05,0.0006157752148328889,,,,-0.00026957948986397473,144,7.332142800092697,explicit,lumped,central_difference,MaterialSDF+LagrangianSDFContactOracle,structured-top,5000000000.0
sfc_lagrangian_sdf,0.00576,-0.006790696693822523,0.062209303306175745,-1.9836597253440627e-05,0.0006199984189148998,,,,-0.0002664779835760153,144,7.332142800092697,explicit,lumped,central_difference,MaterialSDF+LagrangianSDFContactOracle,structured-top,5000000000.0
sfc_lagrangian_sdf,0.005770000000000001,-0.006800593146188239,0.06219940685381003,-1.8789526685680596e-05,0.0006242815197872702,,,,-0.0002636177195337596,144,7.332142800092697,explicit,lumped,central_difference,MaterialSDF+LagrangianSDFContactOracle,structured-top,5000000000.0
sfc_lagrangian_sdf,0.00578,-0.006810473897730282,0.06218952610226799,-1.7741429505730778e-05,0.000628629098108561,,,,-0.0002610411515285742,144,7.332142800092697,explicit,lumped,central_difference,MaterialSDF+LagrangianSDFContactOracle,structured-top,5000000000.0
sfc_lagrangian_sdf,0.005790000000000001,-0.006820339242449695,0.06217966075754858,-1.6692597852439066e-05,0.0006330623534443856,,,,-0.00025877146936637506,144,7.332142800092697,explicit,lumped,central_difference,MaterialSDF+LagrangianSDFContactOracle,structured-top,5000000000.0
sfc_lagrangian_sdf,0.0058000000000000005,-0.006830189456046027,0.06216981054395224,-1.5643485046186852e-05,0.0006376124713799723,,,,-0.0002568155463884455,144,7.332142800092697,explicit,lumped,central_difference,MaterialSDF+LagrangianSDFContactOracle,structured-top,5000000000.0
sfc_lagrangian_sdf,0.00581,-0.006840024801455372,0.0621599751985429,-1.4595050220689098e-05,0.0006422998641857094,,,,-0.00025518131312930276,144,7.332142800092697,explicit,lumped,central_difference,MaterialSDF+LagrangianSDFContactOracle,structured-top,5000000000.0
sfc_lagrangian_sdf,0.0058200000000000005,-0.006849845534973228,0.06215015446502503,-1.354868839188558e-05,0.0006471183479512565,,,,-0.000253892258629369,144,7.332142800092697,explicit,lumped,central_difference,MaterialSDF+LagrangianSDFContactOracle,structured-top,5000000000.0
sfc_lagrangian_sdf,0.00583,-0.006859651901366349,0.06214034809863191,-1.2505925478502215e-05,0.0006520397034071691,,,,-0.00025298455200840577,144,7.332142800092697,explicit,lumped,central_difference,MaterialSDF+LagrangianSDFContactOracle,structured-top,5000000000.0
sfc_lagrangian_sdf,0.005840000000000001,-0.006869444117981174,0.062130555882017095,-1.146817689398172e-05,0.0006570356145801567,,,,-0.000252488880519859,144,7.332142800092697,explicit,lumped,central_difference,MaterialSDF+LagrangianSDFContactOracle,structured-top,5000000000.0
sfc_lagrangian_sdf,0.00585,-0.006879222359056887,0.062120777640941385,-1.0436751009791558e-05,0.0006620981127428643,,,,-0.0002524135576953781,144,7.332142800092697,explicit,lumped,central_difference,MaterialSDF+LagrangianSDFContactOracle,structured-top,5000000000.0
sfc_lagrangian_sdf,0.005860000000000001,-0.006888986751571225,0.062111013248427036,-9.413040126113737e-06,0.0006672412963576475,,,,-0.00025274408722495594,144,7.332142800092697,explicit,lumped,central_difference,MaterialSDF+LagrangianSDFContactOracle,structured-top,5000000000.0
sfc_lagrangian_sdf,0.00587,-0.006898737383284448,0.062101262616713816,-8.398672849065779e-06,0.0006724845764958534,,,,-0.0002534634070691015,144,7.332142800092697,explicit,lumped,central_difference,MaterialSDF+LagrangianSDFContactOracle,structured-top,5000000000.0
sfc_lagrangian_sdf,0.005880000000000001,-0.006908474312859719,0.06209152568713855,-7.395432683184896e-06,0.0006778344400177499,,,,-0.0002545561038498149,144,7.332142800092697,explicit,lumped,central_difference,MaterialSDF+LagrangianSDFContactOracle,structured-top,5000000000.0
sfc_lagrangian_sdf,0.00589,-0.006918197571536968,0.0620818024284613,-6.404948999855956e-06,0.0006832820156046458,,,,-0.0002560156588567805,144,7.332142800092697,explicit,lumped,central_difference,MaterialSDF+LagrangianSDFContactOracle,structured-top,5000000000.0
sfc_lagrangian_sdf,0.005900000000000001,-0.006927907155979883,0.06207209284401838,-5.428368950616439e-06,0.0006888175516748253,,,,-0.0002578360343471489,144,7.332142800092697,explicit,lumped,central_difference,MaterialSDF+LagrangianSDFContactOracle,structured-top,5000000000.0
sfc_lagrangian_sdf,0.00591,-0.006937603022278773,0.062062396977719494,-4.466248453886581e-06,0.000694445888096565,,,,-0.00026001394202170366,144,7.332142800092697,explicit,lumped,central_difference,MaterialSDF+LagrangianSDFContactOracle,structured-top,5000000000.0
sfc_lagrangian_sdf,0.005920000000000001,-0.006947285090919649,0.06205271490907861,-3.5187299152780132e-06,0.0007001855570538637,,,,-0.00026250557206030517,144,7.332142800092697,explicit,lumped,central_difference,MaterialSDF+LagrangianSDFContactOracle,structured-top,5000000000.0
sfc_lagrangian_sdf,0.00593,-0.006956953261256119,0.06204304673874214,-2.585854159617026e-06,0.0007060499383969768,,,,-0.00026525153135612266,144,7.332142800092697,explicit,lumped,central_difference,MaterialSDF+LagrangianSDFContactOracle,structured-top,5000000000.0
sfc_lagrangian_sdf,0.005940000000000001,-0.0069666074222631685,0.06203339257773509,-1.6677794011255666e-06,0.0007120271042131601,,,,-0.00026823428842124214,144,7.332142800092697,explicit,lumped,central_difference,MaterialSDF+LagrangianSDFContactOracle,structured-top,5000000000.0
sfc_lagrangian_sdf,0.00595,-0.00697624744612112,0.06202375255387715,-7.648080840773098e-07,0.0007180781366096627,,,,-0.0002714570715774582,144,7.332142800092697,explicit,lumped,central_difference,MaterialSDF+LagrangianSDFContactOracle,structured-top,5000000000.0
sfc_lagrangian_sdf,0.005960000000000001,-0.006985873164329321,0.06201412683566894,1.226842961703005e-07,0.0007241580947247026,,,,-0.00027492335484797045,144,7.332142800092697,explicit,lumped,central_difference,MaterialSDF+LagrangianSDFContactOracle,structured-top,5000000000.0
sfc_lagrangian_sdf,0.0059700000000000005,-0.006995484341840788,0.06200451565815748,9.94262328599413e-07,0.0007302432715817649,,,,-0.0002786109959230538,144,7.332142800092697,explicit,lumped,central_difference,MaterialSDF+LagrangianSDFContactOracle,structured-top,5000000000.0
sfc_lagrangian_sdf,0.00598,-0.007005080669041758,0.061994919330956515,1.8493556111072717e-06,0.0007363417555824695,,,,-0.00028246262584165615,144,7.332142800092697,explicit,lumped,central_difference,MaterialSDF+LagrangianSDFContactOracle,structured-top,5000000000.0
sfc_lagrangian_sdf,0.0059900000000000005,-0.007014661779535042,0.061985338220463225,2.687235311884267e-06,0.0007424781343612836,,,,-0.00028640111039425286,144,7.332142800092697,explicit,lumped,central_difference,MaterialSDF+LagrangianSDFContactOracle,structured-top,5000000000.0
sfc_lagrangian_sdf,0.006,-0.007024227282890594,0.06197577271710767,3.507199857590468e-06,0.000748665509230633,,,,-0.000290358024073865,144,7.332142800092697,explicit,lumped,central_difference,MaterialSDF+LagrangianSDFContactOracle,structured-top,5000000000.0
sfc_lagrangian_sdf,0.006010000000000001,-0.007033776791280854,0.06196622320871741,4.308950955551306e-06,0.0007548890458404292,,,,-0.00029429229284490163,144,7.332142800092697,explicit,lumped,central_difference,MaterialSDF+LagrangianSDFContactOracle,structured-top,5000000000.0
sfc_lagrangian_sdf,0.00602,-0.007043309925527389,0.06195669007447088,5.092934993344063e-06,0.0007611152238054053,,,,-0.0002981848457080841,144,7.332142800092697,explicit,lumped,central_difference,MaterialSDF+LagrangianSDFContactOracle,structured-top,5000000000.0
sfc_lagrangian_sdf,0.006030000000000001,-0.007052826303578839,0.06194717369641942,5.860394637022643e-06,0.0007673186273008727,,,,-0.0003020155467705865,144,7.332142800092697,explicit,lumped,central_difference,MaterialSDF+LagrangianSDFContactOracle,structured-top,5000000000.0
sfc_lagrangian_sdf,0.00604,-0.007062325527971665,0.06193767447202661,6.613059586197155e-06,0.000773503070437738,,,,-0.00030574308214828945,144,7.332142800092697,explicit,lumped,central_difference,MaterialSDF+LagrangianSDFContactOracle,structured-top,5000000000.0
sfc_lagrangian_sdf,0.006050000000000001,-0.007071807187609095,0.06192819281238917,7.352639570298423e-06,0.0007796988821277408,,,,-0.0003093048282584369,144,7.332142800092697,explicit,lumped,central_difference,MaterialSDF+LagrangianSDFContactOracle,structured-top,5000000000.0
sfc_lagrangian_sdf,0.00606,-0.007081270875453558,0.06191872912454471,8.080372027467352e-06,0.0007859383497442408,,,,-0.0003126360537079261,144,7.332142800092697,explicit,lumped,central_difference,MaterialSDF+LagrangianSDFContactOracle,structured-top,5000000000.0
sfc_lagrangian_sdf,0.006070000000000001,-0.007090716210001044,0.06190928378999722,8.796788006106864e-06,0.0007922289284205497,,,,-0.0003156919521954647,144,7.332142800092697,explicit,lumped,central_difference,MaterialSDF+LagrangianSDFContactOracle,structured-top,5000000000.0
sfc_lagrangian_sdf,0.00608,-0.007100142846114378,0.06189985715388388,9.50172672511747e-06,0.000798544337483954,,,,-0.000318455203306076,144,7.332142800092697,explicit,lumped,central_difference,MaterialSDF+LagrangianSDFContactOracle,structured-top,5000000000.0
sfc_lagrangian_sdf,0.006090000000000001,-0.0071095504705801175,0.06189044952941815,1.0194579442869259e-05,0.0008048380778294081,,,,-0.0003209252895915347,144,7.332142800092697,explicit,lumped,central_difference,MaterialSDF+LagrangianSDFContactOracle,structured-top,5000000000.0
sfc_lagrangian_sdf,0.0061,-0.007118938789957868,0.0618810612100404,1.0874751019726497e-05,0.0008110667030761478,,,,-0.0003231006764047023,144,7.332142800092697,explicit,lumped,central_difference,MaterialSDF+LagrangianSDFContactOracle,structured-top,5000000000.0
sfc_lagrangian_sdf,0.006110000000000001,-0.007128307522392031,0.061871692477606224,1.1542267710187752e-05,0.0008172056571924927,,,,-0.00032496838586731176,144,7.332142800092697,explicit,lumped,central_difference,MaterialSDF+LagrangianSDFContactOracle,structured-top,5000000000.0
sfc_lagrangian_sdf,0.0061200000000000004,-0.007137656398980733,0.061862343601017535,1.21982991226103e-05,0.0008232503710192242,,,,-0.00032650616831532653,144,7.332142800092697,explicit,lumped,central_difference,MaterialSDF+LagrangianSDFContactOracle,structured-top,5000000000.0
sfc_lagrangian_sdf,0.006130000000000001,-0.007146985171221929,0.06185301482877634,1.2845252911796837e-05,0.0008292086405411131,,,,-0.00032769060582587455,144,7.332142800092697,explicit,lumped,central_difference,MaterialSDF+LagrangianSDFContactOracle,structured-top,5000000000.0
sfc_lagrangian_sdf,0.0061400000000000005,-0.007156293617720334,0.06184370638227793,1.3486238069105853e-05,0.0008350947546653567,,,,-0.0003285013068254112,144,7.332142800092697,explicit,lumped,central_difference,MaterialSDF+LagrangianSDFContactOracle,structured-top,5000000000.0
sfc_lagrangian_sdf,0.00615,-0.007165581547689297,0.06183441845230897,1.4124073652513156e-05,0.0008409291004612407,,,,-0.00032892620825615386,144,7.332142800092697,explicit,lumped,central_difference,MaterialSDF+LagrangianSDFContactOracle,structured-top,5000000000.0
sfc_lagrangian_sdf,0.0061600000000000005,-0.007174848804859141,0.06182515119513912,1.4760375994097088e-05,0.000846737795048065,,,,-0.00032894207863420693,144,7.332142800092697,explicit,lumped,central_difference,MaterialSDF+LagrangianSDFContactOracle,structured-top,5000000000.0
sfc_lagrangian_sdf,0.00617,-0.007184095275993257,0.061815904724005014,1.539527310267945e-05,0.0008525455256561023,,,,-0.0003285246109491648,144,7.332142800092697,explicit,lumped,central_difference,MaterialSDF+LagrangianSDFContactOracle,structured-top,5000000000.0
sfc_lagrangian_sdf,0.006180000000000001,-0.007193320902351843,0.06180667909764642,1.6027912944172192e-05,0.0008583626741524586,,,,-0.0003276698773728944,144,7.332142800092697,explicit,lumped,central_difference,MaterialSDF+LagrangianSDFContactOracle,structured-top,5000000000.0
sfc_lagrangian_sdf,0.00619,-0.00720252568635892,0.06179747431363935,1.6657433582824202e-05,0.0008641764829196438,,,,-0.00032639775991235583,144,7.332142800092697,explicit,lumped,central_difference,MaterialSDF+LagrangianSDFContactOracle,structured-top,5000000000.0
sfc_lagrangian_sdf,0.006200000000000001,-0.007211709686463637,0.061788290313534625,1.7283824035325456e-05,0.0008699558089480033,,,,-0.0003247493037446498,144,7.332142800092697,explicit,lumped,central_difference,MaterialSDF+LagrangianSDFContactOracle,structured-top,5000000000.0
sfc_lagrangian_sdf,0.00621,-0.007220873001308046,0.061779126998690224,1.7908264519491318e-05,0.000875668837004805,,,,-0.00032278382730985093,144,7.332142800092697,explicit,lumped,central_difference,MaterialSDF+LagrangianSDFContactOracle,structured-top,5000000000.0
sfc_lagrangian_sdf,0.006220000000000001,-0.007230015752913294,0.06176998424708498,1.8532901095364393e-05,0.0008813018631242828,,,,-0.0003205197125055827,144,7.332142800092697,explicit,lumped,central_difference,MaterialSDF+LagrangianSDFContactOracle,structured-top,5000000000.0
sfc_lagrangian_sdf,0.00623,-0.007239138079635828,0.06176086192036244,1.9160277890761898e-05,0.000886865464406859,,,,-0.00031797331643199295,144,7.332142800092697,explicit,lumped,central_difference,MaterialSDF+LagrangianSDFContactOracle,structured-top,5000000000.0
sfc_lagrangian_sdf,0.006240000000000001,-0.007248240141611445,0.06175175985838682,1.979269236246448e-05,0.0008923842760357038,,,,-0.00031515478844530806,144,7.332142800092697,explicit,lumped,central_difference,MaterialSDF+LagrangianSDFContactOracle,structured-top,5000000000.0
sfc_lagrangian_sdf,0.00625,-0.007257322131013729,0.06174267786898454,2.0431664952111505e-05,0.0008978798417158026,,,,-0.00031211836462580634,144,7.332142800092697,explicit,lumped,central_difference,MaterialSDF+LagrangianSDFContactOracle,structured-top,5000000000.0
sfc_lagrangian_sdf,0.006260000000000001,-0.007266384275737629,0.06173361572426064,2.107767385195348e-05,0.0009033610925933645,,,,-0.0003088766428830428,144,7.332142800092697,explicit,lumped,central_difference,MaterialSDF+LagrangianSDFContactOracle,structured-top,5000000000.0
sfc_lagrangian_sdf,0.00627,-0.007275426831319634,0.061724573168678624,2.1730289134882083e-05,0.0009088295850271672,,,,-0.0003054655692350151,144,7.332142800092697,explicit,lumped,central_difference,MaterialSDF+LagrangianSDFContactOracle,structured-top,5000000000.0
sfc_lagrangian_sdf,0.006280000000000001,-0.007284450066543061,0.06171554993345521,2.2388718290971363e-05,0.0009142932765708313,,,,-0.0003019275462362243,144,7.332142800092697,explicit,lumped,central_difference,MaterialSDF+LagrangianSDFContactOracle,structured-top,5000000000.0
sfc_lagrangian_sdf,0.0062900000000000005,-0.007293454253895232,0.06170654574610304,2.305251840134415e-05,0.0009197749781623555,,,,-0.0002982907049473052,144,7.332142800092697,explicit,lumped,central_difference,MaterialSDF+LagrangianSDFContactOracle,structured-top,5000000000.0
sfc_lagrangian_sdf,0.006300000000000001,-0.007302439671823803,0.06169756032817446,2.3722030076393105e-05,0.0009253062153413067,,,,-0.0002945735689909435,144,7.332142800092697,explicit,lumped,central_difference,MaterialSDF+LagrangianSDFContactOracle,structured-top,5000000000.0
sfc_lagrangian_sdf,0.0063100000000000005,-0.0073114066152104905,0.06168859338478778,2.4398192206988687e-05,0.0009309099965803343,,,,-0.0002908003678056789,144,7.332142800092697,explicit,lumped,central_difference,MaterialSDF+LagrangianSDFContactOracle,structured-top,5000000000.0
sfc_lagrangian_sdf,0.00632,-0.0073203554026764085,0.06167964459732186,2.5081814571637023e-05,0.0009365859874367952,,,,-0.000287014421966957,144,7.332142800092697,explicit,lumped,central_difference,MaterialSDF+LagrangianSDFContactOracle,structured-top,5000000000.0
sfc_lagrangian_sdf,0.0063300000000000006,-0.007329286370902658,0.0616707136290956,2.577280454716279e-05,0.0009423104296764602,,,,-0.0002832783827734617,144,7.332142800092697,explicit,lumped,central_difference,MaterialSDF+LagrangianSDFContactOracle,structured-top,5000000000.0
sfc_lagrangian_sdf,0.00634,-0.007338199855803043,0.061661800144195214,2.6469890972727885e-05,0.0009480519094525403,,,,-0.00027966921394384834,144,7.332142800092697,explicit,lumped,central_difference,MaterialSDF+LagrangianSDFContactOracle,structured-top,5000000000.0
sfc_lagrangian_sdf,0.006350000000000001,-0.007347096170195163,0.0616529038298031,2.7170997701222696e-05,0.0009537921071330654,,,,-0.0002762392146849237,144,7.332142800092697,explicit,lumped,central_difference,MaterialSDF+LagrangianSDFContactOracle,structured-top,5000000000.0
sfc_lagrangian_sdf,0.00636,-0.0073559755898087754,0.061644024410189485,2.787392556277679e-05,0.000959537525722875,,,,-0.0002730196648164887,144,7.332142800092697,explicit,lumped,central_difference,MaterialSDF+LagrangianSDFContactOracle,structured-top,5000000000.0
sfc_lagrangian_sdf,0.006370000000000001,-0.007364838352794993,0.06163516164720328,2.8576831429803127e-05,0.0009653158328904024,,,,-0.0002700272711430943,144,7.332142800092697,explicit,lumped,central_difference,MaterialSDF+LagrangianSDFContactOracle,structured-top,5000000000.0
sfc_lagrangian_sdf,0.00638,-0.0073736846682721305,0.061626315331726134,2.9278261233361227e-05,0.0009711619803951298,,,,-0.0002672732898373186,144,7.332142800092697,explicit,lumped,central_difference,MaterialSDF+LagrangianSDFContactOracle,structured-top,5000000000.0
sfc_lagrangian_sdf,0.006390000000000001,-0.007382514724605674,0.06161748527539259,2.9976906901639082e-05,0.00097710518996757,,,,-0.00026477332772117875,144,7.332142800092697,explicit,lumped,central_difference,MaterialSDF+LagrangianSDFContactOracle,structured-top,5000000000.0
sfc_lagrangian_sdf,0.0064,-0.007391328691103907,0.06160867130889436,3.0671422981425146e-05,0.0009831642059956731,,,,-0.000262548813258897,144,7.332142800092697,explicit,lumped,central_difference,MaterialSDF+LagrangianSDFContactOracle,structured-top,5000000000.0
sfc_lagrangian_sdf,0.006410000000000001,-0.007400126713823948,0.06159987328617431,3.136045350174414e-05,0.0009893494066968733,,,,-0.00026062250912180305,144,7.332142800092697,explicit,lumped,central_difference,MaterialSDF+LagrangianSDFContactOracle,structured-top,5000000000.0
sfc_lagrangian_sdf,0.00642,-0.007408908910512084,0.06159109108948618,3.204273737698196e-05,0.0009956649247954905,,,,-0.00025901514572627423,144,7.332142800092697,explicit,lumped,central_difference,MaterialSDF+LagrangianSDFContactOracle,structured-top,5000000000.0
sfc_lagrangian_sdf,0.006430000000000001,-0.007417675367945397,0.06158232463205286,3.2717091984335505e-05,0.0010021064625581227,,,,-0.00025774728829762585,144,7.332142800092697,explicit,lumped,central_difference,MaterialSDF+LagrangianSDFContactOracle,structured-top,5000000000.0
sfc_lagrangian_sdf,0.00644,-0.007426426139880758,0.0615735738601175,3.338225555031424e-05,0.0010086576389337339,,,,-0.0002568434586072842,144,7.332142800092697,explicit,lumped,central_difference,MaterialSDF+LagrangianSDFContactOracle,structured-top,5000000000.0
sfc_lagrangian_sdf,0.006450000000000001,-0.007435161241374055,0.061564838758624216,3.4036753455953496e-05,0.0010152916266130201,,,,-0.0002563318242491195,144,7.332142800092697,explicit,lumped,central_difference,MaterialSDF+LagrangianSDFContactOracle,structured-top,5000000000.0
sfc_lagrangian_sdf,0.0064600000000000005,-0.007443880638447064,0.0615561193615512,3.4678915893140595e-05,0.001021980972561187,,,,-0.00025623654221544064,144,7.332142800092697,explicit,lumped,central_difference,MaterialSDF+LagrangianSDFContactOracle,structured-top,5000000000.0
sfc_lagrangian_sdf,0.006470000000000001,-0.007452584237911351,0.06154741576208692,3.530696983883444e-05,0.0010287102931670203,,,,-0.00025656758763053193,144,7.332142800092697,explicit,lumped,central_difference,MaterialSDF+LagrangianSDFContactOracle,structured-top,5000000000.0
sfc_lagrangian_sdf,0.0064800000000000005,-0.007461271884355997,0.06153872811564227,3.591901905098578e-05,0.0010354823030439264,,,,-0.000257319010213025,144,7.332142800092697,explicit,lumped,central_difference,MaterialSDF+LagrangianSDFContactOracle,structured-top,5000000000.0
sfc_lagrangian_sdf,0.00649,-0.007469943366750856,0.06153005663324742,3.651286422535788e-05,0.0010423123102307973,,,,-0.00025846800567844614,144,7.332142800092697,explicit,lumped,central_difference,MaterialSDF+LagrangianSDFContactOracle,structured-top,5000000000.0
sfc_lagrangian_sdf,0.006500000000000001,-0.007478598429442182,0.06152140157055609,3.708585466787747e-05,0.0010492161058439915,,,,-0.0002599915918113791,144,7.332142800092697,explicit,lumped,central_difference,MaterialSDF+LagrangianSDFContactOracle,structured-top,5000000000.0
sfc_lagrangian_sdf,0.00651,-0.007487236778883088,0.06151276322111517,3.763501623957813e-05,0.001056201763441431,,,,-0.00026187256766101565,144,7.332142800092697,explicit,lumped,central_difference,MaterialSDF+LagrangianSDFContactOracle,structured-top,5000000000.0
sfc_lagrangian_sdf,0.006520000000000001,-0.007495858082172444,0.06150414191782582,3.8157473897893875e-05,0.0010632714676825068,,,,-0.00026409369291630557,144,7.332142800092697,explicit,lumped,central_difference,MaterialSDF+LagrangianSDFContactOracle,structured-top,5000000000.0
sfc_lagrangian_sdf,0.00653,-0.007504461962482454,0.06149553803751581,3.865090370439176e-05,0.0010704290677128337,,,,-0.0002666698401864285,144,7.332142800092697,explicit,lumped,central_difference,MaterialSDF+LagrangianSDFContactOracle,structured-top,5000000000.0
sfc_lagrangian_sdf,0.006540000000000001,-0.007513048001156625,0.06148695199884163,3.911371256068427e-05,0.0010776829553790705,,,,-0.00026953575544291493,144,7.332142800092697,explicit,lumped,central_difference,MaterialSDF+LagrangianSDFContactOracle,structured-top,5000000000.0
sfc_lagrangian_sdf,0.00655,-0.007521615751548292,0.06147838424844997,3.954489947801855e-05,0.0010850386882908499,,,,-0.00027262544389426745,144,7.332142800092697,explicit,lumped,central_difference,MaterialSDF+LagrangianSDFContactOracle,structured-top,5000000000.0
sfc_lagrangian_sdf,0.006560000000000001,-0.007530164759321398,0.061469835240676875,3.9943826882996116e-05,0.0010924872393585673,,,,-0.00027589886190035275,144,7.332142800092697,explicit,lumped,central_difference,MaterialSDF+LagrangianSDFContactOracle,structured-top,5000000000.0
sfc_lagrangian_sdf,0.00657,-0.007538694577586333,0.06146130542241193,4.031013106214474e-05,0.0011000012881445189,,,,-0.00027933182026828137,144,7.332142800092697,explicit,lumped,central_difference,MaterialSDF+LagrangianSDFContactOracle,structured-top,5000000000.0
sfc_lagrangian_sdf,0.006580000000000001,-0.007547204769301572,0.0614527952306967,4.064374363007953e-05,0.0011075461045993995,,,,-0.00028290935288792133,144,7.332142800092697,explicit,lumped,central_difference,MaterialSDF+LagrangianSDFContactOracle,structured-top,5000000000.0
sfc_lagrangian_sdf,0.00659,-0.0075556949005020245,0.06144430509949624,4.094479486181133e-05,0.001115098022669629,,,,-0.0002866093922870597,144,7.332142800092697,explicit,lumped,central_difference,MaterialSDF+LagrangianSDFContactOracle,structured-top,5000000000.0
sfc_lagrangian_sdf,0.006600000000000001,-0.007564164535778954,0.06143583546421932,4.1213283895470595e-05,0.0011226553174552086,,,,-0.0002903913499664417,144,7.332142800092697,explicit,lumped,central_difference,MaterialSDF+LagrangianSDFContactOracle,structured-top,5000000000.0
sfc_lagrangian_sdf,0.00661,-0.0075726132444966015,0.06142738675550166,4.144872789434147e-05,0.0011302321780604753,,,,-0.0002942000739320171,144,7.332142800092697,explicit,lumped,central_difference,MaterialSDF+LagrangianSDFContactOracle,structured-top,5000000000.0
sfc_lagrangian_sdf,0.006620000000000001,-0.007581040615245699,0.06141895938475257,4.1650169378057264e-05,0.0011378415588912025,,,,-0.0002979813379368118,144,7.332142800092697,explicit,lumped,central_difference,MaterialSDF+LagrangianSDFContactOracle,structured-top,5000000000.0
sfc_lagrangian_sdf,0.0066300000000000005,-0.007589446267665669,0.0614105537323326,4.1816690776303163e-05,0.0011454826160170232,,,,-0.0003016942249581242,144,7.332142800092697,explicit,lumped,central_difference,MaterialSDF+LagrangianSDFContactOracle,structured-top,5000000000.0
sfc_lagrangian_sdf,0.006640000000000001,-0.007597829853272468,0.0614021701467258,4.1948138309572886e-05,0.001153143257926661,,,,-0.00030530920436601345,144,7.332142800092697,explicit,lumped,central_difference,MaterialSDF+LagrangianSDFContactOracle,structured-top,5000000000.0
sfc_lagrangian_sdf,0.0066500000000000005,-0.007606191047910103,0.061393808952088166,4.2045529602262084e-05,0.0011608128538211897,,,,-0.00030879521930423,144,7.332142800092697,explicit,lumped,central_difference,MaterialSDF+LagrangianSDFContactOracle,structured-top,5000000000.0
sfc_lagrangian_sdf,0.00666,-0.007614529546977319,0.06138547045302095,4.2110853246339016e-05,0.0011684897510206153,,,,-0.000312110354257412,144,7.332142800092697,explicit,lumped,central_difference,MaterialSDF+LagrangianSDFContactOracle,structured-top,5000000000.0
sfc_lagrangian_sdf,0.006670000000000001,-0.007622845071937923,0.06137715492806034,4.214645240833091e-05,0.001176173838629132,,,,-0.0003152146439242164,144,7.332142800092697,explicit,lumped,central_difference,MaterialSDF+LagrangianSDFContactOracle,structured-top,5000000000.0
sfc_lagrangian_sdf,0.00668,-0.007631137385108524,0.061368862614889746,4.215446516371255e-05,0.0011838509758446058,,,,-0.00031806797460284217,144,7.332142800092697,explicit,lumped,central_difference,MaterialSDF+LagrangianSDFContactOracle,structured-top,5000000000.0
sfc_lagrangian_sdf,0.006690000000000001,-0.007639406300699867,0.061360593699298395,4.213663820802598e-05,0.0011914870209158224,,,,-0.0003206481912733352,144,7.332142800092697,explicit,lumped,central_difference,MaterialSDF+LagrangianSDFContactOracle,structured-top,5000000000.0
sfc_lagrangian_sdf,0.0067,-0.007647651682860667,0.061352348317137595,4.2094446850879555e-05,0.0011990424048279476,,,,-0.00032295142949114196,144,7.332142800092697,explicit,lumped,central_difference,MaterialSDF+LagrangianSDFContactOracle,structured-top,5000000000.0
sfc_lagrangian_sdf,0.006710000000000001,-0.007655873433836488,0.06134412656616178,4.202924775439617e-05,0.0012064988094400756,,,,-0.0003249668994046907,144,7.332142800092697,explicit,lumped,central_difference,MaterialSDF+LagrangianSDFContactOracle,structured-top,5000000000.0
sfc_lagrangian_sdf,0.00672,-0.007664071485397497,0.06133592851460077,4.194232577843051e-05,0.0012138757972316055,,,,-0.00032666169561601386,144,7.332142800092697,explicit,lumped,central_difference,MaterialSDF+LagrangianSDFContactOracle,structured-top,5000000000.0
sfc_lagrangian_sdf,0.006730000000000001,-0.007672245804296899,0.06132775419570136,4.183494461947601e-05,0.001221221253487883,,,,-0.00032798570164949126,144,7.332142800092697,explicit,lumped,central_difference,MaterialSDF+LagrangianSDFContactOracle,structured-top,5000000000.0
sfc_lagrangian_sdf,0.00674,-0.0076803964094535335,0.06131960359054474,4.170854114116113e-05,0.0012285810439850288,,,,-0.0003288939246502881,144,7.332142800092697,explicit,lumped,central_difference,MaterialSDF+LagrangianSDFContactOracle,structured-top,5000000000.0
sfc_lagrangian_sdf,0.006750000000000001,-0.0076885233870530355,0.06131147661294523,4.156497333963433e-05,0.0012359711367280633,,,,-0.00032936776184052394,144,7.332142800092697,explicit,lumped,central_difference,MaterialSDF+LagrangianSDFContactOracle,structured-top,5000000000.0
sfc_lagrangian_sdf,0.00676,-0.007696626890878945,0.06130337310911932,4.140653969759152e-05,0.0012433731953909995,,,,-0.0003294176360585507,144,7.332142800092697,explicit,lumped,central_difference,MaterialSDF+LagrangianSDFContactOracle,structured-top,5000000000.0
sfc_lagrangian_sdf,0.006770000000000001,-0.00770470712805331,0.06129529287194497,4.123561930703701e-05,0.0012507542983721581,,,,-0.0003290663275129573,144,7.332142800092697,explicit,lumped,central_difference,MaterialSDF+LagrangianSDFContactOracle,structured-top,5000000000.0
sfc_lagrangian_sdf,0.0067800000000000004,-0.007712764342911971,0.0612872356570863,4.105415580847117e-05,0.0012580915532529198,,,,-0.00032832933742549063,144,7.332142800092697,explicit,lumped,central_difference,MaterialSDF+LagrangianSDFContactOracle,structured-top,5000000000.0
sfc_lagrangian_sdf,0.006790000000000001,-0.007720798812174341,0.06127920118782392,4.086342865593367e-05,0.0012653807272980087,,,,-0.0003272100098489916,144,7.332142800092697,explicit,lumped,central_difference,MaterialSDF+LagrangianSDFContactOracle,structured-top,5000000000.0
sfc_lagrangian_sdf,0.0068000000000000005,-0.00772881085259788,0.06127118914740038,4.066434048403309e-05,0.001272625075531999,,,,-0.0003257121435148576,144,7.332142800092697,explicit,lumped,central_difference,MaterialSDF+LagrangianSDFContactOracle,structured-top,5000000000.0
sfc_lagrangian_sdf,0.006810000000000001,-0.007736800829320757,0.06126319917067751,4.045796677423179e-05,0.0012798195515310766,,,,-0.0003238560509931693,144,7.332142800092697,explicit,lumped,central_difference,MaterialSDF+LagrangianSDFContactOracle,structured-top,5000000000.0
sfc_lagrangian_sdf,0.0068200000000000005,-0.00774476915127585,0.06125523084872241,4.0245840757301905e-05,0.0012869487181857786,,,,-0.00032168127582700814,144,7.332142800092697,explicit,lumped,central_difference,MaterialSDF+LagrangianSDFContactOracle,structured-top,5000000000.0
sfc_lagrangian_sdf,0.00683,-0.007752716250951622,0.061247283749046644,4.002967921944943e-05,0.0012940017590974487,,,,-0.0003192325488482426,144,7.332142800092697,explicit,lumped,central_difference,MaterialSDF+LagrangianSDFContactOracle,structured-top,5000000000.0
sfc_lagrangian_sdf,0.006840000000000001,-0.007760642559115701,0.061239357440882575,3.981078468134929e-05,0.0013009899578114662,,,,-0.0003165419039854297,144,7.332142800092697,explicit,lumped,central_difference,MaterialSDF+LagrangianSDFContactOracle,structured-top,5000000000.0
sfc_lagrangian_sdf,0.00685,-0.007768548488724292,0.06123145151127397,3.958966808538236e-05,0.001307948285440351,,,,-0.0003136236708963998,144,7.332142800092697,explicit,lumped,central_difference,MaterialSDF+LagrangianSDFContactOracle,structured-top,5000000000.0
sfc_lagrangian_sdf,0.006860000000000001,-0.00777643443334198,0.06122356556665629,3.936622060136678e-05,0.001314916798090938,,,,-0.00031048706575664587,144,7.332142800092697,explicit,lumped,central_difference,MaterialSDF+LagrangianSDFContactOracle,structured-top,5000000000.0
sfc_lagrangian_sdf,0.00687,-0.007784300772753517,0.06121569922724475,3.9140242878234703e-05,0.001321916102614019,,,,-0.0003071549039269951,144,7.332142800092697,explicit,lumped,central_difference,MaterialSDF+LagrangianSDFContactOracle,structured-top,5000000000.0
sfc_lagrangian_sdf,0.006880000000000001,-0.007792147873719071,0.061207852126279196,3.891182747637163e-05,0.0013289369986478811,,,,-0.0003036716420793701,144,7.332142800092697,explicit,lumped,central_difference,MaterialSDF+LagrangianSDFContactOracle,structured-top,5000000000.0
sfc_lagrangian_sdf,0.00689,-0.007799976080674104,0.06120002391932416,3.868126866137202e-05,0.0013359524020377506,,,,-0.00030011959472091466,144,7.332142800092697,explicit,lumped,central_difference,MaterialSDF+LagrangianSDFContactOracle,structured-top,5000000000.0
sfc_lagrangian_sdf,0.006900000000000001,-0.0078077857023554935,0.06119221429764277,3.844862795918665e-05,0.0013429409616186867,,,,-0.0002966286661997936,144,7.332142800092697,explicit,lumped,central_difference,MaterialSDF+LagrangianSDFContactOracle,structured-top,5000000000.0
sfc_lagrangian_sdf,0.00691,-0.007815577004997106,0.06118442299500117,3.8213350518837264e-05,0.001349903083180906,,,,-0.000293132351075688,144,7.332142800092697,explicit,lumped,central_difference,MaterialSDF+LagrangianSDFContactOracle,structured-top,5000000000.0
sfc_lagrangian_sdf,0.006920000000000001,-0.007823350216698133,0.06117664978330015,3.797418153886514e-05,0.0013568583486951202,,,,-0.0002896512316513438,144,7.332142800092697,explicit,lumped,central_difference,MaterialSDF+LagrangianSDFContactOracle,structured-top,5000000000.0
sfc_lagrangian_sdf,0.00693,-0.007831105536899988,0.06116889446309828,3.772929188091434e-05,0.0013638301535957693,,,,-0.00028621868279087064,144,7.332142800092697,explicit,lumped,central_difference,MaterialSDF+LagrangianSDFContactOracle,structured-top,5000000000.0
sfc_lagrangian_sdf,0.006940000000000001,-0.007838843139880803,0.061161156860117465,3.747637503907509e-05,0.0013708333747204408,,,,-0.00028286635897222423,144,7.332142800092697,explicit,lumped,central_difference,MaterialSDF+LagrangianSDFContactOracle,structured-top,5000000000.0
sfc_lagrangian_sdf,0.0069500000000000004,-0.007846563166559328,0.06115343683343894,3.7212650125527986e-05,0.0013778757352834777,,,,-0.00027963711170839574,144,7.332142800092697,explicit,lumped,central_difference,MaterialSDF+LagrangianSDFContactOracle,structured-top,5000000000.0
sfc_lagrangian_sdf,0.006960000000000001,-0.007854265709669003,0.06114573429032926,3.693494708975594e-05,0.0013849690018891045,,,,-0.00027656976532294385,144,7.332142800092697,explicit,lumped,central_difference,MaterialSDF+LagrangianSDFContactOracle,structured-top,5000000000.0
sfc_lagrangian_sdf,0.0069700000000000005,-0.007861950803513117,0.061138049196485154,3.664004249706713e-05,0.0013921360980515293,,,,-0.0002736871497506691,144,7.332142800092697,explicit,lumped,central_difference,MaterialSDF+LagrangianSDFContactOracle,structured-top,5000000000.0
sfc_lagrangian_sdf,0.006980000000000001,-0.007869618425301084,0.06113038157469718,3.632514313957538e-05,0.0013994038554697467,,,,-0.0002710036749414925,144,7.332142800092697,explicit,lumped,central_difference,MaterialSDF+LagrangianSDFContactOracle,structured-top,5000000000.0
sfc_lagrangian_sdf,0.0069900000000000006,-0.007877268504225793,0.06112273149577248,3.5988189760446074e-05,0.0014067849752355606,,,,-0.0002685352514746368,144,7.332142800092697,explicit,lumped,central_difference,MaterialSDF+LagrangianSDFContactOracle,structured-top,5000000000.0
sfc_lagrangian_sdf,0.007,-0.007884900926798081,0.06111509907320019,3.562775398741419e-05,0.0014142641676170486,,,,-0.0002663205335845158,144,7.332142800092697,explicit,lumped,central_difference,MaterialSDF+LagrangianSDFContactOracle,structured-top,5000000000.0
sfc_lagrangian_sdf,0.007010000000000001,-0.007892515529629005,0.06110748447036926,3.5242653388546256e-05,0.0014218019272191327,,,,-0.0002644167437760452,144,7.332142800092697,explicit,lumped,central_difference,MaterialSDF+LagrangianSDFContactOracle,structured-top,5000000000.0
sfc_lagrangian_sdf,0.00702,-0.007900112081902033,0.06109988791809623,3.4831651138602156e-05,0.0014293558827904883,,,,-0.00026287316231599626,144,7.332142800092697,explicit,lumped,central_difference,MaterialSDF+LagrangianSDFContactOracle,structured-top,5000000000.0
sfc_lagrangian_sdf,0.007030000000000001,-0.007907690269817361,0.06109230973018091,3.4393480538687876e-05,0.0014369054905962887,,,,-0.0002617170466182356,144,7.332142800092697,explicit,lumped,central_difference,MaterialSDF+LagrangianSDFContactOracle,structured-top,5000000000.0
sfc_lagrangian_sdf,0.00704,-0.007915249695597955,0.061084750304400304,3.3927070569367836e-05,0.0014444629490028037,,,,-0.00026094525162907907,144,7.332142800092697,explicit,lumped,central_difference,MaterialSDF+LagrangianSDFContactOracle,structured-top,5000000000.0
sfc_lagrangian_sdf,0.007050000000000001,-0.007922789893710197,0.06107721010628807,3.343162934886104e-05,0.0014520639252723771,,,,-0.0002605352639005602,144,7.332142800092697,explicit,lumped,central_difference,MaterialSDF+LagrangianSDFContactOracle,structured-top,5000000000.0
sfc_lagrangian_sdf,0.00706,-0.007930310354932331,0.061069689645065935,3.290639456261432e-05,0.0014597468987751596,,,,-0.0002604642472664259,144,7.332142800092697,explicit,lumped,central_difference,MaterialSDF+LagrangianSDFContactOracle,structured-top,5000000000.0
sfc_lagrangian_sdf,0.007070000000000001,-0.007937810544645556,0.06106218945535271,3.2350215685060625e-05,0.0014675370407475693,,,,-0.00026072162067217354,144,7.332142800092697,explicit,lumped,central_difference,MaterialSDF+LagrangianSDFContactOracle,structured-top,5000000000.0
sfc_lagrangian_sdf,0.00708,-0.007945289908352035,0.06105471009164623,3.176131595315225e-05,0.0014754442610894643,,,,-0.00026131558013733436,144,7.332142800092697,explicit,lumped,central_difference,MaterialSDF+LagrangianSDFContactOracle,structured-top,5000000000.0
sfc_lagrangian_sdf,0.007090000000000001,-0.007952747868800417,0.061047252131197854,3.113741266227318e-05,0.0014834716733905062,,,,-0.00026223111910235523,144,7.332142800092697,explicit,lumped,central_difference,MaterialSDF+LagrangianSDFContactOracle,structured-top,5000000000.0
sfc_lagrangian_sdf,0.0071,-0.007960183825310429,0.06103981617468784,3.0476051694994345e-05,0.0014916223842555345,,,,-0.00026345367760336976,144,7.332142800092697,explicit,lumped,central_difference,MaterialSDF+LagrangianSDFContactOracle,structured-top,5000000000.0
sfc_lagrangian_sdf,0.007110000000000001,-0.007967597161968593,0.06103240283802967,2.977488423718651e-05,0.0014998963009791252,,,,-0.00026496263881389625,144,7.332142800092697,explicit,lumped,central_difference,MaterialSDF+LagrangianSDFContactOracle,structured-top,5000000000.0
sfc_lagrangian_sdf,0.0071200000000000005,-0.0079749872615387,0.061025012738459575,2.9031793337687523e-05,0.0015082803989684118,,,,-0.00026674260218769054,144,7.332142800092697,explicit,lumped,central_difference,MaterialSDF+LagrangianSDFContactOracle,structured-top,5000000000.0
sfc_lagrangian_sdf,0.007130000000000001,-0.007982353515595352,0.06101764648440292,2.8245027927060327e-05,0.0015167441140579167,,,,-0.000268789855556954,144,7.332142800092697,explicit,lumped,central_difference,MaterialSDF+LagrangianSDFContactOracle,structured-top,5000000000.0
sfc_lagrangian_sdf,0.0071400000000000005,-0.007989695324478067,0.061010304675520204,2.7413509099883862e-05,0.0015252480984842493,,,,-0.0002711059017350529,144,7.332142800092697,explicit,lumped,central_difference,MaterialSDF+LagrangianSDFContactOracle,structured-top,5000000000.0
sfc_lagrangian_sdf,0.007150000000000001,-0.007997012090211121,0.06100298790978714,2.6537207028322982e-05,0.0015337623883519833,,,,-0.00027368204587639657,144,7.332142800092697,explicit,lumped,central_difference,MaterialSDF+LagrangianSDFContactOracle,structured-top,5000000000.0
sfc_lagrangian_sdf,0.0071600000000000006,-0.008004303212485638,0.060995696787512634,2.5617243230048192e-05,0.0015422804472504323,,,,-0.00027648800422897115,144,7.332142800092697,explicit,lumped,central_difference,MaterialSDF+LagrangianSDFContactOracle,structured-top,5000000000.0
sfc_lagrangian_sdf,0.00717,-0.008011568095511238,0.06098843190448703,2.465545620679612e-05,0.0015508178615291903,,,,-0.00027947673725146535,144,7.332142800092697,explicit,lumped,central_difference,MaterialSDF+LagrangianSDFContactOracle,structured-top,5000000000.0
sfc_lagrangian_sdf,0.007180000000000001,-0.008018806164065043,0.06098119383593323,2.3653552628542e-05,0.001559397011419516,,,,-0.0002826009259090874,144,7.332142800092697,explicit,lumped,central_difference,MaterialSDF+LagrangianSDFContactOracle,structured-top,5000000000.0
sfc_lagrangian_sdf,0.00719,-0.008026016879247035,0.06097398312075123,2.2612305042624e-05,0.0015680305225099635,,,,-0.00028590373002799574,144,7.332142800092697,explicit,lumped,central_difference,MaterialSDF+LagrangianSDFContactOracle,structured-top,5000000000.0
sfc_lagrangian_sdf,0.007200000000000001,-0.008033199745562127,0.060966800254436154,2.153123334790016e-05,0.0015767162367984657,,,,-0.0002893481860790943,144,7.332142800092697,explicit,lumped,central_difference,MaterialSDF+LagrangianSDFContactOracle,structured-top,5000000000.0
sfc_lagrangian_sdf,0.00721,-0.008040354309728012,0.06095964569027026,2.0408850889409765e-05,0.0015854450871472647,,,,-0.0002928243929839758,144,7.332142800092697,explicit,lumped,central_difference,MaterialSDF+LagrangianSDFContactOracle,structured-top,5000000000.0
sfc_lagrangian_sdf,0.007220000000000001,-0.008047480159443048,0.060952519840555226,1.92432005162388e-05,0.0015942114462980164,,,,-0.0002962950440095072,144,7.332142800092697,explicit,lumped,central_difference,MaterialSDF+LagrangianSDFContactOracle,structured-top,5000000000.0
sfc_lagrangian_sdf,0.00723,-0.00805457692958715,0.06094542307041111,1.8032342395624026e-05,0.0016030143973382106,,,,-0.00029970834094102106,144,7.332142800092697,explicit,lumped,central_difference,MaterialSDF+LagrangianSDFContactOracle,structured-top,5000000000.0
sfc_lagrangian_sdf,0.007240000000000001,-0.008061644314763996,0.06093835568523427,1.6774656846780996e-05,0.0016118487247522414,,,,-0.0003030206784572886,144,7.332142800092697,explicit,lumped,central_difference,MaterialSDF+LagrangianSDFContactOracle,structured-top,5000000000.0
sfc_lagrangian_sdf,0.00725,-0.008068682079305625,0.060931317920692646,1.5469021439304607e-05,0.0016206958984765353,,,,-0.0003062017530305519,144,7.332142800092697,explicit,lumped,central_difference,MaterialSDF+LagrangianSDFContactOracle,structured-top,5000000000.0
sfc_lagrangian_sdf,0.007260000000000001,-0.008075690056882433,0.06092430994311583,1.411491622636568e-05,0.001629526418030853,,,,-0.00030923330495526537,144,7.332142800092697,explicit,lumped,central_difference,MaterialSDF+LagrangianSDFContactOracle,structured-top,5000000000.0
sfc_lagrangian_sdf,0.00727,-0.008082668141156159,0.0609173318588421,1.271238517990533e-05,0.0016383141882656761,,,,-0.0003120963768986588,144,7.332142800092697,explicit,lumped,central_difference,MaterialSDF+LagrangianSDFContactOracle,structured-top,5000000000.0
sfc_lagrangian_sdf,0.007280000000000001,-0.008089616277573685,0.060910383722424584,1.1261766571913353e-05,0.001647051341320519,,,,-0.00031475878538755295,144,7.332142800092697,explicit,lumped,central_difference,MaterialSDF+LagrangianSDFContactOracle,structured-top,5000000000.0
sfc_lagrangian_sdf,0.0072900000000000005,-0.008096534465621669,0.0609034655343766,9.76328540736054e-06,0.0016557501808422293,,,,-0.0003171754029355692,144,7.332142800092697,explicit,lumped,central_difference,MaterialSDF+LagrangianSDFContactOracle,structured-top,5000000000.0
sfc_lagrangian_sdf,0.007300000000000001,-0.008103422770650338,0.060896577229347916,8.216796305911161e-06,0.0016644298748707497,,,,-0.00031930250528172807,144,7.332142800092697,explicit,lumped,central_difference,MaterialSDF+LagrangianSDFContactOracle,structured-top,5000000000.0
sfc_lagrangian_sdf,0.0073100000000000005,-0.008110281333974317,0.06088971866602394,6.621925451582315e-06,0.0016730991085511253,,,,-0.000321114273055213,144,7.332142800092697,explicit,lumped,central_difference,MaterialSDF+LagrangianSDFContactOracle,structured-top,5000000000.0
sfc_lagrangian_sdf,0.007320000000000001,-0.00811711036934087,0.060882889630657404,4.978561704774041e-06,0.0016817493379014308,,,,-0.00032260704417870435,144,7.332142800092697,explicit,lumped,central_difference,MaterialSDF+LagrangianSDFContactOracle,structured-top,5000000000.0
sfc_lagrangian_sdf,0.007330000000000001,-0.008123910144209918,0.06087608985578835,3.287351505609779e-06,0.0016903632732494013,,,,-0.000323787723353613,144,7.332142800092697,explicit,lumped,central_difference,MaterialSDF+LagrangianSDFContactOracle,structured-top,5000000000.0
sfc_lagrangian_sdf,0.00734,-0.008130680956607088,0.06086931904339118,1.549849726670114e-06,0.001698929187419431,,,,-0.00032465698154922156,144,7.332142800092697,explicit,lumped,central_difference,MaterialSDF+LagrangianSDFContactOracle,structured-top,5000000000.0
sfc_lagrangian_sdf,0.007350000000000001,-0.008137423121552599,0.06086257687844567,-2.3171837102387644e-07,0.0017074467873914479,,,,-0.000325202352415819,144,7.332142800092697,explicit,lumped,central_difference,MaterialSDF+LagrangianSDFContactOracle,structured-top,5000000000.0
sfc_lagrangian_sdf,0.00736,-0.008144136972330074,0.060855863027668176,-2.0548102306795862e-06,0.0017159191621287694,,,,-0.00032540696474832765,144,7.332142800092697,explicit,lumped,central_difference,MaterialSDF+LagrangianSDFContactOracle,structured-top,5000000000.0
sfc_lagrangian_sdf,0.007370000000000001,-0.008150822869024668,0.0608491771309736,-3.9167279086648295e-06,0.001724339279397056,,,,-0.0003252652029913931,144,7.332142800092697,explicit,lumped,central_difference,MaterialSDF+LagrangianSDFContactOracle,structured-top,5000000000.0
sfc_lagrangian_sdf,0.00738,-0.008157481201217282,0.060842518798780984,-5.814546457453656e-06,0.0017326853912955152,,,,-0.00032479037911582775,144,7.332142800092697,explicit,lumped,central_difference,MaterialSDF+LagrangianSDFContactOracle,structured-top,5000000000.0
sfc_lagrangian_sdf,0.007390000000000001,-0.008164112378007718,0.060835887621990554,-7.745042290916689e-06,0.0017409319537441028,,,,-0.00032400700584997195,144,7.332142800092697,explicit,lumped,central_difference,MaterialSDF+LagrangianSDFContactOracle,structured-top,5000000000.0
sfc_lagrangian_sdf,0.0074,-0.00817071681049765,0.06082928318950063,-9.704862255981636e-06,0.0017490684655037817,,,,-0.00032293429020412596,144,7.332142800092697,explicit,lumped,central_difference,MaterialSDF+LagrangianSDFContactOracle,structured-top,5000000000.0
sfc_lagrangian_sdf,0.007410000000000001,-0.008177294898633196,0.060822705101365074,-1.169091989190452e-05,0.0017571110028580758,,,,-0.00032158470989832776,144,7.332142800092697,explicit,lumped,central_difference,MaterialSDF+LagrangianSDFContactOracle,structured-top,5000000000.0
sfc_lagrangian_sdf,0.00742,-0.008183847030286141,0.06081615296971212,-1.3700762704505865e-05,0.0017650968773149545,,,,-0.0003199437296300283,144,7.332142800092697,explicit,lumped,central_difference,MaterialSDF+LagrangianSDFContactOracle,structured-top,5000000000.0
sfc_lagrangian_sdf,0.007430000000000001,-0.00819037358996012,0.06080962641003814,-1.5732668647671917e-05,0.0017730663441261787,,,,-0.0003180001987934562,144,7.332142800092697,explicit,lumped,central_difference,MaterialSDF+LagrangianSDFContactOracle,structured-top,5000000000.0
sfc_lagrangian_sdf,0.00744,-0.008196874967184214,0.060803125032814063,-1.778546927623018e-05,0.0017810446375884756,,,,-0.00031576287039645936,144,7.332142800092697,explicit,lumped,central_difference,MaterialSDF+LagrangianSDFContactOracle,structured-top,5000000000.0
sfc_lagrangian_sdf,0.007450000000000001,-0.008203351556391089,0.060796648443607174,-1.9858302703354277e-05,0.0017890354445584153,,,,-0.00031325990901521903,144,7.332142800092697,explicit,lumped,central_difference,MaterialSDF+LagrangianSDFContactOracle,structured-top,5000000000.0
sfc_lagrangian_sdf,0.0074600000000000005,-0.008209803748089566,0.06079019625190869,-2.195047129510394e-05,0.0017970266715252685,,,,-0.00031053190678254327,144,7.332142800092697,explicit,lumped,central_difference,MaterialSDF+LagrangianSDFContactOracle,structured-top,5000000000.0
sfc_lagrangian_sdf,0.007470000000000001,-0.008216231917442316,0.06078376808255594,-2.4061382907589014e-05,0.001805000966256904,,,,-0.0003076226684162021,144,7.332142800092697,explicit,lumped,central_difference,MaterialSDF+LagrangianSDFContactOracle,structured-top,5000000000.0
sfc_lagrangian_sdf,0.0074800000000000005,-0.00822263641571208,0.06077736358428619,-2.6190436093870974e-05,0.0018129435508257954,,,,-0.00030468168897327633,144,7.332142800092697,explicit,lumped,central_difference,MaterialSDF+LagrangianSDFContactOracle,structured-top,5000000000.0
sfc_lagrangian_sdf,0.007490000000000001,-0.008229017564575853,0.06077098243542241,-2.8336815502685086e-05,0.0018208461098523112,,,,-0.00030178633236541824,144,7.332142800092697,explicit,lumped,central_difference,MaterialSDF+LagrangianSDFContactOracle,structured-top,5000000000.0
sfc_lagrangian_sdf,0.007500000000000001,-0.008235375649628625,0.06076462435036964,-3.0499374347621028e-05,0.0018287099018682866,,,,-0.00029883019284869945,144,7.332142800092697,explicit,lumped,central_difference,MaterialSDF+LagrangianSDFContactOracle,structured-top,5000000000.0
sfc_lagrangian_sdf,0.00751,-0.00824171091148938,0.06075828908850888,-3.267683713063946e-05,0.0018365492542795107,,,,-0.00029584526322096725,144,7.332142800092697,explicit,lumped,central_difference,MaterialSDF+LagrangianSDFContactOracle,structured-top,5000000000.0
sfc_lagrangian_sdf,0.007520000000000001,-0.008248023538100432,0.06075197646189783,-3.4868342658577564e-05,0.001844391431663267,,,,-0.00029285314892332884,144,7.332142800092697,explicit,lumped,central_difference,MaterialSDF+LagrangianSDFContactOracle,structured-top,5000000000.0
sfc_lagrangian_sdf,0.00753,-0.008254313663697957,0.060745686336300314,-3.7074033641051314e-05,0.001852267901253727,,,,-0.0002898677874246048,144,7.332142800092697,explicit,lumped,central_difference,MaterialSDF+LagrangianSDFContactOracle,structured-top,5000000000.0
sfc_lagrangian_sdf,0.007540000000000001,-0.008260581375326783,0.06073941862467149,-3.9295282386493145e-05,0.0018601984060314476,,,,-0.0002869069313133059,144,7.332142800092697,explicit,lumped,central_difference,MaterialSDF+LagrangianSDFContactOracle,structured-top,5000000000.0
sfc_lagrangian_sdf,0.00755,-0.008266826720434477,0.06073317327956379,-4.153435492472302e-05,0.0018681777847168455,,,,-0.0002840045381061075,144,7.332142800092697,explicit,lumped,central_difference,MaterialSDF+LagrangianSDFContactOracle,structured-top,5000000000.0
sfc_lagrangian_sdf,0.007560000000000001,-0.008273049706443531,0.06072695029355473,-4.379369170310194e-05,0.00187617714854512,,,,-0.00028121264941321085,144,7.332142800092697,explicit,lumped,central_difference,MaterialSDF+LagrangianSDFContactOracle,structured-top,5000000000.0
sfc_lagrangian_sdf,0.00757,-0.00827925028904274,0.06072074971095552,-4.6075213430270116e-05,0.001884162104220997,,,,-0.00027858829161543506,144,7.332142800092697,explicit,lumped,central_difference,MaterialSDF+LagrangianSDFContactOracle,structured-top,5000000000.0
sfc_lagrangian_sdf,0.007580000000000001,-0.008285428356121555,0.06071457164387672,-4.8379981613805375e-05,0.0018921173625103616,,,,-0.00027617331424832295,144,7.332142800092697,explicit,lumped,central_difference,MaterialSDF+LagrangianSDFContactOracle,structured-top,5000000000.0
sfc_lagrangian_sdf,0.00759,-0.008291583719936055,0.06070841628006221,-5.07082673936343e-05,0.0019000606095840565,,,,-0.0002739820590600726,144,7.332142800092697,explicit,lumped,central_difference,MaterialSDF+LagrangianSDFContactOracle,structured-top,5000000000.0
sfc_lagrangian_sdf,0.007600000000000001,-0.008297716125633145,0.06070228387436511,-5.305986211914424e-05,0.0019080353053559306,,,,-0.0002720065718048923,144,7.332142800092697,explicit,lumped,central_difference,MaterialSDF+LagrangianSDFContactOracle,structured-top,5000000000.0
sfc_lagrangian_sdf,0.0076100000000000004,-0.008303825272711075,0.060696174727287194,-5.5434443074030764e-05,0.0019160873540821704,,,,-0.00027023553681036034,144,7.332142800092697,explicit,lumped,central_difference,MaterialSDF+LagrangianSDFContactOracle,structured-top,5000000000.0
sfc_lagrangian_sdf,0.007620000000000001,-0.008309910836745432,0.06069008916325284,-5.7831915476446436e-05,0.0019242421805089917,,,,-0.00026867252219201746,144,7.332142800092697,explicit,lumped,central_difference,MaterialSDF+LagrangianSDFContactOracle,structured-top,5000000000.0
sfc_lagrangian_sdf,0.0076300000000000005,-0.00831597247939592,0.06068402752060234,-6.025271859816975e-05,0.0019324974308274482,,,,-0.00026734132864807847,144,7.332142800092697,explicit,lumped,central_difference,MaterialSDF+LagrangianSDFContactOracle,structured-top,5000000000.0
sfc_lagrangian_sdf,0.007640000000000001,-0.008322009844583941,0.06067799015541433,-6.269804212432347e-05,0.0019408338907873368,,,,-0.00026627091174871275,144,7.332142800092697,explicit,lumped,central_difference,MaterialSDF+LagrangianSDFContactOracle,structured-top,5000000000.0
sfc_lagrangian_sdf,0.0076500000000000005,-0.008328022549432277,0.06067197745056599,-6.516984243109207e-05,0.001949233973871274,,,,-0.00026548355823133974,144,7.332142800092697,explicit,lumped,central_difference,MaterialSDF+LagrangianSDFContactOracle,structured-top,5000000000.0
sfc_lagrangian_sdf,0.007660000000000001,-0.008334010181481437,0.060665989818516834,-6.767060272343752e-05,0.001957693639824455,,,,-0.00026498744769797884,144,7.332142800092697,explicit,lumped,central_difference,MaterialSDF+LagrangianSDFContactOracle,structured-top,5000000000.0
sfc_lagrangian_sdf,0.007670000000000001,-0.00833997230727907,0.0606600276927192,-7.020294032955466e-05,0.001966221269824142,,,,-0.0002647756869309519,144,7.332142800092697,explicit,lumped,central_difference,MaterialSDF+LagrangianSDFContactOracle,structured-top,5000000000.0
sfc_lagrangian_sdf,0.007680000000000001,-0.008345908487963002,0.060654091512035276,-7.276928171913779e-05,0.0019748280242531746,,,,-0.00026484765976560285,144,7.332142800092697,explicit,lumped,central_difference,MaterialSDF+LagrangianSDFContactOracle,structured-top,5000000000.0
sfc_lagrangian_sdf,0.007690000000000001,-0.008351818293029759,0.0606481817069685,-7.537176807788624e-05,0.001983519160446001,,,,-0.0002651881333800122,144,7.332142800092697,explicit,lumped,central_difference,MaterialSDF+LagrangianSDFContactOracle,structured-top,5000000000.0
sfc_lagrangian_sdf,0.0077,-0.00835770130691995,0.06064229869307832,-7.8012355595835e-05,0.0019922919643822513,,,,-0.00026579595122950146,144,7.332142800092697,explicit,lumped,central_difference,MaterialSDF+LagrangianSDFContactOracle,structured-top,5000000000.0
sfc_lagrangian_sdf,0.007710000000000001,-0.008363557130071819,0.060636442869926456,-8.069291692722183e-05,0.0020011386736333444,,,,-0.00026666887980981687,144,7.332142800092697,explicit,lumped,central_difference,MaterialSDF+LagrangianSDFContactOracle,structured-top,5000000000.0
sfc_lagrangian_sdf,0.00772,-0.008369385379945884,0.060630614620052384,-8.341518518247116e-05,0.002010049401744226,,,,-0.0002678003898053397,144,7.332142800092697,explicit,lumped,central_difference,MaterialSDF+LagrangianSDFContactOracle,structured-top,5000000000.0
sfc_lagrangian_sdf,0.007730000000000001,-0.00837518569536718,0.06062481430463109,-8.618057545962641e-05,0.002019012867058511,,,,-0.0002691810477377879,144,7.332142800092697,explicit,lumped,central_difference,MaterialSDF+LagrangianSDFContactOracle,structured-top,5000000000.0
sfc_lagrangian_sdf,0.00774,-0.008380957742561986,0.06061904225743627,-8.8990080680443e-05,0.002028017332425433,,,,-0.0002708010554855864,144,7.332142800092697,explicit,lumped,central_difference,MaterialSDF+LagrangianSDFContactOracle,structured-top,5000000000.0
sfc_lagrangian_sdf,0.007750000000000001,-0.00838670121898177,0.0606132987810165,-9.18444066847466e-05,0.002037054755116664,,,,-0.000272648973888689,144,7.332142800092697,explicit,lumped,central_difference,MaterialSDF+LagrangianSDFContactOracle,structured-top,5000000000.0
sfc_lagrangian_sdf,0.00776,-0.008392415853603492,0.060607584146394784,-9.474431010634169e-05,0.0020461267133505905,,,,-0.000274774715555453,144,7.332142800092697,explicit,lumped,central_difference,MaterialSDF+LagrangianSDFContactOracle,structured-top,5000000000.0
sfc_lagrangian_sdf,0.007770000000000001,-0.008398101406775563,0.0606018985932227,-9.769091462413477e-05,0.0020552461216395285,,,,-0.00027736788078738193,144,7.332142800092697,explicit,lumped,central_difference,MaterialSDF+LagrangianSDFContactOracle,structured-top,5000000000.0
sfc_lagrangian_sdf,0.0077800000000000005,-0.00840375767383513,0.06059624232616313,-0.0001006857715229062,0.0020644298198375503,,,,-0.0002801028107556668,144,7.332142800092697,explicit,lumped,central_difference,MaterialSDF+LagrangianSDFContactOracle,structured-top,5000000000.0
sfc_lagrangian_sdf,0.007790000000000001,-0.008409384492967437,0.06059061550703084,-0.00010373059646653454,0.0020736842511958203,,,,-0.0002829427028918129,144,7.332142800092697,explicit,lumped,central_difference,MaterialSDF+LagrangianSDFContactOracle,structured-top,5000000000.0
sfc_lagrangian_sdf,0.0078000000000000005,-0.00841498175262362,0.06058501824737464,-0.00010682680648062319,0.0020829936797773434,,,,-0.0002858616317274544,144,7.332142800092697,explicit,lumped,central_difference,MaterialSDF+LagrangianSDFContactOracle,structured-top,5000000000.0
sfc_lagrangian_sdf,0.007810000000000001,-0.00842054939262367,0.06057945060737458,-0.00010997505758895147,0.002092320687515444,,,,-0.00028885820756395893,144,7.332142800092697,explicit,lumped,central_difference,MaterialSDF+LagrangianSDFContactOracle,structured-top,5000000000.0
sfc_lagrangian_sdf,0.00782,-0.008426087397725712,0.06057391260227256,-0.00011317493413278909,0.0021016206455846784,,,,-0.0002919171140129925,144,7.332142800092697,explicit,lumped,central_difference,MaterialSDF+LagrangianSDFContactOracle,structured-top,5000000000.0
sfc_lagrangian_sdf,0.00783,-0.008431595789182754,0.06056840421081552,-0.00011642486184382404,0.002110861546366789,,,,-0.00029500771562594784,144,7.332142800092697,explicit,lumped,central_difference,MaterialSDF+LagrangianSDFContactOracle,structured-top,5000000000.0
sfc_lagrangian_sdf,0.007840000000000001,-0.008437074622463802,0.060562925377534466,-0.00011972228307937204,0.00212003649690586,,,,-0.00029809263986963836,144,7.332142800092697,explicit,lumped,central_difference,MaterialSDF+LagrangianSDFContactOracle,structured-top,5000000000.0
sfc_lagrangian_sdf,0.007850000000000001,-0.008442523995015685,0.060557476004982576,-0.0001230641164355947,0.0021291617542243233,,,,-0.00030112161980576125,144,7.332142800092697,explicit,lumped,central_difference,MaterialSDF+LagrangianSDFContactOracle,structured-top,5000000000.0
sfc_lagrangian_sdf,0.00786,-0.00844794405999316,0.060552055940005095,-0.00012644744691816913,0.002138263712936099,,,,-0.00030404253340317387,144,7.332142800092697,explicit,lumped,central_difference,MaterialSDF+LagrangianSDFContactOracle,structured-top,5000000000.0
sfc_lagrangian_sdf,0.00787,-0.008453335037041808,0.06054666496295646,-0.00012987025037395597,0.002147364987132318,,,,-0.0003068115757950246,144,7.332142800092697,explicit,lumped,central_difference,MaterialSDF+LagrangianSDFContactOracle,structured-top,5000000000.0
sfc_lagrangian_sdf,0.00788,-0.008458697213681584,0.06054130278631668,-0.00013333185391581096,0.0021564775900580545,,,,-0.0003093960759084077,144,7.332142800092697,explicit,lumped,central_difference,MaterialSDF+LagrangianSDFContactOracle,structured-top,5000000000.0
sfc_lagrangian_sdf,0.007890000000000001,-0.008464030938412949,0.06053596906158532,-0.000136832898333536,0.002165603178840172,,,,-0.00031177067620970206,144,7.332142800092697,explicit,lumped,central_difference,MaterialSDF+LagrangianSDFContactOracle,structured-top,5000000000.0
sfc_lagrangian_sdf,0.0079,-0.008469336612641872,0.06053066338735639,-0.0001403748046922466,0.002174734452884846,,,,-0.000313913221084504,144,7.332142800092697,explicit,lumped,central_difference,MaterialSDF+LagrangianSDFContactOracle,structured-top,5000000000.0
sfc_lagrangian_sdf,0.00791,-0.008474614687701217,0.06052538531229706,-0.00014395900802053813,0.002183853574361544,,,,-0.0003158054992752488,144,7.332142800092697,explicit,lumped,central_difference,MaterialSDF+LagrangianSDFContactOracle,structured-top,5000000000.0
sfc_lagrangian_sdf,0.00792,-0.008479865666720213,0.06052013433327806,-0.00014758632329334742,0.0021929305641957175,,,,-0.0003174372911782322,144,7.332142800092697,explicit,lumped,central_difference,MaterialSDF+LagrangianSDFContactOracle,structured-top,5000000000.0
sfc_lagrangian_sdf,0.007930000000000001,-0.00848509010529812,0.06051490989470014,-0.00015125669233784423,0.002201928928191095,,,,-0.0003188068590514355,144,7.332142800092697,explicit,lumped,central_difference,MaterialSDF+LagrangianSDFContactOracle,structured-top,5000000000.0
sfc_lagrangian_sdf,0.007940000000000001,-0.008490288605703968,0.060509711394294306,-0.000154969331155805,0.0022108213514306,,,,-0.00031991308937768197,144,7.332142800092697,explicit,lumped,central_difference,MaterialSDF+LagrangianSDFContactOracle,structured-top,5000000000.0
sfc_lagrangian_sdf,0.00795,-0.00849546180623664,0.06050453819376162,-0.00015872312146482517,0.0022196078220994464,,,,-0.0003207429962018891,144,7.332142800092697,explicit,lumped,central_difference,MaterialSDF+LagrangianSDFContactOracle,structured-top,5000000000.0
sfc_lagrangian_sdf,0.00796,-0.008500610373782384,0.06049938962621588,-0.0001625170486079218,0.002228321818149532,,,,-0.0003212654244296865,144,7.332142800092697,explicit,lumped,central_difference,MaterialSDF+LagrangianSDFContactOracle,structured-top,5000000000.0
sfc_lagrangian_sdf,0.007970000000000001,-0.008505735006609588,0.060494264993388676,-0.00016635053512327914,0.00223701539609707,,,,-0.0003214488771846023,144,7.332142800092697,explicit,lumped,central_difference,MaterialSDF+LagrangianSDFContactOracle,structured-top,5000000000.0
sfc_lagrangian_sdf,0.007980000000000001,-0.008510836445663401,0.06048916355433487,-0.00017022357160895708,0.0022457292561446217,,,,-0.000321275227367829,144,7.332142800092697,explicit,lumped,central_difference,MaterialSDF+LagrangianSDFContactOracle,structured-top,5000000000.0
sfc_lagrangian_sdf,0.00799,-0.008515915483309891,0.06048408451668837,-0.00017413658531569527,0.0022544672174297,,,,-0.00032074681606232894,144,7.332142800092697,explicit,lumped,central_difference,MaterialSDF+LagrangianSDFContactOracle,structured-top,5000000000.0
sfc_lagrangian_sdf,0.008,-0.00852097295742553,0.060479027042572735,-0.00017809005937662923,0.002263193796436783,,,,-0.00031988405466030454,144,7.332142800092697,explicit,lumped,central_difference,MaterialSDF+LagrangianSDFContactOracle,structured-top,5000000000.0
sfc_lagrangian_sdf,0.008010000000000001,-0.008526009728122227,0.060473990271876034,-0.00018208404174519332,0.002271857483897305,,,,-0.00031873862355342243,144,7.332142800092697,explicit,lumped,central_difference,MaterialSDF+LagrangianSDFContactOracle,structured-top,5000000000.0
sfc_lagrangian_sdf,0.008020000000000001,-0.008531026647111578,0.06046897335288669,-0.00018611778925637368,0.002280423028906435,,,,-0.00031735267880556636,144,7.332142800092697,explicit,lumped,central_difference,MaterialSDF+LagrangianSDFContactOracle,structured-top,5000000000.0
sfc_lagrangian_sdf,0.00803,-0.008536024535046899,0.060463975464951365,-0.00019018976549535057,0.002288889518179401,,,,-0.0003157439145571534,144,7.332142800092697,explicit,lumped,central_difference,MaterialSDF+LagrangianSDFContactOracle,structured-top,5000000000.0
sfc_lagrangian_sdf,0.00804,-0.008541004175365106,0.06045899582463316,-0.00019429802507764038,0.0022972830744040994,,,,-0.0003139111568364775,144,7.332142800092697,explicit,lumped,central_difference,MaterialSDF+LagrangianSDFContactOracle,structured-top,5000000000.0
sfc_lagrangian_sdf,0.00805,-0.008545966319961035,0.06045403368003724,-0.000198440789913242,0.0023056335072156042,,,,-0.00031206971494960857,144,7.332142800092697,explicit,lumped,central_difference,MaterialSDF+LagrangianSDFContactOracle,structured-top,5000000000.0
sfc_lagrangian_sdf,0.008060000000000001,-0.008550911693923448,0.06044908830607482,-0.0002026169274970001,0.0023139556797618873,,,,-0.00031016941031383906,144,7.332142800092697,explicit,lumped,central_difference,MaterialSDF+LagrangianSDFContactOracle,structured-top,5000000000.0
sfc_lagrangian_sdf,0.00807,-0.008555840990369627,0.06044415900962864,-0.00020682614478822477,0.0023222492668084752,,,,-0.00030810519205899873,144,7.332142800092697,explicit,lumped,central_difference,MaterialSDF+LagrangianSDFContactOracle,structured-top,5000000000.0
sfc_lagrangian_sdf,0.00808,-0.008560754858002867,0.06043924514199539,-0.00021106891153583414,0.002330512288209063,,,,-0.00030589581058083085,144,7.332142800092697,explicit,lumped,central_difference,MaterialSDF+LagrangianSDFContactOracle,structured-top,5000000000.0
sfc_lagrangian_sdf,0.00809,-0.00856565389209346,0.0604343461079048,-0.000215346252564154,0.0023387516615546436,,,,-0.0003035509020856686,144,7.332142800092697,explicit,lumped,central_difference,MaterialSDF+LagrangianSDFContactOracle,structured-top,5000000000.0
sfc_lagrangian_sdf,0.008100000000000001,-0.008570538636357292,0.06042946136364097,-0.00021965952412340947,0.0023469791772349055,,,,-0.00030108165981933656,144,7.332142800092697,explicit,lumped,central_difference,MaterialSDF+LagrangianSDFContactOracle,structured-top,5000000000.0
sfc_lagrangian_sdf,0.008110000000000001,-0.0085754095919075,0.06042459040809077,-0.0002240101944489889,0.0023551980704814715,,,,-0.00029850899505634966,144,7.332142800092697,explicit,lumped,central_difference,MaterialSDF+LagrangianSDFContactOracle,structured-top,5000000000.0
sfc_lagrangian_sdf,0.00812,-0.008580267221367108,0.06041973277863116,-0.00022839961294660532,0.0023633966278589,,,,-0.0002958767750626501,144,7.332142800092697,explicit,lumped,central_difference,MaterialSDF+LagrangianSDFContactOracle,structured-top,5000000000.0
sfc_lagrangian_sdf,0.00813,-0.008585111939782038,0.06041488806021623,-0.00023282880646119787,0.0023715591559936577,,,,-0.00029324450283648817,144,7.332142800092697,explicit,lumped,central_difference,MaterialSDF+LagrangianSDFContactOracle,structured-top,5000000000.0
sfc_lagrangian_sdf,0.008140000000000001,-0.008589944096301018,0.06041005590369726,-0.0002372983886825496,0.0023796865613996223,,,,-0.0002906324406834588,144,7.332142800092697,explicit,lumped,central_difference,MaterialSDF+LagrangianSDFContactOracle,structured-top,5000000000.0
sfc_lagrangian_sdf,0.008150000000000001,-0.008594763959957348,0.060405236040040916,-0.00024180861189284118,0.0023878067130492613,,,,-0.0002880562510479722,144,7.332142800092697,explicit,lumped,central_difference,MaterialSDF+LagrangianSDFContactOracle,structured-top,5000000000.0
sfc_lagrangian_sdf,0.00816,-0.008599571719960699,0.06040042828003756,-0.00024635946307504107,0.0023959617656092993,,,,-0.00028551766668717416,144,7.332142800092697,explicit,lumped,central_difference,MaterialSDF+LagrangianSDFContactOracle,structured-top,5000000000.0
sfc_lagrangian_sdf,0.00817,-0.00860436749806162,0.06039563250193665,-0.000250950656678151,0.0024041804600892732,,,,-0.00028302622857045187,144,7.332142800092697,explicit,lumped,central_difference,MaterialSDF+LagrangianSDFContactOracle,structured-top,5000000000.0
sfc_lagrangian_sdf,0.008180000000000002,-0.008609151359956888,0.06039084864004138,-0.0002555814999732943,0.0024124586262534147,,,,-0.0002806147663521053,144,7.332142800092697,explicit,lumped,central_difference,MaterialSDF+LagrangianSDFContactOracle,structured-top,5000000000.0
sfc_lagrangian_sdf,0.008190000000000001,-0.008613923314685424,0.060386076685312845,-0.0002602508134637728,0.002420765442389698,,,,-0.0002783333936011113,144,7.332142800092697,explicit,lumped,central_difference,MaterialSDF+LagrangianSDFContactOracle,structured-top,5000000000.0
sfc_lagrangian_sdf,0.0082,-0.0086186833038161,0.06038131669618217,-0.0002649571613889867,0.002429070622174344,,,,-0.00027622642688958235,144,7.332142800092697,explicit,lumped,central_difference,MaterialSDF+LagrangianSDFContactOracle,structured-top,5000000000.0
sfc_lagrangian_sdf,0.00821,-0.008623431193567944,0.060376568806430324,-0.0002696994593143606,0.002437369018314093,,,,-0.0002743128587757984,144,7.332142800092697,explicit,lumped,central_difference,MaterialSDF+LagrangianSDFContactOracle,structured-top,5000000000.0
sfc_lagrangian_sdf,0.00822,-0.008628166781646946,0.06037183321835131,-0.00027447769670734185,0.002445681754041762,,,,-0.00027258818459379526,144,7.332142800092697,explicit,lumped,central_difference,MaterialSDF+LagrangianSDFContactOracle,structured-top,5000000000.0
sfc_lagrangian_sdf,0.008230000000000001,-0.008632889817521099,0.060367110182477174,-0.0002792933277662137,0.0024540347313303785,,,,-0.00027104572808376865,144,7.332142800092697,explicit,lumped,central_difference,MaterialSDF+LagrangianSDFContactOracle,structured-top,5000000000.0
sfc_lagrangian_sdf,0.00824,-0.00863760002251981,0.060362399977478456,-0.00028414903560232754,0.0024624359466088454,,,,-0.0002696974853054877,144,7.332142800092697,explicit,lumped,central_difference,MaterialSDF+LagrangianSDFContactOracle,structured-top,5000000000.0
sfc_lagrangian_sdf,0.00825,-0.008642297096483804,0.06035770290351446,-0.00028904797048819833,0.0024708731963535703,,,,-0.00026857506004666036,144,7.332142800092697,explicit,lumped,central_difference,MaterialSDF+LagrangianSDFContactOracle,structured-top,5000000000.0
sfc_lagrangian_sdf,0.00826,-0.008646980710544133,0.060353019289454135,-0.00029399289463960244,0.002479333536895103,,,,-0.00026771003861404474,144,7.332142800092697,explicit,lumped,central_difference,MaterialSDF+LagrangianSDFContactOracle,structured-top,5000000000.0
sfc_lagrangian_sdf,0.008270000000000001,-0.008651650498733798,0.06034834950126447,-0.00029898568238662804,0.00248782462834435,,,,-0.0002671124281211606,144,7.332142800092697,explicit,lumped,central_difference,MaterialSDF+LagrangianSDFContactOracle,structured-top,5000000000.0
sfc_lagrangian_sdf,0.008280000000000001,-0.008656306061979275,0.060343693938019,-0.0003040273454158325,0.0024963760380712426,,,,-0.00026677225556329413,144,7.332142800092697,explicit,lumped,central_difference,MaterialSDF+LagrangianSDFContactOracle,structured-top,5000000000.0
sfc_lagrangian_sdf,0.00829,-0.008660946985834002,0.06033905301416427,-0.0003091184286286165,0.00250501756561783,,,,-0.0002666733708391873,144,7.332142800092697,explicit,lumped,central_difference,MaterialSDF+LagrangianSDFContactOracle,structured-top,5000000000.0
sfc_lagrangian_sdf,0.0083,-0.008665572859888105,0.06033442714011016,-0.0003142594911979948,0.002513753607189268,,,,-0.00026681039364918484,144,7.332142800092697,explicit,lumped,central_difference,MaterialSDF+LagrangianSDFContactOracle,structured-top,5000000000.0
sfc_lagrangian_sdf,0.008310000000000001,-0.00867018328508223,0.06032981671491603,-0.00031945147398080735,0.002522556816181671,,,,-0.0002672008640201793,144,7.332142800092697,explicit,lumped,central_difference,MaterialSDF+LagrangianSDFContactOracle,structured-top,5000000000.0
sfc_lagrangian_sdf,0.008320000000000001,-0.00867477786687423,0.06032522213312403,-0.00032469589546568577,0.002531387037329813,,,,-0.0002678544827030682,144,7.332142800092697,explicit,lumped,central_difference,MaterialSDF+LagrangianSDFContactOracle,structured-top,5000000000.0
sfc_lagrangian_sdf,0.00833,-0.008679356206225525,0.060320643793772735,-0.0003299948639140689,0.002540218994173392,,,,-0.0002688521856752273,144,7.332142800092697,explicit,lumped,central_difference,MaterialSDF+LagrangianSDFContactOracle,structured-top,5000000000.0
sfc_lagrangian_sdf,0.00834,-0.008683917903386717,0.06031608209661155,-0.00033535085889425573,0.002549055193306724,,,,-0.00027051753704079244,144,7.332142800092697,explicit,lumped,central_difference,MaterialSDF+LagrangianSDFContactOracle,structured-top,5000000000.0
sfc_lagrangian_sdf,0.008350000000000002,-0.008688462578560494,0.060311537421437765,-0.0003407662536360337,0.002557914779772589,,,,-0.00027238541381542403,144,7.332142800092697,explicit,lumped,central_difference,MaterialSDF+LagrangianSDFContactOracle,structured-top,5000000000.0
sfc_lagrangian_sdf,0.008360000000000001,-0.008692989898744593,0.06030701010125367,-0.0003462426902192111,0.002566810788046196,,,,-0.00027441878825100425,144,7.332142800092697,explicit,lumped,central_difference,MaterialSDF+LagrangianSDFContactOracle,structured-top,5000000000.0
sfc_lagrangian_sdf,0.00837,-0.008697499594819308,0.060302500405178955,-0.0003517805848331886,0.00257573745515683,,,,-0.00027661443732724647,144,7.332142800092697,explicit,lumped,central_difference,MaterialSDF+LagrangianSDFContactOracle,structured-top,5000000000.0
sfc_lagrangian_sdf,0.00838,-0.008701991461641552,0.060298008538356714,-0.0003573790544979908,0.002584678450358624,,,,-0.00027895068732042364,144,7.332142800092697,explicit,lumped,central_difference,MaterialSDF+LagrangianSDFContactOracle,structured-top,5000000000.0
sfc_lagrangian_sdf,0.00839,-0.008706465348301615,0.06029353465169665,-0.00036303635502698027,0.0025936269707410265,,,,-0.0002814072964157159,144,7.332142800092697,explicit,lumped,central_difference,MaterialSDF+LagrangianSDFContactOracle,structured-top,5000000000.0
sfc_lagrangian_sdf,0.008400000000000001,-0.008710921152934679,0.0602890788470636,-0.00036875063481430306,0.0026025980282196087,,,,-0.00028394611804719304,144,7.332142800092697,explicit,lumped,central_difference,MaterialSDF+LagrangianSDFContactOracle,structured-top,5000000000.0
sfc_lagrangian_sdf,0.00841,-0.008715358830780473,0.060284641169217786,-0.0003745206569038528,0.002611620745679907,,,,-0.0002865150565599285,144,7.332142800092697,explicit,lumped,central_difference,MaterialSDF+LagrangianSDFContactOracle,structured-top,5000000000.0
sfc_lagrangian_sdf,0.00842,-0.00871977841142119,0.06028022158857708,-0.0003803462246001425,0.00262071628467284,,,,-0.0002890675665123403,144,7.332142800092697,explicit,lumped,central_difference,MaterialSDF+LagrangianSDFContactOracle,structured-top,5000000000.0
sfc_lagrangian_sdf,0.00843,-0.00872418001272254,0.06027581998727573,-0.0003862282640271736,0.002629878999731563,,,,-0.00029157809635289264,144,7.332142800092697,explicit,lumped,central_difference,MaterialSDF+LagrangianSDFContactOracle,structured-top,5000000000.0
sfc_lagrangian_sdf,0.008440000000000001,-0.008728563841539161,0.06027143615845911,-0.0003921686769606249,0.0026390749329995226,,,,-0.00029404191492810565,144,7.332142800092697,explicit,lumped,central_difference,MaterialSDF+LagrangianSDFContactOracle,structured-top,5000000000.0
sfc_lagrangian_sdf,0.008450000000000001,-0.008732930181374714,0.06026706981862355,-0.00039817007777660747,0.002648257335491062,,,,-0.00029646141268569164,144,7.332142800092697,explicit,lumped,central_difference,MaterialSDF+LagrangianSDFContactOracle,structured-top,5000000000.0
sfc_lagrangian_sdf,0.00846,-0.00873727937572044,0.06026272062427783,-0.00040423543880862363,0.002657386645702558,,,,-0.0002988309621176044,144,7.332142800092697,explicit,lumped,central_difference,MaterialSDF+LagrangianSDFContactOracle,structured-top,5000000000.0
sfc_lagrangian_sdf,0.00847,-0.008741611816286986,0.06025838818371128,-0.00041036763126141404,0.0026664417558244446,,,,-0.00030113102292236924,144,7.332142800092697,explicit,lumped,central_difference,MaterialSDF+LagrangianSDFContactOracle,structured-top,5000000000.0
sfc_lagrangian_sdf,0.008480000000000001,-0.008745927939088105,0.060254072060910165,-0.0004165689200938409,0.0026754188345222397,,,,-0.0003033325236367309,144,7.332142800092697,explicit,lumped,central_difference,MaterialSDF+LagrangianSDFContactOracle,structured-top,5000000000.0
sfc_lagrangian_sdf,0.008490000000000001,-0.008750228224932006,0.060249771775066255,-0.0004228405664993382,0.002684323838225075,,,,-0.0003054043307046236,144,7.332142800092697,explicit,lumped,central_difference,MaterialSDF+LagrangianSDFContactOracle,structured-top,5000000000.0
sfc_lagrangian_sdf,0.0085,-0.00875451319959088,0.060245486800407394,-0.0004291826861653254,0.0026931669683887246,,,,-0.0003073166121967529,144,7.332142800092697,explicit,lumped,central_difference,MaterialSDF+LagrangianSDFContactOracle,structured-top,5000000000.0
sfc_lagrangian_sdf,0.00851,-0.00875878343231202,0.06024121656768625,-0.0004355943816686024,0.00270196173109491,,,,-0.00030903946270782366,144,7.332142800092697,explicit,lumped,central_difference,MaterialSDF+LagrangianSDFContactOracle,structured-top,5000000000.0
sfc_lagrangian_sdf,0.008520000000000002,-0.008763039534708781,0.06023696046528949,-0.00044207402151034514,0.0027107247357119014,,,,-0.00031054192069769913,144,7.332142800092697,explicit,lumped,central_difference,MaterialSDF+LagrangianSDFContactOracle,structured-top,5000000000.0
sfc_lagrangian_sdf,0.008530000000000001,-0.00876728216160084,0.06023271783839743,-0.0004486195069484256,0.0027194714608844437,,,,-0.00031179587861101534,144,7.332142800092697,explicit,lumped,central_difference,MaterialSDF+LagrangianSDFContactOracle,structured-top,5000000000.0
sfc_lagrangian_sdf,0.00854,-0.008771512011770333,0.06022848798822793,-0.00045522846897401713,0.002728208307905205,,,,-0.0003127834810180868,144,7.332142800092697,explicit,lumped,central_difference,MaterialSDF+LagrangianSDFContactOracle,structured-top,5000000000.0
sfc_lagrangian_sdf,0.00855,-0.008775729824093293,0.060224270175904975,-0.00046189845761611555,0.0027369268586909124,,,,-0.0003135045412201769,144,7.332142800092697,explicit,lumped,central_difference,MaterialSDF+LagrangianSDFContactOracle,structured-top,5000000000.0
sfc_lagrangian_sdf,0.00856,-0.008779936366464833,0.06022006363353344,-0.00046862719474823815,0.002745606446955989,,,,-0.00031401717283725355,143,7.332142800092697,explicit,lumped,central_difference,MaterialSDF+LagrangianSDFContactOracle,structured-top,5000000000.0
sfc_lagrangian_sdf,0.008570000000000001,-0.008784132420320681,0.06021586757967759,-0.00047541284863843766,0.0027542251099297883,,,,-0.00031428700860705426,140,7.332142800092697,explicit,lumped,central_difference,MaterialSDF+LagrangianSDFContactOracle,structured-top,5000000000.0
sfc_lagrangian_sdf,0.00858,-0.008788318743404426,0.06021168125659384,-0.0004822541766403826,0.002762772069712958,,,,-0.0003143062813275864,138,7.332142800092697,explicit,lumped,central_difference,MaterialSDF+LagrangianSDFContactOracle,structured-top,5000000000.0
sfc_lagrangian_sdf,0.00859,-0.008792496073446145,0.060207503926552115,-0.0004891504078259251,0.002771251408616858,,,,-0.0003140651328843589,130,7.332142800092697,explicit,lumped,central_difference,MaterialSDF+LagrangianSDFContactOracle,structured-top,5000000000.0
sfc_lagrangian_sdf,0.0086,-0.008796665109635548,0.060203334890362725,-0.0004961009088801455,0.0027796757439906964,,,,-0.00031355447960663377,114,7.332142800092697,explicit,lumped,central_difference,MaterialSDF+LagrangianSDFContactOracle,structured-top,5000000000.0
sfc_lagrangian_sdf,0.008610000000000001,-0.008800826467235035,0.06019917353276323,-0.0005031048540268008,0.0027880561979634942,,,,-0.0003130499960063231,110,7.332142800092697,explicit,lumped,central_difference,MaterialSDF+LagrangianSDFContactOracle,structured-top,5000000000.0
sfc_lagrangian_sdf,0.008620000000000001,-0.008804980684593388,0.06019501931540488,-0.0005101611365502495,0.002796393883208126,,,,-0.00031249060491425124,108,7.332142800092697,explicit,lumped,central_difference,MaterialSDF+LagrangianSDFContactOracle,structured-top,5000000000.0
sfc_lagrangian_sdf,0.00863,-0.008809128266770784,0.06019087173322747,-0.0005172685782026114,0.0028046817657176155,,,,-0.0003117005658674201,103,7.332142800092697,explicit,lumped,central_difference,MaterialSDF+LagrangianSDFContactOracle,structured-top,5000000000.0
sfc_lagrangian_sdf,0.00864,-0.008813269669750063,0.0601867303302482,-0.0005244262489501239,0.0028129178397547335,,,,-0.0003106732941660781,96,7.332142800092697,explicit,lumped,central_difference,MaterialSDF+LagrangianSDFContactOracle,structured-top,5000000000.0
sfc_lagrangian_sdf,0.008650000000000001,-0.008817405273184852,0.060182594726813414,-0.0005316336004317296,0.002821114997528542,,,,-0.00030941831573882197,96,7.332142800092697,explicit,lumped,central_difference,MaterialSDF+LagrangianSDFContactOracle,structured-top,5000000000.0
sfc_lagrangian_sdf,0.008660000000000001,-0.008821535412675085,0.06017846458732317,-0.0005388902331876241,0.0028292955950791152,,,,-0.00030795683251462757,96,7.332142800092697,explicit,lumped,central_difference,MaterialSDF+LagrangianSDFContactOracle,structured-top,5000000000.0
sfc_lagrangian_sdf,0.00867,-0.00882566040259937,0.06017433959739889,-0.0005461953692503833,0.00283747519761221,,,,-0.00030627428231037006,96,7.332142800092697,explicit,lumped,central_difference,MaterialSDF+LagrangianSDFContactOracle,structured-top,5000000000.0
sfc_lagrangian_sdf,0.00868,-0.008829780538212064,0.0601702194617862,-0.0005535472969861479,0.0028456492506692354,,,,-0.00030437690991128816,96,7.332142800092697,explicit,lumped,central_difference,MaterialSDF+LagrangianSDFContactOracle,structured-top,5000000000.0
sfc_lagrangian_sdf,0.008690000000000002,-0.008833896091116561,0.06016610390888171,-0.0005609430648665432,0.00285379533276954,,,,-0.0003022975241621364,96,7.332142800092697,explicit,lumped,central_difference,MaterialSDF+LagrangianSDFContactOracle,structured-top,5000000000.0
sfc_lagrangian_sdf,0.008700000000000001,-0.008838007298229672,0.0601619927017686,-0.0005683785536797435,0.00286189173291641,,,,-0.00030007512635430805,96,7.332142800092697,explicit,lumped,central_difference,MaterialSDF+LagrangianSDFContactOracle,structured-top,5000000000.0
sfc_lagrangian_sdf,0.00871,-0.00884211435006954,0.060157885649928716,-0.0005758488890053938,0.0028699387577418452,,,,-0.0002977378520335203,96,7.332142800092697,explicit,lumped,central_difference,MaterialSDF+LagrangianSDFContactOracle,structured-top,5000000000.0
sfc_lagrangian_sdf,0.00872,-0.008846217385162294,0.06015378261483598,-0.0005833490749019454,0.0028779654832198688,,,,-0.0002952952012521041,96,7.332142800092697,explicit,lumped,central_difference,MaterialSDF+LagrangianSDFContactOracle,structured-top,5000000000.0
sfc_lagrangian_sdf,0.00873,-0.008850316492610297,0.06014968350738798,-0.0005908747269239131,0.0028860154995480275,,,,-0.000292746217727385,96,7.332142800092697,explicit,lumped,central_difference,MaterialSDF+LagrangianSDFContactOracle,structured-top,5000000000.0
sfc_lagrangian_sdf,0.008740000000000001,-0.008854411718438107,0.06014558828156016,-0.0005984227764944897,0.0028941217371695345,,,,-0.00029009671448436837,96,7.332142800092697,explicit,lumped,central_difference,MaterialSDF+LagrangianSDFContactOracle,structured-top,5000000000.0
sfc_lagrangian_sdf,0.00875,-0.008858503068728063,0.06014149693127019,-0.0006059919734412699,0.002902288730945102,,,,-0.0002873714188125954,96,7.332142800092697,explicit,lumped,central_difference,MaterialSDF+LagrangianSDFContactOracle,structured-top,5000000000.0
sfc_lagrangian_sdf,0.00876,-0.008862590505826905,0.060137409494171366,-0.0006135829965248579,0.0029104939648216875,,,,-0.0002846121228877853,96,7.332142800092697,explicit,lumped,central_difference,MaterialSDF+LagrangianSDFContactOracle,structured-top,5000000000.0
sfc_lagrangian_sdf,0.00877,-0.008866673939900704,0.06013332606009755,-0.0006211980895822704,0.0029187046805706795,,,,-0.0002818652131773409,96,7.332142800092697,explicit,lumped,central_difference,MaterialSDF+LagrangianSDFContactOracle,structured-top,5000000000.0
sfc_lagrangian_sdf,0.008780000000000001,-0.008870753221505096,0.06012924677849316,-0.0006288403667884781,0.002926896151385917,,,,-0.0002791698680518051,96,7.332142800092697,explicit,lumped,central_difference,MaterialSDF+LagrangianSDFContactOracle,structured-top,5000000000.0
sfc_lagrangian_sdf,0.008790000000000001,-0.008874828139037817,0.06012517186096044,-0.0006365131239497957,0.002935059913523636,,,,-0.00027655519443221224,96,7.332142800092697,explicit,lumped,central_difference,MaterialSDF+LagrangianSDFContactOracle,structured-top,5000000000.0
sfc_lagrangian_sdf,0.0088,-0.008878898420294398,0.06012110157970388,-0.0006442194779169899,0.0029432015405165594,,,,-0.00027404481480805814,96,7.332142800092697,explicit,lumped,central_difference,MaterialSDF+LagrangianSDFContactOracle,structured-top,5000000000.0
sfc_lagrangian_sdf,0.00881,-0.008882963734562717,0.06011703626543555,-0.0006519624093911118,0.002951335715224439,,,,-0.0002716610977154979,96,7.332142800092697,explicit,lumped,central_difference,MaterialSDF+LagrangianSDFContactOracle,structured-top,5000000000.0
sfc_lagrangian_sdf,0.008820000000000001,-0.008887023693140839,0.06011297630685741,-0.0006597449881257572,0.002959484483429455,,,,-0.0002694241050040434,96,7.332142800092697,explicit,lumped,central_difference,MaterialSDF+LagrangianSDFContactOracle,structured-top,5000000000.0
sfc_lagrangian_sdf,0.008830000000000001,-0.008891077849711727,0.060108922150286535,-0.0006675704574631707,0.0029676765550211348,,,,-0.00026734823106997505,96,7.332142800092697,explicit,lumped,central_difference,MaterialSDF+LagrangianSDFContactOracle,structured-top,5000000000.0
sfc_lagrangian_sdf,0.00884,-0.008895125703462587,0.06010487429653568,-0.0006754420302049422,0.002975941455343213,,,,-0.000265443167662398,96,7.332142800092697,explicit,lumped,central_difference,MaterialSDF+LagrangianSDFContactOracle,structured-top,5000000000.0
sfc_lagrangian_sdf,0.00885,-0.008899166705436331,0.06010083329456194,-0.0006833625381593578,0.002984297459865194,,,,-0.00026372092688663244,96,7.332142800092697,explicit,lumped,central_difference,MaterialSDF+LagrangianSDFContactOracle,structured-top,5000000000.0
sfc_lagrangian_sdf,0.008860000000000002,-0.008903200264940705,0.060096799735057556,-0.0006913342225494598,0.0029927411585270337,,,,-0.00026220255517196353,96,7.332142800092697,explicit,lumped,central_difference,MaterialSDF+LagrangianSDFContactOracle,structured-top,5000000000.0
sfc_lagrangian_sdf,0.008870000000000001,-0.00890722575216711,0.060092774247831146,-0.0006993588341456401,0.003001248738248088,,,,-0.0002610898739721036,96,7.332142800092697,explicit,lumped,central_difference,MaterialSDF+LagrangianSDFContactOracle,structured-top,5000000000.0
sfc_lagrangian_sdf,0.00888,-0.008911242496804184,0.06008875750319409,-0.0007074379590941385,0.0030097904863843152,,,,-0.0002606546201884765,96,7.332142800092697,explicit,lumped,central_difference,MaterialSDF+LagrangianSDFContactOracle,structured-top,5000000000.0
sfc_lagrangian_sdf,0.00889,-0.008915249787040794,0.06008475021295746,-0.0007155733375122702,0.003018347968232975,,,,-0.00026048865386016904,96,7.332142800092697,explicit,lumped,central_difference,MaterialSDF+LagrangianSDFContactOracle,structured-top,5000000000.0
sfc_lagrangian_sdf,0.0089,-0.00891924687408922,0.06008075312590905,-0.0007237670097266951,0.0030269199331246954,,,,-0.0002605821858293596,96,7.332142800092697,explicit,lumped,central_difference,MaterialSDF+LagrangianSDFContactOracle,structured-top,5000000000.0
sfc_lagrangian_sdf,0.008910000000000001,-0.008923232982855184,0.06007676701714309,-0.0007320213004647173,0.0030355127650412246,,,,-0.00026091649714627676,96,7.332142800092697,explicit,lumped,central_difference,MaterialSDF+LagrangianSDFContactOracle,structured-top,5000000000.0
sfc_lagrangian_sdf,0.00892,-0.008927207323552537,0.060072792676445726,-0.000740338738981702,0.003044125717664555,,,,-0.00026148041926951914,96,7.332142800092697,explicit,lumped,central_difference,MaterialSDF+LagrangianSDFContactOracle,structured-top,5000000000.0
sfc_lagrangian_sdf,0.00893,-0.008931169097618843,0.06006883090237942,-0.0007487219466458685,0.003052746345032615,,,,-0.0002622773541343356,96,7.332142800092697,explicit,lumped,central_difference,MaterialSDF+LagrangianSDFContactOracle,structured-top,5000000000.0
sfc_lagrangian_sdf,0.00894,-0.008935117496148556,0.060064882503849705,-0.000757173427623418,0.003061361752369397,,,,-0.0002633154727547972,96,7.332142800092697,explicit,lumped,central_difference,MaterialSDF+LagrangianSDFContactOracle,structured-top,5000000000.0
sfc_lagrangian_sdf,0.008950000000000001,-0.008939051696125406,0.06006094830387286,-0.0007656952333353514,0.003069975281881623,,,,-0.0002645895826262599,96,7.332142800092697,explicit,lumped,central_difference,MaterialSDF+LagrangianSDFContactOracle,structured-top,5000000000.0
sfc_lagrangian_sdf,0.008960000000000001,-0.008942970862460509,0.060057029137537764,-0.0007742886351846113,0.0030786113921966703,,,,-0.0002660715927975226,96,7.332142800092697,explicit,lumped,central_difference,MaterialSDF+LagrangianSDFContactOracle,structured-top,5000000000.0
sfc_lagrangian_sdf,0.00897,-0.008946874159392578,0.06005312584060569,-0.0007829540524692196,0.003087301071521795,,,,-0.0002677191729339139,96,7.332142800092697,explicit,lumped,central_difference,MaterialSDF+LagrangianSDFContactOracle,structured-top,5000000000.0
sfc_lagrangian_sdf,0.00898,-0.008950760766930518,0.06004923923306776,-0.0007916913784735575,0.0030960578900173816,,,,-0.00026949557586342516,96,7.332142800092697,explicit,lumped,central_difference,MaterialSDF+LagrangianSDFContactOracle,structured-top,5000000000.0
sfc_lagrangian_sdf,0.008990000000000001,-0.008954629893769016,0.06004537010622925,-0.0008005005730334131,0.003104864321084002,,,,-0.0002713831203999008,96,7.332142800092697,explicit,lumped,central_difference,MaterialSDF+LagrangianSDFContactOracle,structured-top,5000000000.0
sfc_lagrangian_sdf,0.009000000000000001,-0.008958480781350552,0.060041519218647706,-0.0008093821784320743,0.0031136800805655674,,,,-0.00027337838899257465,96,7.332142800092697,explicit,lumped,central_difference,MaterialSDF+LagrangianSDFContactOracle,structured-top,5000000000.0
sfc_lagrangian_sdf,0.00901,-0.0089623127015591,0.060037687298439175,-0.0008183374617335604,0.0031224658385659047,,,,-0.00027547370810751407,96,7.332142800092697,explicit,lumped,central_difference,MaterialSDF+LagrangianSDFContactOracle,structured-top,5000000000.0
sfc_lagrangian_sdf,0.00902,-0.00896612495588533,0.06003387504411293,-0.0008273681484610849,0.0031312033524434897,,,,-0.00027764167390926484,96,7.332142800092697,explicit,lumped,central_difference,MaterialSDF+LagrangianSDFContactOracle,structured-top,5000000000.0
sfc_lagrangian_sdf,0.009030000000000002,-0.008969916882141797,0.06003008311785647,-0.0008364759552555039,0.0031398976591529835,,,,-0.0002798362454798716,96,7.332142800092697,explicit,lumped,central_difference,MaterialSDF+LagrangianSDFContactOracle,structured-top,5000000000.0
sfc_lagrangian_sdf,0.009040000000000001,-0.008973687867826322,0.060026312132171945,-0.0008456621642521947,0.003148563531640051,,,,-0.0002820086124221863,96,7.332142800092697,explicit,lumped,central_difference,MaterialSDF+LagrangianSDFContactOracle,structured-top,5000000000.0
sfc_lagrangian_sdf,0.00905,-0.008977437363531899,0.06002256263646637,-0.0008549273448769367,0.003157211280733278,,,,-0.0002841230765248639,96,7.332142800092697,explicit,lumped,central_difference,MaterialSDF+LagrangianSDFContactOracle,structured-top,5000000000.0
sfc_lagrangian_sdf,0.00906,-0.008981164890349393,0.06001883510964888,-0.0008642712101195757,0.003165844704400253,,,,-0.0002861593468506226,96,7.332142800092697,explicit,lumped,central_difference,MaterialSDF+LagrangianSDFContactOracle,structured-top,5000000000.0
sfc_lagrangian_sdf,0.00907,-0.00898487004095772,0.06001512995904055,-0.0008736926104361143,0.003174469858491575,,,,-0.00028810117934492376,96,7.332142800092697,explicit,lumped,central_difference,MaterialSDF+LagrangianSDFContactOracle,structured-top,5000000000.0
sfc_lagrangian_sdf,0.009080000000000001,-0.008988552479276078,0.06001144752072219,-0.0008831897344782435,0.003183101711551975,,,,-0.00028992401668178095,96,7.332142800092697,explicit,lumped,central_difference,MaterialSDF+LagrangianSDFContactOracle,structured-top,5000000000.0
sfc_lagrangian_sdf,0.00909,-0.008992211943327668,0.060007788056670605,-0.0008927605354348197,0.0031917579679264334,,,,-0.0002915943561965382,96,7.332142800092697,explicit,lumped,central_difference,MaterialSDF+LagrangianSDFContactOracle,structured-top,5000000000.0
sfc_lagrangian_sdf,0.0091,-0.008995848250951895,0.06000415174904637,-0.0009024032129856048,0.0032004429057294745,,,,-0.0002930919059606677,96,7.332142800092697,explicit,lumped,central_difference,MaterialSDF+LagrangianSDFContactOracle,structured-top,5000000000.0
sfc_lagrangian_sdf,0.00911,-0.008999461303435406,0.060000538696562855,-0.0009121164394747844,0.003209135451336607,,,,-0.0002943963599211734,96,7.332142800092697,explicit,lumped,central_difference,MaterialSDF+LagrangianSDFContactOracle,structured-top,5000000000.0
sfc_lagrangian_sdf,0.009120000000000001,-0.009003051082643697,0.05999694891735456,-0.0009218991264349799,0.003217793632379226,,,,-0.0002955026477995036,96,7.332142800092697,explicit,lumped,central_difference,MaterialSDF+LagrangianSDFContactOracle,structured-top,5000000000.0
sfc_lagrangian_sdf,0.009130000000000001,-0.00900661764238602,0.05999338235761225,-0.0009317498566518978,0.0032263738146352658,,,,-0.00029641775190450626,96,7.332142800092697,explicit,lumped,central_difference,MaterialSDF+LagrangianSDFContactOracle,structured-top,5000000000.0
sfc_lagrangian_sdf,0.00914,-0.009010161099565213,0.05998983890043306,-0.0009416663853877413,0.003234850622363664,,,,-0.0002971397166895795,96,7.332142800092697,explicit,lumped,central_difference,MaterialSDF+LagrangianSDFContactOracle,structured-top,5000000000.0
sfc_lagrangian_sdf,0.00915,-0.009013681630529749,0.05998631836946852,-0.0009516455814231546,0.0032432236195477425,,,,-0.000297652799945082,96,7.332142800092697,explicit,lumped,central_difference,MaterialSDF+LagrangianSDFContactOracle,structured-top,5000000000.0
sfc_lagrangian_sdf,0.009160000000000001,-0.009017179473122352,0.0599828205268759,-0.0009616838533523804,0.003251508919106948,,,,-0.00029793462514057746,96,7.332142800092697,explicit,lumped,central_difference,MaterialSDF+LagrangianSDFContactOracle,structured-top,5000000000.0
sfc_lagrangian_sdf,0.009170000000000001,-0.009020654929893963,0.0599793450701043,-0.0009717777787721507,0.003259726103746192,,,,-0.0002979728776379179,96,7.332142800092697,explicit,lumped,central_difference,MaterialSDF+LagrangianSDFContactOracle,structured-top,5000000000.0
sfc_lagrangian_sdf,0.00918,-0.009024108367438593,0.059975891632559675,-0.000981924596316664,0.003267892048708619,,,,-0.00029775192766096667,96,7.332142800092697,explicit,lumped,central_difference,MaterialSDF+LagrangianSDFContactOracle,structured-top,5000000000.0
sfc_lagrangian_sdf,0.00919,-0.009027540210947382,0.059972459789050886,-0.0009921224230344892,0.0032760235028259565,,,,-0.0002973550342256164,96,7.332142800092697,explicit,lumped,central_difference,MaterialSDF+LagrangianSDFContactOracle,structured-top,5000000000.0
sfc_lagrangian_sdf,0.009200000000000002,-0.009030950937567438,0.059969049062430835,-0.0010023702672392423,0.0032841402152461586,,,,-0.00029706241107953674,96,7.332142800092697,explicit,lumped,central_difference,MaterialSDF+LagrangianSDFContactOracle,structured-top,5000000000.0
sfc_lagrangian_sdf,0.009210000000000001,-0.009034341072528767,0.059965658927469495,-0.001012667913146945,0.0032922602688331857,,,,-0.00029647611569455094,96,7.332142800092697,explicit,lumped,central_difference,MaterialSDF+LagrangianSDFContactOracle,structured-top,5000000000.0
sfc_lagrangian_sdf,0.00922,-0.009037711188020494,0.05996228881197777,-0.0010230156244038502,0.0033003888865865013,,,,-0.0002955732671204199,96,7.332142800092697,explicit,lumped,central_difference,MaterialSDF+LagrangianSDFContactOracle,structured-top,5000000000.0
sfc_lagrangian_sdf,0.00923,-0.009041061900581208,0.059958938099417054,-0.0010334135929284615,0.0033085110785152656,,,,-0.00029436568685230674,96,7.332142800092697,explicit,lumped,central_difference,MaterialSDF+LagrangianSDFContactOracle,structured-top,5000000000.0
sfc_lagrangian_sdf,0.00924,-0.009044393862715102,0.05995560613728317,-0.0010438612624951488,0.0033165972426703006,,,,-0.000292883701623728,96,7.332142800092697,explicit,lumped,central_difference,MaterialSDF+LagrangianSDFContactOracle,structured-top,5000000000.0
sfc_lagrangian_sdf,0.009250000000000001,-0.009047707748883044,0.059952292251115216,-0.0010543569012640966,0.003324619720240378,,,,-0.0002911611355969466,96,7.332142800092697,explicit,lumped,central_difference,MaterialSDF+LagrangianSDFContactOracle,structured-top,5000000000.0
sfc_lagrangian_sdf,0.009260000000000001,-0.009051004240830995,0.05994899575916727,-0.0010648977806137368,0.0033325678680015875,,,,-0.0002892202088313023,96,7.332142800092697,explicit,lumped,central_difference,MaterialSDF+LagrangianSDFContactOracle,structured-top,5000000000.0
sfc_lagrangian_sdf,0.00927,-0.009054284017791292,0.05994571598220697,-0.0010754809569071637,0.003340449790973939,,,,-0.0002870690607806652,96,7.332142800092697,explicit,lumped,central_difference,MaterialSDF+LagrangianSDFContactOracle,structured-top,5000000000.0
sfc_lagrangian_sdf,0.00928,-0.009057547752743464,0.05994245224725481,-0.0010861042197403993,0.0033482804518727436,,,,-0.00028471316289573956,96,7.332142800092697,explicit,lumped,central_difference,MaterialSDF+LagrangianSDFContactOracle,structured-top,5000000000.0
sfc_lagrangian_sdf,0.009290000000000001,-0.00906079611059286,0.05993920388940541,-0.0010967666474375366,0.0033560678555257964,,,,-0.00028216941854106316,96,7.332142800092697,explicit,lumped,central_difference,MaterialSDF+LagrangianSDFContactOracle,structured-top,5000000000.0
sfc_lagrangian_sdf,0.009300000000000001,-0.00906402974268993,0.05993597025730834,-0.0011074685126807521,0.0033638102101074857,,,,-0.0002794697655893476,96,7.332142800092697,explicit,lumped,central_difference,MaterialSDF+LagrangianSDFContactOracle,structured-top,5000000000.0
sfc_lagrangian_sdf,0.00931,-0.009067249275826923,0.059932750724171334,-0.0011182107353448119,0.003371506196913999,,,,-0.0002766512329038289,96,7.332142800092697,explicit,lumped,central_difference,MaterialSDF+LagrangianSDFContactOracle,structured-top,5000000000.0
sfc_lagrangian_sdf,0.00932,-0.009070455299225056,0.059929544700773205,-0.001128994295389368,0.0033791676982335914,,,,-0.00027374210733947644,96,7.332142800092697,explicit,lumped,central_difference,MaterialSDF+LagrangianSDFContactOracle,structured-top,5000000000.0
sfc_lagrangian_sdf,0.009330000000000001,-0.009073648355114743,0.059926351644883524,-0.001139819866986671,0.0033868213896363158,,,,-0.00027075744259356786,96,7.332142800092697,explicit,lumped,central_difference,MaterialSDF+LagrangianSDFContactOracle,structured-top,5000000000.0
sfc_lagrangian_sdf,0.009340000000000001,-0.009076828935467029,0.059923171064531225,-0.0011506876447010634,0.0033944953116261975,,,,-0.000267708489893416,96,7.332142800092697,explicit,lumped,central_difference,MaterialSDF+LagrangianSDFContactOracle,structured-top,5000000000.0
sfc_lagrangian_sdf,0.00935,-0.009079997482122236,0.05992000251787603,-0.0011615972182582796,0.003402200200081784,,,,-0.0002646178257247465,96,7.332142800092697,explicit,lumped,central_difference,MaterialSDF+LagrangianSDFContactOracle,structured-top,5000000000.0
sfc_lagrangian_sdf,0.00936,-0.0090831543848454,0.05991684561515286,-0.0011725474802808727,0.0034099207966967545,,,,-0.000261526585826137,96,7.332142800092697,explicit,lumped,central_difference,MaterialSDF+LagrangianSDFContactOracle,structured-top,5000000000.0
sfc_lagrangian_sdf,0.009370000000000002,-0.009086299974144086,0.05991370002585419,-0.0011835367001023465,0.0034176248369501123,,,,-0.0002584868973251731,96,7.332142800092697,explicit,lumped,central_difference,MaterialSDF+LagrangianSDFContactOracle,structured-top,5000000000.0
sfc_lagrangian_sdf,0.009380000000000001,-0.009089434510908625,0.059910565489089636,-0.0011945628393943287,0.003425283533146712,,,,-0.000255545165795794,96,7.332142800092697,explicit,lumped,central_difference,MaterialSDF+LagrangianSDFContactOracle,structured-top,5000000000.0
sfc_lagrangian_sdf,0.00939,-0.009092558178460235,0.05990744182153804,-0.0012056239627053086,0.0034328888816098618,,,,-0.00025272930355267647,96,7.332142800092697,explicit,lumped,central_difference,MaterialSDF+LagrangianSDFContactOracle,structured-top,5000000000.0
sfc_lagrangian_sdf,0.0094,-0.009095671081416064,0.0599043289185822,-0.0012167184727398426,0.0034404566037614078,,,,-0.0002500492377818272,96,7.332142800092697,explicit,lumped,central_difference,MaterialSDF+LagrangianSDFContactOracle,structured-top,5000000000.0
sfc_lagrangian_sdf,0.00941,-0.009098773251029531,0.059901226748968736,-0.0012278450547439598,0.0034480152020732284,,,,-0.00024750892328124124,96,7.332142800092697,explicit,lumped,central_difference,MaterialSDF+LagrangianSDFContactOracle,structured-top,5000000000.0
sfc_lagrangian_sdf,0.009420000000000001,-0.009101864652407551,0.059898135347590704,-0.001239002516160234,0.0034555913423279356,,,,-0.00024517575857518,96,7.332142800092697,explicit,lumped,central_difference,MaterialSDF+LagrangianSDFContactOracle,structured-top,5000000000.0
sfc_lagrangian_sdf,0.009430000000000001,-0.0091049451886395,0.05989505481135877,-0.001250189839979932,0.0034632020838911114,,,,-0.0002434312298400975,96,7.332142800092697,explicit,lumped,central_difference,MaterialSDF+LagrangianSDFContactOracle,structured-top,5000000000.0
sfc_lagrangian_sdf,0.00944,-0.009108014700341595,0.05989198529965667,-0.0012614065716442296,0.003470856471940293,,,,-0.00024189285872986319,96,7.332142800092697,explicit,lumped,central_difference,MaterialSDF+LagrangianSDFContactOracle,structured-top,5000000000.0
sfc_lagrangian_sdf,0.00945,-0.0091110729632485,0.059888927036749764,-0.0012726533105761775,0.003478560529417076,,,,-0.0002405841418027275,96,7.332142800092697,explicit,lumped,central_difference,MaterialSDF+LagrangianSDFContactOracle,structured-top,5000000000.0
sfc_lagrangian_sdf,0.009460000000000001,-0.009114119687877408,0.059885880312120866,-0.0012839319229261924,0.0034863180541960023,,,,-0.00023952019893124304,96,7.332142800092697,explicit,lumped,central_difference,MaterialSDF+LagrangianSDFContactOracle,structured-top,5000000000.0
sfc_lagrangian_sdf,0.009470000000000001,-0.009117154523158961,0.05988284547683931,-0.0012952452848533549,0.0034941254978508554,,,,-0.00023869161820987193,96,7.332142800092697,explicit,lumped,central_difference,MaterialSDF+LagrangianSDFContactOracle,structured-top,5000000000.0
sfc_lagrangian_sdf,0.00948,-0.009120177062502292,0.05987982293749597,-0.0013065967142357649,0.0035019666042321314,,,,-0.00023810356702202884,96,7.332142800092697,explicit,lumped,central_difference,MaterialSDF+LagrangianSDFContactOracle,structured-top,5000000000.0
sfc_lagrangian_sdf,0.00949,-0.009123186849152552,0.05987681315084571,-0.0013179894250124947,0.0035098144054296204,,,,-0.00023776648846092718,96,7.332142800092697,explicit,lumped,central_difference,MaterialSDF+LagrangianSDFContactOracle,structured-top,5000000000.0
sfc_lagrangian_sdf,0.009500000000000001,-0.009126183379208477,0.05987381662078979,-0.0013294262149658612,0.0035176426540210986,,,,-0.0002376938424853431,96,7.332142800092697,explicit,lumped,central_difference,MaterialSDF+LagrangianSDFContactOracle,structured-top,5000000000.0
sfc_lagrangian_sdf,0.009510000000000001,-0.009129166103792566,0.0598708338962057,-0.0013409093537192658,0.0035254404648870723,,,,-0.0002379065507599963,96,7.332142800092697,explicit,lumped,central_difference,MaterialSDF+LagrangianSDFContactOracle,structured-top,5000000000.0
sfc_lagrangian_sdf,0.00952,-0.009132134433735757,0.059867865566262515,-0.0013524405359691934,0.0035332200562097275,,,,-0.00023837325625873076,96,7.332142800092697,explicit,lumped,central_difference,MaterialSDF+LagrangianSDFContactOracle,structured-top,5000000000.0
sfc_lagrangian_sdf,0.00953,-0.009135087749042647,0.05986491225095562,-0.001364020863222864,0.003541011645240896,,,,-0.0002390706961872526,96,7.332142800092697,explicit,lumped,central_difference,MaterialSDF+LagrangianSDFContactOracle,structured-top,5000000000.0
sfc_lagrangian_sdf,0.009540000000000002,-0.009138025412251402,0.05986197458774687,-0.0013756509327018233,0.0035488486728655197,,,,-0.00023997104238471817,96,7.332142800092697,explicit,lumped,central_difference,MaterialSDF+LagrangianSDFContactOracle,structured-top,5000000000.0
sfc_lagrangian_sdf,0.009550000000000001,-0.009140946782292205,0.059859053217706064,-0.0013873310619731936,0.0035567532495892305,,,,-0.00024104931491138976,96,7.332142800092697,explicit,lumped,central_difference,MaterialSDF+LagrangianSDFContactOracle,structured-top,5000000000.0
sfc_lagrangian_sdf,0.00956,-0.009143851225683603,0.05985614877431467,-0.0013990615080861502,0.0035647305626570116,,,,-0.00024228507793152697,96,7.332142800092697,explicit,lumped,central_difference,MaterialSDF+LagrangianSDFContactOracle,structured-top,5000000000.0
sfc_lagrangian_sdf,0.00957,-0.009146738124528608,0.05985326187546967,-0.001410842474221678,0.0035727731011164017,,,,-0.00024366064034852042,96,7.332142800092697,explicit,lumped,central_difference,MaterialSDF+LagrangianSDFContactOracle,structured-top,5000000000.0
sfc_lagrangian_sdf,0.00958,-0.009149606883281088,0.059850393116717165,-0.0014226738663769343,0.0035808678804695178,,,,-0.0002451527735305324,96,7.332142800092697,explicit,lumped,central_difference,MaterialSDF+LagrangianSDFContactOracle,structured-top,5000000000.0
sfc_lagrangian_sdf,0.009590000000000001,-0.009152456936295773,0.05984754306370249,-0.0014345550302110827,0.0035889991344315664,,,,-0.00024673473709901195,96,7.332142800092697,explicit,lumped,central_difference,MaterialSDF+LagrangianSDFContactOracle,structured-top,5000000000.0
sfc_lagrangian_sdf,0.009600000000000001,-0.009155287755804374,0.05984471224419389,-0.0014464847868870233,0.0035971456139371073,,,,-0.0002483946529169519,96,7.332142800092697,explicit,lumped,central_difference,MaterialSDF+LagrangianSDFContactOracle,structured-top,5000000000.0
sfc_lagrangian_sdf,0.00961,-0.009158098857715234,0.059841901142283035,-0.0014584618786400532,0.0036052790906942254,,,,-0.0002501291224756716,96,7.332142800092697,explicit,lumped,central_difference,MaterialSDF+LagrangianSDFContactOracle,structured-top,5000000000.0
sfc_lagrangian_sdf,0.00962,-0.009160889803197516,0.05983911019680075,-0.0014704856093493677,0.0036133711424777195,,,,-0.0002519351769235611,96,7.332142800092697,explicit,lumped,central_difference,MaterialSDF+LagrangianSDFContactOracle,structured-top,5000000000.0
sfc_lagrangian_sdf,0.009630000000000001,-0.00916366019747739,0.05983633980252088,-0.0014825563202805012,0.003621407374738874,,,,-0.0002538036211501978,96,7.332142800092697,explicit,lumped,central_difference,MaterialSDF+LagrangianSDFContactOracle,structured-top,5000000000.0
sfc_lagrangian_sdf,0.009640000000000001,-0.009166409690665277,0.05983359030933299,-0.0014946754886720963,0.0036293989037274868,,,,-0.0002557051537179157,96,7.332142800092697,explicit,lumped,central_difference,MaterialSDF+LagrangianSDFContactOracle,structured-top,5000000000.0
sfc_lagrangian_sdf,0.00965,-0.009169137985220687,0.05983086201477757,-0.0015068455033595484,0.003637379668522328,,,,-0.000257590689941219,96,7.332142800092697,explicit,lumped,central_difference,MaterialSDF+LagrangianSDFContactOracle,structured-top,5000000000.0
sfc_lagrangian_sdf,0.00966,-0.009171844850181724,0.059828155149816535,-0.001519069300311189,0.0036453878455720993,,,,-0.00025940572993565444,96,7.332142800092697,explicit,lumped,central_difference,MaterialSDF+LagrangianSDFContactOracle,structured-top,5000000000.0
sfc_lagrangian_sdf,0.009670000000000002,-0.009174530136830249,0.059825469863168015,-0.0015313499643099982,0.003653442920147094,,,,-0.0002611091215622374,96,7.332142800092697,explicit,lumped,central_difference,MaterialSDF+LagrangianSDFContactOracle,structured-top,5000000000.0
sfc_lagrangian_sdf,0.009680000000000001,-0.009177193788689903,0.05982280621130836,-0.001543690285947417,0.0036615350202235525,,,,-0.0002626821454360426,96,7.332142800092697,explicit,lumped,central_difference,MaterialSDF+LagrangianSDFContactOracle,structured-top,5000000000.0
sfc_lagrangian_sdf,0.00969,-0.00917983584251691,0.05982016415748136,-0.0015560922843432165,0.0036696344549249924,,,,-0.0002641212437913322,96,7.332142800092697,explicit,lumped,central_difference,MaterialSDF+LagrangianSDFContactOracle,structured-top,5000000000.0
sfc_lagrangian_sdf,0.0097,-0.009182456423343692,0.05981754357665458,-0.0015685568403530682,0.003677713581276285,,,,-0.00026542112655025314,96,7.332142800092697,explicit,lumped,central_difference,MaterialSDF+LagrangianSDFContactOracle,structured-top,5000000000.0
sfc_lagrangian_sdf,0.009710000000000002,-0.009185055740327693,0.05981494425967057,-0.001581083638125726,0.0036857635762463665,,,,-0.0002665628322593562,96,7.332142800092697,explicit,lumped,central_difference,MaterialSDF+LagrangianSDFContactOracle,structured-top,5000000000.0
sfc_lagrangian_sdf,0.009720000000000001,-0.009187634088038887,0.05981236591195938,-0.0015936714631225907,0.003693793778614669,,,,-0.0002675165808593425,96,7.332142800092697,explicit,lumped,central_difference,MaterialSDF+LagrangianSDFContactOracle,structured-top,5000000000.0
sfc_lagrangian_sdf,0.00973,-0.009190191851858574,0.059809808148139694,-0.0016063186656693946,0.0037018164903679664,,,,-0.00026825608767313446,96,7.332142800092697,explicit,lumped,central_difference,MaterialSDF+LagrangianSDFContactOracle,structured-top,5000000000.0
sfc_lagrangian_sdf,0.00974,-0.00919272951167148,0.05980727048832679,-0.0016190235071709246,0.0037098319905338748,,,,-0.00026879255834492537,96,7.332142800092697,explicit,lumped,central_difference,MaterialSDF+LagrangianSDFContactOracle,structured-top,5000000000.0
sfc_lagrangian_sdf,0.00975,-0.009195247638878624,0.059804752361119644,-0.0016317842564694826,0.00371782675790176,,,,-0.00026912162159614157,96,7.332142800092697,explicit,lumped,central_difference,MaterialSDF+LagrangianSDFContactOracle,structured-top,5000000000.0
sfc_lagrangian_sdf,0.009760000000000001,-0.009197746886906211,0.05980225311309206,-0.0016445991372144558,0.003725784814997046,,,,-0.0002692421727864298,96,7.332142800092697,explicit,lumped,central_difference,MaterialSDF+LagrangianSDFContactOracle,structured-top,5000000000.0
sfc_lagrangian_sdf,0.009770000000000001,-0.009200227979998546,0.059799772019999725,-0.001657466302551427,0.003733700159629573,,,,-0.0002691566075645775,96,7.332142800092697,explicit,lumped,central_difference,MaterialSDF+LagrangianSDFContactOracle,structured-top,5000000000.0
sfc_lagrangian_sdf,0.00978,-0.009202691705083227,0.05979730829491503,-0.0016703838756171633,0.0037415782858728507,,,,-0.00026910273158185273,96,7.332142800092697,explicit,lumped,central_difference,MaterialSDF+LagrangianSDFContactOracle,structured-top,5000000000.0
sfc_lagrangian_sdf,0.00979,-0.009205138907277255,0.059794861092721016,-0.0016833499319525956,0.003749426030907548,,,,-0.00026891955971550366,96,7.332142800092697,explicit,lumped,central_difference,MaterialSDF+LagrangianSDFContactOracle,structured-top,5000000000.0
sfc_lagrangian_sdf,0.009800000000000001,-0.009207570485413402,0.059792429514584855,-0.0016963623253736853,0.003757240215417564,,,,-0.0002684934027613769,96,7.332142800092697,explicit,lumped,central_difference,MaterialSDF+LagrangianSDFContactOracle,structured-top,5000000000.0
sfc_lagrangian_sdf,0.009810000000000001,-0.009209987383712833,0.059790012616285436,-0.0017094184576084707,0.0037650061538688317,,,,-0.0002678375712206736,96,7.332142800092697,explicit,lumped,central_difference,MaterialSDF+LagrangianSDFContactOracle,structured-top,5000000000.0
sfc_lagrangian_sdf,0.00982,-0.009212390579305218,0.059787609420693055,-0.0017225152307975518,0.003772707101730486,,,,-0.00026696883238608955,96,7.332142800092697,explicit,lumped,central_difference,MaterialSDF+LagrangianSDFContactOracle,structured-top,5000000000.0
sfc_lagrangian_sdf,0.00983,-0.009214781068935179,0.05978521893106309,-0.001735649313535208,0.003780335218726272,,,,-0.0002658985003992441,96,7.332142800092697,explicit,lumped,central_difference,MaterialSDF+LagrangianSDFContactOracle,structured-top,5000000000.0
sfc_lagrangian_sdf,0.009840000000000002,-0.009217159858329493,0.05978284014166877,-0.001748817579380645,0.0037878937547235563,,,,-0.0002646320058362629,96,7.332142800092697,explicit,lumped,central_difference,MaterialSDF+LagrangianSDFContactOracle,structured-top,5000000000.0
sfc_lagrangian_sdf,0.009850000000000001,-0.009219527954442232,0.059780472045556025,-0.0017620174207639225,0.00379538925142109,,,,-0.0002631767651429256,96,7.332142800092697,explicit,lumped,central_difference,MaterialSDF+LagrangianSDFContactOracle,structured-top,5000000000.0
sfc_lagrangian_sdf,0.00986,-0.00922188635763429,0.05977811364236397,-0.0017752467718765365,0.0038028223126116687,,,,-0.00026154966095595297,96,7.332142800092697,explicit,lumped,central_difference,MaterialSDF+LagrangianSDFContactOracle,structured-top,5000000000.0
sfc_lagrangian_sdf,0.00987,-0.009224236051032167,0.05977576394896611,-0.0017885039580084303,0.0038101864409357264,,,,-0.0002597758744358436,96,7.332142800092697,explicit,lumped,central_difference,MaterialSDF+LagrangianSDFContactOracle,structured-top,5000000000.0
sfc_lagrangian_sdf,0.009880000000000002,-0.009226577987616346,0.05977342201238192,-0.001801787623809173,0.0038174760781931527,,,,-0.0002578795191194288,96,7.332142800092697,explicit,lumped,central_difference,MaterialSDF+LagrangianSDFContactOracle,structured-top,5000000000.0
sfc_lagrangian_sdf,0.009890000000000001,-0.009228913078621372,0.05977108692137689,-0.0018150968357993945,0.0038246958710123546,,,,-0.00025587470647206586,96,7.332142800092697,explicit,lumped,central_difference,MaterialSDF+LagrangianSDFContactOracle,structured-top,5000000000.0
sfc_lagrangian_sdf,0.0099,-0.00923124218650052,0.059768757813497754,-0.0018284311817568918,0.003831862174745467,,,,-0.0002537653171025642,96,7.332142800092697,explicit,lumped,central_difference,MaterialSDF+LagrangianSDFContactOracle,structured-top,5000000000.0
sfc_lagrangian_sdf,0.00991,-0.009233566122307059,0.05976643387769121,-0.001841790611295873,0.003838995465320038,,,,-0.0002515534698273442,96,7.332142800092697,explicit,lumped,central_difference,MaterialSDF+LagrangianSDFContactOracle,structured-top,5000000000.0
sfc_lagrangian_sdf,0.00992,-0.009235885644181267,0.059764114355816994,-0.0018551749851818242,0.0038461107943191567,,,,-0.0002492487709722858,96,7.332142800092697,explicit,lumped,central_difference,MaterialSDF+LagrangianSDFContactOracle,structured-top,5000000000.0
sfc_lagrangian_sdf,0.009930000000000001,-0.009238201453703642,0.059761798546294626,-0.0018685836085523366,0.0038532144971939477,,,,-0.00024688401344292245,96,7.332142800092697,explicit,lumped,central_difference,MaterialSDF+LagrangianSDFContactOracle,structured-top,5000000000.0
sfc_lagrangian_sdf,0.009940000000000001,-0.00924051418992022,0.05975948581007804,-0.0018820150995556932,0.0038603084989101183,,,,-0.00024447512161450803,94,7.332142800092697,explicit,lumped,central_difference,MaterialSDF+LagrangianSDFContactOracle,structured-top,5000000000.0
sfc_lagrangian_sdf,0.00995,-0.009242824419575576,0.0597571755804227,-0.001895467705299356,0.0038673963375051045,,,,-0.00024203801923197284,85,7.332142800092697,explicit,lumped,central_difference,MaterialSDF+LagrangianSDFContactOracle,structured-top,5000000000.0
sfc_lagrangian_sdf,0.00996,-0.00924513260123921,0.05975486739875905,-0.0019089398493350874,0.0038744857315166255,,,,-0.000239587232403383,67,7.332142800092697,explicit,lumped,central_difference,MaterialSDF+LagrangianSDFContactOracle,structured-top,5000000000.0
sfc_lagrangian_sdf,0.009970000000000001,-0.009247438975869954,0.059752561024128306,-0.0019224305748628567,0.0038815893906868648,,,,-0.0002371276194938337,64,7.332142800092697,explicit,lumped,central_difference,MaterialSDF+LagrangianSDFContactOracle,structured-top,5000000000.0
sfc_lagrangian_sdf,0.009980000000000001,-0.009249743683958124,0.05975025631604013,-0.0019359397002661415,0.003888704098137011,,,,-0.00023467835895652942,61,7.332142800092697,explicit,lumped,central_difference,MaterialSDF+LagrangianSDFContactOracle,structured-top,5000000000.0
sfc_lagrangian_sdf,0.00999,-0.00925204679044556,0.05974795320955271,-0.0019494677279380133,0.0038958098177323225,,,,-0.00023255193057237957,58,7.332142800092697,explicit,lumped,central_difference,MaterialSDF+LagrangianSDFContactOracle,structured-top,5000000000.0
sfc_lagrangian_sdf,0.01,-0.009254348278783353,0.05974565172121491,-0.0019630156237197983,0.0039030574241962824,,,,-0.00023062056967331507,51,7.332142800092697,explicit,lumped,central_difference,MaterialSDF+LagrangianSDFContactOracle,structured-top,5000000000.0
sfc_lagrangian_sdf,0.010010000000000002,-0.009256648044835844,0.05974335195516242,-0.0019765845108945315,0.003910563512921299,,,,-0.00022883432576439256,48,7.332142800092697,explicit,lumped,central_difference,MaterialSDF+LagrangianSDFContactOracle,structured-top,5000000000.0
sfc_lagrangian_sdf,0.010020000000000001,-0.009258945896115324,0.059741054103882946,-0.0019901752818496403,0.003918028307037183,,,,-0.0002272091582018984,48,7.332142800092697,explicit,lumped,central_difference,MaterialSDF+LagrangianSDFContactOracle,structured-top,5000000000.0
sfc_lagrangian_sdf,0.01003,-0.009261241582102663,0.05973875841789561,-0.0020037882385464598,0.003925447074217007,,,,-0.00022574105249507405,48,7.332142800092697,explicit,lumped,central_difference,MaterialSDF+LagrangianSDFContactOracle,structured-top,5000000000.0
sfc_lagrangian_sdf,0.01004,-0.009263534800591873,0.05973646519940639,-0.002017423015900772,0.00393281676931335,,,,-0.00022438968262036778,48,7.332142800092697,explicit,lumped,central_difference,MaterialSDF+LagrangianSDFContactOracle,structured-top,5000000000.0
sfc_lagrangian_sdf,0.010050000000000002,-0.009265825203091294,0.05973417479690697,-0.002031078996688993,0.003940137011965094,,,,-0.00022315756700910344,48,7.332142800092697,explicit,lumped,central_difference,MaterialSDF+LagrangianSDFContactOracle,structured-top,5000000000.0
sfc_lagrangian_sdf,0.010060000000000001,-0.009268112397584858,0.0597318876024134,-0.0020447561330895255,0.0039474084368434125,,,,-0.00022207263834879114,48,7.332142800092697,explicit,lumped,central_difference,MaterialSDF+LagrangianSDFContactOracle,structured-top,5000000000.0
sfc_lagrangian_sdf,0.01007,-0.009270395948602262,0.059729604051396,-0.002058455763566678,0.003954630126806209,,,,-0.00022119372636074923,48,7.332142800092697,explicit,lumped,central_difference,MaterialSDF+LagrangianSDFContactOracle,structured-top,5000000000.0
sfc_lagrangian_sdf,0.01008,-0.00927267537632837,0.059727324623669885,-0.0020721809516330253,0.003961798770435923,,,,-0.00022050896805818516,48,7.332142800092697,explicit,lumped,central_difference,MaterialSDF+LagrangianSDFContactOracle,structured-top,5000000000.0
sfc_lagrangian_sdf,0.01009,-0.009274950156769156,0.059725049843229114,-0.0020859361544259356,0.003968910849360152,,,,-0.00022001544095516073,48,7.332142800092697,explicit,lumped,central_difference,MaterialSDF+LagrangianSDFContactOracle,structured-top,5000000000.0
sfc_lagrangian_sdf,0.010100000000000001,-0.009277219724069854,0.059722780275928415,-0.0020997264288776653,0.003975966592222821,,,,-0.00021970679069864806,48,7.332142800092697,explicit,lumped,central_difference,MaterialSDF+LagrangianSDFContactOracle,structured-top,5000000000.0
sfc_lagrangian_sdf,0.010110000000000001,-0.009279483474995251,0.059720516525003015,-0.002113556590902251,0.003982972857770342,,,,-0.00021956656944847406,48,7.332142800092697,explicit,lumped,central_difference,MaterialSDF+LagrangianSDFContactOracle,structured-top,5000000000.0
sfc_lagrangian_sdf,0.01012,-0.009281740775058146,0.059718259224940125,-0.0021274306527757215,0.003989942877644956,,,,-0.00021957304181045834,48,7.332142800092697,explicit,lumped,central_difference,MaterialSDF+LagrangianSDFContactOracle,structured-top,5000000000.0
sfc_lagrangian_sdf,0.01013,-0.009283990965731745,0.05971600903426652,-0.002141351636285973,0.003996893105703073,,,,-0.00021970391939025205,48,7.332142800092697,explicit,lumped,central_difference,MaterialSDF+LagrangianSDFContactOracle,structured-top,5000000000.0
sfc_lagrangian_sdf,0.010140000000000001,-0.009286233372106842,0.05971376662789142,-0.0021553217119550366,0.004003839185885794,,,,-0.00021994120947199593,48,7.332142800092697,explicit,lumped,central_difference,MaterialSDF+LagrangianSDFContactOracle,structured-top,5000000000.0
sfc_lagrangian_sdf,0.010150000000000001,-0.009288467310073269,0.059711532689925004,-0.0021693425931262013,0.004010792933634366,,,,-0.00022027533695701606,48,7.332142800092697,explicit,lumped,central_difference,MaterialSDF+LagrangianSDFContactOracle,structured-top,5000000000.0
sfc_lagrangian_sdf,0.01016,-0.009290692091994197,0.059709307908004064,-0.0021834160931905383,0.004017760834903443,,,,-0.00022071322451061137,48,7.332142800092697,explicit,lumped,central_difference,MaterialSDF+LagrangianSDFContactOracle,structured-top,5000000000.0
sfc_lagrangian_sdf,0.01017,-0.009292907030376859,0.059707092969621414,-0.0021975446465281284,0.0040251332747962025,,,,-0.00022126258526589704,48,7.332142800092697,explicit,lumped,central_difference,MaterialSDF+LagrangianSDFContactOracle,structured-top,5000000000.0
sfc_lagrangian_sdf,0.010180000000000002,-0.009295111440160203,0.05970488855983806,-0.0022117314959411985,0.004032549686951541,,,,-0.00022191262179839318,48,7.332142800092697,explicit,lumped,central_difference,MaterialSDF+LagrangianSDFContactOracle,structured-top,5000000000.0
sfc_lagrangian_sdf,0.010190000000000001,-0.009297304641215578,0.05970269535878269,-0.002225980344869333,0.004039948872593516,,,,-0.00022264991133373087,48,7.332142800092697,explicit,lumped,central_difference,MaterialSDF+LagrangianSDFContactOracle,structured-top,5000000000.0
sfc_lagrangian_sdf,0.0102,-0.009299485962673033,0.05970051403732522,-0.002240294591112422,0.004047329684928544,,,,-0.00022344661907879604,48,7.332142800092697,explicit,lumped,central_difference,MaterialSDF+LagrangianSDFContactOracle,structured-top,5000000000.0
sfc_lagrangian_sdf,0.01021,-0.009301654749580663,0.05969834525041761,-0.0022546765790092353,0.004054704460118995,,,,-0.00022426735288062001,48,7.332142800092697,explicit,lumped,central_difference,MaterialSDF+LagrangianSDFContactOracle,structured-top,5000000000.0
sfc_lagrangian_sdf,0.010220000000000002,-0.009303810370900141,0.05969618962909812,-0.0022691273405878445,0.004062089827766979,,,,-0.00022507983842757367,48,7.332142800092697,explicit,lumped,central_difference,MaterialSDF+LagrangianSDFContactOracle,structured-top,5000000000.0
sfc_lagrangian_sdf,0.010230000000000001,-0.009305952227014967,0.0596940477729833,-0.002283646975906076,0.004069497340591557,,,,-0.00022586235144697858,48,7.332142800092697,explicit,lumped,central_difference,MaterialSDF+LagrangianSDFContactOracle,structured-top,5000000000.0
sfc_lagrangian_sdf,0.01024,-0.00930807975535626,0.05969192024464201,-0.0022982353914629073,0.0040769290945248905,,,,-0.00022660335225328703,48,7.332142800092697,explicit,lumped,central_difference,MaterialSDF+LagrangianSDFContactOracle,structured-top,5000000000.0
sfc_lagrangian_sdf,0.01025,-0.009310192434053819,0.059689807565944455,-0.0023128929117971525,0.004084379517391555,,,,-0.00022729466058759082,48,7.332142800092697,explicit,lumped,central_difference,MaterialSDF+LagrangianSDFContactOracle,structured-top,5000000000.0
sfc_lagrangian_sdf,0.01026,-0.009312289784684303,0.05968771021531397,-0.0023276204328301284,0.004091840500594024,,,,-0.0002279240618960777,48,7.332142800092697,explicit,lumped,central_difference,MaterialSDF+LagrangianSDFContactOracle,structured-top,5000000000.0
sfc_lagrangian_sdf,0.010270000000000001,-0.009314371375391078,0.0596856286246072,-0.0023424191236851083,0.004099305793194735,,,,-0.00022847288116993462,48,7.332142800092697,explicit,lumped,central_difference,MaterialSDF+LagrangianSDFContactOracle,structured-top,5000000000.0
sfc_lagrangian_sdf,0.010280000000000001,-0.00931643682488558,0.05968356317511268,-0.0023572899252256355,0.004106772349789509,,,,-0.00022891940293736187,48,7.332142800092697,explicit,lumped,central_difference,MaterialSDF+LagrangianSDFContactOracle,structured-top,5000000000.0
sfc_lagrangian_sdf,0.01029,-0.009318485806843737,0.059681514193154525,-0.002372233109776159,0.004114239083943726,,,,-0.0002292442353871883,48,7.332142800092697,explicit,lumped,central_difference,MaterialSDF+LagrangianSDFContactOracle,structured-top,5000000000.0
sfc_lagrangian_sdf,0.0103,-0.009320518053785382,0.059679481946212885,-0.0023872480483045455,0.004121704897566722,,,,-0.00022943284678388914,48,7.332142800092697,explicit,lumped,central_difference,MaterialSDF+LagrangianSDFContactOracle,structured-top,5000000000.0
sfc_lagrangian_sdf,0.010310000000000001,-0.009322533359874556,0.0596774666401237,-0.002402333229662294,0.004129167298880255,,,,-0.0002294895286163474,48,7.332142800092697,explicit,lumped,central_difference,MaterialSDF+LagrangianSDFContactOracle,structured-top,5000000000.0
sfc_lagrangian_sdf,0.010320000000000001,-0.009324531582726366,0.0596754684172719,-0.0024174865263494097,0.004136621666714328,,,,-0.00022939389012817109,48,7.332142800092697,explicit,lumped,central_difference,MaterialSDF+LagrangianSDFContactOracle,structured-top,5000000000.0
sfc_lagrangian_sdf,0.01033,-0.009326512644613599,0.05967348735538468,-0.0024327056277472264,0.0041440608738979815,,,,-0.0002291287459034421,48,7.332142800092697,explicit,lumped,central_difference,MaterialSDF+LagrangianSDFContactOracle,structured-top,5000000000.0
sfc_lagrangian_sdf,0.01034,-0.009328476533249277,0.05967152346674898,-0.0024479884339396745,0.00415147574113229,,,,-0.0002286831396371048,48,7.332142800092697,explicit,lumped,central_difference,MaterialSDF+LagrangianSDFContactOracle,structured-top,5000000000.0
sfc_lagrangian_sdf,0.010350000000000002,-0.00933042330197052,0.05966957669802774,-0.0024633331269685622,0.004158857297103803,,,,-0.00022804993302448205,48,7.332142800092697,explicit,lumped,central_difference,MaterialSDF+LagrangianSDFContactOracle,structured-top,5000000000.0
sfc_lagrangian_sdf,0.010360000000000001,-0.009332353069169793,0.05966764693082847,-0.0024787377548863778,0.004166200781385653,,,,-0.00022723860568194925,48,7.332142800092697,explicit,lumped,central_difference,MaterialSDF+LagrangianSDFContactOracle,structured-top,5000000000.0
sfc_lagrangian_sdf,0.01037,-0.009334266017260182,0.05966573398273809,-0.002494199471319452,0.004173509226918864,,,,-0.0002262489673450791,48,7.332142800092697,explicit,lumped,central_difference,MaterialSDF+LagrangianSDFContactOracle,structured-top,5000000000.0
sfc_lagrangian_sdf,0.01038,-0.009336162391826911,0.05966383760817136,-0.002509713862025512,0.004180793440881984,,,,-0.000225054727660657,48,7.332142800092697,explicit,lumped,central_difference,MaterialSDF+LagrangianSDFContactOracle,structured-top,5000000000.0
sfc_lagrangian_sdf,0.010390000000000002,-0.009338042501375541,0.05966195749862272,-0.002525274816619216,0.004188066984986455,,,,-0.00022364441147682102,48,7.332142800092697,explicit,lumped,central_difference,MaterialSDF+LagrangianSDFContactOracle,structured-top,5000000000.0
sfc_lagrangian_sdf,0.010400000000000001,-0.009339906717278556,0.05966009328271971,-0.002540875115433338,0.004195338541980028,,,,-0.00022202524807791622,48,7.332142800092697,explicit,lumped,central_difference,MaterialSDF+LagrangianSDFContactOracle,structured-top,5000000000.0
sfc_lagrangian_sdf,0.01041,-0.009341755472825319,0.05965824452717294,-0.0025565074946602814,0.004202606716056067,,,,-0.00022019912908476647,48,7.332142800092697,explicit,lumped,central_difference,MaterialSDF+LagrangianSDFContactOracle,structured-top,5000000000.0
sfc_lagrangian_sdf,0.01042,-0.009343589260409235,0.05965641073958903,-0.0025721657049781743,0.004209861090271793,,,,-0.0002181602578193537,48,7.332142800092697,explicit,lumped,central_difference,MaterialSDF+LagrangianSDFContactOracle,structured-top,5000000000.0
sfc_lagrangian_sdf,0.01043,-0.009345408626857305,0.059654591373140956,-0.0025878451236617892,0.00421708871167671,,,,-0.00021592396242043005,48,7.332142800092697,explicit,lumped,central_difference,MaterialSDF+LagrangianSDFContactOracle,structured-top,5000000000.0
sfc_lagrangian_sdf,0.010440000000000001,-0.009347214167925413,0.05965278583207285,-0.0026035427357470197,0.004224280869017037,,,,-0.0002135030512419272,48,7.332142800092697,explicit,lumped,central_difference,MaterialSDF+LagrangianSDFContactOracle,structured-top,5000000000.0
sfc_lagrangian_sdf,0.010450000000000001,-0.009349006523125388,0.05965099347687288,-0.0026192565845629423,0.0042314349791768005,,,,-0.00021090568511897856,48,7.332142800092697,explicit,lumped,central_difference,MaterialSDF+LagrangianSDFContactOracle,structured-top,5000000000.0
sfc_lagrangian_sdf,0.01046,-0.009350786371155455,0.05964921362884282,-0.0026349849796177857,0.004238550911591822,,,,-0.00020815357891104558,48,7.332142800092697,explicit,lumped,central_difference,MaterialSDF+LagrangianSDFContactOracle,structured-top,5000000000.0
sfc_lagrangian_sdf,0.01047,-0.009352554425099507,0.059647445574898754,-0.002650725812735213,0.004245626184148685,,,,-0.00020525037826097457,48,7.332142800092697,explicit,lumped,central_difference,MaterialSDF+LagrangianSDFContactOracle,structured-top,5000000000.0
sfc_lagrangian_sdf,0.010480000000000001,-0.009354311426329634,0.059645688573668636,-0.002666476280162921,0.004252655338772803,,,,-0.00020221293099068646,48,7.332142800092697,explicit,lumped,central_difference,MaterialSDF+LagrangianSDFContactOracle,structured-top,5000000000.0
sfc_lagrangian_sdf,0.010490000000000001,-0.009356058136993665,0.0596439418630046,-0.002682233138937598,0.004259634383721274,,,,-0.00019906830735282825,48,7.332142800092697,explicit,lumped,central_difference,MaterialSDF+LagrangianSDFContactOracle,structured-top,5000000000.0
sfc_lagrangian_sdf,0.0105,-0.009357795332247924,0.05964220466775034,-0.0026979933705891935,0.004266565544573323,,,,-0.00019583832409058896,48,7.332142800092697,explicit,lumped,central_difference,MaterialSDF+LagrangianSDFContactOracle,structured-top,5000000000.0
sfc_lagrangian_sdf,0.01051,-0.009359523793741446,0.059640476206256815,-0.002713754897985204,0.004273456378056532,,,,-0.0001925361799351852,48,7.332142800092697,explicit,lumped,central_difference,MaterialSDF+LagrangianSDFContactOracle,structured-top,5000000000.0
sfc_lagrangian_sdf,0.010520000000000002,-0.009361244304803402,0.05963875569519487,-0.00272951695410997,0.004280477280979705,,,,-0.0001891719645567682,48,7.332142800092697,explicit,lumped,central_difference,MaterialSDF+LagrangianSDFContactOracle,structured-top,5000000000.0
sfc_lagrangian_sdf,0.010530000000000001,-0.00936295764620194,0.05963704235379633,-0.0027452798932036367,0.004287913045442672,,,,-0.00018576235310835854,48,7.332142800092697,explicit,lumped,central_difference,MaterialSDF+LagrangianSDFContactOracle,structured-top,5000000000.0
sfc_lagrangian_sdf,0.01054,-0.009364664590729372,0.0596353354092689,-0.0027610445478214412,0.00429533363204418,,,,-0.0001823442943335193,48,7.332142800092697,explicit,lumped,central_difference,MaterialSDF+LagrangianSDFContactOracle,structured-top,5000000000.0
sfc_lagrangian_sdf,0.01055,-0.00936636589595571,0.059633634104042564,-0.002776811457788137,0.004302730763942255,,,,-0.00017895301037362287,48,7.332142800092697,explicit,lumped,central_difference,MaterialSDF+LagrangianSDFContactOracle,structured-top,5000000000.0
sfc_lagrangian_sdf,0.010560000000000002,-0.009368062296451932,0.059631937703546335,-0.002792580302087629,0.004310097578026236,,,,-0.00017560303794851795,48,7.332142800092697,explicit,lumped,central_difference,MaterialSDF+LagrangianSDFContactOracle,structured-top,5000000000.0
sfc_lagrangian_sdf,0.010570000000000001,-0.009369754497854937,0.05963024550214333,-0.0028083497100932033,0.004317430215059521,,,,-0.0001723016207330386,48,7.332142800092697,explicit,lumped,central_difference,MaterialSDF+LagrangianSDFContactOracle,structured-top,5000000000.0
sfc_lagrangian_sdf,0.01058,-0.009371443174203362,0.059628556825794904,-0.0028241174703566747,0.004324729175041103,,,,-0.0001690433273074381,48,7.332142800092697,explicit,lumped,central_difference,MaterialSDF+LagrangianSDFContactOracle,structured-top,5000000000.0
sfc_lagrangian_sdf,0.01059,-0.009373128967641295,0.05962687103235696,-0.0028398810767018318,0.004331999638941362,,,,-0.00016582438237634062,48,7.332142800092697,explicit,lumped,central_difference,MaterialSDF+LagrangianSDFContactOracle,structured-top,5000000000.0
sfc_lagrangian_sdf,0.0106,-0.009374812487809499,0.059625187512188774,-0.0028556384999024126,0.004339249431645329,,,,-0.00016266290315415706,48,7.332142800092697,explicit,lumped,central_difference,MaterialSDF+LagrangianSDFContactOracle,structured-top,5000000000.0
sfc_lagrangian_sdf,0.010610000000000001,-0.009376494308611209,0.05962350569138705,-0.0028713889725020766,0.00434648453888591,,,,-0.00015959041163616242,48,7.332142800092697,explicit,lumped,central_difference,MaterialSDF+LagrangianSDFContactOracle,structured-top,5000000000.0
sfc_lagrangian_sdf,0.010620000000000001,-0.009378174962328555,0.05962182503766971,-0.0028871334698667584,0.004353704447599072,,,,-0.00015663087397854342,48,7.332142800092697,explicit,lumped,central_difference,MaterialSDF+LagrangianSDFContactOracle,structured-top,5000000000.0
sfc_lagrangian_sdf,0.01063,-0.00937985493335788,0.059620145066640394,-0.002902874616255672,0.004360900745247928,,,,-0.00015380902613612926,48,7.332142800092697,explicit,lumped,central_difference,MaterialSDF+LagrangianSDFContactOracle,structured-top,5000000000.0
sfc_lagrangian_sdf,0.01064,-0.009381534654174217,0.05961846534582406,-0.00291861601983463,0.004368060717178985,,,,-0.00015113432617977124,48,7.332142800092697,explicit,lumped,central_difference,MaterialSDF+LagrangianSDFContactOracle,structured-top,5000000000.0
sfc_lagrangian_sdf,0.010650000000000001,-0.009383214504291157,0.059616785495707106,-0.0029343613995506186,0.004375174070298987,,,,-0.00014863663090409842,48,7.332142800092697,explicit,lumped,central_difference,MaterialSDF+LagrangianSDFContactOracle,structured-top,5000000000.0
sfc_lagrangian_sdf,0.010660000000000001,-0.009384894810672012,0.05961510518932625,-0.0029501140193424935,0.00438223839823909,,,,-0.00014630330990303832,48,7.332142800092697,explicit,lumped,central_difference,MaterialSDF+LagrangianSDFContactOracle,structured-top,5000000000.0
sfc_lagrangian_sdf,0.01067,-0.009386575847396633,0.05961342415260164,-0.0029658767243119387,0.004389259888739971,,,,-0.00014414121200884521,48,7.332142800092697,explicit,lumped,central_difference,MaterialSDF+LagrangianSDFContactOracle,structured-top,5000000000.0
sfc_lagrangian_sdf,0.01068,-0.009388257833967555,0.059611742166030705,-0.002981652426601028,0.004396249366867246,,,,-0.0001421532615556703,48,7.332142800092697,explicit,lumped,central_difference,MaterialSDF+LagrangianSDFContactOracle,structured-top,5000000000.0
sfc_lagrangian_sdf,0.010690000000000002,-0.00938994093390068,0.05961005906609759,-0.0029974445756843697,0.004403216955326959,,,,-0.00014033792620500563,48,7.332142800092697,explicit,lumped,central_difference,MaterialSDF+LagrangianSDFContactOracle,structured-top,5000000000.0
sfc_lagrangian_sdf,0.010700000000000001,-0.009391625255931842,0.05960837474406643,-0.0030132572203910605,0.004410168818675896,,,,-0.00013867760596068566,48,7.332142800092697,explicit,lumped,central_difference,MaterialSDF+LagrangianSDFContactOracle,structured-top,5000000000.0
sfc_lagrangian_sdf,0.01071,-0.009393310858445553,0.05960668914155271,-0.003029094640145156,0.004417106951646738,,,,-0.000137148994948173,48,7.332142800092697,explicit,lumped,central_difference,MaterialSDF+LagrangianSDFContactOracle,structured-top,5000000000.0
sfc_lagrangian_sdf,0.01072,-0.009394997755057878,0.059605002244940385,-0.0030449608511586975,0.0044240304722103765,,,,-0.00013573985674253527,48,7.332142800092697,explicit,lumped,central_difference,MaterialSDF+LagrangianSDFContactOracle,structured-top,5000000000.0
sfc_lagrangian_sdf,0.010730000000000002,-0.009396685918155007,0.05960331408184325,-0.003060859312068408,0.0044309366596656284,,,,-0.00013445778571259212,48,7.332142800092697,explicit,lumped,central_difference,MaterialSDF+LagrangianSDFContactOracle,structured-top,5000000000.0
sfc_lagrangian_sdf,0.010740000000000001,-0.009398375278817539,0.05960162472118073,-0.003076792906089653,0.004437821691981594,,,,-0.00013332277695531886,48,7.332142800092697,explicit,lumped,central_difference,MaterialSDF+LagrangianSDFContactOracle,structured-top,5000000000.0
sfc_lagrangian_sdf,0.010750000000000001,-0.009400065724663178,0.05959993427533509,-0.0030927640431341157,0.004444682341624392,,,,-0.0001323495942048943,48,7.332142800092697,explicit,lumped,central_difference,MaterialSDF+LagrangianSDFContactOracle,structured-top,5000000000.0
sfc_lagrangian_sdf,0.01076,-0.009401757099001862,0.0595982429009964,-0.0031087747253057524,0.004451519091633963,,,,-0.00013153514220115727,48,7.332142800092697,explicit,lumped,central_difference,MaterialSDF+LagrangianSDFContactOracle,structured-top,5000000000.0
sfc_lagrangian_sdf,0.01077,-0.009403449203631186,0.05959655079636708,-0.003124826601201545,0.004458339025564024,,,,-0.00013086157797198892,48,7.332142800092697,explicit,lumped,central_difference,MaterialSDF+LagrangianSDFContactOracle,structured-top,5000000000.0
sfc_lagrangian_sdf,0.010780000000000001,-0.009405141804548689,0.05959485819544958,-0.0031409211557947435,0.004465155838184545,,,,-0.00013031147974247495,48,7.332142800092697,explicit,lumped,central_difference,MaterialSDF+LagrangianSDFContactOracle,structured-top,5000000000.0
sfc_lagrangian_sdf,0.010790000000000001,-0.009406834637600326,0.059593165362397935,-0.0031570600811871375,0.004471985856938293,,,,-0.0001298801870737418,48,7.332142800092697,explicit,lumped,central_difference,MaterialSDF+LagrangianSDFContactOracle,structured-top,5000000000.0
sfc_lagrangian_sdf,0.0108,-0.00940852741170753,0.059591472588290735,-0.0031732456418707873,0.004478841962128705,,,,-0.00012957297848903226,48,7.332142800092697,explicit,lumped,central_difference,MaterialSDF+LagrangianSDFContactOracle,structured-top,5000000000.0
sfc_lagrangian_sdf,0.01081,-0.009410219810250583,0.05958978018974768,-0.003189480736131389,0.004485729125964946,,,,-0.00012938904727668657,48,7.332142800092697,explicit,lumped,central_difference,MaterialSDF+LagrangianSDFContactOracle,structured-top,5000000000.0
sfc_lagrangian_sdf,0.010820000000000001,-0.009411911493670223,0.05958808850632805,-0.003205768509980349,0.004492644319541416,,,,-0.0001293072124277071,48,7.332142800092697,explicit,lumped,central_difference,MaterialSDF+LagrangianSDFContactOracle,structured-top,5000000000.0
sfc_lagrangian_sdf,0.010830000000000001,-0.009413602105942262,0.05958639789405601,-0.0032221116922682845,0.004499580582056784,,,,-0.00012928775409716837,48,7.332142800092697,explicit,lumped,central_difference,MaterialSDF+LagrangianSDFContactOracle,structured-top,5000000000.0
sfc_lagrangian_sdf,0.01084,-0.009415291284454284,0.05958470871554398,-0.0032385120248947094,0.004506532494265991,,,,-0.0001292907403911848,48,7.332142800092697,explicit,lumped,central_difference,MaterialSDF+LagrangianSDFContactOracle,structured-top,5000000000.0
sfc_lagrangian_sdf,0.01085,-0.009416978669678494,0.05958302133031977,-0.003254970087115118,0.00451349991537728,,,,-0.00012929624606773625,48,7.332142800092697,explicit,lumped,central_difference,MaterialSDF+LagrangianSDFContactOracle,structured-top,5000000000.0
sfc_lagrangian_sdf,0.010860000000000002,-0.009418663910719391,0.05958133608927887,-0.003271485527033213,0.004520488454303641,,,,-0.00012930959552309677,48,7.332142800092697,explicit,lumped,central_difference,MaterialSDF+LagrangianSDFContactOracle,structured-top,5000000000.0
sfc_lagrangian_sdf,0.010870000000000001,-0.009420346665704125,0.05957965333429414,-0.0032880574528087562,0.0045275072017984174,,,,-0.00012934739106295012,48,7.332142800092697,explicit,lumped,central_difference,MaterialSDF+LagrangianSDFContactOracle,structured-top,5000000000.0
sfc_lagrangian_sdf,0.01088,-0.009422026599658068,0.059577973400340205,-0.003304684693092509,0.004534565378003658,,,,-0.00012941629636626216,48,7.332142800092697,explicit,lumped,central_difference,MaterialSDF+LagrangianSDFContactOracle,structured-top,5000000000.0
sfc_lagrangian_sdf,0.01089,-0.009423703383916583,0.05957629661608169,-0.003321365810450514,0.004541669495130703,,,,-0.00012951149216996628,48,7.332142800092697,explicit,lumped,central_difference,MaterialSDF+LagrangianSDFContactOracle,structured-top,5000000000.0
sfc_lagrangian_sdf,0.010900000000000002,-0.009425376699284472,0.05957462330071379,-0.003338098978733125,0.0045488219597508515,,,,-0.00012960102760781463,48,7.332142800092697,explicit,lumped,central_difference,MaterialSDF+LagrangianSDFContactOracle,structured-top,5000000000.0
sfc_lagrangian_sdf,0.010910000000000001,-0.009427046241917302,0.05957295375808097,-0.003354881937309025,0.004556021307610446,,,,-0.00012964997762965113,48,7.332142800092697,explicit,lumped,central_difference,MaterialSDF+LagrangianSDFContactOracle,structured-top,5000000000.0
sfc_lagrangian_sdf,0.010920000000000001,-0.009428711729134644,0.05957128827086362,-0.0033717121514817506,0.0045632636757304374,,,,-0.00012964150952419164,48,7.332142800092697,explicit,lumped,central_difference,MaterialSDF+LagrangianSDFContactOracle,structured-top,5000000000.0
sfc_lagrangian_sdf,0.01093,-0.00943037290333481,0.059569627096663455,-0.003388587119072484,0.004570544726187908,,,,-0.00012957845751205278,48,7.332142800092697,explicit,lumped,central_difference,MaterialSDF+LagrangianSDFContactOracle,structured-top,5000000000.0
sfc_lagrangian_sdf,0.01094,-0.009432029534497177,0.05956797046550109,-0.003405504613806335,0.004577861174516057,,,,-0.00012945053090831484,48,7.332142800092697,explicit,lumped,central_difference,MaterialSDF+LagrangianSDFContactOracle,structured-top,5000000000.0
sfc_lagrangian_sdf,0.010950000000000001,-0.009433681422948453,0.05956631857704982,-0.0034224626572497345,0.004585211403495729,,,,-0.00012922722684670962,48,7.332142800092697,explicit,lumped,central_difference,MaterialSDF+LagrangianSDFContactOracle,structured-top,5000000000.0
sfc_lagrangian_sdf,0.010960000000000001,-0.009435328403012916,0.05956467159698535,-0.0034394591702010613,0.004592595133421335,,,,-0.00012889522277266465,48,7.332142800092697,explicit,lumped,central_difference,MaterialSDF+LagrangianSDFContactOracle,structured-top,5000000000.0
sfc_lagrangian_sdf,0.01097,-0.009436970346155132,0.059563029653843136,-0.0034564914705665912,0.004600012418817052,,,,-0.00012846282730688438,48,7.332142800092697,explicit,lumped,central_difference,MaterialSDF+LagrangianSDFContactOracle,structured-top,5000000000.0
sfc_lagrangian_sdf,0.01098,-0.009438607161594365,0.059561392838403886,-0.0034735559082245114,0.004607462279987204,,,,-0.00012791614388843722,48,7.332142800092697,explicit,lumped,central_difference,MaterialSDF+LagrangianSDFContactOracle,structured-top,5000000000.0
sfc_lagrangian_sdf,0.010990000000000002,-0.00944023879409039,0.05955976120590788,-0.0034906478614980256,0.0046149413510823386,,,,-0.00012726660035808677,48,7.332142800092697,explicit,lumped,central_difference,MaterialSDF+LagrangianSDFContactOracle,structured-top,5000000000.0
sfc_lagrangian_sdf,0.011000000000000001,-0.009441865221185217,0.05955813477881306,-0.0035077621011691744,0.004622443223579969,,,,-0.00012651255578597227,48,7.332142800092697,explicit,lumped,central_difference,MaterialSDF+LagrangianSDFContactOracle,structured-top,5000000000.0
sfc_lagrangian_sdf,0.01101,-0.009443486453043699,0.05955651354695456,-0.003524893313275103,0.0046299595263682896,,,,-0.00012563221621154824,48,7.332142800092697,explicit,lumped,central_difference,MaterialSDF+LagrangianSDFContactOracle,structured-top,5000000000.0
sfc_lagrangian_sdf,0.01102,-0.009445102535997781,0.05955489746400049,-0.0035420365202921355,0.0046374818707984955,,,,-0.00012459445031729667,48,7.332142800092697,explicit,lumped,central_difference,MaterialSDF+LagrangianSDFContactOracle,structured-top,5000000000.0
sfc_lagrangian_sdf,0.011030000000000002,-0.009446713557492747,0.059553286442505515,-0.0035591872774217697,0.00464500579278989,,,,-0.0001233799712270352,48,7.332142800092697,explicit,lumped,central_difference,MaterialSDF+LagrangianSDFContactOracle,structured-top,5000000000.0
sfc_lagrangian_sdf,0.011040000000000001,-0.009448319648337412,0.059551680351660856,-0.003576341711802268,0.004652532111988306,,,,-0.00012199546680916802,48,7.332142800092697,explicit,lumped,central_difference,MaterialSDF+LagrangianSDFContactOracle,structured-top,5000000000.0
sfc_lagrangian_sdf,0.01105,-0.009449920979714798,0.05955007902028347,-0.003593496544219313,0.004660065147284366,,,,-0.00012046850360918043,48,7.332142800092697,explicit,lumped,central_difference,MaterialSDF+LagrangianSDFContactOracle,structured-top,5000000000.0
sfc_lagrangian_sdf,0.01106,-0.009451517756171438,0.05954848224382683,-0.003610649138383022,0.004667608085376144,,,,-0.00011882709275748258,48,7.332142800092697,explicit,lumped,central_difference,MaterialSDF+LagrangianSDFContactOracle,structured-top,5000000000.0
sfc_lagrangian_sdf,0.011070000000000002,-0.009453110208673723,0.05954688979132453,-0.0036277974869253337,0.004675158393123852,,,,-0.00011708057283920746,48,7.332142800092697,explicit,lumped,central_difference,MaterialSDF+LagrangianSDFContactOracle,structured-top,5000000000.0
sfc_lagrangian_sdf,0.011080000000000001,-0.009454698591442337,0.059545301408555934,-0.0036449400332914782,0.004682706621973752,,,,-0.00011521681499449442,48,7.332142800092697,explicit,lumped,central_difference,MaterialSDF+LagrangianSDFContactOracle,structured-top,5000000000.0
sfc_lagrangian_sdf,0.011090000000000001,-0.009456283183063447,0.05954371681693481,-0.0036620753746474024,0.004690239124669583,,,,-0.00011339794099062213,48,7.332142800092697,explicit,lumped,central_difference,MaterialSDF+LagrangianSDFContactOracle,structured-top,5000000000.0
sfc_lagrangian_sdf,0.0111,-0.009457864289072047,0.059542135710926224,-0.0036792020424782136,0.004697743330847291,,,,-0.00011150339331234915,48,7.332142800092697,explicit,lumped,central_difference,MaterialSDF+LagrangianSDFContactOracle,structured-top,5000000000.0
sfc_lagrangian_sdf,0.01111,-0.009459442242433367,0.0595405577575649,-0.003696318533847638,0.004705211605664436,,,,-0.00010945589869970024,48,7.332142800092697,explicit,lumped,central_difference,MaterialSDF+LagrangianSDFContactOracle,structured-top,5000000000.0
sfc_lagrangian_sdf,0.011120000000000001,-0.00946101740040036,0.05953898259959789,-0.003713423552690488,0.004712641766804895,,,,-0.00010725982544398486,48,7.332142800092697,explicit,lumped,central_difference,MaterialSDF+LagrangianSDFContactOracle,structured-top,5000000000.0
sfc_lagrangian_sdf,0.011130000000000001,-0.009462590139013379,0.059537409860984894,-0.003730516205927657,0.004720035082447191,,,,-0.00010493452145462396,48,7.332142800092697,explicit,lumped,central_difference,MaterialSDF+LagrangianSDFContactOracle,structured-top,5000000000.0
sfc_lagrangian_sdf,0.01114,-0.009464160847616645,0.059535839152381614,-0.003747595901899346,0.004727393946866548,,,,-0.0001024963665616002,48,7.332142800092697,explicit,lumped,central_difference,MaterialSDF+LagrangianSDFContactOracle,structured-top,5000000000.0
sfc_lagrangian_sdf,0.01115,-0.009465729924603273,0.05953427007539499,-0.0037646619466583627,0.0047347206890834765,,,,-9.996288925601121e-05,48,7.332142800092697,explicit,lumped,central_difference,MaterialSDF+LagrangianSDFContactOracle,structured-top,5000000000.0
sfc_lagrangian_sdf,0.011160000000000002,-0.009467297773709938,0.059532702226288335,-0.0037817131214661274,0.004742017153095074,,,,-9.735723547237844e-05,48,7.332142800092697,explicit,lumped,central_difference,MaterialSDF+LagrangianSDFContactOracle,structured-top,5000000000.0
sfc_lagrangian_sdf,0.011170000000000001,-0.0094688647995642,0.059531135200434064,-0.0037987475967723497,0.004749283951407018,,,,-9.469521021234367e-05,48,7.332142800092697,explicit,lumped,central_difference,MaterialSDF+LagrangianSDFContactOracle,structured-top,5000000000.0
sfc_lagrangian_sdf,0.01118,-0.009470431402335699,0.05952956859766256,-0.0038157633238085575,0.004756519325315758,,,,-9.199604303631649e-05,48,7.332142800092697,explicit,lumped,central_difference,MaterialSDF+LagrangianSDFContactOracle,structured-top,5000000000.0
sfc_lagrangian_sdf,0.01119,-0.009471997972871703,0.05952800202712657,-0.0038327587207656944,0.004763718939467703,,,,-8.926820323602659e-05,48,7.332142800092697,explicit,lumped,central_difference,MaterialSDF+LagrangianSDFContactOracle,structured-top,5000000000.0
sfc_lagrangian_sdf,0.011200000000000002,-0.009473564889840125,0.05952643511015815,-0.003849733292989441,0.004770877820253156,,,,-8.651124971955923e-05,48,7.332142800092697,explicit,lumped,central_difference,MaterialSDF+LagrangianSDFContactOracle,structured-top,5000000000.0
sfc_lagrangian_sdf,0.011210000000000001,-0.009475132518838851,0.05952486748115941,-0.0038666879077186808,0.004777993810468133,,,,-8.372597750693624e-05,48,7.332142800092697,explicit,lumped,central_difference,MaterialSDF+LagrangianSDFContactOracle,structured-top,5000000000.0
sfc_lagrangian_sdf,0.01122,-0.009476701211642662,0.0595232987883556,-0.003883624678086414,0.004785070145830665,,,,-8.092453057236762e-05,48,7.332142800092697,explicit,lumped,central_difference,MaterialSDF+LagrangianSDFContactOracle,structured-top,5000000000.0
sfc_lagrangian_sdf,0.01123,-0.009478271303570908,0.05952172869642737,-0.0039005466023975576,0.0047921150003491335,,,,-7.813130902442191e-05,48,7.332142800092697,explicit,lumped,central_difference,MaterialSDF+LagrangianSDFContactOracle,structured-top,5000000000.0
sfc_lagrangian_sdf,0.011240000000000002,-0.00947984310869432,0.05952015689130394,-0.003917457147238409,0.004799138113065561,,,,-7.537356674768208e-05,48,7.332142800092697,explicit,lumped,central_difference,MaterialSDF+LagrangianSDFContactOracle,structured-top,5000000000.0
sfc_lagrangian_sdf,0.011250000000000001,-0.009481416914686493,0.05951858308531178,-0.003934359899784968,0.004806146888691615,,,,-7.267020931533017e-05,48,7.332142800092697,explicit,lumped,central_difference,MaterialSDF+LagrangianSDFContactOracle,structured-top,5000000000.0
sfc_lagrangian_sdf,0.011260000000000001,-0.009482992979564564,0.05951700702043369,-0.003951258345988589,0.004813144602069725,,,,-7.002923469626201e-05,48,7.332142800092697,explicit,lumped,central_difference,MaterialSDF+LagrangianSDFContactOracle,structured-top,5000000000.0
sfc_lagrangian_sdf,0.01127,-0.009484571530865245,0.05951542846913302,-0.003968155797371484,0.004820131433556578,,,,-6.771121877846585e-05,48,7.332142800092697,explicit,lumped,central_difference,MaterialSDF+LagrangianSDFContactOracle,structured-top,5000000000.0
sfc_lagrangian_sdf,0.01128,-0.009486152765521838,0.05951384723447643,-0.0039850554544685925,0.004827106880801026,,,,-6.548926728405215e-05,48,7.332142800092697,explicit,lumped,central_difference,MaterialSDF+LagrangianSDFContactOracle,structured-top,5000000000.0
sfc_lagrangian_sdf,0.011290000000000001,-0.009487736848022418,0.05951226315197585,-0.004001960529086674,0.004834071535008899,,,,-6.338388963896688e-05,48,7.332142800092697,explicit,lumped,central_difference,MaterialSDF+LagrangianSDFContactOracle,structured-top,5000000000.0
sfc_lagrangian_sdf,0.011300000000000001,-0.009489323906078264,0.05951067609392001,-0.004018874289590529,0.0048410274190001925,,,,-6.142665656023763e-05,48,7.332142800092697,explicit,lumped,central_difference,MaterialSDF+LagrangianSDFContactOracle,structured-top,5000000000.0
sfc_lagrangian_sdf,0.01131,-0.00949091402557543,0.05950908597442284,-0.004035799918065225,0.004847977541130795,,,,-5.963783417216247e-05,48,7.332142800092697,explicit,lumped,central_difference,MaterialSDF+LagrangianSDFContactOracle,structured-top,5000000000.0
sfc_lagrangian_sdf,0.01132,-0.009492507247704209,0.059507492752294056,-0.004052740193891861,0.004854925572386622,,,,-5.801811113241417e-05,48,7.332142800092697,explicit,lumped,central_difference,MaterialSDF+LagrangianSDFContactOracle,structured-top,5000000000.0
sfc_lagrangian_sdf,0.011330000000000002,-0.00949410356981023,0.05950589643018804,-0.00406969716645768,0.00486187567312951,,,,-5.6554070752936775e-05,48,7.332142800092697,explicit,lumped,central_difference,MaterialSDF+LagrangianSDFContactOracle,structured-top,5000000000.0
sfc_lagrangian_sdf,0.011340000000000001,-0.009495702948881515,0.05950429705111675,-0.004086672035731684,0.004868831785390422,,,,-5.523177078219006e-05,48,7.332142800092697,explicit,lumped,central_difference,MaterialSDF+LagrangianSDFContactOracle,structured-top,5000000000.0
sfc_lagrangian_sdf,0.01135,-0.009497305305015045,0.05950269469498321,-0.004103665372986518,0.004875796142317482,,,,-5.4046044613746756e-05,48,7.332142800092697,explicit,lumped,central_difference,MaterialSDF+LagrangianSDFContactOracle,structured-top,5000000000.0
sfc_lagrangian_sdf,0.01136,-0.009498910523024815,0.05950108947697345,-0.0041206776384107606,0.004882767892643926,,,,-5.299785637431929e-05,48,7.332142800092697,explicit,lumped,central_difference,MaterialSDF+LagrangianSDFContactOracle,structured-top,5000000000.0
sfc_lagrangian_sdf,0.011370000000000002,-0.00950051845269244,0.059499481547305826,-0.004137709793230854,0.004889743261077703,,,,-5.208355308300936e-05,48,7.332142800092697,explicit,lumped,central_difference,MaterialSDF+LagrangianSDFContactOracle,structured-top,5000000000.0
sfc_lagrangian_sdf,0.011380000000000001,-0.009502128909808878,0.05949787109018939,-0.004154763739628058,0.004896717802627821,,,,-5.128732691139003e-05,48,7.332142800092697,explicit,lumped,central_difference,MaterialSDF+LagrangianSDFContactOracle,structured-top,5000000000.0
sfc_lagrangian_sdf,0.01139,-0.009503741679626273,0.05949625832037199,-0.004171842371095263,0.004903803781603213,,,,-5.058485279093796e-05,48,7.332142800092697,explicit,lumped,central_difference,MaterialSDF+LagrangianSDFContactOracle,structured-top,5000000000.0
sfc_lagrangian_sdf,0.0114,-0.00950535652221441,0.05949464347778385,-0.004188949158065055,0.004911047335030398,,,,-4.9957235638687744e-05,48,7.332142800092697,explicit,lumped,central_difference,MaterialSDF+LagrangianSDFContactOracle,structured-top,5000000000.0
sfc_lagrangian_sdf,0.011410000000000002,-0.009506973177534298,0.05949302682246396,-0.004206087388142497,0.0049182840664361675,,,,-4.940107094521655e-05,48,7.332142800092697,explicit,lumped,central_difference,MaterialSDF+LagrangianSDFContactOracle,structured-top,5000000000.0
sfc_lagrangian_sdf,0.011420000000000001,-0.009508591368358684,0.05949140863163959,-0.004223259358949112,0.004925516749396266,,,,-4.891433813630337e-05,48,7.332142800092697,explicit,lumped,central_difference,MaterialSDF+LagrangianSDFContactOracle,structured-top,5000000000.0
sfc_lagrangian_sdf,0.011430000000000001,-0.00951021080113658,0.05948978919886169,-0.004240465887551446,0.0049327496196606615,,,,-4.8502902504255375e-05,48,7.332142800092697,explicit,lumped,central_difference,MaterialSDF+LagrangianSDFContactOracle,structured-top,5000000000.0
sfc_lagrangian_sdf,0.01144,-0.009511831166660252,0.05948816883333801,-0.004257706379374596,0.004939987625400105,,,,-4.816451869818686e-05,48,7.332142800092697,explicit,lumped,central_difference,MaterialSDF+LagrangianSDFContactOracle,structured-top,5000000000.0
sfc_lagrangian_sdf,0.01145,-0.009513452142363868,0.059486547857634395,-0.004274979420453252,0.004947237218605145,,,,-4.788740229402594e-05,48,7.332142800092697,explicit,lumped,central_difference,MaterialSDF+LagrangianSDFContactOracle,structured-top,5000000000.0
sfc_lagrangian_sdf,0.011460000000000001,-0.009515073396407761,0.059484926603590504,-0.004292283574607545,0.004954506551618762,,,,-4.7657570826989465e-05,48,7.332142800092697,explicit,lumped,central_difference,MaterialSDF+LagrangianSDFContactOracle,structured-top,5000000000.0
sfc_lagrangian_sdf,0.011470000000000001,-0.00951669459203866,0.05948330540795961,-0.004309617969460781,0.004961803605157133,,,,-4.7466964939366985e-05,48,7.332142800092697,explicit,lumped,central_difference,MaterialSDF+LagrangianSDFContactOracle,structured-top,5000000000.0
sfc_lagrangian_sdf,0.01148,-0.009518315390620606,0.05948168460937766,-0.004326982413943362,0.0049691329160668546,,,,-4.7321726621351104e-05,48,7.332142800092697,explicit,lumped,central_difference,MaterialSDF+LagrangianSDFContactOracle,structured-top,5000000000.0
sfc_lagrangian_sdf,0.01149,-0.009519935453205586,0.05948006454679269,-0.004344377090679384,0.004976493127252373,,,,-4.721564631543751e-05,48,7.332142800092697,explicit,lumped,central_difference,MaterialSDF+LagrangianSDFContactOracle,structured-top,5000000000.0
sfc_lagrangian_sdf,0.011500000000000002,-0.00952155444207714,0.05947844555792113,-0.004361802095249615,0.004983877189955,,,,-4.713416730652206e-05,48,7.332142800092697,explicit,lumped,central_difference,MaterialSDF+LagrangianSDFContactOracle,structured-top,5000000000.0
sfc_lagrangian_sdf,0.011510000000000001,-0.009523172023855855,0.05947682797614241,-0.004379257110020799,0.0049912751648243225,,,,-4.705652670609217e-05,48,7.332142800092697,explicit,lumped,central_difference,MaterialSDF+LagrangianSDFContactOracle,structured-top,5000000000.0
sfc_lagrangian_sdf,0.01152,-0.009524787874408337,0.05947521212558991,-0.004396741338714641,0.0049986778702303105,,,,-4.695938142047115e-05,48,7.332142800092697,explicit,lumped,central_difference,MaterialSDF+LagrangianSDFContactOracle,structured-top,5000000000.0
sfc_lagrangian_sdf,0.01153,-0.009526401684294842,0.05947359831570342,-0.004414253644513139,0.005006079441610201,,,,-4.6824621784369175e-05,48,7.332142800092697,explicit,lumped,central_difference,MaterialSDF+LagrangianSDFContactOracle,structured-top,5000000000.0
sfc_lagrangian_sdf,0.011540000000000002,-0.009528013163260466,0.0594719868367378,-0.004431792754414076,0.005013478090992142,,,,-4.664110810701911e-05,48,7.332142800092697,explicit,lumped,central_difference,MaterialSDF+LagrangianSDFContactOracle,structured-top,5000000000.0
sfc_lagrangian_sdf,0.011550000000000001,-0.009529622043448205,0.059470377956550066,-0.004449357418002101,0.0050208757295793,,,,-4.639944916457927e-05,48,7.332142800092697,explicit,lumped,central_difference,MaterialSDF+LagrangianSDFContactOracle,structured-top,5000000000.0
sfc_lagrangian_sdf,0.01156,-0.009531228082306798,0.05946877191769147,-0.004466946461046678,0.005028277447976917,,,,-4.608616349475973e-05,48,7.332142800092697,explicit,lumped,central_difference,MaterialSDF+LagrangianSDFContactOracle,structured-top,5000000000.0
sfc_lagrangian_sdf,0.01157,-0.009532831066176958,0.05946716893382131,-0.004484558702231856,0.005035691051416578,,,,-4.5684471431417916e-05,48,7.332142800092697,explicit,lumped,central_difference,MaterialSDF+LagrangianSDFContactOracle,structured-top,5000000000.0
sfc_lagrangian_sdf,0.011580000000000002,-0.009534430814169173,0.05946556918582909,-0.004502192728379372,0.005043125915424626,,,,-4.518237671066663e-05,48,7.332142800092697,explicit,lumped,central_difference,MaterialSDF+LagrangianSDFContactOracle,structured-top,5000000000.0
sfc_lagrangian_sdf,0.011590000000000001,-0.009536027180580301,0.059463972819417975,-0.004519846589778336,0.00505059054127969,,,,-4.458072775767225e-05,48,7.332142800092697,explicit,lumped,central_difference,MaterialSDF+LagrangianSDFContactOracle,structured-top,5000000000.0
sfc_lagrangian_sdf,0.011600000000000001,-0.009537620054307364,0.0594623799456909,-0.004537517559191228,0.005058088841091493,,,,-4.389243115303991e-05,48,7.332142800092697,explicit,lumped,central_difference,MaterialSDF+LagrangianSDFContactOracle,structured-top,5000000000.0
sfc_lagrangian_sdf,0.01161,-0.009539209355687084,0.05946079064431119,-0.004555202113744567,0.005065617887178108,,,,-4.357453768075088e-05,48,7.332142800092697,explicit,lumped,central_difference,MaterialSDF+LagrangianSDFContactOracle,structured-top,5000000000.0
sfc_lagrangian_sdf,0.01162,-0.00954079503335812,0.05945920496664015,-0.004572896199837148,0.00507316832247633,,,,-4.323029317531647e-05,48,7.332142800092697,explicit,lumped,central_difference,MaterialSDF+LagrangianSDFContactOracle,structured-top,5000000000.0
sfc_lagrangian_sdf,0.011630000000000001,-0.009542377064099125,0.059457622935899145,-0.004590595684283036,0.005080727849638614,,,,-4.2802557687988456e-05,48,7.332142800092697,explicit,lumped,central_difference,MaterialSDF+LagrangianSDFContactOracle,structured-top,5000000000.0
sfc_lagrangian_sdf,0.011640000000000001,-0.009543955456513787,0.05945604454348448,-0.004608296801234285,0.005088286648724571,,,,-4.226282444062525e-05,48,7.332142800092697,explicit,lumped,central_difference,MaterialSDF+LagrangianSDFContactOracle,structured-top,5000000000.0
sfc_lagrangian_sdf,0.01165,-0.009545530256388247,0.05945446974361002,-0.0046259964407541175,0.0050958415940847495,,,,-4.159647780227442e-05,48,7.332142800092697,explicit,lumped,central_difference,MaterialSDF+LagrangianSDFContactOracle,structured-top,5000000000.0
sfc_lagrangian_sdf,0.01166,-0.009547101549982109,0.05945289845001616,-0.004643692237069167,0.00510339663671008,,,,-4.079262526144226e-05,48,7.332142800092697,explicit,lumped,central_difference,MaterialSDF+LagrangianSDFContactOracle,structured-top,5000000000.0
sfc_lagrangian_sdf,0.011670000000000002,-0.009548669462787165,0.0594513305372111,-0.004661382490520888,0.005110959504243262,,,,-3.987189710092363e-05,48,7.332142800092697,explicit,lumped,central_difference,MaterialSDF+LagrangianSDFContactOracle,structured-top,5000000000.0
sfc_lagrangian_sdf,0.011680000000000001,-0.009550234154448441,0.05944976584554982,-0.004679065952265821,0.005118536839636516,,,,-3.8856185257952135e-05,48,7.332142800092697,explicit,lumped,central_difference,MaterialSDF+LagrangianSDFContactOracle,structured-top,5000000000.0
sfc_lagrangian_sdf,0.01169,-0.009551795813073999,0.05944820418692426,-0.004696741481492486,0.005126130555493266,,,,-3.775258598805631e-05,48,7.332142800092697,explicit,lumped,central_difference,MaterialSDF+LagrangianSDFContactOracle,structured-top,5000000000.0
sfc_lagrangian_sdf,0.0117,-0.009553354652074133,0.05944664534792413,-0.004714407637514403,0.005133736918879666,,,,-3.65514389995774e-05,48,7.332142800092697,explicit,lumped,central_difference,MaterialSDF+LagrangianSDFContactOracle,structured-top,5000000000.0
sfc_lagrangian_sdf,0.011710000000000002,-0.009554910910172845,0.059445089089825424,-0.004732062374526485,0.005141347971815526,,,,-3.5238440016546755e-05,48,7.332142800092697,explicit,lumped,central_difference,MaterialSDF+LagrangianSDFContactOracle,structured-top,5000000000.0
sfc_lagrangian_sdf,0.011720000000000001,-0.009556464852512677,0.05944353514748559,-0.004749703036103108,0.005148953890173569,,,,-3.3809194158609317e-05,48,7.332142800092697,explicit,lumped,central_difference,MaterialSDF+LagrangianSDFContactOracle,structured-top,5000000000.0
sfc_lagrangian_sdf,0.01173,-0.009558016770090435,0.059441983229907826,-0.004767326701713288,0.00515654529450005,,,,-3.2273599775241246e-05,48,7.332142800092697,explicit,lumped,central_difference,MaterialSDF+LagrangianSDFContactOracle,structured-top,5000000000.0
sfc_lagrangian_sdf,0.01174,-0.009559566976518075,0.0594404330234802,-0.00478493069120182,0.005164115467815177,,,,-3.064742402366569e-05,48,7.332142800092697,explicit,lumped,central_difference,MaterialSDF+LagrangianSDFContactOracle,structured-top,5000000000.0
sfc_lagrangian_sdf,0.011750000000000002,-0.009561115803570316,0.05943888419642795,-0.004802512897332198,0.005171662636905712,,,,-2.8945560984244028e-05,48,7.332142800092697,explicit,lumped,central_difference,MaterialSDF+LagrangianSDFContactOracle,structured-top,5000000000.0
sfc_lagrangian_sdf,0.011760000000000001,-0.009562663597906277,0.05943733640209199,-0.0048200717430356135,0.005179191636030549,,,,-2.716431072638214e-05,48,7.332142800092697,explicit,lumped,central_difference,MaterialSDF+LagrangianSDFContactOracle,structured-top,5000000000.0
sfc_lagrangian_sdf,0.011770000000000001,-0.009564210719988768,0.059435789280009504,-0.004837605867456363,0.005186713435691616,,,,-2.5295241548914203e-05,48,7.332142800092697,explicit,lumped,central_difference,MaterialSDF+LagrangianSDFContactOracle,structured-top,5000000000.0
sfc_lagrangian_sdf,0.01178,-0.009565757543946871,0.059434242456051396,-0.004855113865220856,0.005194241521015513,,,,-2.3340284871338124e-05,48,7.332142800092697,explicit,lumped,central_difference,MaterialSDF+LagrangianSDFContactOracle,structured-top,5000000000.0
sfc_lagrangian_sdf,0.01179,-0.009567304456105768,0.0594326955438925,-0.00487259432936259,0.005201976036248296,,,,-2.13132679544554e-05,48,7.332142800092697,explicit,lumped,central_difference,MaterialSDF+LagrangianSDFContactOracle,structured-top,5000000000.0
sfc_lagrangian_sdf,0.011800000000000001,-0.009568851851073652,0.05943114814892462,-0.004890046144894102,0.005209738169188506,,,,-1.923337757387196e-05,48,7.332142800092697,explicit,lumped,central_difference,MaterialSDF+LagrangianSDFContactOracle,structured-top,5000000000.0
sfc_lagrangian_sdf,0.011810000000000001,-0.009570400126468844,0.059429599873529415,-0.004907468737341089,0.005217519377433474,,,,-1.711479103720842e-05,48,7.332142800092697,explicit,lumped,central_difference,MaterialSDF+LagrangianSDFContactOracle,structured-top,5000000000.0
sfc_lagrangian_sdf,0.01182,-0.009571949678460225,0.05942805032153804,-0.0049248620367713025,0.005225312142133273,,,,-1.496357130229089e-05,48,7.332142800092697,explicit,lumped,central_difference,MaterialSDF+LagrangianSDFContactOracle,structured-top,5000000000.0
sfc_lagrangian_sdf,0.01183,-0.00957350089922121,0.05942649910077706,-0.004942226218659651,0.005233113033908517,,,,-1.2785784034866983e-05,48,7.332142800092697,explicit,lumped,central_difference,MaterialSDF+LagrangianSDFContactOracle,structured-top,5000000000.0
sfc_lagrangian_sdf,0.011840000000000002,-0.009575054175211806,0.05942494582478647,-0.004959561525092132,0.005240924275926409,,,,-1.0599102204287954e-05,48,7.332142800092697,explicit,lumped,central_difference,MaterialSDF+LagrangianSDFContactOracle,structured-top,5000000000.0
sfc_lagrangian_sdf,0.011850000000000001,-0.009576609884093274,0.059423390115904993,-0.004976868398784955,0.0052487522017082705,,,,-8.435260503354907e-06,48,7.332142800092697,explicit,lumped,central_difference,MaterialSDF+LagrangianSDFContactOracle,structured-top,5000000000.0
sfc_lagrangian_sdf,0.01186,-0.009578168389278668,0.0594218316107196,-0.004994147833746528,0.00525660385270684,,,,-6.327975484509929e-06,40,7.332142800092697,explicit,lumped,central_difference,MaterialSDF+LagrangianSDFContactOracle,structured-top,5000000000.0
sfc_lagrangian_sdf,0.01187,-0.009579730027560457,0.05942026997243781,-0.005011401584184909,0.00526448372419133,,,,-4.293265933413652e-06,27,7.332142800092697,explicit,lumped,central_difference,MaterialSDF+LagrangianSDFContactOracle,structured-top,5000000000.0
sfc_lagrangian_sdf,0.011880000000000002,-0.009581295002355475,0.059418704997642784,-0.005028631954679302,0.005272392016414211,,,,-2.3026214582661732e-06,18,7.332142800092697,explicit,lumped,central_difference,MaterialSDF+LagrangianSDFContactOracle,structured-top,5000000000.0
sfc_lagrangian_sdf,0.011890000000000001,-0.009582863423303072,0.05941713657669519,-0.005045841268127954,0.005280324513627579,,,,-3.0959582502887653e-07,6,7.332142800092697,explicit,lumped,central_difference,MaterialSDF+LagrangianSDFContactOracle,structured-top,5000000000.0
sfc_lagrangian_sdf,0.0119,-0.00958443531921193,0.05941556468078633,-0.005063031428630357,0.0052882735495368045,,,,1.7292025638365683e-06,0,7.332142800092697,explicit,lumped,central_difference,MaterialSDF+LagrangianSDFContactOracle,structured-top,5000000000.0
sfc_lagrangian_sdf,0.01191,-0.009586010603944975,0.05941398939605329,-0.005080203953369825,0.005296229771866901,,,,3.843071984605227e-06,0,7.332142800092697,explicit,lumped,central_difference,MaterialSDF+LagrangianSDFContactOracle,structured-top,5000000000.0
sfc_lagrangian_sdf,0.011920000000000002,-0.0095875891747057,0.05941241082529257,-0.005097360466424182,0.005304395983632926,,,,6.01328709467802e-06,0,7.332142800092697,explicit,lumped,central_difference,MaterialSDF+LagrangianSDFContactOracle,structured-top,5000000000.0
sfc_lagrangian_sdf,0.011930000000000001,-0.009589170916805743,0.05941082908319252,-0.005114503270496725,0.005312800226194084,,,,8.192440120397962e-06,0,7.332142800092697,explicit,lumped,central_difference,MaterialSDF+LagrangianSDFContactOracle,structured-top,5000000000.0
sfc_lagrangian_sdf,0.011940000000000001,-0.009590755703555609,0.059409244296442655,-0.005131635573498341,0.005321210868603127,,,,1.0332298023805321e-05,0,7.332142800092697,explicit,lumped,central_difference,MaterialSDF+LagrangianSDFContactOracle,structured-top,5000000000.0
sfc_lagrangian_sdf,0.01195,-0.009592343396257554,0.05940765660374071,-0.00514876125779837,0.0053296308042511025,,,,1.239419134097647e-05,0,7.332142800092697,explicit,lumped,central_difference,MaterialSDF+LagrangianSDFContactOracle,structured-top,5000000000.0
sfc_lagrangian_sdf,0.01196,-0.009593933844301246,0.05940606615569703,-0.005165884433741472,0.005338067765610683,,,,1.4374998626190467e-05,0,7.332142800092697,explicit,lumped,central_difference,MaterialSDF+LagrangianSDFContactOracle,structured-top,5000000000.0
sfc_lagrangian_sdf,0.011970000000000001,-0.009595526885362369,0.05940447311463589,-0.005183009097474972,0.005346528540054979,,,,1.6277886178074712e-05,0,7.332142800092697,explicit,lumped,central_difference,MaterialSDF+LagrangianSDFContactOracle,structured-top,5000000000.0
sfc_lagrangian_sdf,0.011980000000000001,-0.009597122345703833,0.05940287765429443,-0.0052001389906359205,0.005355013285339328,,,,1.810436727200599e-05,0,7.332142800092697,explicit,lumped,central_difference,MaterialSDF+LagrangianSDFContactOracle,structured-top,5000000000.0
sfc_lagrangian_sdf,0.01199,-0.009598720040578693,0.05940127995941957,-0.005217277504948322,0.0053636811431654685,,,,1.9864342491120667e-05,0,7.332142800092697,explicit,lumped,central_difference,MaterialSDF+LagrangianSDFContactOracle,structured-top,5000000000.0
sfc_lagrangian_sdf,0.012,-0.009600319774733435,0.05939968022526483,-0.005234427461846298,0.00537262162970134,,,,2.1605278185471926e-05,0,7.332142800092697,explicit,lumped,central_difference,MaterialSDF+LagrangianSDFContactOracle,structured-top,5000000000.0
sfc_lagrangian_sdf,0.012010000000000002,-0.009601921343009748,0.05939807865698852,-0.005251590823468199,0.005381557488855732,,,,2.3381007854755392e-05,0,7.332142800092697,explicit,lumped,central_difference,MaterialSDF+LagrangianSDFContactOracle,structured-top,5000000000.0
sfc_lagrangian_sdf,0.012020000000000001,-0.009603524531042285,0.05939647546895598,-0.005268768590977227,0.005390494707568003,,,,2.5240848401972945e-05,0,7.332142800092697,explicit,lumped,central_difference,MaterialSDF+LagrangianSDFContactOracle,structured-top,5000000000.0
sfc_lagrangian_sdf,0.01203,-0.009605129116049473,0.05939487088394879,-0.005285961075982916,0.00539944322440381,,,,2.7209130912217146e-05,0,7.332142800092697,explicit,lumped,central_difference,MaterialSDF+LagrangianSDFContactOracle,structured-top,5000000000.0
sfc_lagrangian_sdf,0.01204,-0.009606734867713613,0.05939326513228465,-0.005303168431287216,0.005408411318618466,,,,2.927707916870407e-05,0,7.332142800092697,explicit,lumped,central_difference,MaterialSDF+LagrangianSDFContactOracle,structured-top,5000000000.0
sfc_lagrangian_sdf,0.012050000000000002,-0.009608341549146115,0.059391658450852154,-0.005320391088708666,0.005417399954712938,,,,3.1413219332417055e-05,0,7.332142800092697,explicit,lumped,central_difference,MaterialSDF+LagrangianSDFContactOracle,structured-top,5000000000.0
sfc_lagrangian_sdf,0.012060000000000001,-0.009609948917932676,0.0593900510820656,-0.005337629820866446,0.005426714443093769,,,,3.3584833345913356e-05,0,7.332142800092697,explicit,lumped,central_difference,MaterialSDF+LagrangianSDFContactOracle,structured-top,5000000000.0
sfc_lagrangian_sdf,0.01207,-0.009611556727252809,0.05938844327274546,-0.005354885469481655,0.00543609713269883,,,,3.577546637748761e-05,0,7.332142800092697,explicit,lumped,central_difference,MaterialSDF+LagrangianSDFContactOracle,structured-top,5000000000.0
sfc_lagrangian_sdf,0.01208,-0.009613164727067086,0.059386835272931184,-0.005372158661722292,0.005445469460571534,,,,3.7987989573270855e-05,0,7.332142800092697,explicit,lumped,central_difference,MaterialSDF+LagrangianSDFContactOracle,structured-top,5000000000.0
sfc_lagrangian_sdf,0.012090000000000002,-0.009614772665364786,0.059385227334633486,-0.005389449810887931,0.0054548316819178,,,,4.023467363536225e-05,0,7.332142800092697,explicit,lumped,central_difference,MaterialSDF+LagrangianSDFContactOracle,structured-top,5000000000.0
sfc_lagrangian_sdf,0.012100000000000001,-0.009616380289463766,0.05938361971053449,-0.005406759405790513,0.0054641856307420505,,,,4.2524851371885034e-05,0,7.332142800092697,explicit,lumped,central_difference,MaterialSDF+LagrangianSDFContactOracle,structured-top,5000000000.0
sfc_lagrangian_sdf,0.012110000000000001,-0.00961798734735352,0.05938201265264475,-0.005424088320048656,0.005473533388105687,,,,4.4860154393158334e-05,0,7.332142800092697,explicit,lumped,central_difference,MaterialSDF+LagrangianSDFContactOracle,structured-top,5000000000.0
sfc_lagrangian_sdf,0.01212,-0.00961959358907163,0.05938040641092664,-0.005441437864253346,0.005483140333308785,,,,4.723895909137763e-05,0,7.332142800092697,explicit,lumped,central_difference,MaterialSDF+LagrangianSDFContactOracle,structured-top,5000000000.0
sfc_lagrangian_sdf,0.01213,-0.009621198768102895,0.05937880123189537,-0.0054588095345276776,0.0054928921709967,,,,4.96636950832407e-05,0,7.332142800092697,explicit,lumped,central_difference,MaterialSDF+LagrangianSDFContactOracle,structured-top,5000000000.0
sfc_lagrangian_sdf,0.012140000000000001,-0.009622802642789806,0.05937719735720846,-0.005476204633107018,0.005502630231649985,,,,5.214367029675831e-05,0,7.332142800092697,explicit,lumped,central_difference,MaterialSDF+LagrangianSDFContactOracle,structured-top,5000000000.0
sfc_lagrangian_sdf,0.012150000000000001,-0.009624404977742217,0.05937559502225604,-0.005493623948457137,0.0055123475511058935,,,,5.4691666132662785e-05,0,7.332142800092697,explicit,lumped,central_difference,MaterialSDF+LagrangianSDFContactOracle,structured-top,5000000000.0
sfc_lagrangian_sdf,0.01216,-0.009626005545233539,0.05937399445476473,-0.005511067526172809,0.005522080914199025,,,,5.7318639289325655e-05,0,7.332142800092697,explicit,lumped,central_difference,MaterialSDF+LagrangianSDFContactOracle,structured-top,5000000000.0
sfc_lagrangian_sdf,0.01217,-0.009627604126570256,0.05937239587342801,-0.005528534452681218,0.0055322052465610165,,,,6.002982357289913e-05,0,7.332142800092697,explicit,lumped,central_difference,MaterialSDF+LagrangianSDFContactOracle,structured-top,5000000000.0
sfc_lagrangian_sdf,0.012180000000000002,-0.009629200513421175,0.05937079948657709,-0.005546022649037987,0.005546786936589375,,,,6.282997667564623e-05,0,7.332142800092697,explicit,lumped,central_difference,MaterialSDF+LagrangianSDFContactOracle,structured-top,5000000000.0
sfc_lagrangian_sdf,0.012190000000000001,-0.00963079450909264,0.05936920549090562,-0.00556352883592695,0.005563795244665787,,,,6.573047963640196e-05,0,7.332142800092697,explicit,lumped,central_difference,MaterialSDF+LagrangianSDFContactOracle,structured-top,5000000000.0
sfc_lagrangian_sdf,0.0122,-0.009632385929735811,0.059367614070262455,-0.005581048861175375,0.005581436858875476,,,,6.873819619394545e-05,0,7.332142800092697,explicit,lumped,central_difference,MaterialSDF+LagrangianSDFContactOracle,structured-top,5000000000.0
sfc_lagrangian_sdf,0.01221,-0.009633974605472339,0.05936602539452593,-0.005598578381656913,0.005599036835678081,,,,7.185562540260166e-05,0,7.332142800092697,explicit,lumped,central_difference,MaterialSDF+LagrangianSDFContactOracle,structured-top,5000000000.0
sfc_lagrangian_sdf,0.012220000000000002,-0.009635560381424928,0.059364439618573336,-0.005616113616128176,0.005616591221280769,,,,7.507789743231759e-05,0,7.332142800092697,explicit,lumped,central_difference,MaterialSDF+LagrangianSDFContactOracle,structured-top,5000000000.0
sfc_lagrangian_sdf,0.012230000000000001,-0.009637143118639922,0.059362856881358346,-0.005633651794741659,0.0056341057890491675,,,,7.839539363606465e-05,0,7.332142800092697,explicit,lumped,central_difference,MaterialSDF+LagrangianSDFContactOracle,structured-top,5000000000.0
sfc_lagrangian_sdf,0.012240000000000001,-0.009638722694889716,0.059361277305108553,-0.005651191127472254,0.005651589793460766,,,,8.180135227893704e-05,0,7.332142800092697,explicit,lumped,central_difference,MaterialSDF+LagrangianSDFContactOracle,structured-top,5000000000.0
sfc_lagrangian_sdf,0.01225,-0.00964029900534365,0.05935970099465462,-0.005668730432681369,0.0056690544742038235,,,,8.529864463279027e-05,0,7.332142800092697,explicit,lumped,central_difference,MaterialSDF+LagrangianSDFContactOracle,structured-top,5000000000.0
sfc_lagrangian_sdf,0.012260000000000002,-0.009641871963097298,0.059358128036900965,-0.005686268735858948,0.005686555200076148,,,,8.889962370246853e-05,0,7.332142800092697,explicit,lumped,central_difference,MaterialSDF+LagrangianSDFContactOracle,structured-top,5000000000.0
sfc_lagrangian_sdf,0.012270000000000001,-0.00964344149955123,0.059356558500447035,-0.005703805051151464,0.005704065931937235,,,,9.26183135853275e-05,0,7.332142800092697,explicit,lumped,central_difference,MaterialSDF+LagrangianSDFContactOracle,structured-top,5000000000.0
sfc_lagrangian_sdf,0.012280000000000001,-0.009645007564631962,0.0593549924353663,-0.005721338333802237,0.005721603427333639,,,,9.646073888070824e-05,0,7.332142800092697,explicit,lumped,central_difference,MaterialSDF+LagrangianSDFContactOracle,structured-top,5000000000.0
sfc_lagrangian_sdf,0.01229,-0.009646570126849321,0.05935342987314895,-0.0057388674741088615,0.005739167122173045,,,,0.00010042107972651268,0,7.332142800092697,explicit,lumped,central_difference,MaterialSDF+LagrangianSDFContactOracle,structured-top,5000000000.0
sfc_lagrangian_sdf,0.0123,-0.0096481291731864,0.05935187082681187,-0.005756391278289582,0.005756728543433843,,,,0.0001044866883293886,0,7.332142800092697,explicit,lumped,central_difference,MaterialSDF+LagrangianSDFContactOracle,structured-top,5000000000.0
sfc_lagrangian_sdf,0.012310000000000001,-0.009649684708820046,0.059350315291178214,-0.005773908513837393,0.005774276599522768,,,,0.00010864768314362314,0,7.332142800092697,explicit,lumped,central_difference,MaterialSDF+LagrangianSDFContactOracle,structured-top,5000000000.0
sfc_lagrangian_sdf,0.012320000000000001,-0.009651236756671976,0.05934876324332629,-0.005791418097239234,0.005791799277364043,,,,0.00011290315755752683,0,7.332142800092697,explicit,lumped,central_difference,MaterialSDF+LagrangianSDFContactOracle,structured-top,5000000000.0
sfc_lagrangian_sdf,0.01233,-0.009652785356792535,0.05934721464320574,-0.005808919343949106,0.0058092921519303144,,,,0.00011725918593368395,0,7.332142800092697,explicit,lumped,central_difference,MaterialSDF+LagrangianSDFContactOracle,structured-top,5000000000.0
sfc_lagrangian_sdf,0.01234,-0.009654330565581338,0.05934566943441692,-0.00582641205498069,0.005826806733099203,,,,0.00012172098619964654,0,7.332142800092697,explicit,lumped,central_difference,MaterialSDF+LagrangianSDFContactOracle,structured-top,5000000000.0
sfc_lagrangian_sdf,0.012350000000000002,-0.009655872454850986,0.059344127545147285,-0.005843896266092718,0.005844290191630584,,,,0.00012628649093018027,0,7.332142800092697,explicit,lumped,central_difference,MaterialSDF+LagrangianSDFContactOracle,structured-top,5000000000.0
sfc_lagrangian_sdf,0.012360000000000001,-0.009657411110742212,0.05934258888925605,-0.0058613717287911505,0.005861729980346085,,,,0.0001309469700568642,0,7.332142800092697,explicit,lumped,central_difference,MaterialSDF+LagrangianSDFContactOracle,structured-top,5000000000.0
sfc_lagrangian_sdf,0.01237,-0.009658946632500633,0.05934105336749763,-0.005878837422552565,0.00587911925919232,,,,0.0001356938505453185,0,7.332142800092697,explicit,lumped,central_difference,MaterialSDF+LagrangianSDFContactOracle,structured-top,5000000000.0
sfc_lagrangian_sdf,0.01238,-0.009660479131127265,0.059339520868871,-0.005896291406270699,0.005896460423445896,,,,0.00014052541036610128,0,7.332142800092697,explicit,lumped,central_difference,MaterialSDF+LagrangianSDFContactOracle,structured-top,5000000000.0
sfc_lagrangian_sdf,0.012390000000000002,-0.00966200872791655,0.05933799127208171,-0.005913731091295413,0.005913963863118505,,,,0.00014544740904372632,0,7.332142800092697,explicit,lumped,central_difference,MaterialSDF+LagrangianSDFContactOracle,structured-top,5000000000.0
sfc_lagrangian_sdf,0.012400000000000001,-0.009663535552897238,0.05933646444710103,-0.00593115374844734,0.005931501267023003,,,,0.00015046734117873153,0,7.332142800092697,explicit,lumped,central_difference,MaterialSDF+LagrangianSDFContactOracle,structured-top,5000000000.0
sfc_lagrangian_sdf,0.012410000000000001,-0.009665059743192735,0.05933494025680553,-0.005948556957513229,0.005948986316922802,,,,0.0001555875176772974,0,7.332142800092697,explicit,lumped,central_difference,MaterialSDF+LagrangianSDFContactOracle,structured-top,5000000000.0
sfc_lagrangian_sdf,0.01242,-0.009666581441318692,0.05933341855867957,-0.005965938818072783,0.005966410535873462,,,,0.00016080258970968637,0,7.332142800092697,explicit,lumped,central_difference,MaterialSDF+LagrangianSDFContactOracle,structured-top,5000000000.0
sfc_lagrangian_sdf,0.012430000000000002,-0.009668100793436421,0.059331899206561844,-0.0059832979365984995,0.005983768382404706,,,,0.00016610244036159474,0,7.332142800092697,explicit,lumped,central_difference,MaterialSDF+LagrangianSDFContactOracle,structured-top,5000000000.0
sfc_lagrangian_sdf,0.012440000000000001,-0.009669617947581293,0.05933038205241697,-0.006000633323876981,0.00600105643236737,,,,0.00017147643502295702,0,7.332142800092697,explicit,lumped,central_difference,MaterialSDF+LagrangianSDFContactOracle,structured-top,5000000000.0
sfc_lagrangian_sdf,0.012450000000000001,-0.009671133051885725,0.05932886694811254,-0.006017944323036422,0.006018274608402076,,,,0.00017691471130256963,0,7.332142800092697,explicit,lumped,central_difference,MaterialSDF+LagrangianSDFContactOracle,structured-top,5000000000.0
sfc_lagrangian_sdf,0.01246,-0.009672646252816254,0.05932735374718201,-0.006035230605294692,0.0060354701016628685,,,,0.0001824065452035973,0,7.332142800092697,explicit,lumped,central_difference,MaterialSDF+LagrangianSDFContactOracle,structured-top,5000000000.0
sfc_lagrangian_sdf,0.01247,-0.009674157693444124,0.05932584230655414,-0.0060524922065178285,0.006052719625659707,,,,0.0001879400115211423,0,7.332142800092697,explicit,lumped,central_difference,MaterialSDF+LagrangianSDFContactOracle,structured-top,5000000000.0
sfc_lagrangian_sdf,0.012480000000000002,-0.009675667511768259,0.059324332488230005,-0.006069729563952379,0.006069992078716729,,,,0.0001935063464010411,0,7.332142800092697,explicit,lumped,central_difference,MaterialSDF+LagrangianSDFContactOracle,structured-top,5000000000.0
sfc_lagrangian_sdf,0.012490000000000001,-0.009677175839108806,0.05932282416088946,-0.006086943525872317,0.006087287300822091,,,,0.00019910693268070787,0,7.332142800092697,explicit,lumped,central_difference,MaterialSDF+LagrangianSDFContactOracle,structured-top,5000000000.0
sfc_lagrangian_sdf,0.0125,-0.00967868279858838,0.05932131720140989,-0.006104135322362308,0.006104596816580121,,,,0.0002047562078838833,0,7.332142800092697,explicit,lumped,central_difference,MaterialSDF+LagrangianSDFContactOracle,structured-top,5000000000.0
sfc_lagrangian_sdf,0.01251,-0.009680188503717102,0.059319811496281155,-0.006121306500970431,0.006121874698658571,,,,0.00021047546164478043,0,7.332142800092697,explicit,lumped,central_difference,MaterialSDF+LagrangianSDFContactOracle,structured-top,5000000000.0
sfc_lagrangian_sdf,0.012520000000000002,-0.00968169305709593,0.059318306942902334,-0.006138458846416213,0.006139120314182693,,,,0.00021627999801451873,0,7.332142800092697,explicit,lumped,central_difference,MaterialSDF+LagrangianSDFContactOracle,structured-top,5000000000.0
sfc_lagrangian_sdf,0.012530000000000001,-0.009683196549251412,0.05931680345074686,-0.006155594303818772,0.006156332381810182,,,,0.00022216820305563916,0,7.332142800092697,explicit,lumped,central_difference,MaterialSDF+LagrangianSDFContactOracle,structured-top,5000000000.0
sfc_lagrangian_sdf,0.01254,-0.009684699057613171,0.059315300942385095,-0.006172714902149955,0.006173511497368636,,,,0.00022812420165439646,0,7.332142800092697,explicit,lumped,central_difference,MaterialSDF+LagrangianSDFContactOracle,structured-top,5000000000.0
sfc_lagrangian_sdf,0.01255,-0.009686200645643645,0.05931379935435461,-0.00618982265578303,0.0061906622336769255,,,,0.0002341277033925243,0,7.332142800092697,explicit,lumped,central_difference,MaterialSDF+LagrangianSDFContactOracle,structured-top,5000000000.0
sfc_lagrangian_sdf,0.012560000000000002,-0.009687701362127717,0.05931229863787054,-0.00620691944662316,0.006207818823902239,,,,0.00024016744065185263,0,7.332142800092697,explicit,lumped,central_difference,MaterialSDF+LagrangianSDFContactOracle,structured-top,5000000000.0
sfc_lagrangian_sdf,0.012570000000000001,-0.009689201240627936,0.059310798759370335,-0.006224006948805675,0.006224950812743909,,,,0.00024624562533854676,0,7.332142800092697,explicit,lumped,central_difference,MaterialSDF+LagrangianSDFContactOracle,structured-top,5000000000.0
sfc_lagrangian_sdf,0.012580000000000001,-0.009690700299109038,0.05930929970088923,-0.0062410866781609006,0.006242041789086276,,,,0.0002523704479104201,0,7.332142800092697,explicit,lumped,central_difference,MaterialSDF+LagrangianSDFContactOracle,structured-top,5000000000.0
sfc_lagrangian_sdf,0.01259,-0.009692198539733549,0.059307801460264715,-0.0062581601647290494,0.0062592002757761705,,,,0.00025854451093182293,0,7.332142800092697,explicit,lumped,central_difference,MaterialSDF+LagrangianSDFContactOracle,structured-top,5000000000.0
sfc_lagrangian_sdf,0.012600000000000002,-0.009693695948828344,0.05930630405116993,-0.006275229102818664,0.006276352779520006,,,,0.00026475988747784717,0,7.332142800092697,explicit,lumped,central_difference,MaterialSDF+LagrangianSDFContactOracle,structured-top,5000000000.0
sfc_lagrangian_sdf,0.012610000000000001,-0.009695192497020185,0.05930480750297808,-0.006292295278503665,0.006293480183894067,,,,0.00027100368205040223,0,7.332142800092697,explicit,lumped,central_difference,MaterialSDF+LagrangianSDFContactOracle,structured-top,5000000000.0
sfc_lagrangian_sdf,0.012620000000000001,-0.009696688139536521,0.05930331186046174,-0.006309360219658048,0.0063105811682542465,,,,0.0002772678594105021,0,7.332142800092697,explicit,lumped,central_difference,MaterialSDF+LagrangianSDFContactOracle,structured-top,5000000000.0
sfc_lagrangian_sdf,0.01263,-0.009698182816666213,0.059301817183332065,-0.006326424781468612,0.0063276488892376505,,,,0.0002835534364509151,0,7.332142800092697,explicit,lumped,central_difference,MaterialSDF+LagrangianSDFContactOracle,structured-top,5000000000.0
sfc_lagrangian_sdf,0.01264,-0.009699676454373314,0.05930032354562496,-0.00634348903043339,0.006344672927561358,,,,0.00028986537861102067,0,7.332142800092697,explicit,lumped,central_difference,MaterialSDF+LagrangianSDFContactOracle,structured-top,5000000000.0
sfc_lagrangian_sdf,0.012650000000000002,-0.009701168965055698,0.05929883103494256,-0.006360552636163638,0.006361644797174594,,,,0.00029620441474544626,0,7.332142800092697,explicit,lumped,central_difference,MaterialSDF+LagrangianSDFContactOracle,structured-top,5000000000.0
sfc_lagrangian_sdf,0.012660000000000001,-0.009702660248439087,0.05929733975155918,-0.006377615601653426,0.006378563278331382,,,,0.0003025654702093355,0,7.332142800092697,explicit,lumped,central_difference,MaterialSDF+LagrangianSDFContactOracle,structured-top,5000000000.0
sfc_lagrangian_sdf,0.01267,-0.009704150192596038,0.059295849807402226,-0.006394678872636184,0.006395436520185944,,,,0.0003089456914062643,0,7.332142800092697,explicit,lumped,central_difference,MaterialSDF+LagrangianSDFContactOracle,structured-top,5000000000.0
sfc_lagrangian_sdf,0.01268,-0.009705638675078487,0.059294361324919775,-0.006411744434706174,0.006412280629019848,,,,0.00031535452053678994,0,7.332142800092697,explicit,lumped,central_difference,MaterialSDF+LagrangianSDFContactOracle,structured-top,5000000000.0
sfc_lagrangian_sdf,0.012690000000000002,-0.009707125564151759,0.059292874435846514,-0.006428814889978102,0.0064292016121862494,,,,0.00032181461386050997,0,7.332142800092697,explicit,lumped,central_difference,MaterialSDF+LagrangianSDFContactOracle,structured-top,5000000000.0
sfc_lagrangian_sdf,0.012700000000000001,-0.009708610720117378,0.05929138927988088,-0.006445892868659787,0.006446193123183892,,,,0.0003283499283588583,0,7.332142800092697,explicit,lumped,central_difference,MaterialSDF+LagrangianSDFContactOracle,structured-top,5000000000.0
sfc_lagrangian_sdf,0.01271,-0.00971009399671157,0.059289906003286694,-0.006462980661227873,0.0064633578086865815,,,,0.0003349694118570773,0,7.332142800092697,explicit,lumped,central_difference,MaterialSDF+LagrangianSDFContactOracle,structured-top,5000000000.0
sfc_lagrangian_sdf,0.01272,-0.009711575242566056,0.0592884247574322,-0.006480080162444192,0.006480690211011352,,,,0.00034165985952137537,0,7.332142800092697,explicit,lumped,central_difference,MaterialSDF+LagrangianSDFContactOracle,structured-top,5000000000.0
sfc_lagrangian_sdf,0.012730000000000002,-0.009713054302717605,0.05928694569728066,-0.006497192913967712,0.006498021218717609,,,,0.0003483939408919379,0,7.332142800092697,explicit,lumped,central_difference,MaterialSDF+LagrangianSDFContactOracle,structured-top,5000000000.0
sfc_lagrangian_sdf,0.012740000000000001,-0.009714531020152722,0.05928546897984554,-0.006514320015451388,0.006515337672985927,,,,0.0003551467891461184,0,7.332142800092697,explicit,lumped,central_difference,MaterialSDF+LagrangianSDFContactOracle,structured-top,5000000000.0
sfc_lagrangian_sdf,0.012750000000000001,-0.00971600523737397,0.059283994762624304,-0.006531461924707937,0.0065326316660853515,,,,0.0003619123015888288,0,7.332142800092697,explicit,lumped,central_difference,MaterialSDF+LagrangianSDFContactOracle,structured-top,5000000000.0
sfc_lagrangian_sdf,0.01276,-0.00971747679797449,0.059282523202023776,-0.006548618381966702,0.0065499006136651204,,,,0.0003686953590880334,0,7.332142800092697,explicit,lumped,central_difference,MaterialSDF+LagrangianSDFContactOracle,structured-top,5000000000.0
sfc_lagrangian_sdf,0.012770000000000002,-0.009718945548207588,0.059281054451790674,-0.006565788616457502,0.006567145111842115,,,,0.0003755023907650391,0,7.332142800092697,explicit,lumped,central_difference,MaterialSDF+LagrangianSDFContactOracle,structured-top,5000000000.0
sfc_lagrangian_sdf,0.012780000000000001,-0.009720411338538484,0.05927958866145978,-0.006582971698352194,0.006584367790289222,,,,0.00038232909287531306,0,7.332142800092697,explicit,lumped,central_difference,MaterialSDF+LagrangianSDFContactOracle,structured-top,5000000000.0
sfc_lagrangian_sdf,0.012790000000000001,-0.009721874025165674,0.0592781259748326,-0.006600166712116616,0.006601596775976964,,,,0.0003891715293746062,0,7.332142800092697,explicit,lumped,central_difference,MaterialSDF+LagrangianSDFContactOracle,structured-top,5000000000.0
sfc_lagrangian_sdf,0.0128,-0.009723333471499772,0.059276666528498494,-0.00661737257673595,0.006618904295995124,,,,0.0003960258484873063,0,7.332142800092697,explicit,lumped,central_difference,MaterialSDF+LagrangianSDFContactOracle,structured-top,5000000000.0
sfc_lagrangian_sdf,0.01281,-0.009724789549588065,0.059275210450410204,-0.006634587697608584,0.006636188406878237,,,,0.0004028935000020066,0,7.332142800092697,explicit,lumped,central_difference,MaterialSDF+LagrangianSDFContactOracle,structured-top,5000000000.0
sfc_lagrangian_sdf,0.012820000000000002,-0.009726242141473487,0.05927375785852478,-0.006651809841338151,0.006653440260084337,,,,0.00040977458522511854,0,7.332142800092697,explicit,lumped,central_difference,MaterialSDF+LagrangianSDFContactOracle,structured-top,5000000000.0
sfc_lagrangian_sdf,0.012830000000000001,-0.0097276911404772,0.05927230885952107,-0.006669036454079704,0.0066706589027901745,,,,0.0004166571019032857,0,7.332142800092697,explicit,lumped,central_difference,MaterialSDF+LagrangianSDFContactOracle,structured-top,5000000000.0
sfc_lagrangian_sdf,0.01284,-0.009729136452394463,0.05927086354760381,-0.006686265249511039,0.00668785285001332,,,,0.00042351445166257133,0,7.332142800092697,explicit,lumped,central_difference,MaterialSDF+LagrangianSDFContactOracle,structured-top,5000000000.0
sfc_lagrangian_sdf,0.01285,-0.00973057799659397,0.05926942200340429,-0.006703494652661358,0.006705037072956206,,,,0.00043031731972333005,0,7.332142800092697,explicit,lumped,central_difference,MaterialSDF+LagrangianSDFContactOracle,structured-top,5000000000.0
sfc_lagrangian_sdf,0.012860000000000002,-0.009732015707011446,0.05926798429298681,-0.006720723821071999,0.0067222255503430525,,,,0.0004370510229958877,0,7.332142800092697,explicit,lumped,central_difference,MaterialSDF+LagrangianSDFContactOracle,structured-top,5000000000.0
sfc_lagrangian_sdf,0.012870000000000001,-0.009733449533028774,0.0592665504669695,-0.006737952321108251,0.006739423255143974,,,,0.0004437266859621982,0,7.332142800092697,explicit,lumped,central_difference,MaterialSDF+LagrangianSDFContactOracle,structured-top,5000000000.0
sfc_lagrangian_sdf,0.01288,-0.009734879440230706,0.059265120559767556,-0.006755179759191512,0.006756622952541398,,,,0.0004503801656241096,0,7.332142800092697,explicit,lumped,central_difference,MaterialSDF+LagrangianSDFContactOracle,structured-top,5000000000.0
sfc_lagrangian_sdf,0.01289,-0.009736305411031685,0.05926369458896658,-0.00677240556914203,0.0067738092728363754,,,,0.0004570396808449539,0,7.332142800092697,explicit,lumped,central_difference,MaterialSDF+LagrangianSDFContactOracle,structured-top,5000000000.0
sfc_lagrangian_sdf,0.012900000000000002,-0.009737727445166173,0.0592622725548321,-0.0067896288966733335,0.006790967053570447,,,,0.00046371180906614866,0,7.332142800092697,explicit,lumped,central_difference,MaterialSDF+LagrangianSDFContactOracle,structured-top,5000000000.0
sfc_lagrangian_sdf,0.012910000000000001,-0.009739145560036595,0.05926085443996168,-0.006806848409537462,0.006808087649555547,,,,0.0004703806367182067,0,7.332142800092697,explicit,lumped,central_difference,MaterialSDF+LagrangianSDFContactOracle,structured-top,5000000000.0
sfc_lagrangian_sdf,0.012920000000000001,-0.009740559790913816,0.05925944020908444,-0.0068240620135941975,0.006825168989716497,,,,0.0004770232675433508,0,7.332142800092697,explicit,lumped,central_difference,MaterialSDF+LagrangianSDFContactOracle,structured-top,5000000000.0
sfc_lagrangian_sdf,0.01293,-0.00974197019098607,0.0592580298090122,-0.006841266677587844,0.006842225551849871,,,,0.00048362773412945903,0,7.332142800092697,explicit,lumped,central_difference,MaterialSDF+LagrangianSDFContactOracle,structured-top,5000000000.0
sfc_lagrangian_sdf,0.012940000000000002,-0.009743376831253127,0.05925662316874514,-0.006858458584979558,0.00685930756575377,,,,0.0004901946289797409,0,7.332142800092697,explicit,lumped,central_difference,MaterialSDF+LagrangianSDFContactOracle,structured-top,5000000000.0
sfc_lagrangian_sdf,0.012950000000000001,-0.009744779800263673,0.059255220199734594,-0.006875633592086498,0.006876355608265044,,,,0.000496739806318804,0,7.332142800092697,explicit,lumped,central_difference,MaterialSDF+LagrangianSDFContactOracle,structured-top,5000000000.0
sfc_lagrangian_sdf,0.012960000000000001,-0.009746179203694895,0.05925382079630337,-0.006892787716669045,0.0068933743960776905,,,,0.0005032686040199371,0,7.332142800092697,explicit,lumped,central_difference,MaterialSDF+LagrangianSDFContactOracle,structured-top,5000000000.0
sfc_lagrangian_sdf,0.01297,-0.009747575163774612,0.05925242483622365,-0.0069099173756388636,0.006910600097143356,,,,0.000509773029695304,0,7.332142800092697,explicit,lumped,central_difference,MaterialSDF+LagrangianSDFContactOracle,structured-top,5000000000.0
sfc_lagrangian_sdf,0.01298,-0.00974896781854748,0.059251032181450794,-0.006927019339528711,0.006927808517577591,,,,0.0005162394120357394,0,7.332142800092697,explicit,lumped,central_difference,MaterialSDF+LagrangianSDFContactOracle,structured-top,5000000000.0
sfc_lagrangian_sdf,0.012990000000000002,-0.009750357320988223,0.05924964267901004,-0.006944090616255026,0.006945087252539161,,,,0.0005226612174905298,0,7.332142800092697,explicit,lumped,central_difference,MaterialSDF+LagrangianSDFContactOracle,structured-top,5000000000.0
sfc_lagrangian_sdf,0.013000000000000001,-0.009751743837966245,0.059248256162032026,-0.006961128476739382,0.0069623444098023965,,,,0.0005290452700751706,0,7.332142800092697,explicit,lumped,central_difference,MaterialSDF+LagrangianSDFContactOracle,structured-top,5000000000.0
sfc_lagrangian_sdf,0.01301,-0.009753127549067422,0.05924687245093084,-0.0069781306210926815,0.006979570118262962,,,,0.0005354059155565884,0,7.332142800092697,explicit,lumped,central_difference,MaterialSDF+LagrangianSDFContactOracle,structured-top,5000000000.0
sfc_lagrangian_sdf,0.01302,-0.009754508645280406,0.059245491354717864,-0.006995095310776441,0.006996756688966593,,,,0.0005417529056438946,0,7.332142800092697,explicit,lumped,central_difference,MaterialSDF+LagrangianSDFContactOracle,structured-top,5000000000.0
sfc_lagrangian_sdf,0.013030000000000002,-0.009755887327556221,0.05924411267244204,-0.007012021347611045,0.00701389626483836,,,,0.0005480844541086849,0,7.332142800092697,explicit,lumped,central_difference,MaterialSDF+LagrangianSDFContactOracle,structured-top,5000000000.0
sfc_lagrangian_sdf,0.013040000000000001,-0.009757263805251472,0.05924273619474679,-0.007028907980032134,0.0070309778284485674,,,,0.0005543922265027419,0,7.332142800092697,explicit,lumped,central_difference,MaterialSDF+LagrangianSDFContactOracle,structured-top,5000000000.0
sfc_lagrangian_sdf,0.01305,-0.009758638294466895,0.05924136170553136,-0.007045754907889918,0.007047988223719232,,,,0.0005606724595618747,0,7.332142800092697,explicit,lumped,central_difference,MaterialSDF+LagrangianSDFContactOracle,structured-top,5000000000.0
sfc_lagrangian_sdf,0.01306,-0.00976001101629444,0.05923998898370383,-0.007062562414580684,0.007064917597347041,,,,0.0005669394518051117,0,7.332142800092697,explicit,lumped,central_difference,MaterialSDF+LagrangianSDFContactOracle,structured-top,5000000000.0
sfc_lagrangian_sdf,0.013070000000000002,-0.009761382194987353,0.05923861780501092,-0.007079331435665962,0.007081764628299989,,,,0.0005732239396050247,0,7.332142800092697,explicit,lumped,central_difference,MaterialSDF+LagrangianSDFContactOracle,structured-top,5000000000.0
sfc_lagrangian_sdf,0.013080000000000001,-0.009762752056068962,0.0592372479439293,-0.00709606334672781,0.007098551328309879,,,,0.0005795534966799214,0,7.332142800092697,explicit,lumped,central_difference,MaterialSDF+LagrangianSDFContactOracle,structured-top,5000000000.0
sfc_lagrangian_sdf,0.013090000000000001,-0.009764120824396962,0.0592358791756013,-0.007112759496297676,0.007115336848397181,,,,0.0005859398010245816,0,7.332142800092697,explicit,lumped,central_difference,MaterialSDF+LagrangianSDFContactOracle,structured-top,5000000000.0
sfc_lagrangian_sdf,0.0131,-0.009765488722200958,0.05923451127779731,-0.0071294207969581115,0.007132037209904023,,,,0.0005923737830173763,0,7.332142800092697,explicit,lumped,central_difference,MaterialSDF+LagrangianSDFContactOracle,structured-top,5000000000.0
sfc_lagrangian_sdf,0.013110000000000002,-0.009766855967111703,0.05923314403288656,-0.007146047715155596,0.007148651037910834,,,,0.0005988347287344965,0,7.332142800092697,explicit,lumped,central_difference,MaterialSDF+LagrangianSDFContactOracle,structured-top,5000000000.0
sfc_lagrangian_sdf,0.013120000000000001,-0.009768222770201191,0.05923177722979707,-0.00716264070861663,0.007165182269896636,,,,0.0006053062941656136,0,7.332142800092697,explicit,lumped,central_difference,MaterialSDF+LagrangianSDFContactOracle,structured-top,5000000000.0
sfc_lagrangian_sdf,0.013130000000000001,-0.009769589334052947,0.0592304106659453,-0.007179200812259508,0.007181641651050517,,,,0.0006117875198011186,0,7.332142800092697,explicit,lumped,central_difference,MaterialSDF+LagrangianSDFContactOracle,structured-top,5000000000.0
sfc_lagrangian_sdf,0.01314,-0.009770955850882153,0.059229044149116124,-0.007195729994623231,0.007198043616219797,,,,0.0006182915706782,0,7.332142800092697,explicit,lumped,central_difference,MaterialSDF+LagrangianSDFContactOracle,structured-top,5000000000.0
sfc_lagrangian_sdf,0.01315,-0.009772322500725019,0.05922767749927325,-0.007212231156170034,0.007214400451445269,,,,0.0006248350603974199,0,7.332142800092697,explicit,lumped,central_difference,MaterialSDF+LagrangianSDFContactOracle,structured-top,5000000000.0
sfc_lagrangian_sdf,0.013160000000000002,-0.00977368944971659,0.05922631055028167,-0.007228707954952708,0.007230718577451321,,,,0.0006314279880996824,0,7.332142800092697,explicit,lumped,central_difference,MaterialSDF+LagrangianSDFContactOracle,structured-top,5000000000.0
sfc_lagrangian_sdf,0.013170000000000001,-0.009775056848475487,0.05922494315152279,-0.007245164712489772,0.00724700008958477,,,,0.0006380726431437288,0,7.332142800092697,explicit,lumped,central_difference,MaterialSDF+LagrangianSDFContactOracle,structured-top,5000000000.0
sfc_lagrangian_sdf,0.01318,-0.00977642483061329,0.05922357516938497,-0.007261606431099485,0.007263310202442958,,,,0.0006447710277505102,0,7.332142800092697,explicit,lumped,central_difference,MaterialSDF+LagrangianSDFContactOracle,structured-top,5000000000.0
sfc_lagrangian_sdf,0.01319,-0.00977779351138532,0.05922220648861294,-0.007278038703744868,0.007279596123933796,,,,0.0006515323423297028,0,7.332142800092697,explicit,lumped,central_difference,MaterialSDF+LagrangianSDFContactOracle,structured-top,5000000000.0
sfc_lagrangian_sdf,0.013200000000000002,-0.009779162986498039,0.05922083701350023,-0.007294467302942571,0.00729585382048018,,,,0.0006583721266892182,0,7.332142800092697,explicit,lumped,central_difference,MaterialSDF+LagrangianSDFContactOracle,structured-top,5000000000.0
sfc_lagrangian_sdf,0.013210000000000001,-0.009780533331087131,0.059219466668911126,-0.007310897509271249,0.0073120938145398535,,,,0.0006653027797644957,0,7.332142800092697,explicit,lumped,central_difference,MaterialSDF+LagrangianSDFContactOracle,structured-top,5000000000.0
sfc_lagrangian_sdf,0.01322,-0.009781904598878316,0.059218095401119934,-0.007327333514438856,0.007328325939939464,,,,0.0006723239320516035,0,7.332142800092697,explicit,lumped,central_difference,MaterialSDF+LagrangianSDFContactOracle,structured-top,5000000000.0
sfc_lagrangian_sdf,0.01323,-0.009783276821541342,0.05921672317845692,-0.00734377823643893,0.00734455344544124,,,,0.0006794222186696248,0,7.332142800092697,explicit,lumped,central_difference,MaterialSDF+LagrangianSDFContactOracle,structured-top,5000000000.0
sfc_lagrangian_sdf,0.013240000000000002,-0.009784650008245509,0.05921534999175276,-0.007360233609429392,0.007361105016814626,,,,0.0006865820103725381,0,7.332142800092697,explicit,lumped,central_difference,MaterialSDF+LagrangianSDFContactOracle,structured-top,5000000000.0
sfc_lagrangian_sdf,0.013250000000000001,-0.009786024145422935,0.059213975854575336,-0.007376701112878064,0.007377953702621058,,,,0.0006937987438370308,0,7.332142800092697,explicit,lumped,central_difference,MaterialSDF+LagrangianSDFContactOracle,structured-top,5000000000.0
sfc_lagrangian_sdf,0.013260000000000001,-0.009787399196743742,0.05921260080325452,-0.007393182235774962,0.007394793179926181,,,,0.0007010838975364885,0,7.332142800092697,explicit,lumped,central_difference,MaterialSDF+LagrangianSDFContactOracle,structured-top,5000000000.0
sfc_lagrangian_sdf,0.01327,-0.009788775103304889,0.059211224896693386,-0.0074096787440311365,0.007411608201435975,,,,0.000708458004790058,0,7.332142800092697,explicit,lumped,central_difference,MaterialSDF+LagrangianSDFContactOracle,structured-top,5000000000.0
sfc_lagrangian_sdf,0.013280000000000002,-0.009790151784032346,0.059209848215965914,-0.007426192821697737,0.007428389628944454,,,,0.0007159386315784646,0,7.332142800092697,explicit,lumped,central_difference,MaterialSDF+LagrangianSDFContactOracle,structured-top,5000000000.0
sfc_lagrangian_sdf,0.013290000000000001,-0.009791529136293888,0.05920847086370437,-0.007442727189815465,0.007445137057185469,,,,0.0007235340586888766,0,7.332142800092697,explicit,lumped,central_difference,MaterialSDF+LagrangianSDFContactOracle,structured-top,5000000000.0
sfc_lagrangian_sdf,0.013300000000000001,-0.009792907036717683,0.05920709296328059,-0.007459285177865971,0.0074618582293517225,,,,0.000731246923915431,0,7.332142800092697,explicit,lumped,central_difference,MaterialSDF+LagrangianSDFContactOracle,structured-top,5000000000.0
sfc_lagrangian_sdf,0.01331,-0.009794285342209727,0.05920571465778853,-0.007475870611418145,0.007478564831338306,,,,0.0007390817114765494,0,7.332142800092697,explicit,lumped,central_difference,MaterialSDF+LagrangianSDFContactOracle,structured-top,5000000000.0
sfc_lagrangian_sdf,0.01332,-0.009795663891161144,0.059204336108837116,-0.007492487431453507,0.007495296418025332,,,,0.0007470460681184708,0,7.332142800092697,explicit,lumped,central_difference,MaterialSDF+LagrangianSDFContactOracle,structured-top,5000000000.0
sfc_lagrangian_sdf,0.013330000000000002,-0.009797042504834473,0.05920295749516379,-0.007509139137974621,0.007512099415253192,,,,0.000755142614901299,0,7.332142800092697,explicit,lumped,central_difference,MaterialSDF+LagrangianSDFContactOracle,structured-top,5000000000.0
sfc_lagrangian_sdf,0.013340000000000001,-0.00979842098891635,0.059201579011081924,-0.007525828283817737,0.007528884375517323,,,,0.0007633587897251964,0,7.332142800092697,explicit,lumped,central_difference,MaterialSDF+LagrangianSDFContactOracle,structured-top,5000000000.0
sfc_lagrangian_sdf,0.01335,-0.009799799135222494,0.059200200864775766,-0.007542556215160844,0.007545664269864211,,,,0.0007716663095860277,0,7.332142800092697,explicit,lumped,central_difference,MaterialSDF+LagrangianSDFContactOracle,structured-top,5000000000.0
sfc_lagrangian_sdf,0.01336,-0.009801176723539433,0.05919882327645883,-0.007559323105192049,0.007562452826521455,,,,0.0007800343059218487,0,7.332142800092697,explicit,lumped,central_difference,MaterialSDF+LagrangianSDFContactOracle,structured-top,5000000000.0
sfc_lagrangian_sdf,0.013370000000000002,-0.009802553523586303,0.059197446476411966,-0.007576128195916421,0.007579257259510967,,,,0.0007884475589644123,0,7.332142800092697,explicit,lumped,central_difference,MaterialSDF+LagrangianSDFContactOracle,structured-top,5000000000.0
sfc_lagrangian_sdf,0.013380000000000001,-0.009803929297079144,0.05919607070291913,-0.007592970134546601,0.007596075842996848,,,,0.0007969154484859104,0,7.332142800092697,explicit,lumped,central_difference,MaterialSDF+LagrangianSDFContactOracle,structured-top,5000000000.0
sfc_lagrangian_sdf,0.01339,-0.009805303799879272,0.059194696200118996,-0.00760984732504474,0.007612901756972549,,,,0.0008054641940543779,0,7.332142800092697,explicit,lumped,central_difference,MaterialSDF+LagrangianSDFContactOracle,structured-top,5000000000.0
sfc_lagrangian_sdf,0.0134,-0.009806676784206879,0.059193323215791384,-0.007626758223219851,0.007629728097412602,,,,0.0008141187379309461,0,7.332142800092697,explicit,lumped,central_difference,MaterialSDF+LagrangianSDFContactOracle,structured-top,5000000000.0
sfc_lagrangian_sdf,0.013410000000000002,-0.009808048000900647,0.059191951999097624,-0.007643701469468615,0.007646551130895876,,,,0.000822887716291534,0,7.332142800092697,explicit,lumped,central_difference,MaterialSDF+LagrangianSDFContactOracle,structured-top,5000000000.0
sfc_lagrangian_sdf,0.013420000000000001,-0.009809417201704088,0.05919058279829417,-0.007660675756960161,0.00766337015069221,,,,0.0008317653627265938,0,7.332142800092697,explicit,lumped,central_difference,MaterialSDF+LagrangianSDFContactOracle,structured-top,5000000000.0
sfc_lagrangian_sdf,0.013430000000000001,-0.009810784141559364,0.0591892158584389,-0.007677679448110667,0.007680223731762732,,,,0.0008407432223360708,0,7.332142800092697,explicit,lumped,central_difference,MaterialSDF+LagrangianSDFContactOracle,structured-top,5000000000.0
sfc_lagrangian_sdf,0.01344,-0.009812148580889668,0.0591878514191086,-0.007694710133665913,0.007697186122649845,,,,0.0008498180504635237,0,7.332142800092697,explicit,lumped,central_difference,MaterialSDF+LagrangianSDFContactOracle,structured-top,5000000000.0
sfc_lagrangian_sdf,0.013450000000000002,-0.009813510287851641,0.05918648971214663,-0.007711764425979432,0.007714125579810346,,,,0.0008589918751030972,0,7.332142800092697,explicit,lumped,central_difference,MaterialSDF+LagrangianSDFContactOracle,structured-top,5000000000.0
sfc_lagrangian_sdf,0.013460000000000001,-0.00981486904053991,0.059185130959458356,-0.007728838173337143,0.007731028049943864,,,,0.0008682623799672026,0,7.332142800092697,explicit,lumped,central_difference,MaterialSDF+LagrangianSDFContactOracle,structured-top,5000000000.0
sfc_lagrangian_sdf,0.013470000000000001,-0.009816224629126506,0.05918377537087177,-0.007745927020171864,0.007747886831949755,,,,0.0008776147209474923,0,7.332142800092697,explicit,lumped,central_difference,MaterialSDF+LagrangianSDFContactOracle,structured-top,5000000000.0
sfc_lagrangian_sdf,0.01348,-0.009817576857918883,0.05918242314207938,-0.007763027010666975,0.007764705083403731,,,,0.0008870234832550932,0,7.332142800092697,explicit,lumped,central_difference,MaterialSDF+LagrangianSDFContactOracle,structured-top,5000000000.0
sfc_lagrangian_sdf,0.01349,-0.009818925547320981,0.059181074452677285,-0.007780134920815006,0.007781495958305597,,,,0.0008964637599372855,0,7.332142800092697,explicit,lumped,central_difference,MaterialSDF+LagrangianSDFContactOracle,structured-top,5000000000.0
sfc_lagrangian_sdf,0.013500000000000002,-0.009820270535683,0.05917972946431526,-0.007797248215015984,0.007798278639606803,,,,0.0009059221404928268,0,7.332142800092697,explicit,lumped,central_difference,MaterialSDF+LagrangianSDFContactOracle,structured-top,5000000000.0
sfc_lagrangian_sdf,0.013510000000000001,-0.009821611681026512,0.05917838831897175,-0.007814364782555639,0.007815402392861699,,,,0.0009153991416457725,0,7.332142800092697,explicit,lumped,central_difference,MaterialSDF+LagrangianSDFContactOracle,structured-top,5000000000.0
sfc_lagrangian_sdf,0.01352,-0.00982294886263263,0.059177051137365634,-0.007831482708643834,0.007832755137940177,,,,0.0009249027300361146,0,7.332142800092697,explicit,lumped,central_difference,MaterialSDF+LagrangianSDFContactOracle,structured-top,5000000000.0
sfc_lagrangian_sdf,0.01353,-0.00982428198248221,0.05917571801751606,-0.007848600212630813,0.00785007516357942,,,,0.0009344398394813137,0,7.332142800092697,explicit,lumped,central_difference,MaterialSDF+LagrangianSDFContactOracle,structured-top,5000000000.0
sfc_lagrangian_sdf,0.013540000000000002,-0.00982561096653811,0.05917438903346015,-0.007865715675592988,0.007867357723289765,,,,0.0009440126936527783,0,7.332142800092697,explicit,lumped,central_difference,MaterialSDF+LagrangianSDFContactOracle,structured-top,5000000000.0
sfc_lagrangian_sdf,0.013550000000000001,-0.009826935765860828,0.05917306423413744,-0.007882827582859995,0.007884603499865639,,,,0.0009536205656022964,0,7.332142800092697,explicit,lumped,central_difference,MaterialSDF+LagrangianSDFContactOracle,structured-top,5000000000.0
sfc_lagrangian_sdf,0.013560000000000001,-0.009828256357549898,0.059171743642448364,-0.00789993431103382,0.007901817190819328,,,,0.0009632622682331103,0,7.332142800092697,explicit,lumped,central_difference,MaterialSDF+LagrangianSDFContactOracle,structured-top,5000000000.0
sfc_lagrangian_sdf,0.01357,-0.009829572745504707,0.059170427254493556,-0.007917033888103886,0.007919003778274808,,,,0.0009729353651695739,0,7.332142800092697,explicit,lumped,central_difference,MaterialSDF+LagrangianSDFContactOracle,structured-top,5000000000.0
sfc_lagrangian_sdf,0.013580000000000002,-0.009830884960999505,0.059169115038998764,-0.007934123951427634,0.007936165304303333,,,,0.000982633258648081,0,7.332142800092697,explicit,lumped,central_difference,MaterialSDF+LagrangianSDFContactOracle,structured-top,5000000000.0
sfc_lagrangian_sdf,0.013590000000000001,-0.00983219306306855,0.05916780693692971,-0.00795120201674809,0.007953364718189582,,,,0.0009923448235957255,0,7.332142800092697,explicit,lumped,central_difference,MaterialSDF+LagrangianSDFContactOracle,structured-top,5000000000.0
sfc_lagrangian_sdf,0.013600000000000001,-0.009833497138698483,0.05916650286129978,-0.00796826594083424,0.007970597646467067,,,,0.0010020590978784259,0,7.332142800092697,explicit,lumped,central_difference,MaterialSDF+LagrangianSDFContactOracle,structured-top,5000000000.0
sfc_lagrangian_sdf,0.01361,-0.009834797302826197,0.05916520269717207,-0.00798531431381895,0.007987801570410355,,,,0.0010117719321112379,0,7.332142800092697,explicit,lumped,central_difference,MaterialSDF+LagrangianSDFContactOracle,structured-top,5000000000.0
sfc_lagrangian_sdf,0.013620000000000002,-0.00983609369814154,0.05916390630185672,-0.00800234658371953,0.008004956559633358,,,,0.0010214884454177893,0,7.332142800092697,explicit,lumped,central_difference,MaterialSDF+LagrangianSDFContactOracle,structured-top,5000000000.0
sfc_lagrangian_sdf,0.013630000000000001,-0.009837386494695403,0.059162613505302865,-0.008019362927830039,0.00802204610068006,,,,0.001031218130869298,0,7.332142800092697,explicit,lumped,central_difference,MaterialSDF+LagrangianSDFContactOracle,structured-top,5000000000.0
sfc_lagrangian_sdf,0.013640000000000001,-0.009838675889314835,0.05916132411068343,-0.00803636404393359,0.008039061285300388,,,,0.0010409659330556792,0,7.332142800092697,explicit,lumped,central_difference,MaterialSDF+LagrangianSDFContactOracle,structured-top,5000000000.0
sfc_lagrangian_sdf,0.01365,-0.009839962104827984,0.059160037895170284,-0.008053350999139215,0.008056002155284831,,,,0.0010507265060308614,0,7.332142800092697,explicit,lumped,central_difference,MaterialSDF+LagrangianSDFContactOracle,structured-top,5000000000.0
sfc_lagrangian_sdf,0.01366,-0.009841245389102853,0.05915875461089541,-0.008070325104221704,0.008072876399350552,,,,0.001060486514765699,0,7.332142800092697,explicit,lumped,central_difference,MaterialSDF+LagrangianSDFContactOracle,structured-top,5000000000.0
sfc_lagrangian_sdf,0.013670000000000002,-0.009842526013904946,0.05915747398609332,-0.008087287676548725,0.008089725146887045,,,,0.0010702334169227852,0,7.332142800092697,explicit,lumped,central_difference,MaterialSDF+LagrangianSDFContactOracle,structured-top,5000000000.0
sfc_lagrangian_sdf,0.013680000000000001,-0.009843804273580182,0.05915619572641809,-0.008104239652082693,0.008106654979488433,,,,0.0010799642979262066,0,7.332142800092697,explicit,lumped,central_difference,MaterialSDF+LagrangianSDFContactOracle,structured-top,5000000000.0
sfc_lagrangian_sdf,0.01369,-0.00984508048357051,0.05915491951642776,-0.008121181228448736,0.008123522278726434,,,,0.0010896888332859716,0,7.332142800092697,explicit,lumped,central_difference,MaterialSDF+LagrangianSDFContactOracle,structured-top,5000000000.0
sfc_lagrangian_sdf,0.0137,-0.009846354978770991,0.05915364502122727,-0.008138111833580573,0.00814032387699664,,,,0.0010994251792013547,0,7.332142800092697,explicit,lumped,central_difference,MaterialSDF+LagrangianSDFContactOracle,structured-top,5000000000.0
sfc_lagrangian_sdf,0.013710000000000002,-0.009847628111738204,0.059152371888260065,-0.008155030558536551,0.008157064129853156,,,,0.001109189600112363,0,7.332142800092697,explicit,lumped,central_difference,MaterialSDF+LagrangianSDFContactOracle,structured-top,5000000000.0
sfc_lagrangian_sdf,0.013720000000000001,-0.009848900250761124,0.05915109974923714,-0.008171936860116356,0.008173754820564144,,,,0.0011189920980720887,0,7.332142800092697,explicit,lumped,central_difference,MaterialSDF+LagrangianSDFContactOracle,structured-top,5000000000.0
sfc_lagrangian_sdf,0.013730000000000001,-0.009850171777806761,0.05914982822219151,-0.008188831111540285,0.00819041331290517,,,,0.0011288413980030715,0,7.332142800092697,explicit,lumped,central_difference,MaterialSDF+LagrangianSDFContactOracle,structured-top,5000000000.0
sfc_lagrangian_sdf,0.01374,-0.009851443086354031,0.059148556913644235,-0.008205714674794671,0.008207071139979396,,,,0.0011387341939651046,0,7.332142800092697,explicit,lumped,central_difference,MaterialSDF+LagrangianSDFContactOracle,structured-top,5000000000.0
sfc_lagrangian_sdf,0.013750000000000002,-0.009852714579130473,0.0591472854208678,-0.00822258952447149,0.008223744471370515,,,,0.0011486633324410188,0,7.332142800092697,explicit,lumped,central_difference,MaterialSDF+LagrangianSDFContactOracle,structured-top,5000000000.0
sfc_lagrangian_sdf,0.013760000000000001,-0.00985398666576748,0.059146013334230786,-0.008239457771483227,0.008240495568481785,,,,0.0011586230799595166,0,7.332142800092697,explicit,lumped,central_difference,MaterialSDF+LagrangianSDFContactOracle,structured-top,5000000000.0
sfc_lagrangian_sdf,0.013770000000000001,-0.009855259760390743,0.05914474023960752,-0.008256321449383246,0.008257466465388125,,,,0.0011686134629619103,0,7.332142800092697,explicit,lumped,central_difference,MaterialSDF+LagrangianSDFContactOracle,structured-top,5000000000.0
sfc_lagrangian_sdf,0.01378,-0.00985653427916352,0.05914346572083475,-0.008273182645164658,0.008274570416133558,,,,0.0011786411437257314,0,7.332142800092697,explicit,lumped,central_difference,MaterialSDF+LagrangianSDFContactOracle,structured-top,5000000000.0
sfc_lagrangian_sdf,0.013790000000000002,-0.009857810637801152,0.05914218936219712,-0.008290043750186741,0.008291665458751861,,,,0.0011887156799597414,0,7.332142800092697,explicit,lumped,central_difference,MaterialSDF+LagrangianSDFContactOracle,structured-top,5000000000.0
sfc_lagrangian_sdf,0.013800000000000002,-0.009859089249075961,0.0591409107509223,-0.008306907547896461,0.008308753948508597,,,,0.0011988432516536597,0,7.332142800092697,explicit,lumped,central_difference,MaterialSDF+LagrangianSDFContactOracle,structured-top,5000000000.0
sfc_lagrangian_sdf,0.013810000000000001,-0.009860370520332161,0.05913962947966611,-0.008323777066849565,0.008325833599360611,,,,0.0012090227288366578,0,7.332142800092697,explicit,lumped,central_difference,MaterialSDF+LagrangianSDFContactOracle,structured-top,5000000000.0
sfc_lagrangian_sdf,0.01382,-0.009861654851030879,0.05913834514896739,-0.008340655378939826,0.008342896630010893,,,,0.0012192481968281753,0,7.332142800092697,explicit,lumped,central_difference,MaterialSDF+LagrangianSDFContactOracle,structured-top,5000000000.0
sfc_lagrangian_sdf,0.01383,-0.009862942630345482,0.05913705736965279,-0.008357545564076,0.008359932273244577,,,,0.0012295172198954884,0,7.332142800092697,explicit,lumped,central_difference,MaterialSDF+LagrangianSDFContactOracle,structured-top,5000000000.0
sfc_lagrangian_sdf,0.013840000000000002,-0.009864234234827534,0.05913576576517073,-0.008374450866729694,0.0083769325275703,,,,0.0012398387163673995,0,7.332142800092697,explicit,lumped,central_difference,MaterialSDF+LagrangianSDFContactOracle,structured-top,5000000000.0
sfc_lagrangian_sdf,0.013850000000000001,-0.009865530026163385,0.05913446997383488,-0.00839137484538258,0.008393898480369406,,,,0.0012502333084900724,0,7.332142800092697,explicit,lumped,central_difference,MaterialSDF+LagrangianSDFContactOracle,structured-top,5000000000.0
sfc_lagrangian_sdf,0.01386,-0.009866830349041102,0.05913316965095717,-0.008408321291581908,0.008410941335879807,,,,0.0012607241681323455,0,7.332142800092697,explicit,lumped,central_difference,MaterialSDF+LagrangianSDFContactOracle,structured-top,5000000000.0
sfc_lagrangian_sdf,0.01387,-0.009868135529146746,0.05913186447085152,-0.008425293896418587,0.008427999352713095,,,,0.001271324008452121,0,7.332142800092697,explicit,lumped,central_difference,MaterialSDF+LagrangianSDFContactOracle,structured-top,5000000000.0
sfc_lagrangian_sdf,0.013880000000000002,-0.009869445871308153,0.05913055412869011,-0.008442295875385652,0.008445040736290118,,,,0.001282027560125071,0,7.332142800092697,explicit,lumped,central_difference,MaterialSDF+LagrangianSDFContactOracle,structured-top,5000000000.0
sfc_lagrangian_sdf,0.013890000000000001,-0.009870761657803298,0.05912923834219497,-0.008459329809941435,0.00846207654691246,,,,0.0012928151268973246,0,7.332142800092697,explicit,lumped,central_difference,MaterialSDF+LagrangianSDFContactOracle,structured-top,5000000000.0
sfc_lagrangian_sdf,0.013900000000000001,-0.009872083146849054,0.05912791685314921,-0.008476397788246418,0.008479121662452632,,,,0.0013036644396103398,0,7.332142800092697,explicit,lumped,central_difference,MaterialSDF+LagrangianSDFContactOracle,structured-top,5000000000.0
sfc_lagrangian_sdf,0.01391,-0.009873410571284569,0.0591265894287137,-0.008493501693353988,0.008496188452598034,,,,0.0013145619114432587,0,7.332142800092697,explicit,lumped,central_difference,MaterialSDF+LagrangianSDFContactOracle,structured-top,5000000000.0
sfc_lagrangian_sdf,0.013920000000000002,-0.009874744137461861,0.0591252558625364,-0.00851064339722253,0.008513283638872542,,,,0.001325505553467635,0,7.332142800092697,explicit,lumped,central_difference,MaterialSDF+LagrangianSDFContactOracle,structured-top,5000000000.0
sfc_lagrangian_sdf,0.013930000000000001,-0.009876084024354328,0.05912391597564395,-0.008527824732447668,0.00853041046548392,,,,0.001336499010885719,0,7.332142800092697,explicit,lumped,central_difference,MaterialSDF+LagrangianSDFContactOracle,structured-top,5000000000.0
sfc_lagrangian_sdf,0.013940000000000001,-0.009877430382891728,0.05912256961710653,-0.008545047313188869,0.00854757365585625,,,,0.0013475431432122566,0,7.332142800092697,explicit,lumped,central_difference,MaterialSDF+LagrangianSDFContactOracle,structured-top,5000000000.0
sfc_lagrangian_sdf,0.01395,-0.009878783335528189,0.05912121666447007,-0.00856231239131479,0.00856478241462558,,,,0.001358631159228294,0,7.332142800092697,explicit,lumped,central_difference,MaterialSDF+LagrangianSDFContactOracle,structured-top,5000000000.0
sfc_lagrangian_sdf,0.013960000000000002,-0.009880142976047368,0.0591198570239509,-0.00857962088605961,0.008582047498973427,,,,0.001369756443291235,0,7.332142800092697,explicit,lumped,central_difference,MaterialSDF+LagrangianSDFContactOracle,structured-top,5000000000.0
sfc_lagrangian_sdf,0.013970000000000002,-0.009881509369606557,0.05911849063039171,-0.00859697357599418,0.008599378428110293,,,,0.0013809144721525627,0,7.332142800092697,explicit,lumped,central_difference,MaterialSDF+LagrangianSDFContactOracle,structured-top,5000000000.0
sfc_lagrangian_sdf,0.013980000000000001,-0.009882882553019215,0.05911711744697905,-0.008614371316612978,0.00861676768249453,,,,0.0013921064262253941,0,7.332142800092697,explicit,lumped,central_difference,MaterialSDF+LagrangianSDFContactOracle,structured-top,5000000000.0
sfc_lagrangian_sdf,0.01399,-0.009884262535272836,0.05911573746472543,-0.008631815132259198,0.00863418783855582,,,,0.0014033354771910002,0,7.332142800092697,explicit,lumped,central_difference,MaterialSDF+LagrangianSDFContactOracle,structured-top,5000000000.0
sfc_lagrangian_sdf,0.014,-0.00988564929827681,0.05911435070172146,-0.008649306124537699,0.008651636927411584,,,,0.001414599467466654,0,7.332142800092697,explicit,lumped,central_difference,MaterialSDF+LagrangianSDFContactOracle,structured-top,5000000000.0
sfc_lagrangian_sdf,0.014010000000000002,-0.009887042797832472,0.059112957202165785,-0.00866684526710434,0.00866911658425516,,,,0.0014258863272353219,0,7.332142800092697,explicit,lumped,central_difference,MaterialSDF+LagrangianSDFContactOracle,structured-top,5000000000.0
sfc_lagrangian_sdf,0.014020000000000001,-0.009888442964815409,0.05911155703518286,-0.008684433229093923,0.008686629631720063,,,,0.0014371759580618874,0,7.332142800092697,explicit,lumped,central_difference,MaterialSDF+LagrangianSDFContactOracle,structured-top,5000000000.0
sfc_lagrangian_sdf,0.01403,-0.009889849706557756,0.05911015029344051,-0.008702070334971123,0.008704178184537609,,,,0.0014484471632220065,0,7.332142800092697,explicit,lumped,central_difference,MaterialSDF+LagrangianSDFContactOracle,structured-top,5000000000.0
sfc_lagrangian_sdf,0.01404,-0.009891262908416512,0.05910873709158175,-0.00871975664756136,0.00872176365548597,,,,0.0014596846577818166,0,7.332142800092697,explicit,lumped,central_difference,MaterialSDF+LagrangianSDFContactOracle,structured-top,5000000000.0
sfc_lagrangian_sdf,0.014050000000000002,-0.009892682435511769,0.0591073175644865,-0.008737492041531118,0.008739387653965777,,,,0.0014708818378588815,0,7.332142800092697,explicit,lumped,central_difference,MaterialSDF+LagrangianSDFContactOracle,structured-top,5000000000.0
sfc_lagrangian_sdf,0.014060000000000001,-0.00989410813461741,0.05910589186538085,-0.008755276118357812,0.008757051822057623,,,,0.0014820387215607345,0,7.332142800092697,explicit,lumped,central_difference,MaterialSDF+LagrangianSDFContactOracle,structured-top,5000000000.0
sfc_lagrangian_sdf,0.014070000000000001,-0.009895539836185224,0.05910446016381304,-0.008773107933540013,0.00877475617780594,,,,0.0014931578710390251,0,7.332142800092697,explicit,lumped,central_difference,MaterialSDF+LagrangianSDFContactOracle,structured-top,5000000000.0
sfc_lagrangian_sdf,0.01408,-0.009896977356482399,0.05910302264351587,-0.008790985680732808,0.008792497876068972,,,,0.0015042414963784487,0,7.332142800092697,explicit,lumped,central_difference,MaterialSDF+LagrangianSDFContactOracle,structured-top,5000000000.0
sfc_lagrangian_sdf,0.014090000000000002,-0.009898420499821281,0.05910157950017698,-0.008808906559985565,0.008810272756009105,,,,0.001515290496797602,0,7.332142800092697,explicit,lumped,central_difference,MaterialSDF+LagrangianSDFContactOracle,structured-top,5000000000.0
sfc_lagrangian_sdf,0.014100000000000001,-0.009899869060859748,0.05910013093913851,-0.00882686696236656,0.008828205678221086,,,,0.001526303509377117,0,7.332142800092697,explicit,lumped,central_difference,MaterialSDF+LagrangianSDFContactOracle,structured-top,5000000000.0
sfc_lagrangian_sdf,0.014110000000000001,-0.009901322826950089,0.059098677173048175,-0.008844862893626236,0.0088462268494952,,,,0.0015372738041243208,0,7.332142800092697,explicit,lumped,central_difference,MaterialSDF+LagrangianSDFContactOracle,structured-top,5000000000.0
sfc_lagrangian_sdf,0.01412,-0.00990278158051415,0.059097218419484114,-0.008862890403931501,0.008864269207736999,,,,0.0015481845513282346,0,7.332142800092697,explicit,lumped,central_difference,MaterialSDF+LagrangianSDFContactOracle,structured-top,5000000000.0
sfc_lagrangian_sdf,0.014130000000000002,-0.009904245101422625,0.05909575489857565,-0.008880945814396832,0.008882315265294443,,,,0.0015590062865069795,0,7.332142800092697,explicit,lumped,central_difference,MaterialSDF+LagrangianSDFContactOracle,structured-top,5000000000.0
sfc_lagrangian_sdf,0.014140000000000002,-0.009905713169356711,0.05909428683064155,-0.008899025699409363,0.008900354521770827,,,,0.0015697009567618395,0,7.332142800092697,explicit,lumped,central_difference,MaterialSDF+LagrangianSDFContactOracle,structured-top,5000000000.0
sfc_lagrangian_sdf,0.014150000000000001,-0.009907185566130967,0.0590928144338673,-0.008917126738509858,0.008918511950576618,,,,0.0015802332007600786,0,7.332142800092697,explicit,lumped,central_difference,MaterialSDF+LagrangianSDFContactOracle,structured-top,5000000000.0
sfc_lagrangian_sdf,0.01416,-0.009908662077956962,0.059091337922041305,-0.008935245569809586,0.008936680707862653,,,,0.0015905835720309896,0,7.332142800092697,explicit,lumped,central_difference,MaterialSDF+LagrangianSDFContactOracle,structured-top,5000000000.0
sfc_lagrangian_sdf,0.01417,-0.009910142497628355,0.05908985750236991,-0.00895337868852996,0.008954838795202104,,,,0.001600755000267846,0,7.332142800092697,explicit,lumped,central_difference,MaterialSDF+LagrangianSDFContactOracle,structured-top,5000000000.0
sfc_lagrangian_sdf,0.014180000000000002,-0.00991162662660919,0.059088373373389076,-0.008971522374332646,0.008972982809733592,,,,0.0016107666911631955,0,7.332142800092697,explicit,lumped,central_difference,MaterialSDF+LagrangianSDFContactOracle,structured-top,5000000000.0
sfc_lagrangian_sdf,0.014190000000000001,-0.00991311427700852,0.05908688572298975,-0.00898967267760833,0.008991196484633607,,,,0.0016206380490323515,0,7.332142800092697,explicit,lumped,central_difference,MaterialSDF+LagrangianSDFContactOracle,structured-top,5000000000.0
sfc_lagrangian_sdf,0.0142,-0.009914605273425916,0.05908539472657236,-0.00900782557249331,0.009009487697561434,,,,0.0016303731796125556,0,7.332142800092697,explicit,lumped,central_difference,MaterialSDF+LagrangianSDFContactOracle,structured-top,5000000000.0
sfc_lagrangian_sdf,0.01421,-0.009916099454654033,0.05908390054534423,-0.009025977349071216,0.009027793895547916,,,,0.0016399572750105292,0,7.332142800092697,explicit,lumped,central_difference,MaterialSDF+LagrangianSDFContactOracle,structured-top,5000000000.0
sfc_lagrangian_sdf,0.014220000000000002,-0.009917596675225923,0.05908240332477234,-0.00904412513588156,0.009046075334537081,,,,0.0016493678691931035,0,7.332142800092697,explicit,lumped,central_difference,MaterialSDF+LagrangianSDFContactOracle,structured-top,5000000000.0
sfc_lagrangian_sdf,0.014230000000000001,-0.009919096806796602,0.059080903193201674,-0.009062267266026729,0.00906431070769136,,,,0.001658592327089939,0,7.332142800092697,explicit,lumped,central_difference,MaterialSDF+LagrangianSDFContactOracle,structured-top,5000000000.0
sfc_lagrangian_sdf,0.014240000000000001,-0.009920599739350002,0.05907940026064827,-0.009080403223747657,0.00908248344167414,,,,0.0016676374521820232,0,7.332142800092697,explicit,lumped,central_difference,MaterialSDF+LagrangianSDFContactOracle,structured-top,5000000000.0
sfc_lagrangian_sdf,0.01425,-0.00992210538222421,0.05907789461777406,-0.009098533166324634,0.0091005902517491,,,,0.0016765204908765676,0,7.332142800092697,explicit,lumped,central_difference,MaterialSDF+LagrangianSDFContactOracle,structured-top,5000000000.0
sfc_lagrangian_sdf,0.014260000000000002,-0.009923613664949591,0.059076386335048685,-0.009116657313019036,0.009118643241637588,,,,0.0016852568593654091,0,7.332142800092697,explicit,lumped,central_difference,MaterialSDF+LagrangianSDFContactOracle,structured-top,5000000000.0
sfc_lagrangian_sdf,0.014270000000000001,-0.009925124537896077,0.059074875462102196,-0.009134775575016756,0.009136662705741615,,,,0.001693846175579362,0,7.332142800092697,explicit,lumped,central_difference,MaterialSDF+LagrangianSDFContactOracle,structured-top,5000000000.0
sfc_lagrangian_sdf,0.014280000000000001,-0.009926637972727513,0.05907336202727075,-0.009152887599131373,0.009154792772172285,,,,0.0017022675530706827,0,7.332142800092697,explicit,lumped,central_difference,MaterialSDF+LagrangianSDFContactOracle,structured-top,5000000000.0
sfc_lagrangian_sdf,0.01429,-0.009928153962662618,0.059071846037335646,-0.009170993096376562,0.009172955144848456,,,,0.001710497568549975,0,7.332142800092697,explicit,lumped,central_difference,MaterialSDF+LagrangianSDFContactOracle,structured-top,5000000000.0
sfc_lagrangian_sdf,0.014300000000000002,-0.009929672522543431,0.05907032747745483,-0.009189092179426952,0.009191060454661119,,,,0.001718526630017104,0,7.332142800092697,explicit,lumped,central_difference,MaterialSDF+LagrangianSDFContactOracle,structured-top,5000000000.0
sfc_lagrangian_sdf,0.014310000000000002,-0.009931193688713782,0.05906880631128448,-0.009207185524961902,0.009209104338698815,,,,0.0017263626688603089,0,7.332142800092697,explicit,lumped,central_difference,MaterialSDF+LagrangianSDFContactOracle,structured-top,5000000000.0
sfc_lagrangian_sdf,0.014320000000000001,-0.009932717518711422,0.05906728248128685,-0.009225274364236263,0.009227096592507351,,,,0.0017340200650929943,0,7.332142800092697,explicit,lumped,central_difference,MaterialSDF+LagrangianSDFContactOracle,structured-top,5000000000.0
sfc_lagrangian_sdf,0.01433,-0.009934244090778904,0.059065755909219364,-0.009243360391513225,0.009245058611529423,,,,0.0017415051493406412,0,7.332142800092697,explicit,lumped,central_difference,MaterialSDF+LagrangianSDFContactOracle,structured-top,5000000000.0
sfc_lagrangian_sdf,0.01434,-0.009935773503199278,0.059064226496798995,-0.009261445625708953,0.009263037394402212,,,,0.001748812520582536,0,7.332142800092697,explicit,lumped,central_difference,MaterialSDF+LagrangianSDFContactOracle,structured-top,5000000000.0
sfc_lagrangian_sdf,0.014350000000000002,-0.009937305873463882,0.059062694126534386,-0.009279532199876837,0.00928106358426916,,,,0.0017559359912347567,0,7.332142800092697,explicit,lumped,central_difference,MaterialSDF+LagrangianSDFContactOracle,structured-top,5000000000.0
sfc_lagrangian_sdf,0.014360000000000001,-0.00993884133728043,0.05906115866271784,-0.009297622110563881,0.009299153068688434,,,,0.0017628837624565443,0,7.332142800092697,explicit,lumped,central_difference,MaterialSDF+LagrangianSDFContactOracle,structured-top,5000000000.0
sfc_lagrangian_sdf,0.01437,-0.009940380047430458,0.05905961995256782,-0.009315717083819036,0.009317368456578464,,,,0.001769682684410492,0,7.332142800092697,explicit,lumped,central_difference,MaterialSDF+LagrangianSDFContactOracle,structured-top,5000000000.0
sfc_lagrangian_sdf,0.01438,-0.009941922172486106,0.059058077827512157,-0.009333818729139664,0.0093355597358367,,,,0.001776365845185264,0,7.332142800092697,explicit,lumped,central_difference,MaterialSDF+LagrangianSDFContactOracle,structured-top,5000000000.0
sfc_lagrangian_sdf,0.014390000000000002,-0.009943467895396865,0.05905653210460139,-0.009351928967400218,0.009353719251551476,,,,0.0017829528790715542,0,7.332142800092697,explicit,lumped,central_difference,MaterialSDF+LagrangianSDFContactOracle,structured-top,5000000000.0
sfc_lagrangian_sdf,0.014400000000000001,-0.009945017411957668,0.05905498258804061,-0.009370050468680995,0.009371851572190353,,,,0.0017894394588919827,0,7.332142800092697,explicit,lumped,central_difference,MaterialSDF+LagrangianSDFContactOracle,structured-top,5000000000.0
sfc_lagrangian_sdf,0.014410000000000001,-0.009946570929170267,0.059053429070827994,-0.00938818676824174,0.009390054375085102,,,,0.0017958048810754529,0,7.332142800092697,explicit,lumped,central_difference,MaterialSDF+LagrangianSDFContactOracle,structured-top,5000000000.0
sfc_lagrangian_sdf,0.01442,-0.009948128663510405,0.059051871336487864,-0.009406341946236336,0.00940828245588011,,,,0.0018020312184361539,0,7.332142800092697,explicit,lumped,central_difference,MaterialSDF+LagrangianSDFContactOracle,structured-top,5000000000.0
sfc_lagrangian_sdf,0.014430000000000002,-0.009949690839113822,0.05905030916088443,-0.009424520088776117,0.009426530049722616,,,,0.0018081180301857808,0,7.332142800092697,explicit,lumped,central_difference,MaterialSDF+LagrangianSDFContactOracle,structured-top,5000000000.0
sfc_lagrangian_sdf,0.014440000000000001,-0.009951257685894499,0.059048742314103765,-0.009442724901891337,0.009444799785055021,,,,0.0018140813295397151,0,7.332142800092697,explicit,lumped,central_difference,MaterialSDF+LagrangianSDFContactOracle,structured-top,5000000000.0
sfc_lagrangian_sdf,0.014450000000000001,-0.00995282943760901,0.059047170562389256,-0.00946095969512824,0.009463094274849367,,,,0.0018199397434085964,0,7.332142800092697,explicit,lumped,central_difference,MaterialSDF+LagrangianSDFContactOracle,structured-top,5000000000.0
sfc_lagrangian_sdf,0.01446,-0.009954406329881127,0.059045593670117136,-0.009479227644955627,0.00948141876479016,,,,0.0018257015411446184,0,7.332142800092697,explicit,lumped,central_difference,MaterialSDF+LagrangianSDFContactOracle,structured-top,5000000000.0
sfc_lagrangian_sdf,0.014470000000000002,-0.00995598859820113,0.05904401140179714,-0.009497532071355903,0.009499781469245206,,,,0.0018313641026040611,0,7.332142800092697,explicit,lumped,central_difference,MaterialSDF+LagrangianSDFContactOracle,structured-top,5000000000.0
sfc_lagrangian_sdf,0.014480000000000002,-0.009957576475914443,0.05904242352408382,-0.009515876540074618,0.009518233124373604,,,,0.0018369250081053071,0,7.332142800092697,explicit,lumped,central_difference,MaterialSDF+LagrangianSDFContactOracle,structured-top,5000000000.0
sfc_lagrangian_sdf,0.014490000000000001,-0.009959170192214463,0.0590408298077838,-0.00953426480307493,0.009536778108831296,,,,0.0018423929486611399,0,7.332142800092697,explicit,lumped,central_difference,MaterialSDF+LagrangianSDFContactOracle,structured-top,5000000000.0
sfc_lagrangian_sdf,0.0145,-0.009960769970154378,0.05903923002984388,-0.009552700683695495,0.009555351860501254,,,,0.0018477869931600097,0,7.332142800092697,explicit,lumped,central_difference,MaterialSDF+LagrangianSDFContactOracle,structured-top,5000000000.0
sfc_lagrangian_sdf,0.01451,-0.00996237602469295,0.05903762397530531,-0.009571187932380501,0.009573951058278456,,,,0.0018531237583930655,0,7.332142800092697,explicit,lumped,central_difference,MaterialSDF+LagrangianSDFContactOracle,structured-top,5000000000.0
sfc_lagrangian_sdf,0.014520000000000002,-0.009963988560788995,0.059036011439209266,-0.009589729973712859,0.009592577223295724,,,,0.0018584035201545236,0,7.332142800092697,explicit,lumped,central_difference,MaterialSDF+LagrangianSDFContactOracle,structured-top,5000000000.0
sfc_lagrangian_sdf,0.014530000000000001,-0.009965607771559238,0.05903439222843902,-0.009608329515642946,0.00961123572256274,,,,0.0018636041466447888,0,7.332142800092697,explicit,lumped,central_difference,MaterialSDF+LagrangianSDFContactOracle,structured-top,5000000000.0
sfc_lagrangian_sdf,0.01454,-0.0099672338365139,0.05903276616348436,-0.009626988184570553,0.009629932029527518,,,,0.0018687020113289524,0,7.332142800092697,explicit,lumped,central_difference,MaterialSDF+LagrangianSDFContactOracle,structured-top,5000000000.0
sfc_lagrangian_sdf,0.01455,-0.009968866919883995,0.05903113308011428,-0.009645706474512943,0.009648703515677174,,,,0.0018736902041304891,0,7.332142800092697,explicit,lumped,central_difference,MaterialSDF+LagrangianSDFContactOracle,structured-top,5000000000.0
sfc_lagrangian_sdf,0.014560000000000002,-0.009970507169053849,0.05902949283094441,-0.009664484169246415,0.00966749633091319,,,,0.0018785801961783938,0,7.332142800092697,explicit,lumped,central_difference,MaterialSDF+LagrangianSDFContactOracle,structured-top,5000000000.0
sfc_lagrangian_sdf,0.014570000000000001,-0.00997215471311172,0.05902784528688655,-0.009683321066238816,0.0096862954650858,,,,0.0018834010203833231,0,7.332142800092697,explicit,lumped,central_difference,MaterialSDF+LagrangianSDFContactOracle,structured-top,5000000000.0
sfc_lagrangian_sdf,0.014580000000000001,-0.009973809661530716,0.05902619033846755,-0.009702217566218146,0.00970514498722694,,,,0.0018881833512893846,0,7.332142800092697,explicit,lumped,central_difference,MaterialSDF+LagrangianSDFContactOracle,structured-top,5000000000.0
sfc_lagrangian_sdf,0.01459,-0.009975472102991286,0.05902452789700698,-0.009721174726296482,0.009724065054615386,,,,0.0018929448234453858,0,7.332142800092697,explicit,lumped,central_difference,MaterialSDF+LagrangianSDFContactOracle,structured-top,5000000000.0
sfc_lagrangian_sdf,0.014600000000000002,-0.00997714210435567,0.05902285789564259,-0.009740193693990665,0.00974303804947852,,,,0.0018976862114108138,0,7.332142800092697,explicit,lumped,central_difference,MaterialSDF+LagrangianSDFContactOracle,structured-top,5000000000.0
sfc_lagrangian_sdf,0.014610000000000001,-0.009978819709803506,0.05902118029019477,-0.0097592748048546,0.009762067875644863,,,,0.0019023985596077007,0,7.332142800092697,explicit,lumped,central_difference,MaterialSDF+LagrangianSDFContactOracle,structured-top,5000000000.0
sfc_lagrangian_sdf,0.014620000000000001,-0.009980504940136666,0.0590194950598616,-0.009778416792832565,0.009781159245026608,,,,0.001907073007123681,0,7.332142800092697,explicit,lumped,central_difference,MaterialSDF+LagrangianSDFContactOracle,structured-top,5000000000.0
sfc_lagrangian_sdf,0.01463,-0.009982197792259968,0.0590178022077383,-0.009797616469801115,0.009800317097893585,,,,0.001911704498886888,0,7.332142800092697,explicit,lumped,central_difference,MaterialSDF+LagrangianSDFContactOracle,structured-top,5000000000.0
sfc_lagrangian_sdf,0.014640000000000002,-0.009983898238843093,0.059016101761155175,-0.009816868997179042,0.009819544009515594,,,,0.0019162875137301964,0,7.332142800092697,explicit,lumped,central_difference,MaterialSDF+LagrangianSDFContactOracle,structured-top,5000000000.0
sfc_lagrangian_sdf,0.014650000000000002,-0.009985606228167427,0.059014393771830834,-0.009836168643853938,0.00983888285791588,,,,0.00192080989243563,0,7.332142800092697,explicit,lumped,central_difference,MaterialSDF+LagrangianSDFContactOracle,structured-top,5000000000.0
sfc_lagrangian_sdf,0.014660000000000001,-0.009987321684159972,0.05901267831583829,-0.009855509764728983,0.009858271563202566,,,,0.001925252837310433,0,7.332142800092697,explicit,lumped,central_difference,MaterialSDF+LagrangianSDFContactOracle,structured-top,5000000000.0
sfc_lagrangian_sdf,0.01467,-0.009989044506614846,0.059010955493383414,-0.009874887650735194,0.00987768888370661,,,,0.0019295995402446979,0,7.332142800092697,explicit,lumped,central_difference,MaterialSDF+LagrangianSDFContactOracle,structured-top,5000000000.0
sfc_lagrangian_sdf,0.01468,-0.009990774571601187,0.05900922542839707,-0.009894298924311016,0.009897123791131699,,,,0.001933846638828233,0,7.332142800092697,explicit,lumped,central_difference,MaterialSDF+LagrangianSDFContactOracle,structured-top,5000000000.0
sfc_lagrangian_sdf,0.014690000000000002,-0.009992511732054496,0.059007488267943775,-0.009913741330428223,0.0099165714643212,,,,0.0019380091046043181,0,7.332142800092697,explicit,lumped,central_difference,MaterialSDF+LagrangianSDFContactOracle,structured-top,5000000000.0
sfc_lagrangian_sdf,0.014700000000000001,-0.009994255818546799,0.05900574418145147,-0.009933213068007658,0.00993603355054281,,,,0.0019421136493909404,0,7.332142800092697,explicit,lumped,central_difference,MaterialSDF+LagrangianSDFContactOracle,structured-top,5000000000.0
sfc_lagrangian_sdf,0.01471,-0.009996006640229297,0.05900399335976897,-0.009952712055476178,0.009955514039790917,,,,0.001946184796110937,0,7.332142800092697,explicit,lumped,central_difference,MaterialSDF+LagrangianSDFContactOracle,structured-top,5000000000.0
sfc_lagrangian_sdf,0.01472,-0.00999776398593944,0.05900223601405884,-0.009972235536774362,0.009975014018429146,,,,0.0019502337964677657,0,7.332142800092697,explicit,lumped,central_difference,MaterialSDF+LagrangianSDFContactOracle,structured-top,5000000000.0
sfc_lagrangian_sdf,0.014730000000000002,-0.009999527625462884,0.05900047237453537,-0.009991780177110221,0.009994559002165499,,,,0.001954258311540456,0,7.332142800092697,explicit,lumped,central_difference,MaterialSDF+LagrangianSDFContactOracle,structured-top,5000000000.0
sfc_lagrangian_sdf,0.014740000000000001,-0.010001297310939133,0.05899870268905913,-0.010011342460774678,0.010014146194216294,,,,0.0019582519004883885,0,7.332142800092697,explicit,lumped,central_difference,MaterialSDF+LagrangianSDFContactOracle,structured-top,5000000000.0
sfc_lagrangian_sdf,0.014750000000000001,-0.010003072778398393,0.05899692722159987,-0.01003091904862658,0.010033722068748184,,,,0.0019622143187865942,0,7.332142800092697,explicit,lumped,central_difference,MaterialSDF+LagrangianSDFContactOracle,structured-top,5000000000.0
sfc_lagrangian_sdf,0.01476,-0.01000485374941581,0.058995146250582456,-0.010050506879113196,0.010053272503464772,,,,0.0019661532903353586,0,7.332142800092697,explicit,lumped,central_difference,MaterialSDF+LagrangianSDFContactOracle,structured-top,5000000000.0
sfc_lagrangian_sdf,0.014770000000000002,-0.010006639932868119,0.05899336006713016,-0.010070103053691333,0.01007279295124603,,,,0.0019700761160073715,0,7.332142800092697,explicit,lumped,central_difference,MaterialSDF+LagrangianSDFContactOracle,structured-top,5000000000.0
sfc_lagrangian_sdf,0.014780000000000001,-0.01000843102677683,0.05899156897322144,-0.01008970469307133,0.010092286698976861,,,,0.001973978587037627,0,7.332142800092697,explicit,lumped,central_difference,MaterialSDF+LagrangianSDFContactOracle,structured-top,5000000000.0
sfc_lagrangian_sdf,0.014790000000000001,-0.010010226720221154,0.058989773279777113,-0.01010930888951159,0.01011176034937816,,,,0.001977841304754373,0,7.332142800092697,explicit,lumped,central_difference,MaterialSDF+LagrangianSDFContactOracle,structured-top,5000000000.0
sfc_lagrangian_sdf,0.0148,-0.010012026695303359,0.05898797330469491,-0.010128912737329727,0.010131219981188105,,,,0.001981637410737319,0,7.332142800092697,explicit,lumped,central_difference,MaterialSDF+LagrangianSDFContactOracle,structured-top,5000000000.0
sfc_lagrangian_sdf,0.014810000000000002,-0.010013830629148748,0.058986169370849516,-0.010148513382371828,0.010150669674717729,,,,0.001985346218111559,0,7.332142800092697,explicit,lumped,central_difference,MaterialSDF+LagrangianSDFContactOracle,structured-top,5000000000.0
sfc_lagrangian_sdf,0.014820000000000002,-0.010015638195922234,0.058984361804076034,-0.010168108121142924,0.010170260227608394,,,,0.00198896246913229,0,7.332142800092697,explicit,lumped,central_difference,MaterialSDF+LagrangianSDFContactOracle,structured-top,5000000000.0
sfc_lagrangian_sdf,0.014830000000000001,-0.010017449068843429,0.05898255093115484,-0.010187694651137807,0.010189896046250356,,,,0.0019924947901169667,0,7.332142800092697,explicit,lumped,central_difference,MaterialSDF+LagrangianSDFContactOracle,structured-top,5000000000.0
sfc_lagrangian_sdf,0.01484,-0.010019262922182345,0.058980737077815926,-0.010207271482634703,0.010209556520140961,,,,0.0019959557464580098,0,7.332142800092697,explicit,lumped,central_difference,MaterialSDF+LagrangianSDFContactOracle,structured-top,5000000000.0
sfc_lagrangian_sdf,0.01485,-0.010021079433218142,0.05897892056678013,-0.010226838321854117,0.01022928381346562,,,,0.0019993520809373287,0,7.332142800092697,explicit,lumped,central_difference,MaterialSDF+LagrangianSDFContactOracle,structured-top,5000000000.0
sfc_lagrangian_sdf,0.014860000000000002,-0.010022898284143836,0.05897710171585443,-0.010246396143178038,0.010248982379299353,,,,0.0020026821156917582,0,7.332142800092697,explicit,lumped,central_difference,MaterialSDF+LagrangianSDFContactOracle,structured-top,5000000000.0
sfc_lagrangian_sdf,0.014870000000000001,-0.0100247191639007,0.05897528083609756,-0.010265946833239609,0.010268646812555174,,,,0.0020059411623846194,0,7.332142800092697,explicit,lumped,central_difference,MaterialSDF+LagrangianSDFContactOracle,structured-top,5000000000.0
sfc_lagrangian_sdf,0.01488,-0.010026541769926805,0.05897345823007146,-0.010285492608661372,0.010288276557273738,,,,0.0020091307249196105,0,7.332142800092697,explicit,lumped,central_difference,MaterialSDF+LagrangianSDFContactOracle,structured-top,5000000000.0
sfc_lagrangian_sdf,0.01489,-0.010028365809805295,0.058971634190192974,-0.010305035599764506,0.01030787599654644,,,,0.002012258656457636,0,7.332142800092697,explicit,lumped,central_difference,MaterialSDF+LagrangianSDFContactOracle,structured-top,5000000000.0
sfc_lagrangian_sdf,0.014900000000000002,-0.010030191002799081,0.05896980899719919,-0.010324577865758789,0.010327516596268597,,,,0.0020153369883650534,0,7.332142800092697,explicit,lumped,central_difference,MaterialSDF+LagrangianSDFContactOracle,structured-top,5000000000.0
sfc_lagrangian_sdf,0.014910000000000001,-0.01003201708125984,0.05896798291873842,-0.01034412176148262,0.010347191421631877,,,,0.0020183764897123285,0,7.332142800092697,explicit,lumped,central_difference,MaterialSDF+LagrangianSDFContactOracle,structured-top,5000000000.0
sfc_lagrangian_sdf,0.014920000000000001,-0.010033843791900716,0.05896615620809755,-0.01036367031107156,0.010366838471965949,,,,0.0020213838021007676,0,7.332142800092697,explicit,lumped,central_difference,MaterialSDF+LagrangianSDFContactOracle,structured-top,5000000000.0
sfc_lagrangian_sdf,0.01493,-0.0100356708969234,0.05896432910307487,-0.010383227276428321,0.01038644451084999,,,,0.002024362944232994,0,7.332142800092697,explicit,lumped,central_difference,MaterialSDF+LagrangianSDFContactOracle,structured-top,5000000000.0
sfc_lagrangian_sdf,0.014940000000000002,-0.010037498174991864,0.058962501825006404,-0.010402796876526477,0.010406004793677575,,,,0.0020273190848218636,0,7.332142800092697,explicit,lumped,central_difference,MaterialSDF+LagrangianSDFContactOracle,structured-top,5000000000.0
sfc_lagrangian_sdf,0.014950000000000001,-0.010039325422046521,0.05896067457795173,-0.010422383360057807,0.010425524827594583,,,,0.0020302611736190347,0,7.332142800092697,explicit,lumped,central_difference,MaterialSDF+LagrangianSDFContactOracle,structured-top,5000000000.0
sfc_lagrangian_sdf,0.014960000000000001,-0.010041152451954171,0.05895884754804409,-0.010441990666272771,0.010445018642583483,,,,0.0020332017663690144,0,7.332142800092697,explicit,lumped,central_difference,MaterialSDF+LagrangianSDFContactOracle,structured-top,5000000000.0
sfc_lagrangian_sdf,0.01497,-0.010042979096990647,0.05895702090300762,-0.010461622266608218,0.010464504615552922,,,,0.00203615492481274,0,7.332142800092697,explicit,lumped,central_difference,MaterialSDF+LagrangianSDFContactOracle,structured-top,5000000000.0
sfc_lagrangian_sdf,0.014980000000000002,-0.01004480520815463,0.05895519479184363,-0.010481281151018294,0.010484027266414354,,,,0.002039134064181191,0,7.332142800092697,explicit,lumped,central_difference,MaterialSDF+LagrangianSDFContactOracle,structured-top,5000000000.0
sfc_lagrangian_sdf,0.014990000000000002,-0.010046630655312663,0.058953369344685605,-0.010500969923766292,0.010503688490705477,,,,0.002042150741192653,0,7.332142800092697,explicit,lumped,central_difference,MaterialSDF+LagrangianSDFContactOracle,structured-top,5000000000.0
sfc_lagrangian_sdf,0.015000000000000001,-0.010048455327176874,0.0589515446728214,-0.01052069103549732,0.01052336547477589,,,,0.002045214104725129,0,7.332142800092697,explicit,lumped,central_difference,MaterialSDF+LagrangianSDFContactOracle,structured-top,5000000000.0
sfc_lagrangian_sdf,0.01501,-0.010050279131118351,0.058949720868879917,-0.010540447156348966,0.010543047369447417,,,,0.00204833046157147,0,7.332142800092697,explicit,lumped,central_difference,MaterialSDF+LagrangianSDFContactOracle,structured-top,5000000000.0
sfc_lagrangian_sdf,0.01502,-0.01005210199282052,0.05894789800717774,-0.010560241557576705,0.010562730386608073,,,,0.0020515030898147564,0,7.332142800092697,explicit,lumped,central_difference,MaterialSDF+LagrangianSDFContactOracle,structured-top,5000000000.0
sfc_lagrangian_sdf,0.015030000000000002,-0.010053923855778185,0.05894607614422008,-0.010580078254179134,0.010582482454994097,,,,0.0020547329618140382,0,7.332142800092697,explicit,lumped,central_difference,MaterialSDF+LagrangianSDFContactOracle,structured-top,5000000000.0
sfc_lagrangian_sdf,0.015040000000000001,-0.010055744680649138,0.058944255319349124,-0.01059996172953807,0.010602613717990044,,,,0.002058020657542568,0,7.332142800092697,explicit,lumped,central_difference,MaterialSDF+LagrangianSDFContactOracle,structured-top,5000000000.0
sfc_lagrangian_sdf,0.015050000000000001,-0.010057564444466332,0.05894243555553193,-0.010619896315199544,0.010622763711936633,,,,0.0020613688100022303,0,7.332142800092697,explicit,lumped,central_difference,MaterialSDF+LagrangianSDFContactOracle,structured-top,5000000000.0
sfc_lagrangian_sdf,0.01506,-0.010059383139719802,0.058940616860278454,-0.010639885550241491,0.010642937117922321,,,,0.0020647836929150102,0,7.332142800092697,explicit,lumped,central_difference,MaterialSDF+LagrangianSDFContactOracle,structured-top,5000000000.0
sfc_lagrangian_sdf,0.015070000000000002,-0.010061200773318365,0.05893879922667991,-0.010659931891356066,0.010663147667576046,,,,0.002068275593351616,0,7.332142800092697,explicit,lumped,central_difference,MaterialSDF+LagrangianSDFContactOracle,structured-top,5000000000.0
sfc_lagrangian_sdf,0.015080000000000001,-0.01006301736544207,0.05893698263455619,-0.010680036946942953,0.010683410641066536,,,,0.002071858405472328,0,7.332142800092697,explicit,lumped,central_difference,MaterialSDF+LagrangianSDFContactOracle,structured-top,5000000000.0
sfc_lagrangian_sdf,0.015090000000000001,-0.010064832948297154,0.05893516705170111,-0.0107002021134373,0.010703737124977306,,,,0.0020755456380719415,0,7.332142800092697,explicit,lumped,central_difference,MaterialSDF+LagrangianSDFContactOracle,structured-top,5000000000.0
sfc_lagrangian_sdf,0.0151,-0.010066647564785916,0.058933352435212354,-0.010720429292780166,0.010724132668383353,,,,0.0020793496644625977,0,7.332142800092697,explicit,lumped,central_difference,MaterialSDF+LagrangianSDFContactOracle,structured-top,5000000000.0
sfc_lagrangian_sdf,0.015110000000000002,-0.010068461267104532,0.05893153873289374,-0.010740721354611555,0.010744628529488156,,,,0.0020832808774306163,0,7.332142800092697,explicit,lumped,central_difference,MaterialSDF+LagrangianSDFContactOracle,structured-top,5000000000.0
sfc_lagrangian_sdf,0.015120000000000001,-0.010070274115282262,0.05892972588471601,-0.010761082135221724,0.010765200691510608,,,,0.00208734811568455,0,7.332142800092697,explicit,lumped,central_difference,MaterialSDF+LagrangianSDFContactOracle,structured-top,5000000000.0
sfc_lagrangian_sdf,0.015130000000000001,-0.010072086175675973,0.058927913824322296,-0.0107815159529997,0.010785841009825594,,,,0.0020915599077807293,0,7.332142800092697,explicit,lumped,central_difference,MaterialSDF+LagrangianSDFContactOracle,structured-top,5000000000.0
sfc_lagrangian_sdf,0.01514,-0.010073897519434109,0.058926102480564145,-0.010802026807416924,0.010806553076016466,,,,0.002095925279231354,0,7.332142800092697,explicit,lumped,central_difference,MaterialSDF+LagrangianSDFContactOracle,structured-top,5000000000.0
sfc_lagrangian_sdf,0.015150000000000002,-0.010075708220944429,0.058924291779053846,-0.010822617568187082,0.010827339693437115,,,,0.0021004524417715625,0,7.332142800092697,explicit,lumped,central_difference,MaterialSDF+LagrangianSDFContactOracle,structured-top,5000000000.0
sfc_lagrangian_sdf,0.015160000000000002,-0.010077518356279942,0.05892248164371833,-0.010843289484261371,0.01084819978582836,,,,0.00210514643884628,0,7.332142800092697,explicit,lumped,central_difference,MaterialSDF+LagrangianSDFContactOracle,structured-top,5000000000.0
sfc_lagrangian_sdf,0.015170000000000001,-0.010079328001657423,0.05892067199834084,-0.010864042193758252,0.010869127298849191,,,,0.0021100039389561286,0,7.332142800092697,explicit,lumped,central_difference,MaterialSDF+LagrangianSDFContactOracle,structured-top,5000000000.0
sfc_lagrangian_sdf,0.01518,-0.01008113723192274,0.05891886276807553,-0.010884874143989523,0.010890112715543798,,,,0.0021150116958839464,0,7.332142800092697,explicit,lumped,central_difference,MaterialSDF+LagrangianSDFContactOracle,structured-top,5000000000.0
sfc_lagrangian_sdf,0.01519,-0.010082946119077008,0.05891705388092125,-0.010905783108858529,0.010911145994859157,,,,0.0021201511421506114,0,7.332142800092697,explicit,lumped,central_difference,MaterialSDF+LagrangianSDFContactOracle,structured-top,5000000000.0
sfc_lagrangian_sdf,0.015200000000000002,-0.010084754730857194,0.05891524526914106,-0.010926766496575547,0.010932219237580901,,,,0.00212540513173588,0,7.332142800092697,explicit,lumped,central_difference,MaterialSDF+LagrangianSDFContactOracle,structured-top,5000000000.0
sfc_lagrangian_sdf,0.015210000000000001,-0.01008656312938441,0.058913436870613865,-0.010947821381330559,0.010953328010116491,,,,0.002130766163733356,0,7.332142800092697,explicit,lumped,central_difference,MaterialSDF+LagrangianSDFContactOracle,structured-top,5000000000.0
sfc_lagrangian_sdf,0.015220000000000001,-0.010088371369892466,0.0589116286301058,-0.010968944464745665,0.010974471063036145,,,,0.0021362393733403355,0,7.332142800092697,explicit,lumped,central_difference,MaterialSDF+LagrangianSDFContactOracle,structured-top,5000000000.0
sfc_lagrangian_sdf,0.01523,-0.010090179499548602,0.05890982050044966,-0.010990132230891047,0.010995648721062594,,,,0.002141837959868042,0,7.332142800092697,explicit,lumped,central_difference,MaterialSDF+LagrangianSDFContactOracle,structured-top,5000000000.0
sfc_lagrangian_sdf,0.015240000000000002,-0.010091987556377574,0.05890801244362069,-0.01101138134890091,0.011016860739272497,,,,0.0021475735228640943,0,7.332142800092697,explicit,lumped,central_difference,MaterialSDF+LagrangianSDFContactOracle,structured-top,5000000000.0
sfc_lagrangian_sdf,0.015250000000000001,-0.010093795568299242,0.05890620443169902,-0.01103268910118251,0.011038104962925918,,,,0.0021534475590665497,0,7.332142800092697,explicit,lumped,central_difference,MaterialSDF+LagrangianSDFContactOracle,structured-top,5000000000.0
sfc_lagrangian_sdf,0.015260000000000001,-0.010095603552288893,0.058904396447709374,-0.011054053540082048,0.011059378031707581,,,,0.0021594498294460964,0,7.332142800092697,explicit,lumped,central_difference,MaterialSDF+LagrangianSDFContactOracle,structured-top,5000000000.0
sfc_lagrangian_sdf,0.01527,-0.010097411513668386,0.05890258848632988,-0.01107547327318431,0.011080678053165757,,,,0.002165564511711827,0,7.332142800092697,explicit,lumped,central_difference,MaterialSDF+LagrangianSDFContactOracle,structured-top,5000000000.0
sfc_lagrangian_sdf,0.015280000000000002,-0.010099219445534914,0.05890078055446335,-0.011096947054765636,0.011102007316643353,,,,0.0021717794130669448,0,7.332142800092697,explicit,lumped,central_difference,MaterialSDF+LagrangianSDFContactOracle,structured-top,5000000000.0
sfc_lagrangian_sdf,0.015290000000000002,-0.01010102732833295,0.05889897267166533,-0.01111847346002374,0.011123372511399601,,,,0.0021780912626608575,0,7.332142800092697,explicit,lumped,central_difference,MaterialSDF+LagrangianSDFContactOracle,structured-top,5000000000.0
sfc_lagrangian_sdf,0.015300000000000001,-0.01010283512957348,0.05889716487042478,-0.011140050775212951,0.011144781648736857,,,,0.0021845030111198706,0,7.332142800092697,explicit,lumped,central_difference,MaterialSDF+LagrangianSDFContactOracle,structured-top,5000000000.0
sfc_lagrangian_sdf,0.01531,-0.010104642803703224,0.058895357196295045,-0.011161677030248496,0.011166239936638407,,,,0.002191015017926011,0,7.332142800092697,explicit,lumped,central_difference,MaterialSDF+LagrangianSDFContactOracle,structured-top,5000000000.0
sfc_lagrangian_sdf,0.015320000000000002,-0.010106450292124904,0.05889354970787336,-0.011183350046055545,0.011187767777241345,,,,0.002197616579451203,0,7.332142800092697,explicit,lumped,central_difference,MaterialSDF+LagrangianSDFContactOracle,structured-top,5000000000.0
sfc_lagrangian_sdf,0.015330000000000002,-0.010108257523368143,0.05889174247663012,-0.011205067482156134,0.011209343395330794,,,,0.0022042799467285094,0,7.332142800092697,explicit,lumped,central_difference,MaterialSDF+LagrangianSDFContactOracle,structured-top,5000000000.0
sfc_lagrangian_sdf,0.015340000000000001,-0.010110064413408941,0.05888993558658933,-0.011226826962980678,0.011230965775027607,,,,0.002210979172136537,0,7.332142800092697,explicit,lumped,central_difference,MaterialSDF+LagrangianSDFContactOracle,structured-top,5000000000.0
sfc_lagrangian_sdf,0.01535,-0.01011187086613401,0.05888812913386426,-0.011248626277251669,0.011252631331590547,,,,0.002217689686829032,0,7.332142800092697,explicit,lumped,central_difference,MaterialSDF+LagrangianSDFContactOracle,structured-top,5000000000.0
sfc_lagrangian_sdf,0.015360000000000002,-0.010113676773944714,0.058886323226053555,-0.01127046346263151,0.01127433611966623,,,,0.0022243994210712653,0,7.332142800092697,explicit,lumped,central_difference,MaterialSDF+LagrangianSDFContactOracle,structured-top,5000000000.0
sfc_lagrangian_sdf,0.015370000000000002,-0.010115482018493712,0.05888451798150455,-0.011292336554523883,0.011296074541687653,,,,0.0022311114279781946,0,7.332142800092697,explicit,lumped,central_difference,MaterialSDF+LagrangianSDFContactOracle,structured-top,5000000000.0
sfc_lagrangian_sdf,0.015380000000000001,-0.01011728647154593,0.05888271352845234,-0.011314243022090597,0.011317837575904283,,,,0.0022378389995579284,0,7.332142800092697,explicit,lumped,central_difference,MaterialSDF+LagrangianSDFContactOracle,structured-top,5000000000.0
sfc_lagrangian_sdf,0.015390000000000001,-0.010119089995953984,0.05888091000404427,-0.011336179256620144,0.011339613704402967,,,,0.002244597255580168,0,7.332142800092697,explicit,lumped,central_difference,MaterialSDF+LagrangianSDFContactOracle,structured-top,5000000000.0
sfc_lagrangian_sdf,0.0154,-0.010120892446736833,0.05887910755326143,-0.011358140570887548,0.011361392685557964,,,,0.0022513951411008547,0,7.332142800092697,explicit,lumped,central_difference,MaterialSDF+LagrangianSDFContactOracle,structured-top,5000000000.0
sfc_lagrangian_sdf,0.015410000000000002,-0.010122693672249189,0.058877306327749075,-0.011380121855578764,0.01138342096651376,,,,0.00225823018635738,0,7.332142800092697,explicit,lumped,central_difference,MaterialSDF+LagrangianSDFContactOracle,structured-top,5000000000.0
sfc_lagrangian_sdf,0.015420000000000001,-0.010124493515428112,0.05887550648457015,-0.01140211855226486,0.011405599126265533,,,,0.0022650867769230714,0,7.332142800092697,explicit,lumped,central_difference,MaterialSDF+LagrangianSDFContactOracle,structured-top,5000000000.0
sfc_lagrangian_sdf,0.015430000000000001,-0.010126291815102188,0.05887370818489607,-0.011424127372309772,0.011427838963902212,,,,0.002271938290203507,0,7.332142800092697,explicit,lumped,central_difference,MaterialSDF+LagrangianSDFContactOracle,structured-top,5000000000.0
sfc_lagrangian_sdf,0.01544,-0.010128088407348045,0.05887191159265022,-0.011446146430232581,0.011450078128951232,,,,0.002278753462960613,0,7.332142800092697,explicit,lumped,central_difference,MaterialSDF+LagrangianSDFContactOracle,structured-top,5000000000.0
sfc_lagrangian_sdf,0.015450000000000002,-0.010129883126878151,0.05887011687312012,-0.011468174941850944,0.011472313895967838,,,,0.0022855061249454187,0,7.332142800092697,explicit,lumped,central_difference,MaterialSDF+LagrangianSDFContactOracle,structured-top,5000000000.0
sfc_lagrangian_sdf,0.015460000000000002,-0.010131675808443659,0.05886832419155461,-0.011490212910214358,0.01149454389214006,,,,0.0022921847933412135,0,7.332142800092697,explicit,lumped,central_difference,MaterialSDF+LagrangianSDFContactOracle,structured-top,5000000000.0
sfc_lagrangian_sdf,0.015470000000000001,-0.01013346628823569,0.05886653371176258,-0.0115122610556553,0.0115167636342964,,,,0.0022987967311897243,0,7.332142800092697,explicit,lumped,central_difference,MaterialSDF+LagrangianSDFContactOracle,structured-top,5000000000.0
sfc_lagrangian_sdf,0.01548,-0.01013525440526856,0.058864745594729706,-0.011534320857551466,0.011538969472029151,,,,0.0023053626406986816,0,7.332142800092697,explicit,lumped,central_difference,MaterialSDF+LagrangianSDFContactOracle,structured-top,5000000000.0
sfc_lagrangian_sdf,0.015490000000000002,-0.010137040002728671,0.0588629599972696,-0.011556394397576416,0.011561163110479333,,,,0.002311903475640849,0,7.332142800092697,explicit,lumped,central_difference,MaterialSDF+LagrangianSDFContactOracle,structured-top,5000000000.0
sfc_lagrangian_sdf,0.015500000000000002,-0.010138822929273244,0.05886117707072502,-0.011578483920800754,0.011583351681993585,,,,0.0023184265830044934,0,7.332142800092697,explicit,lumped,central_difference,MaterialSDF+LagrangianSDFContactOracle,structured-top,5000000000.0
sfc_lagrangian_sdf,0.015510000000000001,-0.010140603040263683,0.05885939695973457,-0.01160059141029701,0.011605572519405662,,,,0.0023249198031015075,0,7.332142800092697,explicit,lumped,central_difference,MaterialSDF+LagrangianSDFContactOracle,structured-top,5000000000.0
sfc_lagrangian_sdf,0.01552,-0.010142380198919356,0.058857619801078905,-0.011622718569817706,0.011627813003857339,,,,0.002331357278422251,0,7.332142800092697,explicit,lumped,central_difference,MaterialSDF+LagrangianSDFContactOracle,structured-top,5000000000.0
sfc_lagrangian_sdf,0.015530000000000002,-0.010144154277378472,0.058855845722619794,-0.011644867276776652,0.011650042040740377,,,,0.002337712615296004,0,7.332142800092697,explicit,lumped,central_difference,MaterialSDF+LagrangianSDFContactOracle,structured-top,5000000000.0
sfc_lagrangian_sdf,0.015540000000000002,-0.010145925157654098,0.058854074842344166,-0.011667040112692678,0.0116722551172018,,,,0.002343969893549568,0,7.332142800092697,explicit,lumped,central_difference,MaterialSDF+LagrangianSDFContactOracle,structured-top,5000000000.0
sfc_lagrangian_sdf,0.015550000000000001,-0.010147692732474739,0.058852307267523524,-0.011689240463839363,0.011694452041526379,,,,0.002350125110618704,0,7.332142800092697,explicit,lumped,central_difference,MaterialSDF+LagrangianSDFContactOracle,structured-top,5000000000.0
sfc_lagrangian_sdf,0.015560000000000001,-0.010149456906000316,0.058850543093997953,-0.011711472050316273,0.011716634987396326,,,,0.0023561784930929575,0,7.332142800092697,explicit,lumped,central_difference,MaterialSDF+LagrangianSDFContactOracle,structured-top,5000000000.0
sfc_lagrangian_sdf,0.01557,-0.010151217594406221,0.05884878240559205,-0.011733738246161817,0.011738804375188155,,,,0.0023621253463134446,0,7.332142800092697,explicit,lumped,central_difference,MaterialSDF+LagrangianSDFContactOracle,structured-top,5000000000.0
sfc_lagrangian_sdf,0.015580000000000002,-0.010152974726329662,0.0588470252736686,-0.011756041711930914,0.011760958083813684,,,,0.0023679537327646557,0,7.332142800092697,explicit,lumped,central_difference,MaterialSDF+LagrangianSDFContactOracle,structured-top,5000000000.0
sfc_lagrangian_sdf,0.015590000000000001,-0.010154728243174453,0.05884527175682381,-0.011778384534597007,0.01178309602983102,,,,0.0023736508237671597,0,7.332142800092697,explicit,lumped,central_difference,MaterialSDF+LagrangianSDFContactOracle,structured-top,5000000000.0
sfc_lagrangian_sdf,0.015600000000000001,-0.010156478099272146,0.058843521900726115,-0.011800768600256771,0.011805266203097213,,,,0.00237921190508332,0,7.332142800092697,explicit,lumped,central_difference,MaterialSDF+LagrangianSDFContactOracle,structured-top,5000000000.0
sfc_lagrangian_sdf,0.01561,-0.010158224261899242,0.05884177573809903,-0.011823195782180308,0.011827509773381014,,,,0.002384643651046737,0,7.332142800092697,explicit,lumped,central_difference,MaterialSDF+LagrangianSDFContactOracle,structured-top,5000000000.0
sfc_lagrangian_sdf,0.015620000000000002,-0.01015996671115205,0.05884003328884622,-0.011845667825705349,0.011849757644040965,,,,0.002389958490266363,0,7.332142800092697,explicit,lumped,central_difference,MaterialSDF+LagrangianSDFContactOracle,structured-top,5000000000.0
sfc_lagrangian_sdf,0.01563,-0.010161705439682516,0.058838294560315745,-0.011868186205944594,0.011872215064233967,,,,0.0023951649631526106,0,7.332142800092697,explicit,lumped,central_difference,MaterialSDF+LagrangianSDFContactOracle,structured-top,5000000000.0
sfc_lagrangian_sdf,0.01564,-0.010163440452299952,0.058836559547698314,-0.011890752289557726,0.011895177485320926,,,,0.0024002625578956375,0,7.332142800092697,explicit,lumped,central_difference,MaterialSDF+LagrangianSDFContactOracle,structured-top,5000000000.0
sfc_lagrangian_sdf,0.01565,-0.010165171765445298,0.058834828234552966,-0.011913367786640042,0.011918196808863059,,,,0.002405245254305705,0,7.332142800092697,explicit,lumped,central_difference,MaterialSDF+LagrangianSDFContactOracle,structured-top,5000000000.0
sfc_lagrangian_sdf,0.01566,-0.01016689940654585,0.05883310059345242,-0.011936035110271652,0.01194127464649334,,,,0.00241010974521249,0,7.332142800092697,explicit,lumped,central_difference,MaterialSDF+LagrangianSDFContactOracle,structured-top,5000000000.0
sfc_lagrangian_sdf,0.01567,-0.010168623413259803,0.05883137658673847,-0.011958757284138673,0.01196441278784422,,,,0.002414859727635301,0,7.332142800092697,explicit,lumped,central_difference,MaterialSDF+LagrangianSDFContactOracle,structured-top,5000000000.0
sfc_lagrangian_sdf,0.015680000000000003,-0.010170343832621092,0.058829656167377176,-0.011981537458190371,0.011987610551430931,,,,0.0024195012453267595,0,7.332142800092697,explicit,lumped,central_difference,MaterialSDF+LagrangianSDFContactOracle,structured-top,5000000000.0
sfc_lagrangian_sdf,0.015690000000000003,-0.010172060720095919,0.05882793927990235,-0.012004378483527249,0.012010863629565487,,,,0.002424032767837011,0,7.332142800092697,explicit,lumped,central_difference,MaterialSDF+LagrangianSDFContactOracle,structured-top,5000000000.0
sfc_lagrangian_sdf,0.015700000000000002,-0.010173774138563255,0.05882622586143502,-0.012027282940351876,0.012034164680863255,,,,0.00242843946040915,0,7.332142800092697,explicit,lumped,central_difference,MaterialSDF+LagrangianSDFContactOracle,structured-top,5000000000.0
sfc_lagrangian_sdf,0.015710000000000002,-0.010175484157232101,0.05882451584276617,-0.01205025353555688,0.012057504873806284,,,,0.0024326982397522095,0,7.332142800092697,explicit,lumped,central_difference,MaterialSDF+LagrangianSDFContactOracle,structured-top,5000000000.0
sfc_lagrangian_sdf,0.01572,-0.010177190850508862,0.05882280914948941,-0.012073293357551997,0.012080895812358805,,,,0.0024367908607532307,0,7.332142800092697,explicit,lumped,central_difference,MaterialSDF+LagrangianSDFContactOracle,structured-top,5000000000.0
sfc_lagrangian_sdf,0.01573,-0.010178894296828226,0.05882110570317004,-0.012096405539684883,0.012104349088956039,,,,0.0024407147780037704,0,7.332142800092697,explicit,lumped,central_difference,MaterialSDF+LagrangianSDFContactOracle,structured-top,5000000000.0
sfc_lagrangian_sdf,0.01574,-0.010180594577461176,0.05881940542253709,-0.012119592409504292,0.012127817970911363,,,,0.002444482889597019,0,7.332142800092697,explicit,lumped,central_difference,MaterialSDF+LagrangianSDFContactOracle,structured-top,5000000000.0
sfc_lagrangian_sdf,0.01575,-0.01018229177531353,0.05881770822468474,-0.012142854700946715,0.01215129116696322,,,,0.002448112590756586,0,7.332142800092697,explicit,lumped,central_difference,MaterialSDF+LagrangianSDFContactOracle,structured-top,5000000000.0
sfc_lagrangian_sdf,0.01576,-0.010183985973728165,0.058816014026270104,-0.012166191405638453,0.01217476156788034,,,,0.002451613580817763,0,7.332142800092697,explicit,lumped,central_difference,MaterialSDF+LagrangianSDFContactOracle,structured-top,5000000000.0
sfc_lagrangian_sdf,0.015770000000000003,-0.010185677255303595,0.058814322744694676,-0.01218960033436433,0.012198227780374998,,,,0.002454984439358182,0,7.332142800092697,explicit,lumped,central_difference,MaterialSDF+LagrangianSDFContactOracle,structured-top,5000000000.0
sfc_lagrangian_sdf,0.015780000000000002,-0.010187365700741075,0.058812634299257184,-0.012213078915220587,0.012221692883216988,,,,0.002458219657371694,0,7.332142800092697,explicit,lumped,central_difference,MaterialSDF+LagrangianSDFContactOracle,structured-top,5000000000.0
sfc_lagrangian_sdf,0.015790000000000002,-0.01018905138773165,0.05881094861226662,-0.012236624655714783,0.012245161729209565,,,,0.002461319318070748,0,7.332142800092697,explicit,lumped,central_difference,MaterialSDF+LagrangianSDFContactOracle,structured-top,5000000000.0
sfc_lagrangian_sdf,0.0158,-0.010190734389893838,0.05880926561010443,-0.012260235097503862,0.012268655021224128,,,,0.002464291735859412,0,7.332142800092697,explicit,lumped,central_difference,MaterialSDF+LagrangianSDFContactOracle,structured-top,5000000000.0
sfc_lagrangian_sdf,0.01581,-0.010192414775771659,0.0588075852242266,-0.01228390759552906,0.012292214839291717,,,,0.0024671466574590277,0,7.332142800092697,explicit,lumped,central_difference,MaterialSDF+LagrangianSDFContactOracle,structured-top,5000000000.0
sfc_lagrangian_sdf,0.01582,-0.010194092607901998,0.05880590739209627,-0.012307639399440913,0.012315776779851843,,,,0.0024698860146744827,0,7.332142800092697,explicit,lumped,central_difference,MaterialSDF+LagrangianSDFContactOracle,structured-top,5000000000.0
sfc_lagrangian_sdf,0.01583,-0.01019576794195904,0.05880423205803922,-0.012331428202736663,0.012339340064887221,,,,0.002472501680294463,0,7.332142800092697,explicit,lumped,central_difference,MaterialSDF+LagrangianSDFContactOracle,structured-top,5000000000.0
sfc_lagrangian_sdf,0.01584,-0.01019744082598278,0.05880255917401548,-0.012355272863760751,0.012362910804516241,,,,0.002474982881245709,0,7.332142800092697,explicit,lumped,central_difference,MaterialSDF+LagrangianSDFContactOracle,structured-top,5000000000.0
sfc_lagrangian_sdf,0.015850000000000003,-0.010199111299697437,0.05880088870030082,-0.012379173797144517,0.012386501580055956,,,,0.002477326438588691,0,7.332142800092697,explicit,lumped,central_difference,MaterialSDF+LagrangianSDFContactOracle,structured-top,5000000000.0
sfc_lagrangian_sdf,0.015860000000000003,-0.010200779393924653,0.0587992206060736,-0.012403132726458443,0.012410129304999164,,,,0.0024795400028207273,0,7.332142800092697,explicit,lumped,central_difference,MaterialSDF+LagrangianSDFContactOracle,structured-top,5000000000.0
sfc_lagrangian_sdf,0.015870000000000002,-0.010202445130095389,0.05879755486990288,-0.012427151882264715,0.0124338117487941,,,,0.002481634897094543,0,7.332142800092697,explicit,lumped,central_difference,MaterialSDF+LagrangianSDFContactOracle,structured-top,5000000000.0
sfc_lagrangian_sdf,0.015880000000000002,-0.010204108519863449,0.05879589148013481,-0.01245123301170515,0.012457563489789804,,,,0.002483614986265568,0,7.332142800092697,explicit,lumped,central_difference,MaterialSDF+LagrangianSDFContactOracle,structured-top,5000000000.0
sfc_lagrangian_sdf,0.01589,-0.010205769564822696,0.058794230435175565,-0.012475376578071594,0.012481392618801159,,,,0.0024854718655644213,0,7.332142800092697,explicit,lumped,central_difference,MaterialSDF+LagrangianSDFContactOracle,structured-top,5000000000.0
sfc_lagrangian_sdf,0.0159,-0.010207428256329082,0.058792571743669184,-0.0124995813463366,0.012505299683349576,,,,0.0024871909663971696,0,7.332142800092697,explicit,lumped,central_difference,MaterialSDF+LagrangianSDFContactOracle,structured-top,5000000000.0
sfc_lagrangian_sdf,0.01591,-0.010209084575427926,0.05879091542457034,-0.012523844352548387,0.012529279564151232,,,,0.0024887617562502776,0,7.332142800092697,explicit,lumped,central_difference,MaterialSDF+LagrangianSDFContactOracle,structured-top,5000000000.0
sfc_lagrangian_sdf,0.01592,-0.010210738492885929,0.05878926150711234,-0.012548161157496783,0.012553371201637699,,,,0.0024901880321690647,0,7.332142800092697,explicit,lumped,central_difference,MaterialSDF+LagrangianSDFContactOracle,structured-top,5000000000.0
sfc_lagrangian_sdf,0.01593,-0.010212389969326928,0.05878761003067134,-0.01257252628512188,0.01257811060812426,,,,0.00249148500068111,0,7.332142800092697,explicit,lumped,central_difference,MaterialSDF+LagrangianSDFContactOracle,structured-top,5000000000.0
sfc_lagrangian_sdf,0.015940000000000003,-0.010214038955469537,0.058785961044528726,-0.012596933778107612,0.012602848776776246,,,,0.0024926642064725195,0,7.332142800092697,explicit,lumped,central_difference,MaterialSDF+LagrangianSDFContactOracle,structured-top,5000000000.0
sfc_lagrangian_sdf,0.015950000000000002,-0.010215685392464317,0.05878431460753395,-0.012621377813073369,0.012627572790217985,,,,0.002493726775740099,0,7.332142800092697,explicit,lumped,central_difference,MaterialSDF+LagrangianSDFContactOracle,structured-top,5000000000.0
sfc_lagrangian_sdf,0.015960000000000002,-0.010217329212327564,0.05878267078767071,-0.012645853291884508,0.012652272976872094,,,,0.0024946632925319325,0,7.332142800092697,explicit,lumped,central_difference,MaterialSDF+LagrangianSDFContactOracle,structured-top,5000000000.0
sfc_lagrangian_sdf,0.01597,-0.010218970338468204,0.05878102966153006,-0.012670356284662228,0.012676946967794546,,,,0.0024954613886242673,0,7.332142800092697,explicit,lumped,central_difference,MaterialSDF+LagrangianSDFContactOracle,structured-top,5000000000.0
sfc_lagrangian_sdf,0.01598,-0.010220608686303846,0.05877939131369442,-0.01269488418990661,0.01270160031875476,,,,0.0024961140138660127,0,7.332142800092697,explicit,lumped,central_difference,MaterialSDF+LagrangianSDFContactOracle,structured-top,5000000000.0
sfc_lagrangian_sdf,0.01599,-0.010222244163961563,0.0587777558360367,-0.012719435546512354,0.012726242635073786,,,,0.0024966222612638873,0,7.332142800092697,explicit,lumped,central_difference,MaterialSDF+LagrangianSDFContactOracle,structured-top,5000000000.0
sfc_lagrangian_sdf,0.016,-0.01022387667305852,0.05877612332693975,-0.012744009583588935,0.012750882088675882,,,,0.002497000400373004,0,7.332142800092697,explicit,lumped,central_difference,MaterialSDF+LagrangianSDFContactOracle,structured-top,5000000000.0
sfc_lagrangian_sdf,0.01601,-0.010225506109557119,0.05877449389044114,-0.012768605742908687,0.012775565811926369,,,,0.002497264673326406,0,7.332142800092697,explicit,lumped,central_difference,MaterialSDF+LagrangianSDFContactOracle,structured-top,5000000000.0
sfc_lagrangian_sdf,0.016020000000000003,-0.010227132364688935,0.05877286763530932,-0.012793223424617563,0.012800305152872154,,,,0.0024974326398110444,0,7.332142800092697,explicit,lumped,central_difference,MaterialSDF+LagrangianSDFContactOracle,structured-top,5000000000.0
sfc_lagrangian_sdf,0.016030000000000003,-0.01022875532594127,0.058771244674057005,-0.01281786203335148,0.012825041950691429,,,,0.0024975211085465077,0,7.332142800092697,explicit,lumped,central_difference,MaterialSDF+LagrangianSDFContactOracle,structured-top,5000000000.0
sfc_lagrangian_sdf,0.016040000000000002,-0.010230374878099758,0.058769625121898504,-0.012842521150867446,0.012849776447372924,,,,0.002497543625578893,0,7.332142800092697,explicit,lumped,central_difference,MaterialSDF+LagrangianSDFContactOracle,structured-top,5000000000.0
sfc_lagrangian_sdf,0.016050000000000002,-0.010231990904340016,0.05876800909565825,-0.012867200550871469,0.012874509690067044,,,,0.002497507202462282,0,7.332142800092697,explicit,lumped,central_difference,MaterialSDF+LagrangianSDFContactOracle,structured-top,5000000000.0
sfc_lagrangian_sdf,0.01606,-0.010233603287360957,0.058766396712637316,-0.012891899926595838,0.012899241323400678,,,,0.0024974101832598962,0,7.332142800092697,explicit,lumped,central_difference,MaterialSDF+LagrangianSDFContactOracle,structured-top,5000000000.0
sfc_lagrangian_sdf,0.01607,-0.010235211910551987,0.05876478808944628,-0.012916618502297252,0.012923966587554039,,,,0.0024972435322541714,0,7.332142800092697,explicit,lumped,central_difference,MaterialSDF+LagrangianSDFContactOracle,structured-top,5000000000.0
sfc_lagrangian_sdf,0.01608,-0.010236816659185828,0.05876318334081243,-0.012941354861793626,0.012948675783833241,,,,0.0024969956796108924,0,7.332142800092697,explicit,lumped,central_difference,MaterialSDF+LagrangianSDFContactOracle,structured-top,5000000000.0
sfc_lagrangian_sdf,0.01609,-0.010238417421628503,0.058761582578369755,-0.012966107171599597,0.01297335825228348,,,,0.00249665302578153,0,7.332142800092697,explicit,lumped,central_difference,MaterialSDF+LagrangianSDFContactOracle,structured-top,5000000000.0
sfc_lagrangian_sdf,0.0161,-0.010240014090557489,0.05875998590944077,-0.012990873630765093,0.012998009081758471,,,,0.002496219522151375,0,7.332142800092697,explicit,lumped,central_difference,MaterialSDF+LagrangianSDFContactOracle,structured-top,5000000000.0
sfc_lagrangian_sdf,0.016110000000000003,-0.010241606564178867,0.058758393435819394,-0.013015652781021571,0.013022633850795709,,,,0.0024957030142682616,0,7.332142800092697,explicit,lumped,central_difference,MaterialSDF+LagrangianSDFContactOracle,structured-top,5000000000.0
sfc_lagrangian_sdf,0.016120000000000002,-0.010243194747433963,0.058756805252564305,-0.01304044347410383,0.013047340742526543,,,,0.002495116424697815,0,7.332142800092697,explicit,lumped,central_difference,MaterialSDF+LagrangianSDFContactOracle,structured-top,5000000000.0
sfc_lagrangian_sdf,0.016130000000000002,-0.010244778553185768,0.0587552214468125,-0.013065244672625933,0.013072126667953805,,,,0.0024944742596581227,0,7.332142800092697,explicit,lumped,central_difference,MaterialSDF+LagrangianSDFContactOracle,structured-top,5000000000.0
sfc_lagrangian_sdf,0.01614,-0.010246357903375298,0.058753642096622975,-0.013090055470708213,0.013096908563161725,,,,0.002493789144349812,0,7.332142800092697,explicit,lumped,central_difference,MaterialSDF+LagrangianSDFContactOracle,structured-top,5000000000.0
sfc_lagrangian_sdf,0.01615,-0.010247932730137918,0.05875206726986035,-0.013114875520115513,0.013121676321617908,,,,0.002493069950034394,0,7.332142800092697,explicit,lumped,central_difference,MaterialSDF+LagrangianSDFContactOracle,structured-top,5000000000.0
sfc_lagrangian_sdf,0.01616,-0.0102495029768698,0.05875049702312848,-0.013139705607625778,0.013146428421386724,,,,0.002492322424627523,0,7.332142800092697,explicit,lumped,central_difference,MaterialSDF+LagrangianSDFContactOracle,structured-top,5000000000.0
sfc_lagrangian_sdf,0.01617,-0.010251068599234595,0.05874893140076366,-0.013164547886354969,0.013171171063347956,,,,0.0024915521849102227,0,7.332142800092697,explicit,lumped,central_difference,MaterialSDF+LagrangianSDFContactOracle,structured-top,5000000000.0
sfc_lagrangian_sdf,0.01618,-0.010252629566100811,0.05874737043389746,-0.01318940548683089,0.013196272957619068,,,,0.0024907681034400824,0,7.332142800092697,explicit,lumped,central_difference,MaterialSDF+LagrangianSDFContactOracle,structured-top,5000000000.0
sfc_lagrangian_sdf,0.016190000000000003,-0.010254185860400585,0.05874581413959768,-0.013214281737228186,0.013221438925617003,,,,0.0024899830113495045,0,7.332142800092697,explicit,lumped,central_difference,MaterialSDF+LagrangianSDFContactOracle,structured-top,5000000000.0
sfc_lagrangian_sdf,0.016200000000000003,-0.01025573747990103,0.05874426252009724,-0.013239179532685209,0.013246627775034133,,,,0.0024892100375012416,0,7.332142800092697,explicit,lumped,central_difference,MaterialSDF+LagrangianSDFContactOracle,structured-top,5000000000.0
sfc_lagrangian_sdf,0.016210000000000002,-0.010257284437879877,0.05874271556211839,-0.013264101216759552,0.013271832337409275,,,,0.0024884565242860655,0,7.332142800092697,explicit,lumped,central_difference,MaterialSDF+LagrangianSDFContactOracle,structured-top,5000000000.0
sfc_lagrangian_sdf,0.016220000000000002,-0.010258826763697859,0.0587411732363004,-0.013289048856429904,0.013297048221047167,,,,0.002487720325724687,0,7.332142800092697,explicit,lumped,central_difference,MaterialSDF+LagrangianSDFContactOracle,structured-top,5000000000.0
sfc_lagrangian_sdf,0.01623,-0.010260364503260977,0.058739635496737296,-0.013314024483025648,0.013322275860673837,,,,0.002486992300651823,0,7.332142800092697,explicit,lumped,central_difference,MaterialSDF+LagrangianSDFContactOracle,structured-top,5000000000.0
sfc_lagrangian_sdf,0.01624,-0.010261897719366874,0.05873810228063139,-0.013339030025409215,0.013347518641047938,,,,0.002486264136634577,0,7.332142800092697,explicit,lumped,central_difference,MaterialSDF+LagrangianSDFContactOracle,structured-top,5000000000.0
sfc_lagrangian_sdf,0.01625,-0.010263426491930332,0.05873657350806793,-0.013364067091873068,0.013372791654678503,,,,0.00248553619057776,0,7.332142800092697,explicit,lumped,central_difference,MaterialSDF+LagrangianSDFContactOracle,structured-top,5000000000.0
sfc_lagrangian_sdf,0.01626,-0.010264950918084253,0.058735049081914015,-0.013389136998734659,0.013398157893757968,,,,0.0024848199433396656,0,7.332142800092697,explicit,lumped,central_difference,MaterialSDF+LagrangianSDFContactOracle,structured-top,5000000000.0
sfc_lagrangian_sdf,0.01627,-0.010266471112153492,0.058733528887844784,-0.013414241235101092,0.013423536867177722,,,,0.002484134128524667,0,7.332142800092697,explicit,lumped,central_difference,MaterialSDF+LagrangianSDFContactOracle,structured-top,5000000000.0
sfc_lagrangian_sdf,0.016280000000000003,-0.010267987205500302,0.05873201279449797,-0.013439382103218035,0.013448920253105377,,,,0.0024834984618192957,0,7.332142800092697,explicit,lumped,central_difference,MaterialSDF+LagrangianSDFContactOracle,structured-top,5000000000.0
sfc_lagrangian_sdf,0.016290000000000002,-0.010269499346241382,0.05873050065375688,-0.013464563041031507,0.0134743016139118,,,,0.002482929739227915,0,7.332142800092697,explicit,lumped,central_difference,MaterialSDF+LagrangianSDFContactOracle,structured-top,5000000000.0
sfc_lagrangian_sdf,0.016300000000000002,-0.010271007698837927,0.05872899230116034,-0.013489788355308422,0.01349967688100532,,,,0.0024824416120259353,0,7.332142800092697,explicit,lumped,central_difference,MaterialSDF+LagrangianSDFContactOracle,structured-top,5000000000.0
sfc_lagrangian_sdf,0.01631,-0.010272512443561385,0.05872748755643688,-0.01351506255098392,0.01352504561113866,,,,0.002482045584365841,0,7.332142800092697,explicit,lumped,central_difference,MaterialSDF+LagrangianSDFContactOracle,structured-top,5000000000.0
sfc_lagrangian_sdf,0.01632,-0.010274013775839063,0.05872598622415921,-0.013540389696824898,0.013550412933192606,,,,0.002481750634349408,0,7.332142800092697,explicit,lumped,central_difference,MaterialSDF+LagrangianSDFContactOracle,structured-top,5000000000.0
sfc_lagrangian_sdf,0.01633,-0.010275511905484936,0.05872448809451333,-0.013565773110061269,0.013575791189147004,,,,0.002481561972195542,0,7.332142800092697,explicit,lumped,central_difference,MaterialSDF+LagrangianSDFContactOracle,structured-top,5000000000.0
sfc_lagrangian_sdf,0.01634,-0.010277007055822407,0.05872299294417586,-0.013591215286619803,0.01360119923907738,,,,0.002481481732891915,0,7.332142800092697,explicit,lumped,central_difference,MaterialSDF+LagrangianSDFContactOracle,structured-top,5000000000.0
sfc_lagrangian_sdf,0.01635,-0.010278499462706897,0.058721500537291374,-0.013616717834670904,0.013626736832777746,,,,0.002481509776225635,0,7.332142800092697,explicit,lumped,central_difference,MaterialSDF+LagrangianSDFContactOracle,structured-top,5000000000.0
sfc_lagrangian_sdf,0.016360000000000003,-0.010279989373457286,0.058720010626540975,-0.013642281333666545,0.013652396789852014,,,,0.0024816567014307607,0,7.332142800092697,explicit,lumped,central_difference,MaterialSDF+LagrangianSDFContactOracle,structured-top,5000000000.0
sfc_lagrangian_sdf,0.016370000000000003,-0.010281477045706254,0.058718522954292,-0.01366790530933613,0.013678093215625957,,,,0.002481936435292395,0,7.332142800092697,explicit,lumped,central_difference,MaterialSDF+LagrangianSDFContactOracle,structured-top,5000000000.0
sfc_lagrangian_sdf,0.016380000000000002,-0.010282962746180424,0.05871703725381784,-0.013693588550625429,0.013703820814298759,,,,0.002482361518814109,0,7.332142800092697,explicit,lumped,central_difference,MaterialSDF+LagrangianSDFContactOracle,structured-top,5000000000.0
sfc_lagrangian_sdf,0.016390000000000002,-0.010284446749422003,0.05871555325057627,-0.013719329726166208,0.013729574634526691,,,,0.002482938018242565,0,7.332142800092697,explicit,lumped,central_difference,MaterialSDF+LagrangianSDFContactOracle,structured-top,5000000000.0
sfc_lagrangian_sdf,0.0164,-0.010285929336464168,0.058714070663534096,-0.013745127956459578,0.013755351232582312,,,,0.0024836638826087184,0,7.332142800092697,explicit,lumped,central_difference,MaterialSDF+LagrangianSDFContactOracle,structured-top,5000000000.0
sfc_lagrangian_sdf,0.01641,-0.010287410793472925,0.05871258920652534,-0.013770982984890254,0.01378115046311079,,,,0.0024845332783379535,0,7.332142800092697,explicit,lumped,central_difference,MaterialSDF+LagrangianSDFContactOracle,structured-top,5000000000.0
sfc_lagrangian_sdf,0.01642,-0.010288891410368458,0.058711108589629815,-0.013796894896946455,0.01380697541005364,,,,0.0024855424672043424,0,7.332142800092697,explicit,lumped,central_difference,MaterialSDF+LagrangianSDFContactOracle,structured-top,5000000000.0
sfc_lagrangian_sdf,0.01643,-0.01029037147943902,0.05870962852055924,-0.013822863673063616,0.013832829939462415,,,,0.002486691374598298,0,7.332142800092697,explicit,lumped,central_difference,MaterialSDF+LagrangianSDFContactOracle,structured-top,5000000000.0
sfc_lagrangian_sdf,0.01644,-0.010291851293960489,0.05870814870603779,-0.013848888917795647,0.013858771392502588,,,,0.0024879797778269725,0,7.332142800092697,explicit,lumped,central_difference,MaterialSDF+LagrangianSDFContactOracle,structured-top,5000000000.0
sfc_lagrangian_sdf,0.016450000000000003,-0.010293331146834355,0.05870666885316391,-0.013874969866782338,0.013884818046677112,,,,0.0024894031133246533,0,7.332142800092697,explicit,lumped,central_difference,MaterialSDF+LagrangianSDFContactOracle,structured-top,5000000000.0
sfc_lagrangian_sdf,0.016460000000000002,-0.010294811329256656,0.058705188670741607,-0.01390110550039999,0.013910885382527,,,,0.002490953634902436,0,7.332142800092697,explicit,lumped,central_difference,MaterialSDF+LagrangianSDFContactOracle,structured-top,5000000000.0
sfc_lagrangian_sdf,0.016470000000000002,-0.010296292129429748,0.05870370787056852,-0.013927294553117713,0.013936967443334029,,,,0.002492626873156171,0,7.332142800092697,explicit,lumped,central_difference,MaterialSDF+LagrangianSDFContactOracle,structured-top,5000000000.0
sfc_lagrangian_sdf,0.01648,-0.01029777383132824,0.058702226168670026,-0.01395353539957833,0.013963063388546967,,,,0.002494426972179191,0,7.332142800092697,explicit,lumped,central_difference,MaterialSDF+LagrangianSDFContactOracle,structured-top,5000000000.0
sfc_lagrangian_sdf,0.01649,-0.010299256713529525,0.05870074328646873,-0.013979825987104486,0.013989175515184594,,,,0.00249636454675916,0,7.332142800092697,explicit,lumped,central_difference,MaterialSDF+LagrangianSDFContactOracle,structured-top,5000000000.0
sfc_lagrangian_sdf,0.0165,-0.010300741048118562,0.058699258951879704,-0.01400616396563883,0.014015308189140157,,,,0.0024984477548977745,0,7.332142800092697,explicit,lumped,central_difference,MaterialSDF+LagrangianSDFContactOracle,structured-top,5000000000.0
sfc_lagrangian_sdf,0.01651,-0.010302227099675472,0.058697772900322784,-0.014032546973225314,0.014041468997573055,,,,0.002500674320382577,0,7.332142800092697,explicit,lumped,central_difference,MaterialSDF+LagrangianSDFContactOracle,structured-top,5000000000.0
sfc_lagrangian_sdf,0.01652,-0.010303715124353576,0.0586962848756447,-0.01405897287943975,0.014067759194534003,,,,0.0025030317677836537,0,7.332142800092697,explicit,lumped,central_difference,MaterialSDF+LagrangianSDFContactOracle,structured-top,5000000000.0
sfc_lagrangian_sdf,0.016530000000000003,-0.01030520536905422,0.05869479463094405,-0.01408543982464729,0.014094329016563713,,,,0.002505505162781666,0,7.332142800092697,explicit,lumped,central_difference,MaterialSDF+LagrangianSDFContactOracle,structured-top,5000000000.0
sfc_lagrangian_sdf,0.016540000000000003,-0.010306698070703788,0.05869330192929448,-0.014111946066111354,0.014120983384758133,,,,0.002508084163926085,0,7.332142800092697,explicit,lumped,central_difference,MaterialSDF+LagrangianSDFContactOracle,structured-top,5000000000.0
sfc_lagrangian_sdf,0.016550000000000002,-0.010308193455636947,0.05869180654436132,-0.014138489772588417,0.014147800091408383,,,,0.002510762099754754,0,7.332142800092697,explicit,lumped,central_difference,MaterialSDF+LagrangianSDFContactOracle,structured-top,5000000000.0
sfc_lagrangian_sdf,0.016560000000000002,-0.010309691739089091,0.05869030826090918,-0.01416506888981635,0.014174655010397202,,,,0.0025135285065872566,0,7.332142800092697,explicit,lumped,central_difference,MaterialSDF+LagrangianSDFContactOracle,structured-top,5000000000.0
sfc_lagrangian_sdf,0.01657,-0.010311193124799823,0.05868880687519844,-0.01419168109140039,0.014201519401089395,,,,0.0025163641403509363,0,7.332142800092697,explicit,lumped,central_difference,MaterialSDF+LagrangianSDFContactOracle,structured-top,5000000000.0
sfc_lagrangian_sdf,0.01658,-0.010312697804728068,0.0586873021952702,-0.014218323768322345,0.014228479394336455,,,,0.0025192455929336096,0,7.332142800092697,explicit,lumped,central_difference,MaterialSDF+LagrangianSDFContactOracle,structured-top,5000000000.0
sfc_lagrangian_sdf,0.01659,-0.010314205958878426,0.05868579404111983,-0.014244994047429982,0.014255458636743733,,,,0.002522156511203393,0,7.332142800092697,explicit,lumped,central_difference,MaterialSDF+LagrangianSDFContactOracle,structured-top,5000000000.0
sfc_lagrangian_sdf,0.0166,-0.010315717755237317,0.058684282244760945,-0.014271688890075558,0.014282430552642581,,,,0.0025250941791263243,0,7.332142800092697,explicit,lumped,central_difference,MaterialSDF+LagrangianSDFContactOracle,structured-top,5000000000.0
sfc_lagrangian_sdf,0.01661,-0.010317233349816464,0.0586827666501818,-0.014298405308335373,0.014309384805312624,,,,0.0025280629590797585,0,7.332142800092697,explicit,lumped,central_difference,MaterialSDF+LagrangianSDFContactOracle,structured-top,5000000000.0
sfc_lagrangian_sdf,0.016620000000000003,-0.010318752886800389,0.058681247113197874,-0.014325140643789034,0.014336313823250431,,,,0.0025310582652886488,0,7.332142800092697,explicit,lumped,central_difference,MaterialSDF+LagrangianSDFContactOracle,structured-top,5000000000.0
sfc_lagrangian_sdf,0.016630000000000002,-0.010320276498793772,0.05867972350120449,-0.014351892773747422,0.014363210473190443,,,,0.002534054975838114,0,7.332142800092697,explicit,lumped,central_difference,MaterialSDF+LagrangianSDFContactOracle,structured-top,5000000000.0
sfc_lagrangian_sdf,0.016640000000000002,-0.010321804307163764,0.0586781956928345,-0.014378660125807222,0.014390067618784539,,,,0.0025370101936399627,0,7.332142800092697,explicit,lumped,central_difference,MaterialSDF+LagrangianSDFContactOracle,structured-top,5000000000.0
sfc_lagrangian_sdf,0.01665,-0.010323336422471659,0.05867666357752661,-0.014405441486704544,0.014417010393159808,,,,0.0025398888088055335,0,7.332142800092697,explicit,lumped,central_difference,MaterialSDF+LagrangianSDFContactOracle,structured-top,5000000000.0
sfc_lagrangian_sdf,0.01666,-0.010324872944987807,0.05867512705501045,-0.014432235706797051,0.014443910998874281,,,,0.0025426755306478402,0,7.332142800092697,explicit,lumped,central_difference,MaterialSDF+LagrangianSDFContactOracle,structured-top,5000000000.0
sfc_lagrangian_sdf,0.01667,-0.010326413965283037,0.05867358603471523,-0.014459041456251343,0.014470744685927711,,,,0.0025453800283450944,0,7.332142800092697,explicit,lumped,central_difference,MaterialSDF+LagrangianSDFContactOracle,structured-top,5000000000.0
sfc_lagrangian_sdf,0.01668,-0.010327959564889511,0.058672040435108756,-0.01448585716565148,0.01449751101178523,,,,0.0025480226411366204,0,7.332142800092697,explicit,lumped,central_difference,MaterialSDF+LagrangianSDFContactOracle,structured-top,5000000000.0
sfc_lagrangian_sdf,0.01669,-0.01032950981702351,0.05867049018297476,-0.014512681199575876,0.014524221616598443,,,,0.0025506150603674675,0,7.332142800092697,explicit,lumped,central_difference,MaterialSDF+LagrangianSDFContactOracle,structured-top,5000000000.0
sfc_lagrangian_sdf,0.016700000000000003,-0.010331064787362346,0.05866893521263592,-0.01453951219173617,0.014550892474949666,,,,0.002553151846566958,0,7.332142800092697,explicit,lumped,central_difference,MaterialSDF+LagrangianSDFContactOracle,structured-top,5000000000.0
sfc_lagrangian_sdf,0.016710000000000003,-0.010332624534867385,0.058667375465130886,-0.01456634935813774,0.014577536891346738,,,,0.002555611203955405,0,7.332142800092697,explicit,lumped,central_difference,MaterialSDF+LagrangianSDFContactOracle,structured-top,5000000000.0
sfc_lagrangian_sdf,0.016720000000000002,-0.010334189112644882,0.058665810887353384,-0.014593192576594848,0.014604163669619809,,,,0.0025579683796578215,0,7.332142800092697,explicit,lumped,central_difference,MaterialSDF+LagrangianSDFContactOracle,structured-top,5000000000.0
sfc_lagrangian_sdf,0.016730000000000002,-0.010335758568836326,0.05866424143116194,-0.014620042139246456,0.014630814348925627,,,,0.002560203631800019,0,7.332142800092697,explicit,lumped,central_difference,MaterialSDF+LagrangianSDFContactOracle,structured-top,5000000000.0
sfc_lagrangian_sdf,0.01674,-0.010337332947529693,0.05866266705246857,-0.014646898309437557,0.014657537344540872,,,,0.002562299312220814,0,7.332142800092697,explicit,lumped,central_difference,MaterialSDF+LagrangianSDFContactOracle,structured-top,5000000000.0
sfc_lagrangian_sdf,0.01675,-0.010338912289683143,0.05866108771031511,-0.014673760982122632,0.014684836344866519,,,,0.0025642359064637606,0,7.332142800092697,explicit,lumped,central_difference,MaterialSDF+LagrangianSDFContactOracle,structured-top,5000000000.0
sfc_lagrangian_sdf,0.01676,-0.010340496634052468,0.0586595033659458,-0.014700629691367253,0.014712136364092965,,,,0.0025659931671201727,0,7.332142800092697,explicit,lumped,central_difference,MaterialSDF+LagrangianSDFContactOracle,structured-top,5000000000.0
sfc_lagrangian_sdf,0.01677,-0.010342086018113792,0.05865791398188447,-0.014727503935314738,0.014739427094287131,,,,0.0025675522766660745,0,7.332142800092697,explicit,lumped,central_difference,MaterialSDF+LagrangianSDFContactOracle,structured-top,5000000000.0
sfc_lagrangian_sdf,0.01678,-0.010343680478972838,0.058656319521025437,-0.014754383517494911,0.01476669843287554,,,,0.0025689056039500096,0,7.332142800092697,explicit,lumped,central_difference,MaterialSDF+LagrangianSDFContactOracle,structured-top,5000000000.0
sfc_lagrangian_sdf,0.016790000000000003,-0.010345280054252403,0.05865471994574587,-0.014781268587863952,0.014793994083175638,,,,0.0025700581704743704,0,7.332142800092697,explicit,lumped,central_difference,MaterialSDF+LagrangianSDFContactOracle,structured-top,5000000000.0
sfc_lagrangian_sdf,0.016800000000000002,-0.010346884782949496,0.058653115217048774,-0.014808159344865656,0.014821262643683933,,,,0.00257102000906548,0,7.332142800092697,explicit,lumped,central_difference,MaterialSDF+LagrangianSDFContactOracle,structured-top,5000000000.0
sfc_lagrangian_sdf,0.016810000000000002,-0.010348494706253998,0.05865150529374426,-0.014835055685932493,0.014848486403302476,,,,0.00257179574147496,0,7.332142800092697,explicit,lumped,central_difference,MaterialSDF+LagrangianSDFContactOracle,structured-top,5000000000.0
sfc_lagrangian_sdf,0.01682,-0.010350109868320703,0.058649890131677554,-0.014861957158725726,0.014875660886463252,,,,0.002572380376412349,0,7.332142800092697,explicit,lumped,central_difference,MaterialSDF+LagrangianSDFContactOracle,structured-top,5000000000.0
sfc_lagrangian_sdf,0.01683,-0.01035173031698688,0.05864826968301138,-0.014888863300533668,0.01490278353094776,,,,0.0025727645224175003,0,7.332142800092697,explicit,lumped,central_difference,MaterialSDF+LagrangianSDFContactOracle,structured-top,5000000000.0
sfc_lagrangian_sdf,0.01684,-0.010353356104427808,0.058646643895570456,-0.01491577411144221,0.014929851024809286,,,,0.0025729436244344437,0,7.332142800092697,explicit,lumped,central_difference,MaterialSDF+LagrangianSDFContactOracle,structured-top,5000000000.0
sfc_lagrangian_sdf,0.01685,-0.01035498728774302,0.05864501271225524,-0.014942690317781586,0.014956858653882304,,,,0.002572922538963583,0,7.332142800092697,explicit,lumped,central_difference,MaterialSDF+LagrangianSDFContactOracle,structured-top,5000000000.0
sfc_lagrangian_sdf,0.01686,-0.010356623929466399,0.05864337607053186,-0.014969613320302725,0.014983803420224578,,,,0.0025727114965928763,0,7.332142800092697,explicit,lumped,central_difference,MaterialSDF+LagrangianSDFContactOracle,structured-top,5000000000.0
sfc_lagrangian_sdf,0.016870000000000003,-0.01035826609799376,0.05864173390200451,-0.014996545029478954,0.015010689405118313,,,,0.002572317456437199,0,7.332142800092697,explicit,lumped,central_difference,MaterialSDF+LagrangianSDFContactOracle,structured-top,5000000000.0
sfc_lagrangian_sdf,0.016880000000000003,-0.010359913867922052,0.05864008613207622,-0.015023487847104531,0.01503753124189044,,,,0.0025717386465427612,0,7.332142800092697,explicit,lumped,central_difference,MaterialSDF+LagrangianSDFContactOracle,structured-top,5000000000.0
sfc_lagrangian_sdf,0.016890000000000002,-0.010361567320294928,0.058638432679703326,-0.015050444810960621,0.015064352306100521,,,,0.0025709645175253765,0,7.332142800092697,explicit,lumped,central_difference,MaterialSDF+LagrangianSDFContactOracle,structured-top,5000000000.0
sfc_lagrangian_sdf,0.016900000000000002,-0.01036322654275018,0.05863677345724808,-0.015077419653928625,0.01509125217501039,,,,0.002569987117828354,0,7.332142800092697,explicit,lumped,central_difference,MaterialSDF+LagrangianSDFContactOracle,structured-top,5000000000.0
sfc_lagrangian_sdf,0.01691,-0.010364891629565198,0.05863510837043307,-0.015104416545789891,0.015118233053125657,,,,0.0025688082693577047,0,7.332142800092697,explicit,lumped,central_difference,MaterialSDF+LagrangianSDFContactOracle,structured-top,5000000000.0
sfc_lagrangian_sdf,0.01692,-0.010366562681597566,0.058633437318400705,-0.015131439587107722,0.015145209488938292,,,,0.0025674329946785168,0,7.332142800092697,explicit,lumped,central_difference,MaterialSDF+LagrangianSDFContactOracle,structured-top,5000000000.0
sfc_lagrangian_sdf,0.01693,-0.010368239806118769,0.0586317601938795,-0.015158492395909549,0.015172185054882109,,,,0.0025658679378909193,0,7.332142800092697,explicit,lumped,central_difference,MaterialSDF+LagrangianSDFContactOracle,structured-top,5000000000.0
sfc_lagrangian_sdf,0.01694,-0.010369923116540019,0.058630076883458254,-0.015185578067668884,0.015199169747120123,,,,0.0025641171808265745,0,7.332142800092697,explicit,lumped,central_difference,MaterialSDF+LagrangianSDFContactOracle,structured-top,5000000000.0
sfc_lagrangian_sdf,0.01695,-0.010371612732030215,0.05862838726796805,-0.015212699434857434,0.015226174370760272,,,,0.002562182565957963,0,7.332142800092697,explicit,lumped,central_difference,MaterialSDF+LagrangianSDFContactOracle,structured-top,5000000000.0
sfc_lagrangian_sdf,0.016960000000000003,-0.010373308777027239,0.058626691222971025,-0.015239859256373068,0.015253204884912955,,,,0.002560068342743483,0,7.332142800092697,explicit,lumped,central_difference,MaterialSDF+LagrangianSDFContactOracle,structured-top,5000000000.0
sfc_lagrangian_sdf,0.016970000000000002,-0.010375011380644903,0.058624988619353356,-0.015267060037770265,0.015280261397468124,,,,0.0025577863174086786,0,7.332142800092697,explicit,lumped,central_difference,MaterialSDF+LagrangianSDFContactOracle,structured-top,5000000000.0
sfc_lagrangian_sdf,0.016980000000000002,-0.010376720675979058,0.05862327932401921,-0.015294303562987176,0.015307342760534103,,,,0.0025553574318380318,0,7.332142800092697,explicit,lumped,central_difference,MaterialSDF+LagrangianSDFContactOracle,structured-top,5000000000.0
sfc_lagrangian_sdf,0.01699,-0.0103784367993176,0.05862156320068067,-0.015321590535757025,0.015334453022973198,,,,0.0025528084423300486,0,7.332142800092697,explicit,lumped,central_difference,MaterialSDF+LagrangianSDFContactOracle,structured-top,5000000000.0
sfc_lagrangian_sdf,0.017,-0.010380159889260322,0.05861984011073794,-0.015348920672287452,0.015361689282552611,,,,0.0025501656476554346,0,7.332142800092697,explicit,lumped,central_difference,MaterialSDF+LagrangianSDFContactOracle,structured-top,5000000000.0
sfc_lagrangian_sdf,0.01701,-0.010381890085755687,0.05861810991424258,-0.0153762932140436,0.015389275262024554,,,,0.002547449236628456,0,7.332142800092697,explicit,lumped,central_difference,MaterialSDF+LagrangianSDFContactOracle,structured-top,5000000000.0
sfc_lagrangian_sdf,0.01702,-0.010383627529062888,0.05861637247093538,-0.015403707500360856,0.015416885581630228,,,,0.002544671213448822,0,7.332142800092697,explicit,lumped,central_difference,MaterialSDF+LagrangianSDFContactOracle,structured-top,5000000000.0
sfc_lagrangian_sdf,0.01703,-0.010385372358648485,0.05861462764134979,-0.015431163250811562,0.015444504962532695,,,,0.0025418377397444666,0,7.332142800092697,explicit,lumped,central_difference,MaterialSDF+LagrangianSDFContactOracle,structured-top,5000000000.0
sfc_lagrangian_sdf,0.017040000000000003,-0.010387124712028063,0.058612875287970205,-0.015458660505886068,0.0154721398461246,,,,0.0025389542405199195,0,7.332142800092697,explicit,lumped,central_difference,MaterialSDF+LagrangianSDFContactOracle,structured-top,5000000000.0
sfc_lagrangian_sdf,0.017050000000000003,-0.010388884723564265,0.058611115276434,-0.015486199444758281,0.01549983165964759,,,,0.002536029897138173,0,7.332142800092697,explicit,lumped,central_difference,MaterialSDF+LagrangianSDFContactOracle,structured-top,5000000000.0
sfc_lagrangian_sdf,0.017060000000000002,-0.010390652523233276,0.05860934747676499,-0.015513780296071773,0.015527590939898764,,,,0.002533078241263549,0,7.332142800092697,explicit,lumped,central_difference,MaterialSDF+LagrangianSDFContactOracle,structured-top,5000000000.0
sfc_lagrangian_sdf,0.017070000000000002,-0.01039242823537268,0.05860757176462558,-0.015541403343638254,0.015555404455137836,,,,0.002530112890259331,0,7.332142800092697,explicit,lumped,central_difference,MaterialSDF+LagrangianSDFContactOracle,structured-top,5000000000.0
sfc_lagrangian_sdf,0.01708,-0.010394211977424002,0.05860578802257426,-0.015569068871849506,0.015583232426512113,,,,0.002527140988836068,0,7.332142800092697,explicit,lumped,central_difference,MaterialSDF+LagrangianSDFContactOracle,structured-top,5000000000.0
sfc_lagrangian_sdf,0.01709,-0.010396003858683759,0.0586039961413145,-0.015596776966686604,0.015611064029567795,,,,0.002524159201193001,0,7.332142800092697,explicit,lumped,central_difference,MaterialSDF+LagrangianSDFContactOracle,structured-top,5000000000.0
sfc_lagrangian_sdf,0.0171,-0.01039780397907699,0.058602196020921274,-0.015624527287833024,0.01563889118426865,,,,0.002521155955546756,0,7.332142800092697,explicit,lumped,central_difference,MaterialSDF+LagrangianSDFContactOracle,structured-top,5000000000.0
sfc_lagrangian_sdf,0.01711,-0.010399612427967293,0.058600387572030975,-0.01565231901350004,0.015666713943098723,,,,0.0025181193411033943,0,7.332142800092697,explicit,lumped,central_difference,MaterialSDF+LagrangianSDFContactOracle,structured-top,5000000000.0
sfc_lagrangian_sdf,0.01712,-0.010401429283017304,0.05859857071698095,-0.015680151021014825,0.01569454345167081,,,,0.002515045715010842,0,7.332142800092697,explicit,lumped,central_difference,MaterialSDF+LagrangianSDFContactOracle,structured-top,5000000000.0
sfc_lagrangian_sdf,0.017130000000000003,-0.01040325460911319,0.05859674539088508,-0.01570802214098396,0.015722399125025575,,,,0.002511943334563167,0,7.332142800092697,explicit,lumped,central_difference,MaterialSDF+LagrangianSDFContactOracle,structured-top,5000000000.0
sfc_lagrangian_sdf,0.017140000000000002,-0.01040508845736623,0.058594911542632036,-0.015735931244350913,0.015750349411179688,,,,0.0025088290472034505,0,7.332142800092697,explicit,lumped,central_difference,MaterialSDF+LagrangianSDFContactOracle,structured-top,5000000000.0
sfc_lagrangian_sdf,0.017150000000000002,-0.010406930864203951,0.058593069135794304,-0.015763877071006988,0.015778398348219643,,,,0.0025057205586049387,0,7.332142800092697,explicit,lumped,central_difference,MaterialSDF+LagrangianSDFContactOracle,structured-top,5000000000.0
sfc_lagrangian_sdf,0.01716,-0.010408781850562333,0.058591218149435936,-0.01579185793774698,0.015806475946523728,,,,0.0025026326718351082,0,7.332142800092697,explicit,lumped,central_difference,MaterialSDF+LagrangianSDFContactOracle,structured-top,5000000000.0
sfc_lagrangian_sdf,0.01717,-0.010410641421189673,0.05858935857880859,-0.01581987155703232,0.01583456456412209,,,,0.0024995758913234365,0,7.332142800092697,explicit,lumped,central_difference,MaterialSDF+LagrangianSDFContactOracle,structured-top,5000000000.0
sfc_lagrangian_sdf,0.01718,-0.0104125095640716,0.05858749043592666,-0.015847915089216,0.015862666734874634,,,,0.0024965572692689443,0,7.332142800092697,explicit,lumped,central_difference,MaterialSDF+LagrangianSDFContactOracle,structured-top,5000000000.0
sfc_lagrangian_sdf,0.01719,-0.010414386249985254,0.05858561375001301,-0.01587598536627042,0.01589082085636494,,,,0.0024935830021247545,0,7.332142800092697,explicit,lumped,central_difference,MaterialSDF+LagrangianSDFContactOracle,structured-top,5000000000.0
sfc_lagrangian_sdf,0.0172,-0.010416271432189539,0.058583728567808725,-0.01590407913471007,0.015918972835779054,,,,0.002490657066951117,0,7.332142800092697,explicit,lumped,central_difference,MaterialSDF+LagrangianSDFContactOracle,structured-top,5000000000.0
sfc_lagrangian_sdf,0.017210000000000003,-0.010418165046256676,0.0585818349537416,-0.015932193214569804,0.015947114487476252,,,,0.002487778907039565,0,7.332142800092697,explicit,lumped,central_difference,MaterialSDF+LagrangianSDFContactOracle,structured-top,5000000000.0
sfc_lagrangian_sdf,0.017220000000000003,-0.010420067010048776,0.058579932989949485,-0.015960324566884992,0.015975326363475574,,,,0.0024849436851921976,0,7.332142800092697,explicit,lumped,central_difference,MaterialSDF+LagrangianSDFContactOracle,structured-top,5000000000.0
sfc_lagrangian_sdf,0.017230000000000002,-0.010421977223841673,0.0585780227761566,-0.015988470300879833,0.01600372498842646,,,,0.0024821461465958984,0,7.332142800092697,explicit,lumped,central_difference,MaterialSDF+LagrangianSDFContactOracle,structured-top,5000000000.0
sfc_lagrangian_sdf,0.017240000000000002,-0.0104238955705965,0.058576104429401775,-0.016016627630386304,0.016032135738570864,,,,0.002479385139966178,0,7.332142800092697,explicit,lumped,central_difference,MaterialSDF+LagrangianSDFContactOracle,structured-top,5000000000.0
sfc_lagrangian_sdf,0.01725,-0.010425821916377977,0.05857417808362029,-0.016044793778867018,0.016060557836184968,,,,0.002476664588651073,0,7.332142800092697,explicit,lumped,central_difference,MaterialSDF+LagrangianSDFContactOracle,structured-top,5000000000.0
sfc_lagrangian_sdf,0.01726,-0.010427756110916755,0.05857224388908151,-0.016072965873242036,0.01608898512005383,,,,0.0024739897287054478,0,7.332142800092697,explicit,lumped,central_difference,MaterialSDF+LagrangianSDFContactOracle,structured-top,5000000000.0
sfc_lagrangian_sdf,0.01727,-0.010429697988311604,0.05857030201168666,-0.01610114091179743,0.016117408193597773,,,,0.002471361897401094,0,7.332142800092697,explicit,lumped,central_difference,MaterialSDF+LagrangianSDFContactOracle,structured-top,5000000000.0
sfc_lagrangian_sdf,0.01728,-0.010431647367865823,0.05856835263213244,-0.01612931586865264,0.01614581935697944,,,,0.0024687766520864944,0,7.332142800092697,explicit,lumped,central_difference,MaterialSDF+LagrangianSDFContactOracle,structured-top,5000000000.0
sfc_lagrangian_sdf,0.01729,-0.010433604055050706,0.05856639594494756,-0.016157487903841236,0.01617421567034443,,,,0.0024662270060349487,0,7.332142800092697,explicit,lumped,central_difference,MaterialSDF+LagrangianSDFContactOracle,structured-top,5000000000.0
sfc_lagrangian_sdf,0.017300000000000003,-0.010435567842587814,0.05856443215741046,-0.01618565456359264,0.01620260654205611,,,,0.002463708998915779,0,7.332142800092697,explicit,lumped,central_difference,MaterialSDF+LagrangianSDFContactOracle,structured-top,5000000000.0
sfc_lagrangian_sdf,0.017310000000000002,-0.010437538511640409,0.058562461488357864,-0.01621381385879887,0.016231015326287724,,,,0.002461225073336495,0,7.332142800092697,explicit,lumped,central_difference,MaterialSDF+LagrangianSDFContactOracle,structured-top,5000000000.0
sfc_lagrangian_sdf,0.017320000000000002,-0.0104395158331035,0.05856048416689477,-0.016241964197527544,0.016259380580801387,,,,0.002458783283927395,0,7.332142800092697,explicit,lumped,central_difference,MaterialSDF+LagrangianSDFContactOracle,structured-top,5000000000.0
sfc_lagrangian_sdf,0.01733,-0.010441499568980963,0.0585585004310173,-0.01627010424314708,0.016287704923828635,,,,0.002456394413728988,0,7.332142800092697,explicit,lumped,central_difference,MaterialSDF+LagrangianSDFContactOracle,structured-top,5000000000.0
sfc_lagrangian_sdf,0.01734,-0.010443489473837452,0.058556510526160815,-0.01629823280360895,0.016315994707009052,,,,0.0024540705088293363,0,7.332142800092697,explicit,lumped,central_difference,MaterialSDF+LagrangianSDFContactOracle,structured-top,5000000000.0
sfc_lagrangian_sdf,0.01735,-0.01044548529631215,0.058554514703686125,-0.016326348824228884,0.01634425387669987,,,,0.002451825947616734,0,7.332142800092697,explicit,lumped,central_difference,MaterialSDF+LagrangianSDFContactOracle,structured-top,5000000000.0
sfc_lagrangian_sdf,0.01736,-0.010447486780680984,0.05855251321931728,-0.016354451494918078,0.016372483856230993,,,,0.00244967869217837,0,7.332142800092697,explicit,lumped,central_difference,MaterialSDF+LagrangianSDFContactOracle,structured-top,5000000000.0
sfc_lagrangian_sdf,0.01737,-0.01044949366845353,0.05855050633154474,-0.01638254042384534,0.016400689782154178,,,,0.0024476485663287957,0,7.332142800092697,explicit,lumped,central_difference,MaterialSDF+LagrangianSDFContactOracle,structured-top,5000000000.0
sfc_lagrangian_sdf,0.017380000000000003,-0.01045150569999071,0.05854849430000755,-0.01641061578195137,0.016428845387465973,,,,0.0024457521400122364,0,7.332142800092697,explicit,lumped,central_difference,MaterialSDF+LagrangianSDFContactOracle,structured-top,5000000000.0
sfc_lagrangian_sdf,0.017390000000000003,-0.010453522616129267,0.058546477383869006,-0.01643867830493282,0.016456944115360334,,,,0.0024439973205126965,0,7.332142800092697,explicit,lumped,central_difference,MaterialSDF+LagrangianSDFContactOracle,structured-top,5000000000.0
sfc_lagrangian_sdf,0.017400000000000002,-0.010455544159799131,0.05854445584019913,-0.01646672908941858,0.016484986898504757,,,,0.0024423816071885815,0,7.332142800092697,explicit,lumped,central_difference,MaterialSDF+LagrangianSDFContactOracle,structured-top,5000000000.0
sfc_lagrangian_sdf,0.017410000000000002,-0.010457570077619976,0.058542429922378285,-0.01649476924781372,0.01651298258394058,,,,0.002440895431277466,0,7.332142800092697,explicit,lumped,central_difference,MaterialSDF+LagrangianSDFContactOracle,structured-top,5000000000.0
sfc_lagrangian_sdf,0.01742,-0.01045960012146355,0.05854039987853472,-0.016522799620376165,0.01654094344867245,,,,0.0024395285169173868,0,7.332142800092697,explicit,lumped,central_difference,MaterialSDF+LagrangianSDFContactOracle,structured-top,5000000000.0
sfc_lagrangian_sdf,0.01743,-0.010461634049968893,0.05853836595002937,-0.01655082076181787,0.016568879035364928,,,,0.0024382756926444,0,7.332142800092697,explicit,lumped,central_difference,MaterialSDF+LagrangianSDFContactOracle,structured-top,5000000000.0
sfc_lagrangian_sdf,0.01744,-0.010463671629997881,0.05853632837000038,-0.01657883326589634,0.016596792910386664,,,,0.0024371397079704267,0,7.332142800092697,explicit,lumped,central_difference,MaterialSDF+LagrangianSDFContactOracle,structured-top,5000000000.0
sfc_lagrangian_sdf,0.01745,-0.01046571263801937,0.058534287361978896,-0.01660683825745149,0.016624684519426936,,,,0.0024361306795795614,0,7.332142800092697,explicit,lumped,central_difference,MaterialSDF+LagrangianSDFContactOracle,structured-top,5000000000.0
sfc_lagrangian_sdf,0.01746,-0.01046775686141064,0.05853224313858762,-0.016634837753148227,0.016652566886513783,,,,0.002435263023271847,0,7.332142800092697,explicit,lumped,central_difference,MaterialSDF+LagrangianSDFContactOracle,structured-top,5000000000.0
sfc_lagrangian_sdf,0.017470000000000003,-0.010469804099665775,0.05853019590033249,-0.016662834683130127,0.016680537704588872,,,,0.0024345510078093266,0,7.332142800092697,explicit,lumped,central_difference,MaterialSDF+LagrangianSDFContactOracle,structured-top,5000000000.0
sfc_lagrangian_sdf,0.017480000000000002,-0.010471854165501284,0.05852814583449698,-0.016690832602081422,0.016708776020065493,,,,0.0024340043643266557,0,7.332142800092697,explicit,lumped,central_difference,MaterialSDF+LagrangianSDFContactOracle,structured-top,5000000000.0
sfc_lagrangian_sdf,0.017490000000000002,-0.010473906885850122,0.058526093114148144,-0.016718835302597344,0.016737137912212933,,,,0.002433625907024238,0,7.332142800092697,explicit,lumped,central_difference,MaterialSDF+LagrangianSDFContactOracle,structured-top,5000000000.0
sfc_lagrangian_sdf,0.0175,-0.01047596210273617,0.0585240378972621,-0.01674684654166543,0.016765556681416324,,,,0.0024334127701285684,0,7.332142800092697,explicit,lumped,central_difference,MaterialSDF+LagrangianSDFContactOracle,structured-top,5000000000.0
sfc_lagrangian_sdf,0.01751,-0.010478019674022107,0.05852198032597615,-0.016774869949249496,0.01679397379941751,,,,0.0024333608242751584,0,7.332142800092697,explicit,lumped,central_difference,MaterialSDF+LagrangianSDFContactOracle,structured-top,5000000000.0
sfc_lagrangian_sdf,0.01752,-0.010480079474024554,0.05851992052597371,-0.01680290906461327,0.01682237130667012,,,,0.002433469272705783,0,7.332142800092697,explicit,lumped,central_difference,MaterialSDF+LagrangianSDFContactOracle,structured-top,5000000000.0
sfc_lagrangian_sdf,0.01753,-0.010482141393991309,0.058517858606006945,-0.01683096743420652,0.01685072826429544,,,,0.0024337418862094206,0,7.332142800092697,explicit,lumped,central_difference,MaterialSDF+LagrangianSDFContactOracle,structured-top,5000000000.0
sfc_lagrangian_sdf,0.01754,-0.010484205342436487,0.058515794657561786,-0.016859048747158333,0.016879029309493053,,,,0.002434183155747755,0,7.332142800092697,explicit,lumped,central_difference,MaterialSDF+LagrangianSDFContactOracle,structured-top,5000000000.0
sfc_lagrangian_sdf,0.017550000000000003,-0.010486271245330359,0.05851372875466791,-0.01688715696921708,0.016907273230543782,,,,0.0024347903023366883,0,7.332142800092697,explicit,lumped,central_difference,MaterialSDF+LagrangianSDFContactOracle,structured-top,5000000000.0
sfc_lagrangian_sdf,0.017560000000000003,-0.010488339046141692,0.05851166095385657,-0.016915296356362682,0.016935475728881134,,,,0.0024355671195794805,0,7.332142800092697,explicit,lumped,central_difference,MaterialSDF+LagrangianSDFContactOracle,structured-top,5000000000.0
sfc_lagrangian_sdf,0.017570000000000002,-0.010490408705731463,0.058509591294266805,-0.016943471207466476,0.016963723640960462,,,,0.0024365118279598367,0,7.332142800092697,explicit,lumped,central_difference,MaterialSDF+LagrangianSDFContactOracle,structured-top,5000000000.0
sfc_lagrangian_sdf,0.017580000000000002,-0.010492480202097754,0.058507519797900503,-0.016971685352233593,0.016992008826471422,,,,0.0024376251216435205,0,7.332142800092697,explicit,lumped,central_difference,MaterialSDF+LagrangianSDFContactOracle,structured-top,5000000000.0
sfc_lagrangian_sdf,0.01759,-0.01049455352997286,0.05850544647002542,-0.01699994159244943,0.01702031145005953,,,,0.0024389097967558652,0,7.332142800092697,explicit,lumped,central_difference,MaterialSDF+LagrangianSDFContactOracle,structured-top,5000000000.0
sfc_lagrangian_sdf,0.0176,-0.01049662870027456,0.0585033712997237,-0.017028241410868204,0.017048630543729442,,,,0.0024403652479170427,0,7.332142800092697,explicit,lumped,central_difference,MaterialSDF+LagrangianSDFContactOracle,structured-top,5000000000.0
sfc_lagrangian_sdf,0.01761,-0.010498705739414665,0.05850129426058359,-0.01705658510131803,0.017076960572015156,,,,0.002441981128118927,0,7.332142800092697,explicit,lumped,central_difference,MaterialSDF+LagrangianSDFContactOracle,structured-top,5000000000.0
sfc_lagrangian_sdf,0.01762,-0.010500784688469001,0.05849921531152926,-0.017084972167606634,0.01710529488801533,,,,0.002443736493854406,0,7.332142800092697,explicit,lumped,central_difference,MaterialSDF+LagrangianSDFContactOracle,structured-top,5000000000.0
sfc_lagrangian_sdf,0.01763,-0.010502865602214181,0.05849713439778409,-0.017113401660100228,0.01713363007059053,,,,0.0024456067279518194,0,7.332142800092697,explicit,lumped,central_difference,MaterialSDF+LagrangianSDFContactOracle,structured-top,5000000000.0
sfc_lagrangian_sdf,0.017640000000000003,-0.01050494854803744,0.058495051451960836,-0.017141872234182967,0.017161969430656284,,,,0.002447573686882436,0,7.332142800092697,explicit,lumped,central_difference,MaterialSDF+LagrangianSDFContactOracle,structured-top,5000000000.0
sfc_lagrangian_sdf,0.017650000000000002,-0.0105070336047271,0.05849296639527116,-0.01717038200964877,0.01719032383716467,,,,0.0024496311354269573,0,7.332142800092697,explicit,lumped,central_difference,MaterialSDF+LagrangianSDFContactOracle,structured-top,5000000000.0
sfc_lagrangian_sdf,0.017660000000000002,-0.010509120861152152,0.05849087913884612,-0.01719892849765626,0.01721872575256643,,,,0.002451781019087178,0,7.332142800092697,explicit,lumped,central_difference,MaterialSDF+LagrangianSDFContactOracle,structured-top,5000000000.0
sfc_lagrangian_sdf,0.01767,-0.01051121041484055,0.05848878958515771,-0.0172275087719682,0.017247401098157724,,,,0.00245402366059511,0,7.332142800092697,explicit,lumped,central_difference,MaterialSDF+LagrangianSDFContactOracle,structured-top,5000000000.0
sfc_lagrangian_sdf,0.01768,-0.010513302370466883,0.05848669762953139,-0.017256119807255464,0.01727639500142579,,,,0.0024563499813220306,0,7.332142800092697,explicit,lumped,central_difference,MaterialSDF+LagrangianSDFContactOracle,structured-top,5000000000.0
sfc_lagrangian_sdf,0.01769,-0.01051539683826098,0.05848460316173729,-0.017284758756205675,0.017305404122772042,,,,0.0024587420137304407,0,7.332142800092697,explicit,lumped,central_difference,MaterialSDF+LagrangianSDFContactOracle,structured-top,5000000000.0
sfc_lagrangian_sdf,0.0177,-0.010517493932349959,0.05848250606764831,-0.017313423024575735,0.017334431017648023,,,,0.002461181030480281,0,7.332142800092697,explicit,lumped,central_difference,MaterialSDF+LagrangianSDFContactOracle,structured-top,5000000000.0
sfc_lagrangian_sdf,0.01771,-0.010519593769047124,0.05848040623095114,-0.017342110201817564,0.017363477000628468,,,,0.0024636565910722474,0,7.332142800092697,explicit,lumped,central_difference,MaterialSDF+LagrangianSDFContactOracle,structured-top,5000000000.0
sfc_lagrangian_sdf,0.017720000000000003,-0.010521696465101791,0.05847830353489647,-0.017370817983356605,0.01739253394349334,,,,0.002466169519525159,0,7.332142800092697,explicit,lumped,central_difference,MaterialSDF+LagrangianSDFContactOracle,structured-top,5000000000.0
sfc_lagrangian_sdf,0.017730000000000003,-0.010523802135924855,0.058476197864073404,-0.017399544109943422,0.017421588717010245,,,,0.002468726921076633,0,7.332142800092697,explicit,lumped,central_difference,MaterialSDF+LagrangianSDFContactOracle,structured-top,5000000000.0
sfc_lagrangian_sdf,0.017740000000000002,-0.010525910893805425,0.05847408910619284,-0.017428286215170365,0.017450705172329998,,,,0.0024713331862724207,0,7.332142800092697,explicit,lumped,central_difference,MaterialSDF+LagrangianSDFContactOracle,structured-top,5000000000.0
sfc_lagrangian_sdf,0.017750000000000002,-0.010528022846134322,0.05847197715386395,-0.017457041512437998,0.017479789760814476,,,,0.002473983008245625,0,7.332142800092697,explicit,lumped,central_difference,MaterialSDF+LagrangianSDFContactOracle,structured-top,5000000000.0
sfc_lagrangian_sdf,0.01776,-0.01053013809365045,0.058469861906347814,-0.017485806453484253,0.017508823904846454,,,,0.002476659986471092,0,7.332142800092697,explicit,lumped,central_difference,MaterialSDF+LagrangianSDFContactOracle,structured-top,5000000000.0
sfc_lagrangian_sdf,0.01777,-0.010532256728726238,0.05846774327127203,-0.017514576623320535,0.017537798501535456,,,,0.0024793402413425536,0,7.332142800092697,explicit,lumped,central_difference,MaterialSDF+LagrangianSDFContactOracle,structured-top,5000000000.0
sfc_lagrangian_sdf,0.01778,-0.010534378833708318,0.05846562116628994,-0.01754334701169188,0.017566712893567534,,,,0.0024819979818285925,0,7.332142800092697,explicit,lumped,central_difference,MaterialSDF+LagrangianSDFContactOracle,structured-top,5000000000.0
sfc_lagrangian_sdf,0.01779,-0.010536504479329377,0.058463495520668894,-0.017572112499567527,0.017595572494848735,,,,0.002484610260372111,0,7.332142800092697,explicit,lumped,central_difference,MaterialSDF+LagrangianSDFContactOracle,structured-top,5000000000.0
sfc_lagrangian_sdf,0.0178,-0.010538633723206741,0.05846136627679152,-0.017600868211036513,0.01762440256431395,,,,0.0024871598499560787,0,7.332142800092697,explicit,lumped,central_difference,MaterialSDF+LagrangianSDFContactOracle,structured-top,5000000000.0
sfc_lagrangian_sdf,0.017810000000000003,-0.010540766608442794,0.05845923339155547,-0.017629609505799886,0.017653228702984216,,,,0.002489636345286423,0,7.332142800092697,explicit,lumped,central_difference,MaterialSDF+LagrangianSDFContactOracle,structured-top,5000000000.0
sfc_lagrangian_sdf,0.017820000000000003,-0.010542903162341419,0.05845709683765684,-0.01765833171519641,0.01768199633710077,,,,0.0024920348461286005,0,7.332142800092697,explicit,lumped,central_difference,MaterialSDF+LagrangianSDFContactOracle,structured-top,5000000000.0
sfc_lagrangian_sdf,0.017830000000000002,-0.010545043395253943,0.05845495660474432,-0.017687029942310264,0.017710701144785516,,,,0.0024943511454810856,0,7.332142800092697,explicit,lumped,central_difference,MaterialSDF+LagrangianSDFContactOracle,structured-top,5000000000.0
sfc_lagrangian_sdf,0.01784,-0.010547187299566847,0.05845281270043143,-0.017715699160543098,0.017739339736313847,,,,0.002496588353547867,0,7.332142800092697,explicit,lumped,central_difference,MaterialSDF+LagrangianSDFContactOracle,structured-top,5000000000.0
sfc_lagrangian_sdf,0.01785,-0.010549334848842342,0.05845066515115591,-0.017744334572462765,0.01776791131992978,,,,0.002498739225532901,0,7.332142800092697,explicit,lumped,central_difference,MaterialSDF+LagrangianSDFContactOracle,structured-top,5000000000.0
sfc_lagrangian_sdf,0.01786,-0.010551485997121463,0.0584485140028768,-0.017772932016724113,0.0177964201418408,,,,0.002500787539593416,0,7.332142800092697,explicit,lumped,central_difference,MaterialSDF+LagrangianSDFContactOracle,structured-top,5000000000.0
sfc_lagrangian_sdf,0.01787,-0.010553640678397867,0.05844635932160041,-0.017801488274214752,0.017824875752292486,,,,0.0025027104611614255,0,7.332142800092697,explicit,lumped,central_difference,MaterialSDF+LagrangianSDFContactOracle,structured-top,5000000000.0
sfc_lagrangian_sdf,0.01788,-0.01055579880626886,0.05844420119372941,-0.017830001284455013,0.017853289335487844,,,,0.0025044860656206315,0,7.332142800092697,explicit,lumped,central_difference,MaterialSDF+LagrangianSDFContactOracle,structured-top,5000000000.0
sfc_lagrangian_sdf,0.017890000000000003,-0.010557960273768435,0.058442039726229834,-0.017858470309434063,0.01788166766117108,,,,0.0025061021904485012,0,7.332142800092697,explicit,lumped,central_difference,MaterialSDF+LagrangianSDFContactOracle,structured-top,5000000000.0
sfc_lagrangian_sdf,0.017900000000000003,-0.010560124953385269,0.058439875046612993,-0.01788689594325107,0.01791008522583037,,,,0.002507560564853397,0,7.332142800092697,explicit,lumped,central_difference,MaterialSDF+LagrangianSDFContactOracle,structured-top,5000000000.0
sfc_lagrangian_sdf,0.017910000000000002,-0.010562292697266834,0.058437707302731436,-0.017915279776060097,0.017938767891166503,,,,0.0025088720966016283,0,7.332142800092697,explicit,lumped,central_difference,MaterialSDF+LagrangianSDFContactOracle,structured-top,5000000000.0
sfc_lagrangian_sdf,0.017920000000000002,-0.010564463337608814,0.058435536662389466,-0.01794362367893649,0.017967407269652312,,,,0.002510045057311838,0,7.332142800092697,explicit,lumped,central_difference,MaterialSDF+LagrangianSDFContactOracle,structured-top,5000000000.0
sfc_lagrangian_sdf,0.01793,-0.010566636687227165,0.05843336331277111,-0.01797192899683011,0.017995994073265326,,,,0.002511073882801704,0,7.332142800092697,explicit,lumped,central_difference,MaterialSDF+LagrangianSDFContactOracle,structured-top,5000000000.0
sfc_lagrangian_sdf,0.01794,-0.010568812540308285,0.05843118745968997,-0.01800019609731227,0.018024526969506214,,,,0.0025119373060332136,0,7.332142800092697,explicit,lumped,central_difference,MaterialSDF+LagrangianSDFContactOracle,structured-top,5000000000.0
sfc_lagrangian_sdf,0.01795,-0.010570990673330956,0.058429009326667315,-0.01802842450637967,0.018053062970556345,,,,0.0025126085502400757,0,7.332142800092697,explicit,lumped,central_difference,MaterialSDF+LagrangianSDFContactOracle,structured-top,5000000000.0
sfc_lagrangian_sdf,0.01796,-0.010573170846151933,0.05842682915384633,-0.01805661342437764,0.018081580088400814,,,,0.0025130710725106515,0,7.332142800092697,explicit,lumped,central_difference,MaterialSDF+LagrangianSDFContactOracle,structured-top,5000000000.0
sfc_lagrangian_sdf,0.01797,-0.010575352803245525,0.058424647196752735,-0.018084762158993975,0.018110047266777705,,,,0.002513328236566185,0,7.332142800092697,explicit,lumped,central_difference,MaterialSDF+LagrangianSDFContactOracle,structured-top,5000000000.0
sfc_lagrangian_sdf,0.017980000000000003,-0.010577536275085815,0.05842246372491246,-0.018112870181305803,0.018138463939944467,,,,0.0025133992421177364,0,7.332142800092697,explicit,lumped,central_difference,MaterialSDF+LagrangianSDFContactOracle,structured-top,5000000000.0
sfc_lagrangian_sdf,0.017990000000000003,-0.010579720979658995,0.05842027902033927,-0.018140936925161402,0.01816683415544887,,,,0.0025133042230833487,0,7.332142800092697,explicit,lumped,central_difference,MaterialSDF+LagrangianSDFContactOracle,structured-top,5000000000.0
sfc_lagrangian_sdf,0.018000000000000002,-0.01058190662409189,0.05841809337590637,-0.0181689616872539,0.018195103209762732,,,,0.0025130500937234016,0,7.332142800092697,explicit,lumped,central_difference,MaterialSDF+LagrangianSDFContactOracle,structured-top,5000000000.0
sfc_lagrangian_sdf,0.01801,-0.010584092906381798,0.05841590709361647,-0.01819694382364571,0.01822327903212007,,,,0.002512627937069884,0,7.332142800092697,explicit,lumped,central_difference,MaterialSDF+LagrangianSDFContactOracle,structured-top,5000000000.0
sfc_lagrangian_sdf,0.01802,-0.010586279517211855,0.0584137204827864,-0.018224883088787523,0.018251419814833154,,,,0.0025120229412924477,0,7.332142800092697,explicit,lumped,central_difference,MaterialSDF+LagrangianSDFContactOracle,structured-top,5000000000.0
sfc_lagrangian_sdf,0.01803,-0.010588466141835503,0.058411533858162765,-0.018252779828902013,0.018279496382045964,,,,0.0025112275888558733,0,7.332142800092697,explicit,lumped,central_difference,MaterialSDF+LagrangianSDFContactOracle,structured-top,5000000000.0
sfc_lagrangian_sdf,0.01804,-0.010590652462013014,0.05840934753798526,-0.0182806349661261,0.018307507636565187,,,,0.002510247046367489,0,7.332142800092697,explicit,lumped,central_difference,MaterialSDF+LagrangianSDFContactOracle,structured-top,5000000000.0
sfc_lagrangian_sdf,0.01805,-0.01059283815798297,0.058407161842015304,-0.018308450009494517,0.018335457234445553,,,,0.002509093756217076,0,7.332142800092697,explicit,lumped,central_difference,MaterialSDF+LagrangianSDFContactOracle,structured-top,5000000000.0
sfc_lagrangian_sdf,0.018060000000000003,-0.010595022910451207,0.05840497708954706,-0.01833622731247586,0.018363351031476013,,,,0.0025077783249004343,0,7.332142800092697,explicit,lumped,central_difference,MaterialSDF+LagrangianSDFContactOracle,structured-top,5000000000.0
sfc_lagrangian_sdf,0.018070000000000003,-0.010597206402580042,0.05840279359741822,-0.01836397042832289,0.018391196382183433,,,,0.002506306456027581,0,7.332142800092697,explicit,lumped,central_difference,MaterialSDF+LagrangianSDFContactOracle,structured-top,5000000000.0
sfc_lagrangian_sdf,0.018080000000000002,-0.010599388321960753,0.058400611678037506,-0.018391684097114572,0.018419001134306938,,,,0.0025046832533892425,0,7.332142800092697,explicit,lumped,central_difference,MaterialSDF+LagrangianSDFContactOracle,structured-top,5000000000.0
sfc_lagrangian_sdf,0.018090000000000002,-0.010601568362552697,0.05839843163744557,-0.018419373553097588,0.018446771892847207,,,,0.0025029253952020556,0,7.332142800092697,explicit,lumped,central_difference,MaterialSDF+LagrangianSDFContactOracle,structured-top,5000000000.0
sfc_lagrangian_sdf,0.0181,-0.010603746226573101,0.05839625377342516,-0.018447043416286196,0.018474511838007725,,,,0.0025010599126521083,0,7.332142800092697,explicit,lumped,central_difference,MaterialSDF+LagrangianSDFContactOracle,structured-top,5000000000.0
sfc_lagrangian_sdf,0.01811,-0.010605921626322222,0.058394078373676044,-0.018474696891791226,0.01850221960414809,,,,0.0024991137312082136,0,7.332142800092697,explicit,lumped,central_difference,MaterialSDF+LagrangianSDFContactOracle,structured-top,5000000000.0
sfc_lagrangian_sdf,0.01812,-0.010608094285929395,0.05839190571406887,-0.018502335846462055,0.018529890668662875,,,,0.002497104331700395,0,7.332142800092697,explicit,lumped,central_difference,MaterialSDF+LagrangianSDFContactOracle,structured-top,5000000000.0
sfc_lagrangian_sdf,0.01813,-0.010610263943006525,0.058389736056991735,-0.018529961640457202,0.01855752087162969,,,,0.002495033619474259,0,7.332142800092697,explicit,lumped,central_difference,MaterialSDF+LagrangianSDFContactOracle,structured-top,5000000000.0
sfc_lagrangian_sdf,0.01814,-0.010612430350196458,0.05838756964980182,-0.01855757598097904,0.01858510978659942,,,,0.0024929020261766324,0,7.332142800092697,explicit,lumped,central_difference,MaterialSDF+LagrangianSDFContactOracle,structured-top,5000000000.0
sfc_lagrangian_sdf,0.018150000000000003,-0.010614593276604955,0.05838540672339332,-0.018585181105651185,0.018612661741489643,,,,0.002490710541872644,0,7.332142800092697,explicit,lumped,central_difference,MaterialSDF+LagrangianSDFContactOracle,structured-top,5000000000.0
sfc_lagrangian_sdf,0.018160000000000003,-0.010616752509105962,0.05838324749089231,-0.018612779245506857,0.018640214636964393,,,,0.0024884673136864027,0,7.332142800092697,explicit,lumped,central_difference,MaterialSDF+LagrangianSDFContactOracle,structured-top,5000000000.0
sfc_lagrangian_sdf,0.018170000000000002,-0.0106189078535112,0.05838109214648706,-0.018640371942802117,0.018667761538126434,,,,0.002486184199671119,0,7.332142800092697,explicit,lumped,central_difference,MaterialSDF+LagrangianSDFContactOracle,structured-top,5000000000.0
sfc_lagrangian_sdf,0.01818,-0.010621059135596201,0.05837894086440207,-0.0186679598351662,0.018695286361203427,,,,0.0024838709220144145,0,7.332142800092697,explicit,lumped,central_difference,MaterialSDF+LagrangianSDFContactOracle,structured-top,5000000000.0
sfc_lagrangian_sdf,0.01819,-0.010623206201976253,0.05837679379802202,-0.018695542999145238,0.01872278818853105,,,,0.0024815341488152814,0,7.332142800092697,explicit,lumped,central_difference,MaterialSDF+LagrangianSDFContactOracle,structured-top,5000000000.0
sfc_lagrangian_sdf,0.0182,-0.010625348920826809,0.05837465107917146,-0.018723121441557442,0.018750275544961368,,,,0.002479182780184158,0,7.332142800092697,explicit,lumped,central_difference,MaterialSDF+LagrangianSDFContactOracle,structured-top,5000000000.0
sfc_lagrangian_sdf,0.01821,-0.010627487182444223,0.05837251281755405,-0.018750695327969302,0.018777776439229166,,,,0.002476833377262666,0,7.332142800092697,explicit,lumped,central_difference,MaterialSDF+LagrangianSDFContactOracle,structured-top,5000000000.0
sfc_lagrangian_sdf,0.01822,-0.010629620899643755,0.05837037910035451,-0.01877826495826449,0.018805313562157814,,,,0.0024745089837603365,0,7.332142800092697,explicit,lumped,central_difference,MaterialSDF+LagrangianSDFContactOracle,structured-top,5000000000.0
sfc_lagrangian_sdf,0.018230000000000003,-0.010631750007993074,0.05836824999200518,-0.018805830808226353,0.018832975600561415,,,,0.0024722314699417844,0,7.332142800092697,explicit,lumped,central_difference,MaterialSDF+LagrangianSDFContactOracle,structured-top,5000000000.0
sfc_lagrangian_sdf,0.018240000000000003,-0.010633874465880464,0.058366125534117796,-0.01883339378301155,0.0188608681650006,,,,0.002470014836782427,0,7.332142800092697,explicit,lumped,central_difference,MaterialSDF+LagrangianSDFContactOracle,structured-top,5000000000.0
sfc_lagrangian_sdf,0.018250000000000002,-0.010635994254418128,0.05836400574558014,-0.018860955383084188,0.018888743151396572,,,,0.002467866756829561,0,7.332142800092697,explicit,lumped,central_difference,MaterialSDF+LagrangianSDFContactOracle,structured-top,5000000000.0
sfc_lagrangian_sdf,0.018260000000000002,-0.010638109377182023,0.058361890622816236,-0.01888851732826245,0.018916608992171888,,,,0.002465797572934802,0,7.332142800092697,explicit,lumped,central_difference,MaterialSDF+LagrangianSDFContactOracle,structured-top,5000000000.0
sfc_lagrangian_sdf,0.01827,-0.010640219859790653,0.05835978014020762,-0.01891608060360674,0.018944497067649262,,,,0.002463825503093876,0,7.332142800092697,explicit,lumped,central_difference,MaterialSDF+LagrangianSDFContactOracle,structured-top,5000000000.0
sfc_lagrangian_sdf,0.01828,-0.010642325749326251,0.05835767425067202,-0.018943644530334938,0.018972433032417756,,,,0.0024619801674999713,0,7.332142800092697,explicit,lumped,central_difference,MaterialSDF+LagrangianSDFContactOracle,structured-top,5000000000.0
sfc_lagrangian_sdf,0.01829,-0.010644427113602802,0.05835557288639546,-0.018971206663349796,0.019000364008500813,,,,0.0024602857921575305,0,7.332142800092697,explicit,lumped,central_difference,MaterialSDF+LagrangianSDFContactOracle,structured-top,5000000000.0
sfc_lagrangian_sdf,0.0183,-0.01064652404028618,0.05835347595971209,-0.018998763783410814,0.019028278486609023,,,,0.0024587464972887843,0,7.332142800092697,explicit,lumped,central_difference,MaterialSDF+LagrangianSDFContactOracle,structured-top,5000000000.0
sfc_lagrangian_sdf,0.01831,-0.010648616635872736,0.058351383364125535,-0.019026313400027927,0.01905616168816691,,,,0.0024573455754614316,0,7.332142800092697,explicit,lumped,central_difference,MaterialSDF+LagrangianSDFContactOracle,structured-top,5000000000.0
sfc_lagrangian_sdf,0.018320000000000003,-0.010650705024533432,0.05834929497546483,-0.019053854755915773,0.019083997378727124,,,,0.0024560578834386627,0,7.332142800092697,explicit,lumped,central_difference,MaterialSDF+LagrangianSDFContactOracle,structured-top,5000000000.0
sfc_lagrangian_sdf,0.018330000000000003,-0.010652789346831627,0.058347210653166635,-0.019081388692770176,0.01911177279461827,,,,0.0024548646216452606,0,7.332142800092697,explicit,lumped,central_difference,MaterialSDF+LagrangianSDFContactOracle,structured-top,5000000000.0
sfc_lagrangian_sdf,0.018340000000000002,-0.010654869758323365,0.058345130241674904,-0.01910891655614516,0.01913948379827138,,,,0.0024537744471698738,0,7.332142800092697,explicit,lumped,central_difference,MaterialSDF+LagrangianSDFContactOracle,structured-top,5000000000.0
sfc_lagrangian_sdf,0.01835,-0.010656946428049974,0.05834305357194829,-0.01913643888521912,0.019167135934266895,,,,0.0024528150641621293,0,7.332142800092697,explicit,lumped,central_difference,MaterialSDF+LagrangianSDFContactOracle,structured-top,5000000000.0
sfc_lagrangian_sdf,0.01836,-0.0106590195369335,0.05834098046306476,-0.01916395456363206,0.019194739779255614,,,,0.002452019513968383,0,7.332142800092697,explicit,lumped,central_difference,MaterialSDF+LagrangianSDFContactOracle,structured-top,5000000000.0
sfc_lagrangian_sdf,0.01837,-0.010661089276086432,0.05833891072391184,-0.019191460626180424,0.019222303560170982,,,,0.002451412942638311,0,7.332142800092697,explicit,lumped,central_difference,MaterialSDF+LagrangianSDFContactOracle,structured-top,5000000000.0
sfc_lagrangian_sdf,0.01838,-0.010663155845047805,0.05833684415495047,-0.019218952541014387,0.019249889289564736,,,,0.002451005201932543,0,7.332142800092697,explicit,lumped,central_difference,MaterialSDF+LagrangianSDFContactOracle,structured-top,5000000000.0
sfc_lagrangian_sdf,0.01839,-0.010665219449958654,0.05833478055003961,-0.019246424773596817,0.01927743842249318,,,,0.002450792040088741,0,7.332142800092697,explicit,lumped,central_difference,MaterialSDF+LagrangianSDFContactOracle,structured-top,5000000000.0
sfc_lagrangian_sdf,0.018400000000000003,-0.010667280301690344,0.05833271969830792,-0.019273871583932282,0.01930492974172524,,,,0.0024507612865962065,0,7.332142800092697,explicit,lumped,central_difference,MaterialSDF+LagrangianSDFContactOracle,structured-top,5000000000.0
sfc_lagrangian_sdf,0.018410000000000003,-0.010669338613940081,0.05833066138605819,-0.01930128797633934,0.01933235657637659,,,,0.002450899641778864,0,7.332142800092697,explicit,lumped,central_difference,MaterialSDF+LagrangianSDFContactOracle,structured-top,5000000000.0
sfc_lagrangian_sdf,0.018420000000000002,-0.010671394601308318,0.058328605398689934,-0.019328670480795167,0.019359714972210024,,,,0.0024511979540477696,0,7.332142800092697,explicit,lumped,central_difference,MaterialSDF+LagrangianSDFContactOracle,structured-top,5000000000.0
sfc_lagrangian_sdf,0.018430000000000002,-0.010673448477373415,0.05832655152262485,-0.019356017318024665,0.01938700204042129,,,,0.0024516546987861315,0,7.332142800092697,explicit,lumped,central_difference,MaterialSDF+LagrangianSDFContactOracle,structured-top,5000000000.0
sfc_lagrangian_sdf,0.01844,-0.010675500452779168,0.05832449954721909,-0.019383327770075894,0.019414215074293674,,,,0.0024522772196626445,0,7.332142800092697,explicit,lumped,central_difference,MaterialSDF+LagrangianSDFContactOracle,structured-top,5000000000.0
sfc_lagrangian_sdf,0.01845,-0.010677550733351195,0.05832244926664707,-0.019410601113533578,0.019441351719140597,,,,0.0024530796500768785,0,7.332142800092697,explicit,lumped,central_difference,MaterialSDF+LagrangianSDFContactOracle,structured-top,5000000000.0
sfc_lagrangian_sdf,0.01846,-0.010679599518258238,0.058320400481740024,-0.019437835806873843,0.019468409816480625,,,,0.002454077380345218,0,7.332142800092697,explicit,lumped,central_difference,MaterialSDF+LagrangianSDFContactOracle,structured-top,5000000000.0
sfc_lagrangian_sdf,0.01847,-0.010681646998234524,0.05831835300176374,-0.01946502942047383,0.019495386266163706,,,,0.0024552803345930037,0,7.332142800092697,explicit,lumped,central_difference,MaterialSDF+LagrangianSDFContactOracle,structured-top,5000000000.0
sfc_lagrangian_sdf,0.01848,-0.010683693353879151,0.058316306646119115,-0.01949217921203645,0.019522760928387065,,,,0.002456687567321702,0,7.332142800092697,explicit,lumped,central_difference,MaterialSDF+LagrangianSDFContactOracle,structured-top,5000000000.0
sfc_lagrangian_sdf,0.018490000000000003,-0.010685738754048126,0.05831426124595015,-0.01951928279132686,0.01955032014440568,,,,0.002458291588013634,0,7.332142800092697,explicit,lumped,central_difference,MaterialSDF+LagrangianSDFContactOracle,structured-top,5000000000.0
sfc_lagrangian_sdf,0.018500000000000003,-0.010687783354354318,0.05831221664564395,-0.019546338357087127,0.019577818116450384,,,,0.0024600807719552436,0,7.332142800092697,explicit,lumped,central_difference,MaterialSDF+LagrangianSDFContactOracle,structured-top,5000000000.0
sfc_lagrangian_sdf,0.018510000000000002,-0.010689827295789768,0.05831017270420849,-0.01957334441905312,0.019605263890259586,,,,0.0024620429550802287,0,7.332142800092697,explicit,lumped,central_difference,MaterialSDF+LagrangianSDFContactOracle,structured-top,5000000000.0
sfc_lagrangian_sdf,0.018520000000000002,-0.010691870703484131,0.058308129296514126,-0.019600299306692732,0.01963266114720633,,,,0.002464168962779387,0,7.332142800092697,explicit,lumped,central_difference,MaterialSDF+LagrangianSDFContactOracle,structured-top,5000000000.0
sfc_lagrangian_sdf,0.01853,-0.010693913685611841,0.05830608631438641,-0.019627200809436092,0.019660009040782515,,,,0.002466451739437873,0,7.332142800092697,explicit,lumped,central_difference,MaterialSDF+LagrangianSDFContactOracle,structured-top,5000000000.0
sfc_lagrangian_sdf,0.01854,-0.010695956332459507,0.058304043667538746,-0.019654046080195116,0.019687307270656085,,,,0.0024688844968765405,0,7.332142800092697,explicit,lumped,central_difference,MaterialSDF+LagrangianSDFContactOracle,structured-top,5000000000.0
sfc_lagrangian_sdf,0.01855,-0.010697998715663603,0.05830200128433466,-0.019680831769814215,0.019714556358240466,,,,0.00247146014098677,0,7.332142800092697,explicit,lumped,central_difference,MaterialSDF+LagrangianSDFContactOracle,structured-top,5000000000.0
sfc_lagrangian_sdf,0.01856,-0.01070004088762696,0.05829995911237131,-0.019707554384872785,0.01974175799610631,,,,0.0024741722337387278,0,7.332142800092697,explicit,lumped,central_difference,MaterialSDF+LagrangianSDFContactOracle,structured-top,5000000000.0
sfc_lagrangian_sdf,0.018570000000000003,-0.010702082881120926,0.05829791711887734,-0.01973421091306755,0.019768896299081195,,,,0.0024770159074674553,0,7.332142800092697,explicit,lumped,central_difference,MaterialSDF+LagrangianSDFContactOracle,structured-top,5000000000.0
sfc_lagrangian_sdf,0.018580000000000003,-0.010704124709078144,0.05829587529092012,-0.019760799624641313,0.019795891217588655,,,,0.002479987253568118,0,7.332142800092697,explicit,lumped,central_difference,MaterialSDF+LagrangianSDFContactOracle,structured-top,5000000000.0
sfc_lagrangian_sdf,0.018590000000000002,-0.010706166364579052,0.05829383363541921,-0.019787320690425315,0.019822775598089374,,,,0.00248308143350526,0,7.332142800092697,explicit,lumped,central_difference,MaterialSDF+LagrangianSDFContactOracle,structured-top,5000000000.0
sfc_lagrangian_sdf,0.018600000000000002,-0.01070820782103307,0.058291792178965185,-0.01981377617474035,0.01984952228581448,,,,0.0024862912245464434,0,7.332142800092697,explicit,lumped,central_difference,MaterialSDF+LagrangianSDFContactOracle,structured-top,5000000000.0
sfc_lagrangian_sdf,0.01861,-0.010710249032553456,0.058289750967444806,-0.01984016928394762,0.019876137517031173,,,,0.002489607449552469,0,7.332142800092697,explicit,lumped,central_difference,MaterialSDF+LagrangianSDFContactOracle,structured-top,5000000000.0
sfc_lagrangian_sdf,0.01862,-0.010712289934522534,0.05828771006547574,-0.019866503288350264,0.019902638580193747,,,,0.0024930210527401415,0,7.332142800092697,explicit,lumped,central_difference,MaterialSDF+LagrangianSDFContactOracle,structured-top,5000000000.0
sfc_lagrangian_sdf,0.01863,-0.010714330444342071,0.0582856695556562,-0.019892780806736506,0.019929035613204034,,,,0.0024965250840006184,0,7.332142800092697,explicit,lumped,central_difference,MaterialSDF+LagrangianSDFContactOracle,structured-top,5000000000.0
sfc_lagrangian_sdf,0.01864,-0.01071637046236126,0.05828362953763701,-0.019919003851921028,0.019955324774323765,,,,0.0025001148603944123,0,7.332142800092697,explicit,lumped,central_difference,MaterialSDF+LagrangianSDFContactOracle,structured-top,5000000000.0
sfc_lagrangian_sdf,0.01865,-0.010718409872972894,0.058281590127025364,-0.019945174403192892,0.01998149479584986,,,,0.0025037859893232415,0,7.332142800092697,explicit,lumped,central_difference,MaterialSDF+LagrangianSDFContactOracle,structured-top,5000000000.0
sfc_lagrangian_sdf,0.018660000000000003,-0.010720448545866281,0.05827955145413198,-0.019971294859347555,0.020007547520011028,,,,0.0025075315342974486,0,7.332142800092697,explicit,lumped,central_difference,MaterialSDF+LagrangianSDFContactOracle,structured-top,5000000000.0
sfc_lagrangian_sdf,0.018670000000000003,-0.010722486337423658,0.0582775136625746,-0.019997367898509456,0.02003352597632088,,,,0.002511340181584243,0,7.332142800092697,explicit,lumped,central_difference,MaterialSDF+LagrangianSDFContactOracle,structured-top,5000000000.0
sfc_lagrangian_sdf,0.018680000000000002,-0.010724523092245216,0.05827547690775304,-0.020023395840371883,0.02005939439628061,,,,0.0025151965424589392,0,7.332142800092697,explicit,lumped,central_difference,MaterialSDF+LagrangianSDFContactOracle,structured-top,5000000000.0
sfc_lagrangian_sdf,0.018690000000000002,-0.010726558644786315,0.058273441355211945,-0.02004938002742403,0.020085154181310183,,,,0.0025190833345504243,0,7.332142800092697,explicit,lumped,central_difference,MaterialSDF+LagrangianSDFContactOracle,structured-top,5000000000.0
sfc_lagrangian_sdf,0.0187,-0.01072859282108925,0.05827140717890901,-0.020075320656408272,0.020110810587666696,,,,0.002522984073423581,0,7.332142800092697,explicit,lumped,central_difference,MaterialSDF+LagrangianSDFContactOracle,structured-top,5000000000.0
sfc_lagrangian_sdf,0.01871,-0.010730625440590827,0.058269374559407436,-0.02010121706293643,0.020136375849612646,,,,0.0025268847402485253,0,7.332142800092697,explicit,lumped,central_difference,MaterialSDF+LagrangianSDFContactOracle,structured-top,5000000000.0
sfc_lagrangian_sdf,0.01872,-0.01073265631798626,0.058267343682012016,-0.020127068163362623,0.020161907207198362,,,,0.0025307737611697453,0,7.332142800092697,explicit,lumped,central_difference,MaterialSDF+LagrangianSDFContactOracle,structured-top,5000000000.0
sfc_lagrangian_sdf,0.01873,-0.010734685265129275,0.058265314734869,-0.020152872855080963,0.02018740912680518,,,,0.002534640986433395,0,7.332142800092697,explicit,lumped,central_difference,MaterialSDF+LagrangianSDFContactOracle,structured-top,5000000000.0
sfc_lagrangian_sdf,0.018740000000000003,-0.010736712092948124,0.058263287907050126,-0.020178630465112077,0.020212849622717542,,,,0.0025384772004283023,0,7.332142800092697,explicit,lumped,central_difference,MaterialSDF+LagrangianSDFContactOracle,structured-top,5000000000.0
sfc_lagrangian_sdf,0.018750000000000003,-0.010738736613357074,0.05826126338664119,-0.020204341401700725,0.020238223635792682,,,,0.0025422751925892823,0,7.332142800092697,explicit,lumped,central_difference,MaterialSDF+LagrangianSDFContactOracle,structured-top,5000000000.0
sfc_lagrangian_sdf,0.018760000000000002,-0.010740758641143343,0.058259241358854914,-0.02023000786714246,0.020263677721672653,,,,0.0025460316974860414,0,7.332142800092697,explicit,lumped,central_difference,MaterialSDF+LagrangianSDFContactOracle,structured-top,5000000000.0
sfc_lagrangian_sdf,0.018770000000000002,-0.010742777995809805,0.05825722200418846,-0.02025563415082575,0.02028972275376341,,,,0.002549747929878767,0,7.332142800092697,explicit,lumped,central_difference,MaterialSDF+LagrangianSDFContactOracle,structured-top,5000000000.0
sfc_lagrangian_sdf,0.01878,-0.010744794503354645,0.05825520549664361,-0.020281226079076585,0.020315871706300326,,,,0.0025534267021675174,0,7.332142800092697,explicit,lumped,central_difference,MaterialSDF+LagrangianSDFContactOracle,structured-top,5000000000.0
sfc_lagrangian_sdf,0.01879,-0.010746807997970153,0.05825319200202811,-0.02030678971963917,0.020341937220827784,,,,0.0025570666250501247,0,7.332142800092697,explicit,lumped,central_difference,MaterialSDF+LagrangianSDFContactOracle,structured-top,5000000000.0
sfc_lagrangian_sdf,0.0188,-0.010748818323643982,0.058251181676354284,-0.020332329999471203,0.020367961222991154,,,,0.00256065688917718,0,7.332142800092697,explicit,lumped,central_difference,MaterialSDF+LagrangianSDFContactOracle,structured-top,5000000000.0
sfc_lagrangian_sdf,0.01881,-0.010750825335647637,0.05824917466435062,-0.020357849979474877,0.020393962401077728,,,,0.002564176805973906,0,7.332142800092697,explicit,lumped,central_difference,MaterialSDF+LagrangianSDFContactOracle,structured-top,5000000000.0
sfc_lagrangian_sdf,0.01882,-0.010752828901898565,0.0582471710980997,-0.02038335104424212,0.020419887115594167,,,,0.002567601393486763,0,7.332142800092697,explicit,lumped,central_difference,MaterialSDF+LagrangianSDFContactOracle,structured-top,5000000000.0
sfc_lagrangian_sdf,0.018830000000000003,-0.010754828904183831,0.05824517109581443,-0.020408833633711303,0.020445727256033035,,,,0.0025709097633360364,0,7.332142800092697,explicit,lumped,central_difference,MaterialSDF+LagrangianSDFContactOracle,structured-top,5000000000.0
sfc_lagrangian_sdf,0.018840000000000003,-0.010756825239235258,0.05824317476076302,-0.020434297897244203,0.020471475450883958,,,,0.0025740882661427194,0,7.332142800092697,explicit,lumped,central_difference,MaterialSDF+LagrangianSDFContactOracle,structured-top,5000000000.0
sfc_lagrangian_sdf,0.018850000000000002,-0.010758817819647739,0.058241182180350536,-0.020459743925156145,0.02049712997488682,,,,0.002577136696125598,0,7.332142800092697,explicit,lumped,central_difference,MaterialSDF+LagrangianSDFContactOracle,structured-top,5000000000.0
sfc_lagrangian_sdf,0.018860000000000002,-0.010760806574634385,0.058239193425363885,-0.020485171664074747,0.02052269659648698,,,,0.002580059420635174,0,7.332142800092697,explicit,lumped,central_difference,MaterialSDF+LagrangianSDFContactOracle,structured-top,5000000000.0
sfc_lagrangian_sdf,0.01887,-0.010762791450614113,0.05823720854938415,-0.020510580813055408,0.020548184902925655,,,,0.00258285930713502,0,7.332142800092697,explicit,lumped,central_difference,MaterialSDF+LagrangianSDFContactOracle,structured-top,5000000000.0
sfc_lagrangian_sdf,0.01888,-0.010764772411629169,0.05823522758836909,-0.0205359708318502,0.020573642570458413,,,,0.0025855384844055947,0,7.332142800092697,explicit,lumped,central_difference,MaterialSDF+LagrangianSDFContactOracle,structured-top,5000000000.0
sfc_lagrangian_sdf,0.01889,-0.01076674943959201,0.05823325056040626,-0.02056134095769657,0.02059903913968887,,,,0.002588099812938029,0,7.332142800092697,explicit,lumped,central_difference,MaterialSDF+LagrangianSDFContactOracle,structured-top,5000000000.0
sfc_lagrangian_sdf,0.0189,-0.010768722534362707,0.058231277465635556,-0.02058669012892709,0.020624345827994005,,,,0.0025905460730120135,0,7.332142800092697,explicit,lumped,central_difference,MaterialSDF+LagrangianSDFContactOracle,structured-top,5000000000.0
sfc_lagrangian_sdf,0.018910000000000003,-0.010770691713659812,0.05822930828633845,-0.02061201693085584,0.020649566340027223,,,,0.0025928750571615248,0,7.332142800092697,explicit,lumped,central_difference,MaterialSDF+LagrangianSDFContactOracle,structured-top,5000000000.0
sfc_lagrangian_sdf,0.018920000000000003,-0.01077265701280919,0.05822734298718909,-0.020637319803692756,0.020674706629306056,,,,0.0025950745769238366,0,7.332142800092697,explicit,lumped,central_difference,MaterialSDF+LagrangianSDFContactOracle,structured-top,5000000000.0
sfc_lagrangian_sdf,0.018930000000000002,-0.010774618484336699,0.05822538151566157,-0.020662597559506998,0.020699773987664233,,,,0.002597124137515504,0,7.332142800092697,explicit,lumped,central_difference,MaterialSDF+LagrangianSDFContactOracle,structured-top,5000000000.0
sfc_lagrangian_sdf,0.018940000000000002,-0.01077657619741213,0.05822342380258614,-0.020687849886774273,0.02072477686717876,,,,0.002599005594038545,0,7.332142800092697,explicit,lumped,central_difference,MaterialSDF+LagrangianSDFContactOracle,structured-top,5000000000.0
sfc_lagrangian_sdf,0.01895,-0.010778530237152681,0.05822146976284558,-0.020713077361664247,0.02074972514583137,,,,0.002600716447901963,0,7.332142800092697,explicit,lumped,central_difference,MaterialSDF+LagrangianSDFContactOracle,structured-top,5000000000.0
sfc_lagrangian_sdf,0.01896,-0.010780480703795545,0.058219519296202726,-0.020738280761628234,0.020774630014665788,,,,0.0026022737991278264,0,7.332142800092697,explicit,lumped,central_difference,MaterialSDF+LagrangianSDFContactOracle,structured-top,5000000000.0
sfc_lagrangian_sdf,0.01897,-0.010782427711749741,0.05821757228824853,-0.02076345999959711,0.02079950273691923,,,,0.0026037085477732926,0,7.332142800092697,explicit,lumped,central_difference,MaterialSDF+LagrangianSDFContactOracle,structured-top,5000000000.0
sfc_lagrangian_sdf,0.01898,-0.010784371388538277,0.05821562861146,-0.020788613319835218,0.02082468782646409,,,,0.0026050437395822826,0,7.332142800092697,explicit,lumped,central_difference,MaterialSDF+LagrangianSDFContactOracle,structured-top,5000000000.0
sfc_lagrangian_sdf,0.01899,-0.010786311873642023,0.058213688126356244,-0.0208137372338644,0.020850274453797307,,,,0.0026062832537847324,0,7.332142800092697,explicit,lumped,central_difference,MaterialSDF+LagrangianSDFContactOracle,structured-top,5000000000.0
sfc_lagrangian_sdf,0.019000000000000003,-0.010788249317257187,0.058211750682741085,-0.020838827163456114,0.020875806767430786,,,,0.0026074146299076145,0,7.332142800092697,explicit,lumped,central_difference,MaterialSDF+LagrangianSDFContactOracle,structured-top,5000000000.0
sfc_lagrangian_sdf,0.019010000000000003,-0.010790183878978541,0.058209816121019727,-0.020863878315984297,0.02090127839065029,,,,0.0026084248173837434,0,7.332142800092697,explicit,lumped,central_difference,MaterialSDF+LagrangianSDFContactOracle,structured-top,5000000000.0
sfc_lagrangian_sdf,0.019020000000000002,-0.010792115726420581,0.058207884273577676,-0.020888886263930578,0.02092668047036493,,,,0.0026093151291776296,0,7.332142800092697,explicit,lumped,central_difference,MaterialSDF+LagrangianSDFContactOracle,structured-top,5000000000.0
sfc_lagrangian_sdf,0.019030000000000002,-0.010794045033788904,0.05820595496620935,-0.020913847004148577,0.020952003575961473,,,,0.0026101019212742796,0,7.332142800092697,explicit,lumped,central_difference,MaterialSDF+LagrangianSDFContactOracle,structured-top,5000000000.0
sfc_lagrangian_sdf,0.01904,-0.01079597198041402,0.05820402801958424,-0.020938756642672585,0.020977365775983244,,,,0.002610804024051582,0,7.332142800092697,explicit,lumped,central_difference,MaterialSDF+LagrangianSDFContactOracle,structured-top,5000000000.0
sfc_lagrangian_sdf,0.01905,-0.010797896749259607,0.05820210325073866,-0.020963611026085825,0.021002665554118567,,,,0.00261143091270875,0,7.332142800092697,explicit,lumped,central_difference,MaterialSDF+LagrangianSDFContactOracle,structured-top,5000000000.0
sfc_lagrangian_sdf,0.01906,-0.010799819525417058,0.058200180474581205,-0.020988405580689377,0.021027856193204075,,,,0.002611976982164095,0,7.332142800092697,explicit,lumped,central_difference,MaterialSDF+LagrangianSDFContactOracle,structured-top,5000000000.0
sfc_lagrangian_sdf,0.01907,-0.010801740494597957,0.05819825950540031,-0.021013135456416414,0.02105293573377264,,,,0.0026124342747470544,0,7.332142800092697,explicit,lumped,central_difference,MaterialSDF+LagrangianSDFContactOracle,structured-top,5000000000.0
sfc_lagrangian_sdf,0.019080000000000003,-0.010803659841635704,0.058196340158362565,-0.021037795930276205,0.021077908756495,,,,0.0026128071692326444,0,7.332142800092697,explicit,lumped,central_difference,MaterialSDF+LagrangianSDFContactOracle,structured-top,5000000000.0
sfc_lagrangian_sdf,0.019090000000000003,-0.010805577749007353,0.05819442225099092,-0.021062382934476667,0.021102781500803518,,,,0.0026131160891030643,0,7.332142800092697,explicit,lumped,central_difference,MaterialSDF+LagrangianSDFContactOracle,structured-top,5000000000.0
sfc_lagrangian_sdf,0.019100000000000002,-0.010807494395386297,0.05819250560461198,-0.02108689352171986,0.021127556127099923,,,,0.0026133865661977923,0,7.332142800092697,explicit,lumped,central_difference,MaterialSDF+LagrangianSDFContactOracle,structured-top,5000000000.0
sfc_lagrangian_sdf,0.019110000000000002,-0.010809409954236196,0.05819059004576206,-0.02111132608141983,0.021152227137578968,,,,0.002613633718368102,0,7.332142800092697,explicit,lumped,central_difference,MaterialSDF+LagrangianSDFContactOracle,structured-top,5000000000.0
sfc_lagrangian_sdf,0.01912,-0.010811324592456071,0.0581886754075422,-0.02113568021249435,0.02117679094423799,,,,0.0026138563861942007,0,7.332142800092697,explicit,lumped,central_difference,MaterialSDF+LagrangianSDFContactOracle,structured-top,5000000000.0
sfc_lagrangian_sdf,0.01913,-0.010813238469086373,0.05818676153091189,-0.021159956318950894,0.021201337632465556,,,,0.0026140460573742183,0,7.332142800092697,explicit,lumped,central_difference,MaterialSDF+LagrangianSDFContactOracle,structured-top,5000000000.0
sfc_lagrangian_sdf,0.01914,-0.010815151734085272,0.058184848265913,-0.021184155121524096,0.021225755117830213,,,,0.0026142020612168844,0,7.332142800092697,explicit,lumped,central_difference,MaterialSDF+LagrangianSDFContactOracle,structured-top,5000000000.0
sfc_lagrangian_sdf,0.01915,-0.010817064527184261,0.058182935472813994,-0.02120827727719512,0.021250029500235232,,,,0.0026143391111958054,0,7.332142800092697,explicit,lumped,central_difference,MaterialSDF+LagrangianSDFContactOracle,structured-top,5000000000.0
sfc_lagrangian_sdf,0.01916,-0.010818976976831717,0.05818102302316655,-0.021232323183489752,0.021274151217009093,,,,0.002614478500510645,0,7.332142800092697,explicit,lumped,central_difference,MaterialSDF+LagrangianSDFContactOracle,structured-top,5000000000.0
sfc_lagrangian_sdf,0.019170000000000003,-0.01082088919923273,0.05817911080076554,-0.02125629293104588,0.0212981214346867,,,,0.00261464071972161,0,7.332142800092697,explicit,lumped,central_difference,MaterialSDF+LagrangianSDFContactOracle,structured-top,5000000000.0
sfc_lagrangian_sdf,0.019180000000000003,-0.010822801297493136,0.05817719870250512,-0.02128018634877023,0.021321952870615217,,,,0.0026148317643388736,0,7.332142800092697,explicit,lumped,central_difference,MaterialSDF+LagrangianSDFContactOracle,structured-top,5000000000.0
sfc_lagrangian_sdf,0.019190000000000002,-0.010824713360875263,0.058175286639123,-0.021304003133835403,0.021345663601966457,,,,0.0026150455153627072,0,7.332142800092697,explicit,lumped,central_difference,MaterialSDF+LagrangianSDFContactOracle,structured-top,5000000000.0
sfc_lagrangian_sdf,0.019200000000000002,-0.010826625464172363,0.05817337453582591,-0.021327743069969145,0.0213692685323862,,,,0.0026152763082880107,0,7.332142800092697,explicit,lumped,central_difference,MaterialSDF+LagrangianSDFContactOracle,structured-top,5000000000.0
sfc_lagrangian_sdf,0.01921,-0.010828537667208295,0.05817146233278996,-0.021351406267340865,0.021392774985905784,,,,0.0026155258969457165,0,7.332142800092697,explicit,lumped,central_difference,MaterialSDF+LagrangianSDFContactOracle,structured-top,5000000000.0
sfc_lagrangian_sdf,0.01922,-0.010830450014468291,0.05816954998552997,-0.02137499328668316,0.02141618494394368,,,,0.002615804400777225,0,7.332142800092697,explicit,lumped,central_difference,MaterialSDF+LagrangianSDFContactOracle,structured-top,5000000000.0
sfc_lagrangian_sdf,0.01923,-0.010832362534866066,0.0581676374651322,-0.02139850505476587,0.021439544816306784,,,,0.0026161268972431893,0,7.332142800092697,explicit,lumped,central_difference,MaterialSDF+LagrangianSDFContactOracle,structured-top,5000000000.0
sfc_lagrangian_sdf,0.01924,-0.010834275241651686,0.05816572475834658,-0.02142194263925314,0.021462889194697313,,,,0.0026165007489389897,0,7.332142800092697,explicit,lumped,central_difference,MaterialSDF+LagrangianSDFContactOracle,structured-top,5000000000.0
sfc_lagrangian_sdf,0.019250000000000003,-0.010836188132463826,0.05816381186753445,-0.02144530708548036,0.02148614072065431,,,,0.0026169283683931226,0,7.332142800092697,explicit,lumped,central_difference,MaterialSDF+LagrangianSDFContactOracle,structured-top,5000000000.0
sfc_lagrangian_sdf,0.019260000000000003,-0.01083810118952904,0.05816189881046923,-0.021468599479403612,0.02150929753913414,,,,0.002617412120879529,0,7.332142800092697,explicit,lumped,central_difference,MaterialSDF+LagrangianSDFContactOracle,structured-top,5000000000.0
sfc_lagrangian_sdf,0.019270000000000002,-0.010840014380009633,0.058159985619988634,-0.021491821204580815,0.021532359312543044,,,,0.0026179573494261523,0,7.332142800092697,explicit,lumped,central_difference,MaterialSDF+LagrangianSDFContactOracle,structured-top,5000000000.0
sfc_lagrangian_sdf,0.019280000000000002,-0.010841927656500617,0.05815807234349765,-0.021514974184300355,0.021555328513614875,,,,0.0026185704210295395,0,7.332142800092697,explicit,lumped,central_difference,MaterialSDF+LagrangianSDFContactOracle,structured-top,5000000000.0
sfc_lagrangian_sdf,0.01929,-0.010843840957674924,0.05815615904232334,-0.021538060908623587,0.021578209139219057,,,,0.002619255081653653,0,7.332142800092697,explicit,lumped,central_difference,MaterialSDF+LagrangianSDFContactOracle,structured-top,5000000000.0
sfc_lagrangian_sdf,0.0193,-0.01084575420907483,0.05815424579092344,-0.021561084224922655,0.02160100453146881,,,,0.0026200129967992956,0,7.332142800092697,explicit,lumped,central_difference,MaterialSDF+LagrangianSDFContactOracle,structured-top,5000000000.0
sfc_lagrangian_sdf,0.01931,-0.010847667324046042,0.058152332675952226,-0.02158404704316667,0.021623717876555724,,,,0.0026208502754405064,0,7.332142800092697,explicit,lumped,central_difference,MaterialSDF+LagrangianSDFContactOracle,structured-top,5000000000.0
sfc_lagrangian_sdf,0.01932,-0.01084958020480959,0.058150419795188674,-0.021606952123312612,0.021646450844798715,,,,0.0026217850342587384,0,7.332142800092697,explicit,lumped,central_difference,MaterialSDF+LagrangianSDFContactOracle,structured-top,5000000000.0
sfc_lagrangian_sdf,0.01933,-0.010851492743665073,0.05814850725633319,-0.021629801996364238,0.021669485111567216,,,,0.0026228483971655657,0,7.332142800092697,explicit,lumped,central_difference,MaterialSDF+LagrangianSDFContactOracle,structured-top,5000000000.0
sfc_lagrangian_sdf,0.019340000000000003,-0.010853404824317384,0.05814659517568089,-0.021652598973802825,0.021692570886671418,,,,0.0026240756438544034,0,7.332142800092697,explicit,lumped,central_difference,MaterialSDF+LagrangianSDFContactOracle,structured-top,5000000000.0
sfc_lagrangian_sdf,0.019350000000000003,-0.010855316323317508,0.058144683676680756,-0.02167534521551652,0.0217156283835817,,,,0.002625491970497093,0,7.332142800092697,explicit,lumped,central_difference,MaterialSDF+LagrangianSDFContactOracle,structured-top,5000000000.0
sfc_lagrangian_sdf,0.019360000000000002,-0.010857227111606558,0.0581427728883917,-0.021698042886219737,0.02173864802944521,,,,0.002627101964359504,0,7.332142800092697,explicit,lumped,central_difference,MaterialSDF+LagrangianSDFContactOracle,structured-top,5000000000.0
sfc_lagrangian_sdf,0.019370000000000002,-0.01085913705615079,0.058140862943847474,-0.02172069440202868,0.021761588169401186,,,,0.00262888972704773,0,7.332142800092697,explicit,lumped,central_difference,MaterialSDF+LagrangianSDFContactOracle,structured-top,5000000000.0
sfc_lagrangian_sdf,0.01938,-0.010861046021653994,0.05813895397834428,-0.02174330263684423,0.021784437526500947,,,,0.0026308295635294418,0,7.332142800092697,explicit,lumped,central_difference,MaterialSDF+LagrangianSDFContactOracle,structured-top,5000000000.0
sfc_lagrangian_sdf,0.01939,-0.010862953872332465,0.0581370461276658,-0.021765870870717585,0.021807192064750753,,,,0.002632900674020686,0,7.332142800092697,explicit,lumped,central_difference,MaterialSDF+LagrangianSDFContactOracle,structured-top,5000000000.0
sfc_lagrangian_sdf,0.0194,-0.010864860473736658,0.0581351395262616,-0.021788402371846666,0.021829856871785878,,,,0.002635097590750775,0,7.332142800092697,explicit,lumped,central_difference,MaterialSDF+LagrangianSDFContactOracle,structured-top,5000000000.0
sfc_lagrangian_sdf,0.01941,-0.0108667656946027,0.05813323430539557,-0.021810899772563532,0.021852442765732935,,,,0.0026374314982598227,0,7.332142800092697,explicit,lumped,central_difference,MaterialSDF+LagrangianSDFContactOracle,structured-top,5000000000.0
sfc_lagrangian_sdf,0.019420000000000003,-0.010868669408716133,0.05813133059128213,-0.02183336459917399,0.02187495962275478,,,,0.0026399231325492387,0,7.332142800092697,explicit,lumped,central_difference,MaterialSDF+LagrangianSDFContactOracle,structured-top,5000000000.0
sfc_lagrangian_sdf,0.019430000000000003,-0.010870571496769758,0.05812942850322851,-0.021855797243914052,0.02189741118130492,,,,0.0026425921839722246,0,7.332142800092697,explicit,lumped,central_difference,MaterialSDF+LagrangianSDFContactOracle,structured-top,5000000000.0
sfc_lagrangian_sdf,0.019440000000000002,-0.010872471848197063,0.05812752815180121,-0.021878197362869424,0.021919795241172883,,,,0.002645449115921588,0,7.332142800092697,explicit,lumped,central_difference,MaterialSDF+LagrangianSDFContactOracle,structured-top,5000000000.0
sfc_lagrangian_sdf,0.019450000000000002,-0.010874370362962562,0.05812562963703571,-0.0219005644022766,0.021942109061936516,,,,0.0026484931655862353,0,7.332142800092697,explicit,lumped,central_difference,MaterialSDF+LagrangianSDFContactOracle,structured-top,5000000000.0
sfc_lagrangian_sdf,0.01946,-0.010876266953290543,0.058123733046707725,-0.021922897925685872,0.02196440844388698,,,,0.0026517165130806124,0,7.332142800092697,explicit,lumped,central_difference,MaterialSDF+LagrangianSDFContactOracle,structured-top,5000000000.0
sfc_lagrangian_sdf,0.01947,-0.010878161545313958,0.05812183845468431,-0.021945197622862535,0.021986689138713034,,,,0.002655111246039869,0,7.332142800092697,explicit,lumped,central_difference,MaterialSDF+LagrangianSDFContactOracle,structured-top,5000000000.0
sfc_lagrangian_sdf,0.01948,-0.010880054080625893,0.05811994591937237,-0.0219674631098261,0.02200890047458076,,,,0.0026586745863910587,0,7.332142800092697,explicit,lumped,central_difference,MaterialSDF+LagrangianSDFContactOracle,structured-top,5000000000.0
sfc_lagrangian_sdf,0.01949,-0.010881944517716704,0.05811805548228157,-0.02198969369203225,0.02203104058503225,,,,0.0026624062165471326,0,7.332142800092697,explicit,lumped,central_difference,MaterialSDF+LagrangianSDFContactOracle,structured-top,5000000000.0
sfc_lagrangian_sdf,0.0195,-0.010883832833281074,0.0581161671667172,-0.022011888180916477,0.02205311147097038,,,,0.0026663145857464296,0,7.332142800092697,explicit,lumped,central_difference,MaterialSDF+LagrangianSDFContactOracle,structured-top,5000000000.0
sfc_lagrangian_sdf,0.019510000000000003,-0.010885719023380418,0.058114280976617846,-0.02203404478793313,0.022075120027317742,,,,0.002670402501039934,0,7.332142800092697,explicit,lumped,central_difference,MaterialSDF+LagrangianSDFContactOracle,structured-top,5000000000.0
sfc_lagrangian_sdf,0.019520000000000003,-0.010887603104447422,0.05811239689555085,-0.022056161152513302,0.022097256699990624,,,,0.0026746661754834364,0,7.332142800092697,explicit,lumped,central_difference,MaterialSDF+LagrangianSDFContactOracle,structured-top,5000000000.0
sfc_lagrangian_sdf,0.019530000000000002,-0.010889485114121307,0.05811051488587696,-0.022078234594679072,0.022119547930579016,,,,0.0026790962130248215,0,7.332142800092697,explicit,lumped,central_difference,MaterialSDF+LagrangianSDFContactOracle,structured-top,5000000000.0
sfc_lagrangian_sdf,0.019540000000000002,-0.010891365111903865,0.05810863488809439,-0.02210026257941617,0.022141798056932685,,,,0.0026836802105878344,0,7.332142800092697,explicit,lumped,central_difference,MaterialSDF+LagrangianSDFContactOracle,structured-top,5000000000.0
sfc_lagrangian_sdf,0.01955,-0.010893243179628474,0.05810675682036979,-0.02212224316531308,0.022164098035234676,,,,0.0026884054910835866,0,7.332142800092697,explicit,lumped,central_difference,MaterialSDF+LagrangianSDFContactOracle,structured-top,5000000000.0
sfc_lagrangian_sdf,0.01956,-0.010895119421736056,0.05810488057826221,-0.02214417510008465,0.022186345510908593,,,,0.0026932606407399605,0,7.332142800092697,explicit,lumped,central_difference,MaterialSDF+LagrangianSDFContactOracle,structured-top,5000000000.0
sfc_lagrangian_sdf,0.01957,-0.01089699396535406,0.0581030060346442,-0.022166057401447916,0.022208546979095932,,,,0.002698235659502914,0,7.332142800092697,explicit,lumped,central_difference,MaterialSDF+LagrangianSDFContactOracle,structured-top,5000000000.0
sfc_lagrangian_sdf,0.01958,-0.010898866960176591,0.05810113303982168,-0.02218788863738308,0.02223070447607876,,,,0.0027033209395036176,0,7.332142800092697,explicit,lumped,central_difference,MaterialSDF+LagrangianSDFContactOracle,structured-top,5000000000.0
sfc_lagrangian_sdf,0.019590000000000003,-0.010900738578145861,0.05809926142185241,-0.02220966637661906,0.022252810125368602,,,,0.0027085052146848146,0,7.332142800092697,explicit,lumped,central_difference,MaterialSDF+LagrangianSDFContactOracle,structured-top,5000000000.0
sfc_lagrangian_sdf,0.019600000000000003,-0.010902609012937187,0.05809739098706108,-0.022231387168008293,0.022274848551495672,,,,0.0027137730769239386,0,7.332142800092697,explicit,lumped,central_difference,MaterialSDF+LagrangianSDFContactOracle,structured-top,5000000000.0
sfc_lagrangian_sdf,0.019610000000000002,-0.010904478479251715,0.058095521520746554,-0.022253047008657188,0.02229680404135859,,,,0.0027191037128988047,0,7.332142800092697,explicit,lumped,central_difference,MaterialSDF+LagrangianSDFContactOracle,structured-top,5000000000.0
sfc_lagrangian_sdf,0.019620000000000002,-0.010906347211922983,0.05809365278807528,-0.02227464192876079,0.02231866601554999,,,,0.002724472793351877,0,7.332142800092697,explicit,lumped,central_difference,MaterialSDF+LagrangianSDFContactOracle,structured-top,5000000000.0
sfc_lagrangian_sdf,0.01963,-0.010908215464845173,0.058091784535153096,-0.02229616833780721,0.022340429287716596,,,,0.002729857638670833,0,7.332142800092697,explicit,lumped,central_difference,MaterialSDF+LagrangianSDFContactOracle,structured-top,5000000000.0
sfc_lagrangian_sdf,0.01964,-0.010910083509732642,0.05808991649026562,-0.022317623076362755,0.022362091233576922,,,,0.0027352427243952497,0,7.332142800092697,explicit,lumped,central_difference,MaterialSDF+LagrangianSDFContactOracle,structured-top,5000000000.0
sfc_lagrangian_sdf,0.01965,-0.01091195163472174,0.058088048365276534,-0.022339003367524674,0.022383650538276362,,,,0.002740621172237996,0,7.332142800092697,explicit,lumped,central_difference,MaterialSDF+LagrangianSDFContactOracle,structured-top,5000000000.0
sfc_lagrangian_sdf,0.01966,-0.01091382014282738,0.05808617985717088,-0.02236030681817353,0.022405113484871817,,,,0.002745990295650149,0,7.332142800092697,explicit,lumped,central_difference,MaterialSDF+LagrangianSDFContactOracle,structured-top,5000000000.0
sfc_lagrangian_sdf,0.01967,-0.010915689350267948,0.05808431064973032,-0.022381531380701872,0.022426566810289403,,,,0.002751344215059932,0,7.332142800092697,explicit,lumped,central_difference,MaterialSDF+LagrangianSDFContactOracle,structured-top,5000000000.0
sfc_lagrangian_sdf,0.019680000000000003,-0.010917559584673178,0.05808244041532509,-0.02240267507385992,0.02244792323387784,,,,0.002756669631058708,0,7.332142800092697,explicit,lumped,central_difference,MaterialSDF+LagrangianSDFContactOracle,structured-top,5000000000.0
sfc_lagrangian_sdf,0.019690000000000003,-0.010919431183190435,0.058080568816807836,-0.022423735459403953,0.022469176041623285,,,,0.0027619485679806085,0,7.332142800092697,explicit,lumped,central_difference,MaterialSDF+LagrangianSDFContactOracle,structured-top,5000000000.0
sfc_lagrangian_sdf,0.019700000000000002,-0.010921304490505506,0.05807869550949275,-0.02244470920262241,0.022490317638880587,,,,0.0027671656053896015,0,7.332142800092697,explicit,lumped,central_difference,MaterialSDF+LagrangianSDFContactOracle,structured-top,5000000000.0
sfc_lagrangian_sdf,0.019710000000000002,-0.010923179856794472,0.0580768201432038,-0.022465592142606367,0.022511342121723635,,,,0.0027723124657928733,0,7.332142800092697,explicit,lumped,central_difference,MaterialSDF+LagrangianSDFContactOracle,structured-top,5000000000.0
sfc_lagrangian_sdf,0.01972,-0.010925057635623531,0.05807494236437473,-0.022486379993095777,0.022532247128223357,,,,0.0027773847207295294,0,7.332142800092697,explicit,lumped,central_difference,MaterialSDF+LagrangianSDFContactOracle,structured-top,5000000000.0
sfc_lagrangian_sdf,0.01973,-0.010926938181813775,0.05807306181818449,-0.022507069315110654,0.022553032265020936,,,,0.0027823728225962615,0,7.332142800092697,explicit,lumped,central_difference,MaterialSDF+LagrangianSDFContactOracle,structured-top,5000000000.0
sfc_lagrangian_sdf,0.01974,-0.010928821849287925,0.05807117815071034,-0.022527658169768237,0.022573694717957296,,,,0.002787255955175764,0,7.332142800092697,explicit,lumped,central_difference,MaterialSDF+LagrangianSDFContactOracle,structured-top,5000000000.0
sfc_lagrangian_sdf,0.01975,-0.010930708988915901,0.058069291011082366,-0.02254814608279836,0.02259422608800982,,,,0.002792005889471378,0,7.332142800092697,explicit,lumped,central_difference,MaterialSDF+LagrangianSDFContactOracle,structured-top,5000000000.0
sfc_lagrangian_sdf,0.019760000000000003,-0.01093259994637577,0.0580674000536225,-0.022568533431204366,0.02261461420306673,,,,0.002796599430051018,0,7.332142800092697,explicit,lumped,central_difference,MaterialSDF+LagrangianSDFContactOracle,structured-top,5000000000.0
sfc_lagrangian_sdf,0.019770000000000003,-0.010934495060046331,0.058065504939951926,-0.022588820691098684,0.022634864750511127,,,,0.002801029630014458,0,7.332142800092697,explicit,lumped,central_difference,MaterialSDF+LagrangianSDFContactOracle,structured-top,5000000000.0
sfc_lagrangian_sdf,0.019780000000000002,-0.010936394658947043,0.05806360534105123,-0.022609007937929984,0.022655018782753594,,,,0.0028053058261147943,0,7.332142800092697,explicit,lumped,central_difference,MaterialSDF+LagrangianSDFContactOracle,structured-top,5000000000.0
sfc_lagrangian_sdf,0.019790000000000002,-0.010938299060740482,0.05806170093925779,-0.022629094700486647,0.022675042678348214,,,,0.002809441601600708,0,7.332142800092697,explicit,lumped,central_difference,MaterialSDF+LagrangianSDFContactOracle,structured-top,5000000000.0
sfc_lagrangian_sdf,0.0198,-0.010940208569811904,0.05805979143018637,-0.022649080049552506,0.022694928167611466,,,,0.0028134403067368538,0,7.332142800092697,explicit,lumped,central_difference,MaterialSDF+LagrangianSDFContactOracle,structured-top,5000000000.0
sfc_lagrangian_sdf,0.01981,-0.010942123475439842,0.05805787652455841,-0.022668962810960938,0.022714669015726597,,,,0.0028172901843638814,0,7.332142800092697,explicit,lumped,central_difference,MaterialSDF+LagrangianSDFContactOracle,structured-top,5000000000.0
sfc_lagrangian_sdf,0.01982,-0.010944044050070852,0.058055955949927414,-0.022688741912059347,0.022734265908752736,,,,0.0028209729638172414,0,7.332142800092697,explicit,lumped,central_difference,MaterialSDF+LagrangianSDFContactOracle,structured-top,5000000000.0
sfc_lagrangian_sdf,0.01983,-0.010945970547710886,0.058054029452287374,-0.022708416882210734,0.022753728485141168,,,,0.002824478201356468,0,7.332142800092697,explicit,lumped,central_difference,MaterialSDF+LagrangianSDFContactOracle,structured-top,5000000000.0
sfc_lagrangian_sdf,0.01984,-0.010947903202444926,0.05805209679755333,-0.022727988379657314,0.022773073490409638,,,,0.002827811088186309,0,7.332142800092697,explicit,lumped,central_difference,MaterialSDF+LagrangianSDFContactOracle,structured-top,5000000000.0
sfc_lagrangian_sdf,0.019850000000000003,-0.010949842227095686,0.05805015777290257,-0.022747458478819302,0.02279232003806355,,,,0.0028309878905542064,0,7.332142800092697,explicit,lumped,central_difference,MaterialSDF+LagrangianSDFContactOracle,structured-top,5000000000.0
sfc_lagrangian_sdf,0.019860000000000003,-0.0109517878120314,0.058048212187966866,-0.022766830516195505,0.022811563926939834,,,,0.0028340244052546025,0,7.332142800092697,explicit,lumped,central_difference,MaterialSDF+LagrangianSDFContactOracle,structured-top,5000000000.0
sfc_lagrangian_sdf,0.019870000000000002,-0.010953740124131807,0.058046259875866466,-0.022786108549800125,0.022830788440054595,,,,0.0028369282786509468,0,7.332142800092697,explicit,lumped,central_difference,MaterialSDF+LagrangianSDFContactOracle,structured-top,5000000000.0
sfc_lagrangian_sdf,0.019880000000000002,-0.010955699305920571,0.058044300694077684,-0.02280529672257153,0.022849921656855596,,,,0.0028397009332061245,0,7.332142800092697,explicit,lumped,central_difference,MaterialSDF+LagrangianSDFContactOracle,structured-top,5000000000.0
sfc_lagrangian_sdf,0.01989,-0.010957665474871434,0.058042334525126825,-0.022824398832352186,0.02286895186009489,,,,0.002842342537620196,0,7.332142800092697,explicit,lumped,central_difference,MaterialSDF+LagrangianSDFContactOracle,structured-top,5000000000.0
sfc_lagrangian_sdf,0.0199,-0.010959638722894443,0.05804036127710382,-0.02284341820877605,0.02288787641625595,,,,0.0028448590842949724,0,7.332142800092697,explicit,lumped,central_difference,MaterialSDF+LagrangianSDFContactOracle,structured-top,5000000000.0
sfc_lagrangian_sdf,0.01991,-0.01096161911600759,0.05803838088399067,-0.02286235777844079,0.02290670090956674,,,,0.0028472547753824085,0,7.332142800092697,explicit,lumped,central_difference,MaterialSDF+LagrangianSDFContactOracle,structured-top,5000000000.0
sfc_lagrangian_sdf,0.01992,-0.010963606694198097,0.05803639330580017,-0.022881220146099782,0.022925433610048198,,,,0.002849522828406032,0,7.332142800092697,explicit,lumped,central_difference,MaterialSDF+LagrangianSDFContactOracle,structured-top,5000000000.0
sfc_lagrangian_sdf,0.019930000000000003,-0.010965601471476523,0.05803439852852174,-0.02290000763242829,0.022944080937974367,,,,0.0028516457213106357,0,7.332142800092697,explicit,lumped,central_difference,MaterialSDF+LagrangianSDFContactOracle,structured-top,5000000000.0
sfc_lagrangian_sdf,0.019940000000000003,-0.010967603436125607,0.05803239656387266,-0.022918722340447395,0.022962647867334547,,,,0.0028536067830298648,0,7.332142800092697,explicit,lumped,central_difference,MaterialSDF+LagrangianSDFContactOracle,structured-top,5000000000.0
sfc_lagrangian_sdf,0.019950000000000002,-0.010969612551144604,0.058030387448853665,-0.022937366343584203,0.02298117231455413,,,,0.002855405952323204,0,7.332142800092697,explicit,lumped,central_difference,MaterialSDF+LagrangianSDFContactOracle,structured-top,5000000000.0
sfc_lagrangian_sdf,0.019960000000000002,-0.010971628754888408,0.05802837124510986,-0.022955942001357647,0.022999773366284303,,,,0.002857066128351623,0,7.332142800092697,explicit,lumped,central_difference,MaterialSDF+LagrangianSDFContactOracle,structured-top,5000000000.0
sfc_lagrangian_sdf,0.01997,-0.010973651961899552,0.05802634803809872,-0.022974452307929064,0.02301837512162979,,,,0.0028586233043358974,0,7.332142800092697,explicit,lumped,central_difference,MaterialSDF+LagrangianSDFContactOracle,structured-top,5000000000.0
sfc_lagrangian_sdf,0.01998,-0.010975682063929494,0.05802431793606877,-0.022992901134240587,0.023036968166449203,,,,0.002860107580526204,0,7.332142800092697,explicit,lumped,central_difference,MaterialSDF+LagrangianSDFContactOracle,structured-top,5000000000.0
sfc_lagrangian_sdf,0.01999,-0.010977718931144258,0.05802228106885401,-0.023011293234030603,0.023055485797460758,,,,0.002861530581459818,0,7.332142800092697,explicit,lumped,central_difference,MaterialSDF+LagrangianSDFContactOracle,structured-top,5000000000.0
sfc_lagrangian_sdf,0.02,-0.01097976241350778,0.05802023758649048,-0.0230296339260512,0.023073918265320504,,,,0.002862889640359747,0,7.332142800092697,explicit,lumped,central_difference,MaterialSDF+LagrangianSDFContactOracle,structured-top,5000000000.0
