case,external_solver,resolution,element_id,centroid_x,centroid_y,centroid_z,von_mises_sfc,von_mises_external,von_mises_abs_error,status,details
cantilever_external_open_source_fem_stress_cloud,scikit-fem,1,0,0.25,0.05,0.05,97.96706610173409,97.96706610173244,1.6484591469634324e-12,ok,element-centroid von Mises comparison for projected x-z stress cloud
cantilever_external_open_source_fem_stress_cloud,scikit-fem,1,1,0.75,0.15000000000000002,0.05,12.804250378747197,12.804250378747033,1.6342482922482304e-13,ok,element-centroid von Mises comparison for projected x-z stress cloud
cantilever_external_open_source_fem_stress_cloud,scikit-fem,1,2,0.5,0.1,0.1,44.945338137355094,44.945338137354604,4.902744876744691e-13,ok,element-centroid von Mises comparison for projected x-z stress cloud
cantilever_external_open_source_fem_stress_cloud,scikit-fem,1,3,0.25,0.15000000000000002,0.15000000000000002,97.96706610173412,97.96706610173244,1.6768808563938364e-12,ok,element-centroid von Mises comparison for projected x-z stress cloud
cantilever_external_open_source_fem_stress_cloud,scikit-fem,1,4,0.75,0.05,0.15000000000000002,12.8042503787471,12.80425037874695,1.4921397450962104e-13,ok,element-centroid von Mises comparison for projected x-z stress cloud
cantilever_external_open_source_fem_stress_cloud,scikit-fem,2,0,0.125,0.025,0.025,183.5477011021816,183.54770110217714,4.462208380573429e-12,ok,element-centroid von Mises comparison for projected x-z stress cloud
cantilever_external_open_source_fem_stress_cloud,scikit-fem,2,1,0.375,0.07500000000000001,0.025,100.22516137821236,100.22516137820574,6.622258297284134e-12,ok,element-centroid von Mises comparison for projected x-z stress cloud
cantilever_external_open_source_fem_stress_cloud,scikit-fem,2,2,0.25,0.05,0.05,92.30903028829987,92.30903028829255,7.318590178329032e-12,ok,element-centroid von Mises comparison for projected x-z stress cloud
cantilever_external_open_source_fem_stress_cloud,scikit-fem,2,3,0.125,0.07500000000000001,0.07500000000000001,172.94425634570882,172.94425634570433,4.490630090003833e-12,ok,element-centroid von Mises comparison for projected x-z stress cloud
cantilever_external_open_source_fem_stress_cloud,scikit-fem,2,4,0.375,0.025,0.07500000000000001,73.75548299483752,73.7554829948322,5.314859663485549e-12,ok,element-centroid von Mises comparison for projected x-z stress cloud
cantilever_external_open_source_fem_stress_cloud,scikit-fem,2,5,0.625,0.025,0.025,103.51365320606347,103.51365320605875,4.718003765447065e-12,ok,element-centroid von Mises comparison for projected x-z stress cloud
cantilever_external_open_source_fem_stress_cloud,scikit-fem,2,6,0.875,0.07500000000000001,0.025,24.180789435516534,24.180789435515514,1.0196288258157438e-12,ok,element-centroid von Mises comparison for projected x-z stress cloud
cantilever_external_open_source_fem_stress_cloud,scikit-fem,2,7,0.75,0.05,0.05,48.11133248727207,48.11133248726839,3.680611371237319e-12,ok,element-centroid von Mises comparison for projected x-z stress cloud
cantilever_external_open_source_fem_stress_cloud,scikit-fem,2,8,0.625,0.07500000000000001,0.07500000000000001,92.16187493479097,92.16187493478625,4.718003765447065e-12,ok,element-centroid von Mises comparison for projected x-z stress cloud
cantilever_external_open_source_fem_stress_cloud,scikit-fem,2,9,0.875,0.025,0.07500000000000001,12.614430240214357,12.614430240214947,5.897504706808832e-13,ok,element-centroid von Mises comparison for projected x-z stress cloud
cantilever_external_open_source_fem_stress_cloud,scikit-fem,2,10,0.125,0.125,0.025,182.5489069518193,182.5489069518142,5.115907697472721e-12,ok,element-centroid von Mises comparison for projected x-z stress cloud
cantilever_external_open_source_fem_stress_cloud,scikit-fem,2,11,0.375,0.175,0.025,98.54117210809446,98.54117210808593,8.526512829121202e-12,ok,element-centroid von Mises comparison for projected x-z stress cloud
cantilever_external_open_source_fem_stress_cloud,scikit-fem,2,12,0.25,0.15000000000000002,0.05,91.59139613210323,91.59139613209487,8.355982572538778e-12,ok,element-centroid von Mises comparison for projected x-z stress cloud
cantilever_external_open_source_fem_stress_cloud,scikit-fem,2,13,0.125,0.175,0.07500000000000001,172.36965425022925,172.36965425022532,3.922195901395753e-12,ok,element-centroid von Mises comparison for projected x-z stress cloud
cantilever_external_open_source_fem_stress_cloud,scikit-fem,2,14,0.375,0.125,0.07500000000000001,76.11396511580867,76.11396511580297,5.6985527407960035e-12,ok,element-centroid von Mises comparison for projected x-z stress cloud
cantilever_external_open_source_fem_stress_cloud,scikit-fem,2,15,0.625,0.125,0.025,96.67475973185721,96.67475973185228,4.931166586175095e-12,ok,element-centroid von Mises comparison for projected x-z stress cloud
cantilever_external_open_source_fem_stress_cloud,scikit-fem,2,16,0.875,0.175,0.025,22.722935850190133,22.72293585018695,3.183231456205249e-12,ok,element-centroid von Mises comparison for projected x-z stress cloud
cantilever_external_open_source_fem_stress_cloud,scikit-fem,2,17,0.75,0.15000000000000002,0.05,43.459023633548036,43.45902363354427,3.765876499528531e-12,ok,element-centroid von Mises comparison for projected x-z stress cloud
cantilever_external_open_source_fem_stress_cloud,scikit-fem,2,18,0.625,0.175,0.07500000000000001,90.70153312064497,90.70153312064065,4.320099833421409e-12,ok,element-centroid von Mises comparison for projected x-z stress cloud
cantilever_external_open_source_fem_stress_cloud,scikit-fem,2,19,0.875,0.125,0.07500000000000001,8.04369740614357,8.043697406143522,4.796163466380676e-14,ok,element-centroid von Mises comparison for projected x-z stress cloud
cantilever_external_open_source_fem_stress_cloud,scikit-fem,2,20,0.125,0.025,0.125,172.36965425022893,172.36965425022447,4.462208380573429e-12,ok,element-centroid von Mises comparison for projected x-z stress cloud
cantilever_external_open_source_fem_stress_cloud,scikit-fem,2,21,0.375,0.07500000000000001,0.125,76.11396511580867,76.11396511580264,6.0254023992456496e-12,ok,element-centroid von Mises comparison for projected x-z stress cloud
cantilever_external_open_source_fem_stress_cloud,scikit-fem,2,22,0.25,0.05,0.15000000000000002,91.59139613210303,91.59139613209517,7.858602657506708e-12,ok,element-centroid von Mises comparison for projected x-z stress cloud
cantilever_external_open_source_fem_stress_cloud,scikit-fem,2,23,0.125,0.07500000000000001,0.175,182.5489069518188,182.5489069518138,5.002220859751105e-12,ok,element-centroid von Mises comparison for projected x-z stress cloud
cantilever_external_open_source_fem_stress_cloud,scikit-fem,2,24,0.375,0.025,0.175,98.5411721080939,98.54117210808627,7.631228982063476e-12,ok,element-centroid von Mises comparison for projected x-z stress cloud
cantilever_external_open_source_fem_stress_cloud,scikit-fem,2,25,0.625,0.025,0.125,90.70153312064431,90.70153312064024,4.078515303262975e-12,ok,element-centroid von Mises comparison for projected x-z stress cloud
cantilever_external_open_source_fem_stress_cloud,scikit-fem,2,26,0.875,0.07500000000000001,0.125,8.043697406141439,8.04369740614154,1.0125233984581428e-13,ok,element-centroid von Mises comparison for projected x-z stress cloud
cantilever_external_open_source_fem_stress_cloud,scikit-fem,2,27,0.75,0.05,0.15000000000000002,43.459023633547815,43.45902363354417,3.645084234449314e-12,ok,element-centroid von Mises comparison for projected x-z stress cloud
cantilever_external_open_source_fem_stress_cloud,scikit-fem,2,28,0.625,0.07500000000000001,0.175,96.67475973185637,96.67475973185192,4.447997525858227e-12,ok,element-centroid von Mises comparison for projected x-z stress cloud
cantilever_external_open_source_fem_stress_cloud,scikit-fem,2,29,0.875,0.025,0.175,22.722935850188634,22.72293585018532,3.3146818623208674e-12,ok,element-centroid von Mises comparison for projected x-z stress cloud
cantilever_external_open_source_fem_stress_cloud,scikit-fem,2,30,0.125,0.125,0.125,172.94425634570882,172.94425634570433,4.490630090003833e-12,ok,element-centroid von Mises comparison for projected x-z stress cloud
cantilever_external_open_source_fem_stress_cloud,scikit-fem,2,31,0.375,0.175,0.125,73.75548299483717,73.75548299483121,5.9543481256696396e-12,ok,element-centroid von Mises comparison for projected x-z stress cloud
cantilever_external_open_source_fem_stress_cloud,scikit-fem,2,32,0.25,0.15000000000000002,0.15000000000000002,92.30903028829965,92.30903028829259,7.062794793455396e-12,ok,element-centroid von Mises comparison for projected x-z stress cloud
cantilever_external_open_source_fem_stress_cloud,scikit-fem,2,33,0.125,0.175,0.175,183.54770110218155,183.54770110217754,4.007461029686965e-12,ok,element-centroid von Mises comparison for projected x-z stress cloud
cantilever_external_open_source_fem_stress_cloud,scikit-fem,2,34,0.375,0.125,0.175,100.225161378212,100.22516137820557,6.423306331271306e-12,ok,element-centroid von Mises comparison for projected x-z stress cloud
cantilever_external_open_source_fem_stress_cloud,scikit-fem,2,35,0.625,0.125,0.125,92.16187493479065,92.1618749347864,4.249045559845399e-12,ok,element-centroid von Mises comparison for projected x-z stress cloud
cantilever_external_open_source_fem_stress_cloud,scikit-fem,2,36,0.875,0.175,0.125,12.614430240215746,12.614430240215501,2.4513724383723456e-13,ok,element-centroid von Mises comparison for projected x-z stress cloud
cantilever_external_open_source_fem_stress_cloud,scikit-fem,2,37,0.75,0.15000000000000002,0.15000000000000002,48.11133248727209,48.111332487268434,3.652189661806915e-12,ok,element-centroid von Mises comparison for projected x-z stress cloud
cantilever_external_open_source_fem_stress_cloud,scikit-fem,2,38,0.625,0.175,0.175,103.51365320606361,103.51365320605909,4.519051799434237e-12,ok,element-centroid von Mises comparison for projected x-z stress cloud
cantilever_external_open_source_fem_stress_cloud,scikit-fem,2,39,0.875,0.125,0.175,24.180789435515596,24.180789435514175,1.4210854715202004e-12,ok,element-centroid von Mises comparison for projected x-z stress cloud
cantilever_external_open_source_fem_stress_cloud,scikit-fem,3,0,0.08333333333333333,0.016666666666666666,0.016666666666666666,255.74851214661706,255.74851214665688,3.9818814911996014e-11,ok,element-centroid von Mises comparison for projected x-z stress cloud
cantilever_external_open_source_fem_stress_cloud,scikit-fem,3,1,0.25,0.05,0.016666666666666666,194.55948678237604,194.55948678239443,1.8388846001471393e-11,ok,element-centroid von Mises comparison for projected x-z stress cloud
cantilever_external_open_source_fem_stress_cloud,scikit-fem,3,2,0.16666666666666666,0.03333333333333333,0.03333333333333333,148.4456067146184,148.44560671463725,1.8843593352357857e-11,ok,element-centroid von Mises comparison for projected x-z stress cloud
cantilever_external_open_source_fem_stress_cloud,scikit-fem,3,3,0.08333333333333333,0.05,0.05,225.97034743979114,225.97034743982758,3.643663148977794e-11,ok,element-centroid von Mises comparison for projected x-z stress cloud
cantilever_external_open_source_fem_stress_cloud,scikit-fem,3,4,0.25,0.016666666666666666,0.05,139.2487913424602,139.2487913424698,9.57811607804615e-12,ok,element-centroid von Mises comparison for projected x-z stress cloud
cantilever_external_open_source_fem_stress_cloud,scikit-fem,3,5,0.41666666666666663,0.016666666666666666,0.016666666666666666,197.19755146946267,197.19755146947847,1.5802470443304628e-11,ok,element-centroid von Mises comparison for projected x-z stress cloud
cantilever_external_open_source_fem_stress_cloud,scikit-fem,3,6,0.5833333333333333,0.05,0.016666666666666666,112.61609454682741,112.61609454682788,4.689582056016661e-13,ok,element-centroid von Mises comparison for projected x-z stress cloud
cantilever_external_open_source_fem_stress_cloud,scikit-fem,3,7,0.5,0.03333333333333333,0.03333333333333333,103.49842818912079,103.49842818912825,7.460698725481052e-12,ok,element-centroid von Mises comparison for projected x-z stress cloud
cantilever_external_open_source_fem_stress_cloud,scikit-fem,3,8,0.41666666666666663,0.05,0.05,161.5224723109724,161.52247231098536,1.2960299500264227e-11,ok,element-centroid von Mises comparison for projected x-z stress cloud
cantilever_external_open_source_fem_stress_cloud,scikit-fem,3,9,0.5833333333333333,0.016666666666666666,0.05,71.07617636918636,71.07617636918317,3.183231456205249e-12,ok,element-centroid von Mises comparison for projected x-z stress cloud
cantilever_external_open_source_fem_stress_cloud,scikit-fem,3,10,0.7499999999999999,0.016666666666666666,0.016666666666666666,101.83228862004266,101.83228862003864,4.021671884402167e-12,ok,element-centroid von Mises comparison for projected x-z stress cloud
cantilever_external_open_source_fem_stress_cloud,scikit-fem,3,11,0.9166666666666666,0.05,0.016666666666666666,35.54750168481558,35.54750168481358,1.9966250874858815e-12,ok,element-centroid von Mises comparison for projected x-z stress cloud
cantilever_external_open_source_fem_stress_cloud,scikit-fem,3,12,0.8333333333333333,0.03333333333333333,0.03333333333333333,51.99736363149954,51.99736363150035,8.100187187665142e-13,ok,element-centroid von Mises comparison for projected x-z stress cloud
cantilever_external_open_source_fem_stress_cloud,scikit-fem,3,13,0.75,0.05,0.05,86.03548953631682,86.0354895363125,4.320099833421409e-12,ok,element-centroid von Mises comparison for projected x-z stress cloud
cantilever_external_open_source_fem_stress_cloud,scikit-fem,3,14,0.9166666666666666,0.016666666666666666,0.05,24.47233184264429,24.472331842643342,9.485745522397337e-13,ok,element-centroid von Mises comparison for projected x-z stress cloud
cantilever_external_open_source_fem_stress_cloud,scikit-fem,3,15,0.08333333333333333,0.08333333333333333,0.016666666666666666,255.38609376088866,255.3860937609272,3.8539837987627834e-11,ok,element-centroid von Mises comparison for projected x-z stress cloud
cantilever_external_open_source_fem_stress_cloud,scikit-fem,3,16,0.25,0.11666666666666667,0.016666666666666666,187.71224507480198,187.71224507481907,1.708144736767281e-11,ok,element-centroid von Mises comparison for projected x-z stress cloud
cantilever_external_open_source_fem_stress_cloud,scikit-fem,3,17,0.16666666666666666,0.1,0.03333333333333333,148.6217364874191,148.62173648743797,1.887201506178826e-11,ok,element-centroid von Mises comparison for projected x-z stress cloud
cantilever_external_open_source_fem_stress_cloud,scikit-fem,3,18,0.08333333333333333,0.11666666666666667,0.05,224.65096160848424,224.65096160851925,3.501554601825774e-11,ok,element-centroid von Mises comparison for projected x-z stress cloud
cantilever_external_open_source_fem_stress_cloud,scikit-fem,3,19,0.25,0.08333333333333334,0.05,142.77318230854675,142.77318230855695,1.0203393685515039e-11,ok,element-centroid von Mises comparison for projected x-z stress cloud
cantilever_external_open_source_fem_stress_cloud,scikit-fem,3,20,0.41666666666666663,0.08333333333333333,0.016666666666666666,184.22231768717674,184.22231768718967,1.2931877790833823e-11,ok,element-centroid von Mises comparison for projected x-z stress cloud
cantilever_external_open_source_fem_stress_cloud,scikit-fem,3,21,0.5833333333333333,0.11666666666666667,0.016666666666666666,106.80195778938813,106.8019577893871,1.0231815394945443e-12,ok,element-centroid von Mises comparison for projected x-z stress cloud
cantilever_external_open_source_fem_stress_cloud,scikit-fem,3,22,0.5,0.1,0.03333333333333333,98.041836627359,98.04183662736486,5.8548721426632255e-12,ok,element-centroid von Mises comparison for projected x-z stress cloud
cantilever_external_open_source_fem_stress_cloud,scikit-fem,3,23,0.41666666666666663,0.11666666666666667,0.05,159.33820224919322,159.33820224920626,1.304556462855544e-11,ok,element-centroid von Mises comparison for projected x-z stress cloud
cantilever_external_open_source_fem_stress_cloud,scikit-fem,3,24,0.5833333333333333,0.08333333333333334,0.05,72.69474795441019,72.6947479544071,3.083755473198835e-12,ok,element-centroid von Mises comparison for projected x-z stress cloud
cantilever_external_open_source_fem_stress_cloud,scikit-fem,3,25,0.7499999999999999,0.08333333333333333,0.016666666666666666,93.1439503352699,93.1439503352647,5.201172825763933e-12,ok,element-centroid von Mises comparison for projected x-z stress cloud
cantilever_external_open_source_fem_stress_cloud,scikit-fem,3,26,0.9166666666666666,0.11666666666666667,0.016666666666666666,29.743076000209825,29.74307600020728,2.5437429940211587e-12,ok,element-centroid von Mises comparison for projected x-z stress cloud
cantilever_external_open_source_fem_stress_cloud,scikit-fem,3,27,0.8333333333333333,0.1,0.03333333333333333,46.30390306184069,46.303903061842206,1.5134560271690134e-12,ok,element-centroid von Mises comparison for projected x-z stress cloud
cantilever_external_open_source_fem_stress_cloud,scikit-fem,3,28,0.75,0.11666666666666667,0.05,84.09612640226045,84.09612640225303,7.418066161335446e-12,ok,element-centroid von Mises comparison for projected x-z stress cloud
cantilever_external_open_source_fem_stress_cloud,scikit-fem,3,29,0.9166666666666666,0.08333333333333334,0.05,17.591633052486095,17.591633052485122,9.734435479913373e-13,ok,element-centroid von Mises comparison for projected x-z stress cloud
cantilever_external_open_source_fem_stress_cloud,scikit-fem,3,30,0.08333333333333333,0.15,0.016666666666666666,251.9238711242536,251.92387112429037,3.6777692002942786e-11,ok,element-centroid von Mises comparison for projected x-z stress cloud
cantilever_external_open_source_fem_stress_cloud,scikit-fem,3,31,0.25,0.18333333333333338,0.016666666666666666,194.33394148632289,194.3339414863403,1.7422507880837657e-11,ok,element-centroid von Mises comparison for projected x-z stress cloud
cantilever_external_open_source_fem_stress_cloud,scikit-fem,3,32,0.16666666666666666,0.16666666666666669,0.03333333333333333,148.2814396451369,148.28143964515533,1.8417267710901797e-11,ok,element-centroid von Mises comparison for projected x-z stress cloud
cantilever_external_open_source_fem_stress_cloud,scikit-fem,3,33,0.08333333333333333,0.18333333333333338,0.05,220.93682340195159,220.93682340198492,3.33386651618639e-11,ok,element-centroid von Mises comparison for projected x-z stress cloud
cantilever_external_open_source_fem_stress_cloud,scikit-fem,3,34,0.25,0.15000000000000002,0.05,140.73236055826524,140.73236055827547,1.0231815394945443e-11,ok,element-centroid von Mises comparison for projected x-z stress cloud
cantilever_external_open_source_fem_stress_cloud,scikit-fem,3,35,0.41666666666666663,0.15,0.016666666666666666,182.1123463913106,182.1123463913228,1.2192913345643319e-11,ok,element-centroid von Mises comparison for projected x-z stress cloud
cantilever_external_open_source_fem_stress_cloud,scikit-fem,3,36,0.5833333333333333,0.18333333333333338,0.016666666666666666,102.01727185841337,102.0172718584143,9.379164112033322e-13,ok,element-centroid von Mises comparison for projected x-z stress cloud
cantilever_external_open_source_fem_stress_cloud,scikit-fem,3,37,0.5,0.16666666666666669,0.03333333333333333,90.43864607671807,90.43864607672361,5.5422333389287814e-12,ok,element-centroid von Mises comparison for projected x-z stress cloud
cantilever_external_open_source_fem_stress_cloud,scikit-fem,3,38,0.41666666666666663,0.18333333333333338,0.05,151.0590489825266,151.05904898253735,1.0743406164692715e-11,ok,element-centroid von Mises comparison for projected x-z stress cloud
cantilever_external_open_source_fem_stress_cloud,scikit-fem,3,39,0.5833333333333333,0.15000000000000002,0.05,70.49710927362598,70.49710927362183,4.149569576838985e-12,ok,element-centroid von Mises comparison for projected x-z stress cloud
cantilever_external_open_source_fem_stress_cloud,scikit-fem,3,40,0.7499999999999999,0.15,0.016666666666666666,89.45560498770102,89.4556049876943,6.721734280290548e-12,ok,element-centroid von Mises comparison for projected x-z stress cloud
cantilever_external_open_source_fem_stress_cloud,scikit-fem,3,41,0.9166666666666666,0.18333333333333338,0.016666666666666666,29.768803402428507,29.768803402432322,3.815614491031738e-12,ok,element-centroid von Mises comparison for projected x-z stress cloud
cantilever_external_open_source_fem_stress_cloud,scikit-fem,3,42,0.8333333333333333,0.16666666666666669,0.03333333333333333,42.82447314774108,42.82447314773991,1.1723955140041653e-12,ok,element-centroid von Mises comparison for projected x-z stress cloud
cantilever_external_open_source_fem_stress_cloud,scikit-fem,3,43,0.75,0.18333333333333338,0.05,83.71964877982985,83.71964877982143,8.427036846114788e-12,ok,element-centroid von Mises comparison for projected x-z stress cloud
cantilever_external_open_source_fem_stress_cloud,scikit-fem,3,44,0.9166666666666666,0.15000000000000002,0.05,14.540940427872805,14.54094042787059,2.2151169787321123e-12,ok,element-centroid von Mises comparison for projected x-z stress cloud
cantilever_external_open_source_fem_stress_cloud,scikit-fem,3,45,0.08333333333333333,0.016666666666666666,0.08333333333333334,224.93484294907336,224.9348429491108,3.743139131984208e-11,ok,element-centroid von Mises comparison for projected x-z stress cloud
cantilever_external_open_source_fem_stress_cloud,scikit-fem,3,46,0.25,0.05,0.08333333333333334,129.60945177723613,129.60945177724432,8.185452315956354e-12,ok,element-centroid von Mises comparison for projected x-z stress cloud
cantilever_external_open_source_fem_stress_cloud,scikit-fem,3,47,0.16666666666666666,0.03333333333333333,0.1,116.25744797159378,116.25744797160775,1.396927018504357e-11,ok,element-centroid von Mises comparison for projected x-z stress cloud
cantilever_external_open_source_fem_stress_cloud,scikit-fem,3,48,0.08333333333333333,0.05,0.11666666666666667,224.65096160848265,224.65096160851962,3.6976643968955614e-11,ok,element-centroid von Mises comparison for projected x-z stress cloud
cantilever_external_open_source_fem_stress_cloud,scikit-fem,3,49,0.25,0.016666666666666666,0.11666666666666667,128.40274351115235,128.40274351115775,5.4001247917767614e-12,ok,element-centroid von Mises comparison for projected x-z stress cloud
cantilever_external_open_source_fem_stress_cloud,scikit-fem,3,50,0.41666666666666663,0.016666666666666666,0.08333333333333334,169.090294858924,169.09029485894177,1.7763568394002505e-11,ok,element-centroid von Mises comparison for projected x-z stress cloud
cantilever_external_open_source_fem_stress_cloud,scikit-fem,3,51,0.5833333333333333,0.05,0.08333333333333334,66.13759070590278,66.13759070589977,3.0127011996228248e-12,ok,element-centroid von Mises comparison for projected x-z stress cloud
cantilever_external_open_source_fem_stress_cloud,scikit-fem,3,52,0.5,0.03333333333333333,0.1,83.73159243341615,83.73159243342472,8.569145393266808e-12,ok,element-centroid von Mises comparison for projected x-z stress cloud
cantilever_external_open_source_fem_stress_cloud,scikit-fem,3,53,0.41666666666666663,0.05,0.11666666666666667,166.9619579532212,166.9619579532372,1.6001422409317456e-11,ok,element-centroid von Mises comparison for projected x-z stress cloud
cantilever_external_open_source_fem_stress_cloud,scikit-fem,3,54,0.5833333333333333,0.016666666666666666,0.11666666666666667,58.95459787389047,58.95459787388603,4.440892098500626e-12,ok,element-centroid von Mises comparison for projected x-z stress cloud
cantilever_external_open_source_fem_stress_cloud,scikit-fem,3,55,0.7499999999999999,0.016666666666666666,0.08333333333333334,95.52360976667258,95.52360976667232,2.5579538487363607e-13,ok,element-centroid von Mises comparison for projected x-z stress cloud
cantilever_external_open_source_fem_stress_cloud,scikit-fem,3,56,0.9166666666666666,0.05,0.08333333333333334,20.059422648639362,20.05942264864005,6.892264536872972e-13,ok,element-centroid von Mises comparison for projected x-z stress cloud
cantilever_external_open_source_fem_stress_cloud,scikit-fem,3,57,0.8333333333333333,0.03333333333333333,0.1,48.062422040587414,48.06242204059039,2.9771740628348198e-12,ok,element-centroid von Mises comparison for projected x-z stress cloud
cantilever_external_open_source_fem_stress_cloud,scikit-fem,3,58,0.75,0.05,0.11666666666666667,90.25922676835232,90.25922676835009,2.2311041902867146e-12,ok,element-centroid von Mises comparison for projected x-z stress cloud
cantilever_external_open_source_fem_stress_cloud,scikit-fem,3,59,0.9166666666666666,0.016666666666666666,0.11666666666666667,20.08623300237858,20.086233002383032,4.451550239537028e-12,ok,element-centroid von Mises comparison for projected x-z stress cloud
cantilever_external_open_source_fem_stress_cloud,scikit-fem,3,60,0.08333333333333333,0.08333333333333333,0.08333333333333334,225.97034743979114,225.97034743982758,3.643663148977794e-11,ok,element-centroid von Mises comparison for projected x-z stress cloud
cantilever_external_open_source_fem_stress_cloud,scikit-fem,3,61,0.25,0.11666666666666667,0.08333333333333334,128.05466451457124,128.05466451458005,8.810729923425242e-12,ok,element-centroid von Mises comparison for projected x-z stress cloud
cantilever_external_open_source_fem_stress_cloud,scikit-fem,3,62,0.16666666666666666,0.1,0.1,114.84453776449575,114.84453776451033,1.4580336937797256e-11,ok,element-centroid von Mises comparison for projected x-z stress cloud
cantilever_external_open_source_fem_stress_cloud,scikit-fem,3,63,0.08333333333333333,0.11666666666666667,0.11666666666666667,225.97034743979148,225.97034743982752,3.603872755775228e-11,ok,element-centroid von Mises comparison for projected x-z stress cloud
cantilever_external_open_source_fem_stress_cloud,scikit-fem,3,64,0.25,0.08333333333333334,0.11666666666666667,128.0546645145722,128.05466451457974,7.531752999057062e-12,ok,element-centroid von Mises comparison for projected x-z stress cloud
cantilever_external_open_source_fem_stress_cloud,scikit-fem,3,65,0.41666666666666663,0.08333333333333333,0.08333333333333334,168.33580076318316,168.33580076319848,1.531930138298776e-11,ok,element-centroid von Mises comparison for projected x-z stress cloud
cantilever_external_open_source_fem_stress_cloud,scikit-fem,3,66,0.5833333333333333,0.11666666666666667,0.08333333333333334,63.148513514300596,63.14851351429817,2.4229507289419416e-12,ok,element-centroid von Mises comparison for projected x-z stress cloud
cantilever_external_open_source_fem_stress_cloud,scikit-fem,3,67,0.5,0.1,0.1,82.13404970694506,82.13404970695228,7.219114195322618e-12,ok,element-centroid von Mises comparison for projected x-z stress cloud
cantilever_external_open_source_fem_stress_cloud,scikit-fem,3,68,0.41666666666666663,0.11666666666666667,0.11666666666666667,168.33580076318373,168.3358007631985,1.4779288903810084e-11,ok,element-centroid von Mises comparison for projected x-z stress cloud
cantilever_external_open_source_fem_stress_cloud,scikit-fem,3,69,0.5833333333333333,0.08333333333333334,0.11666666666666667,63.14851351430082,63.14851351429795,2.8634872251132037e-12,ok,element-centroid von Mises comparison for projected x-z stress cloud
cantilever_external_open_source_fem_stress_cloud,scikit-fem,3,70,0.7499999999999999,0.08333333333333333,0.08333333333333334,91.29262980346513,91.29262980346229,2.8421709430404007e-12,ok,element-centroid von Mises comparison for projected x-z stress cloud
cantilever_external_open_source_fem_stress_cloud,scikit-fem,3,71,0.9166666666666666,0.11666666666666667,0.08333333333333334,16.536846051092315,16.536846051088343,3.97193389289896e-12,ok,element-centroid von Mises comparison for projected x-z stress cloud
cantilever_external_open_source_fem_stress_cloud,scikit-fem,3,72,0.8333333333333333,0.1,0.1,46.25000243007802,46.25000243007785,1.7053025658242404e-13,ok,element-centroid von Mises comparison for projected x-z stress cloud
cantilever_external_open_source_fem_stress_cloud,scikit-fem,3,73,0.75,0.11666666666666667,0.11666666666666667,91.29262980346701,91.29262980346118,5.8264504332328215e-12,ok,element-centroid von Mises comparison for projected x-z stress cloud
cantilever_external_open_source_fem_stress_cloud,scikit-fem,3,74,0.9166666666666666,0.08333333333333334,0.11666666666666667,16.53684605108859,16.53684605109061,2.0179413695586845e-12,ok,element-centroid von Mises comparison for projected x-z stress cloud
cantilever_external_open_source_fem_stress_cloud,scikit-fem,3,75,0.08333333333333333,0.15,0.08333333333333334,224.65096160848424,224.65096160851925,3.501554601825774e-11,ok,element-centroid von Mises comparison for projected x-z stress cloud
cantilever_external_open_source_fem_stress_cloud,scikit-fem,3,76,0.25,0.18333333333333338,0.08333333333333334,128.40274351114897,128.40274351115906,1.0089706847793423e-11,ok,element-centroid von Mises comparison for projected x-z stress cloud
cantilever_external_open_source_fem_stress_cloud,scikit-fem,3,77,0.16666666666666666,0.16666666666666669,0.1,116.25744797159281,116.257447971608,1.5191403690550942e-11,ok,element-centroid von Mises comparison for projected x-z stress cloud
cantilever_external_open_source_fem_stress_cloud,scikit-fem,3,78,0.08333333333333333,0.18333333333333338,0.11666666666666667,224.93484294907552,224.93484294911042,3.490185918053612e-11,ok,element-centroid von Mises comparison for projected x-z stress cloud
cantilever_external_open_source_fem_stress_cloud,scikit-fem,3,79,0.25,0.15000000000000002,0.11666666666666667,129.60945177723525,129.6094517772446,9.350742402602918e-12,ok,element-centroid von Mises comparison for projected x-z stress cloud
cantilever_external_open_source_fem_stress_cloud,scikit-fem,3,80,0.41666666666666663,0.15,0.08333333333333334,166.96195795322222,166.96195795323695,1.4722445484949276e-11,ok,element-centroid von Mises comparison for projected x-z stress cloud
cantilever_external_open_source_fem_stress_cloud,scikit-fem,3,81,0.5833333333333333,0.18333333333333338,0.08333333333333334,58.954597873888154,58.954597873886044,2.1103119252074976e-12,ok,element-centroid von Mises comparison for projected x-z stress cloud
cantilever_external_open_source_fem_stress_cloud,scikit-fem,3,82,0.5,0.16666666666666669,0.1,83.73159243341738,83.7315924334242,6.821210263296962e-12,ok,element-centroid von Mises comparison for projected x-z stress cloud
cantilever_external_open_source_fem_stress_cloud,scikit-fem,3,83,0.41666666666666663,0.18333333333333338,0.11666666666666667,169.0902948589276,169.0902948589402,1.261923898709938e-11,ok,element-centroid von Mises comparison for projected x-z stress cloud
cantilever_external_open_source_fem_stress_cloud,scikit-fem,3,84,0.5833333333333333,0.15000000000000002,0.11666666666666667,66.13759070590233,66.13759070589964,2.6858515411731787e-12,ok,element-centroid von Mises comparison for projected x-z stress cloud
cantilever_external_open_source_fem_stress_cloud,scikit-fem,3,85,0.7499999999999999,0.15,0.08333333333333334,90.25922676835455,90.25922676834821,6.338041202980094e-12,ok,element-centroid von Mises comparison for projected x-z stress cloud
cantilever_external_open_source_fem_stress_cloud,scikit-fem,3,86,0.9166666666666666,0.18333333333333338,0.08333333333333334,20.08623300238586,20.086233002379725,6.135536523288465e-12,ok,element-centroid von Mises comparison for projected x-z stress cloud
cantilever_external_open_source_fem_stress_cloud,scikit-fem,3,87,0.8333333333333333,0.16666666666666669,0.1,48.06242204059077,48.0624220405884,2.3661073100811336e-12,ok,element-centroid von Mises comparison for projected x-z stress cloud
cantilever_external_open_source_fem_stress_cloud,scikit-fem,3,88,0.75,0.18333333333333338,0.11666666666666667,95.52360976667798,95.52360976666965,8.327560863108374e-12,ok,element-centroid von Mises comparison for projected x-z stress cloud
cantilever_external_open_source_fem_stress_cloud,scikit-fem,3,89,0.9166666666666666,0.15000000000000002,0.11666666666666667,20.059422648641934,20.059422648638527,3.4070524179696804e-12,ok,element-centroid von Mises comparison for projected x-z stress cloud
cantilever_external_open_source_fem_stress_cloud,scikit-fem,3,90,0.08333333333333333,0.016666666666666666,0.15000000000000002,220.9368234019483,220.93682340198578,3.7488234738702886e-11,ok,element-centroid von Mises comparison for projected x-z stress cloud
cantilever_external_open_source_fem_stress_cloud,scikit-fem,3,91,0.25,0.05,0.15000000000000002,140.73236055826519,140.7323605582759,1.071498445526231e-11,ok,element-centroid von Mises comparison for projected x-z stress cloud
cantilever_external_open_source_fem_stress_cloud,scikit-fem,3,92,0.16666666666666666,0.03333333333333333,0.16666666666666669,148.2814396451382,148.2814396451555,1.730882104311604e-11,ok,element-centroid von Mises comparison for projected x-z stress cloud
cantilever_external_open_source_fem_stress_cloud,scikit-fem,3,93,0.08333333333333333,0.05,0.18333333333333338,251.9238711242512,251.9238711242911,3.9904080040287226e-11,ok,element-centroid von Mises comparison for projected x-z stress cloud
cantilever_external_open_source_fem_stress_cloud,scikit-fem,3,94,0.25,0.016666666666666666,0.18333333333333338,194.33394148632345,194.3339414863406,1.7138290786533616e-11,ok,element-centroid von Mises comparison for projected x-z stress cloud
cantilever_external_open_source_fem_stress_cloud,scikit-fem,3,95,0.41666666666666663,0.016666666666666666,0.15000000000000002,151.059048982524,151.05904898253834,1.4352963262354024e-11,ok,element-centroid von Mises comparison for projected x-z stress cloud
cantilever_external_open_source_fem_stress_cloud,scikit-fem,3,96,0.5833333333333333,0.05,0.15000000000000002,70.49710927362369,70.49710927362281,8.810729923425242e-13,ok,element-centroid von Mises comparison for projected x-z stress cloud
cantilever_external_open_source_fem_stress_cloud,scikit-fem,3,97,0.5,0.03333333333333333,0.16666666666666669,90.43864607671769,90.43864607672377,6.0822458181064576e-12,ok,element-centroid von Mises comparison for projected x-z stress cloud
cantilever_external_open_source_fem_stress_cloud,scikit-fem,3,98,0.41666666666666663,0.05,0.18333333333333338,182.11234639130856,182.11234639132314,1.4580336937797256e-11,ok,element-centroid von Mises comparison for projected x-z stress cloud
cantilever_external_open_source_fem_stress_cloud,scikit-fem,3,99,0.5833333333333333,0.016666666666666666,0.18333333333333338,102.01727185841207,102.01727185841384,1.7621459846850485e-12,ok,element-centroid von Mises comparison for projected x-z stress cloud
cantilever_external_open_source_fem_stress_cloud,scikit-fem,3,100,0.7499999999999999,0.016666666666666666,0.15000000000000002,83.71964877982589,83.71964877982434,1.5489831639570184e-12,ok,element-centroid von Mises comparison for projected x-z stress cloud
cantilever_external_open_source_fem_stress_cloud,scikit-fem,3,101,0.9166666666666666,0.05,0.15000000000000002,14.540940427868552,14.540940427871952,3.3999469906120794e-12,ok,element-centroid von Mises comparison for projected x-z stress cloud
cantilever_external_open_source_fem_stress_cloud,scikit-fem,3,102,0.8333333333333333,0.03333333333333333,0.16666666666666669,42.82447314773982,42.82447314774068,8.597567102697212e-13,ok,element-centroid von Mises comparison for projected x-z stress cloud
cantilever_external_open_source_fem_stress_cloud,scikit-fem,3,103,0.75,0.05,0.18333333333333338,89.45560498769878,89.45560498769557,3.211653165635653e-12,ok,element-centroid von Mises comparison for projected x-z stress cloud
cantilever_external_open_source_fem_stress_cloud,scikit-fem,3,104,0.9166666666666666,0.016666666666666666,0.18333333333333338,29.768803402425597,29.7688034024296,4.0039083160081645e-12,ok,element-centroid von Mises comparison for projected x-z stress cloud
cantilever_external_open_source_fem_stress_cloud,scikit-fem,3,105,0.08333333333333333,0.08333333333333333,0.15000000000000002,224.65096160848265,224.65096160851962,3.6976643968955614e-11,ok,element-centroid von Mises comparison for projected x-z stress cloud
cantilever_external_open_source_fem_stress_cloud,scikit-fem,3,106,0.25,0.11666666666666667,0.15000000000000002,142.77318230854573,142.77318230855778,1.2050804798491299e-11,ok,element-centroid von Mises comparison for projected x-z stress cloud
cantilever_external_open_source_fem_stress_cloud,scikit-fem,3,107,0.16666666666666666,0.1,0.16666666666666669,148.62173648742038,148.6217364874383,1.793409865058493e-11,ok,element-centroid von Mises comparison for projected x-z stress cloud
cantilever_external_open_source_fem_stress_cloud,scikit-fem,3,108,0.08333333333333333,0.11666666666666667,0.18333333333333338,255.3860937608881,255.3860937609276,3.950617610826157e-11,ok,element-centroid von Mises comparison for projected x-z stress cloud
cantilever_external_open_source_fem_stress_cloud,scikit-fem,3,109,0.25,0.08333333333333334,0.18333333333333338,187.7122450748014,187.71224507481978,1.8388846001471393e-11,ok,element-centroid von Mises comparison for projected x-z stress cloud
cantilever_external_open_source_fem_stress_cloud,scikit-fem,3,110,0.41666666666666663,0.08333333333333333,0.15000000000000002,159.3382022491925,159.33820224920612,1.361399881716352e-11,ok,element-centroid von Mises comparison for projected x-z stress cloud
cantilever_external_open_source_fem_stress_cloud,scikit-fem,3,111,0.5833333333333333,0.11666666666666667,0.15000000000000002,72.69474795440875,72.69474795440783,9.237055564881302e-13,ok,element-centroid von Mises comparison for projected x-z stress cloud
cantilever_external_open_source_fem_stress_cloud,scikit-fem,3,112,0.5,0.1,0.16666666666666669,98.04183662735956,98.04183662736516,5.5990767577895895e-12,ok,element-centroid von Mises comparison for projected x-z stress cloud
cantilever_external_open_source_fem_stress_cloud,scikit-fem,3,113,0.41666666666666663,0.11666666666666667,0.18333333333333338,184.2223176871754,184.22231768718993,1.4523493518936448e-11,ok,element-centroid von Mises comparison for projected x-z stress cloud
cantilever_external_open_source_fem_stress_cloud,scikit-fem,3,114,0.5833333333333333,0.08333333333333334,0.18333333333333338,106.80195778938518,106.80195778938813,2.9416469260468148e-12,ok,element-centroid von Mises comparison for projected x-z stress cloud
cantilever_external_open_source_fem_stress_cloud,scikit-fem,3,115,0.7499999999999999,0.08333333333333333,0.15000000000000002,84.09612640225826,84.0961264022545,3.765876499528531e-12,ok,element-centroid von Mises comparison for projected x-z stress cloud
cantilever_external_open_source_fem_stress_cloud,scikit-fem,3,116,0.9166666666666666,0.11666666666666667,0.15000000000000002,17.591633052483008,17.591633052484553,1.545430450278218e-12,ok,element-centroid von Mises comparison for projected x-z stress cloud
cantilever_external_open_source_fem_stress_cloud,scikit-fem,3,117,0.8333333333333333,0.1,0.16666666666666669,46.30390306184214,46.30390306183976,2.3803181647963356e-12,ok,element-centroid von Mises comparison for projected x-z stress cloud
cantilever_external_open_source_fem_stress_cloud,scikit-fem,3,118,0.75,0.11666666666666667,0.18333333333333338,93.14395033526846,93.14395033526442,4.035882739117369e-12,ok,element-centroid von Mises comparison for projected x-z stress cloud
cantilever_external_open_source_fem_stress_cloud,scikit-fem,3,119,0.9166666666666666,0.08333333333333334,0.18333333333333338,29.74307600020539,29.743076000208536,3.1441516057384433e-12,ok,element-centroid von Mises comparison for projected x-z stress cloud
cantilever_external_open_source_fem_stress_cloud,scikit-fem,3,120,0.08333333333333333,0.15,0.15000000000000002,225.97034743979148,225.97034743982752,3.603872755775228e-11,ok,element-centroid von Mises comparison for projected x-z stress cloud
cantilever_external_open_source_fem_stress_cloud,scikit-fem,3,121,0.25,0.18333333333333338,0.15000000000000002,139.24879134245774,139.2487913424704,1.2676082405960187e-11,ok,element-centroid von Mises comparison for projected x-z stress cloud
cantilever_external_open_source_fem_stress_cloud,scikit-fem,3,122,0.16666666666666666,0.16666666666666669,0.16666666666666669,148.44560671461846,148.44560671463753,1.907096702780109e-11,ok,element-centroid von Mises comparison for projected x-z stress cloud
cantilever_external_open_source_fem_stress_cloud,scikit-fem,3,123,0.08333333333333333,0.18333333333333338,0.18333333333333338,255.748512146618,255.74851214665696,3.8966163629083894e-11,ok,element-centroid von Mises comparison for projected x-z stress cloud
cantilever_external_open_source_fem_stress_cloud,scikit-fem,3,124,0.25,0.15000000000000002,0.18333333333333338,194.5594867823751,194.55948678239548,2.0378365661599673e-11,ok,element-centroid von Mises comparison for projected x-z stress cloud
cantilever_external_open_source_fem_stress_cloud,scikit-fem,3,125,0.41666666666666663,0.15,0.15000000000000002,161.52247231097223,161.52247231098534,1.3102408047416247e-11,ok,element-centroid von Mises comparison for projected x-z stress cloud
cantilever_external_open_source_fem_stress_cloud,scikit-fem,3,126,0.5833333333333333,0.18333333333333338,0.15000000000000002,71.07617636918414,71.07617636918353,6.110667527536862e-13,ok,element-centroid von Mises comparison for projected x-z stress cloud
cantilever_external_open_source_fem_stress_cloud,scikit-fem,3,127,0.5,0.16666666666666669,0.16666666666666669,103.49842818912151,103.49842818912732,5.8122395785176195e-12,ok,element-centroid von Mises comparison for projected x-z stress cloud
cantilever_external_open_source_fem_stress_cloud,scikit-fem,3,128,0.41666666666666663,0.18333333333333338,0.18333333333333338,197.19755146946363,197.19755146947836,1.4722445484949276e-11,ok,element-centroid von Mises comparison for projected x-z stress cloud
cantilever_external_open_source_fem_stress_cloud,scikit-fem,3,129,0.5833333333333333,0.15000000000000002,0.18333333333333338,112.61609454682626,112.61609454682821,1.9468870959826745e-12,ok,element-centroid von Mises comparison for projected x-z stress cloud
cantilever_external_open_source_fem_stress_cloud,scikit-fem,3,130,0.7499999999999999,0.15,0.15000000000000002,86.03548953631743,86.0354895363114,6.0254023992456496e-12,ok,element-centroid von Mises comparison for projected x-z stress cloud
cantilever_external_open_source_fem_stress_cloud,scikit-fem,3,131,0.9166666666666666,0.18333333333333338,0.15000000000000002,24.47233184264605,24.472331842642088,3.9612757518625585e-12,ok,element-centroid von Mises comparison for projected x-z stress cloud
cantilever_external_open_source_fem_stress_cloud,scikit-fem,3,132,0.8333333333333333,0.16666666666666669,0.16666666666666669,51.9973636315016,51.99736363149843,3.169020601490047e-12,ok,element-centroid von Mises comparison for projected x-z stress cloud
cantilever_external_open_source_fem_stress_cloud,scikit-fem,3,133,0.75,0.18333333333333338,0.18333333333333338,101.83228862004505,101.83228862003709,7.958078640513122e-12,ok,element-centroid von Mises comparison for projected x-z stress cloud
cantilever_external_open_source_fem_stress_cloud,scikit-fem,3,134,0.9166666666666666,0.15000000000000002,0.18333333333333338,35.54750168481255,35.54750168481329,7.389644451905042e-13,ok,element-centroid von Mises comparison for projected x-z stress cloud
cantilever_external_open_source_fem_stress_cloud,scikit-fem,4,0,0.0625,0.0125,0.0125,313.703645565761,313.7036455655373,2.2373569663614035e-10,ok,element-centroid von Mises comparison for projected x-z stress cloud
cantilever_external_open_source_fem_stress_cloud,scikit-fem,4,1,0.1875,0.037500000000000006,0.0125,278.20524611757384,278.20524611734436,2.2947688194108196e-10,ok,element-centroid von Mises comparison for projected x-z stress cloud
cantilever_external_open_source_fem_stress_cloud,scikit-fem,4,2,0.125,0.025,0.025,206.71694167166612,206.71694167150065,1.6547119230381213e-10,ok,element-centroid von Mises comparison for projected x-z stress cloud
cantilever_external_open_source_fem_stress_cloud,scikit-fem,4,3,0.0625,0.037500000000000006,0.037500000000000006,265.0645794334765,265.06457943327416,2.0236257114447653e-10,ok,element-centroid von Mises comparison for projected x-z stress cloud
cantilever_external_open_source_fem_stress_cloud,scikit-fem,4,4,0.1875,0.0125,0.037500000000000006,201.35100095950463,201.3510009593524,1.5222667570924386e-10,ok,element-centroid von Mises comparison for projected x-z stress cloud
cantilever_external_open_source_fem_stress_cloud,scikit-fem,4,5,0.3125,0.0125,0.0125,280.0835212474925,280.0835212473127,1.7979573385673575e-10,ok,element-centroid von Mises comparison for projected x-z stress cloud
cantilever_external_open_source_fem_stress_cloud,scikit-fem,4,6,0.4375,0.037500000000000006,0.0125,206.6999196955664,206.69991969541994,1.4645706869487185e-10,ok,element-centroid von Mises comparison for projected x-z stress cloud
cantilever_external_open_source_fem_stress_cloud,scikit-fem,4,7,0.375,0.025,0.025,169.3380819889718,169.3380819888456,1.261923898709938e-10,ok,element-centroid von Mises comparison for projected x-z stress cloud
cantilever_external_open_source_fem_stress_cloud,scikit-fem,4,8,0.3125,0.037500000000000006,0.037500000000000006,219.08365413649784,219.0836541363498,1.4804868442297447e-10,ok,element-centroid von Mises comparison for projected x-z stress cloud
cantilever_external_open_source_fem_stress_cloud,scikit-fem,4,9,0.4375,0.0125,0.037500000000000006,140.52385432320406,140.5238543231192,8.486722435918637e-11,ok,element-centroid von Mises comparison for projected x-z stress cloud
cantilever_external_open_source_fem_stress_cloud,scikit-fem,4,10,0.5625,0.0125,0.0125,189.99435937499823,189.99435937488232,1.1590373105718754e-10,ok,element-centroid von Mises comparison for projected x-z stress cloud
cantilever_external_open_source_fem_stress_cloud,scikit-fem,4,11,0.6875,0.037500000000000006,0.0125,116.11289245753363,116.11289245748958,4.405364961712621e-11,ok,element-centroid von Mises comparison for projected x-z stress cloud
cantilever_external_open_source_fem_stress_cloud,scikit-fem,4,12,0.625,0.025,0.025,110.62857751240331,110.62857751232723,7.608491614519153e-11,ok,element-centroid von Mises comparison for projected x-z stress cloud
cantilever_external_open_source_fem_stress_cloud,scikit-fem,4,13,0.5625,0.037500000000000006,0.037500000000000006,151.12702197646067,151.12702197636233,9.833911462919787e-11,ok,element-centroid von Mises comparison for projected x-z stress cloud
cantilever_external_open_source_fem_stress_cloud,scikit-fem,4,14,0.6875,0.0125,0.037500000000000006,74.30714694483008,74.30714694481689,1.318767317570746e-11,ok,element-centroid von Mises comparison for projected x-z stress cloud
cantilever_external_open_source_fem_stress_cloud,scikit-fem,4,15,0.8125,0.0125,0.0125,97.33993046179306,97.33993046176165,3.140598892059643e-11,ok,element-centroid von Mises comparison for projected x-z stress cloud
cantilever_external_open_source_fem_stress_cloud,scikit-fem,4,16,0.9375,0.037500000000000006,0.0125,42.528243110479366,42.528243110464814,1.4551915228366852e-11,ok,element-centroid von Mises comparison for projected x-z stress cloud
cantilever_external_open_source_fem_stress_cloud,scikit-fem,4,17,0.875,0.025,0.025,54.640105083495456,54.64010508347501,2.0449419935175683e-11,ok,element-centroid von Mises comparison for projected x-z stress cloud
cantilever_external_open_source_fem_stress_cloud,scikit-fem,4,18,0.8125,0.037500000000000006,0.037500000000000006,80.13475763333538,80.13475763331688,1.850253283919301e-11,ok,element-centroid von Mises comparison for projected x-z stress cloud
cantilever_external_open_source_fem_stress_cloud,scikit-fem,4,19,0.9375,0.0125,0.037500000000000006,34.122758840966256,34.12275884095495,1.1304734925943194e-11,ok,element-centroid von Mises comparison for projected x-z stress cloud
cantilever_external_open_source_fem_stress_cloud,scikit-fem,4,20,0.0625,0.0625,0.0125,314.4287033861488,314.4287033859085,2.403339749434963e-10,ok,element-centroid von Mises comparison for projected x-z stress cloud
cantilever_external_open_source_fem_stress_cloud,scikit-fem,4,21,0.1875,0.0875,0.0125,268.82764218480577,268.82764218456407,2.416982169961557e-10,ok,element-centroid von Mises comparison for projected x-z stress cloud
cantilever_external_open_source_fem_stress_cloud,scikit-fem,4,22,0.125,0.07500000000000001,0.025,207.90638466892844,207.90638466873781,1.9062440514971968e-10,ok,element-centroid von Mises comparison for projected x-z stress cloud
cantilever_external_open_source_fem_stress_cloud,scikit-fem,4,23,0.0625,0.0875,0.037500000000000006,263.7653623970603,263.7653623968523,2.0799006961169653e-10,ok,element-centroid von Mises comparison for projected x-z stress cloud
cantilever_external_open_source_fem_stress_cloud,scikit-fem,4,24,0.1875,0.0625,0.037500000000000006,205.2799273592933,205.27992735911926,1.7405454855179414e-10,ok,element-centroid von Mises comparison for projected x-z stress cloud
cantilever_external_open_source_fem_stress_cloud,scikit-fem,4,25,0.3125,0.0625,0.0125,263.5381664563831,263.5381664562037,1.793978299247101e-10,ok,element-centroid von Mises comparison for projected x-z stress cloud
cantilever_external_open_source_fem_stress_cloud,scikit-fem,4,26,0.4375,0.0875,0.0125,200.7843235842845,200.78432358412923,1.552677986182971e-10,ok,element-centroid von Mises comparison for projected x-z stress cloud
cantilever_external_open_source_fem_stress_cloud,scikit-fem,4,27,0.375,0.07500000000000001,0.025,165.61800097662456,165.61800097648282,1.4173906492942479e-10,ok,element-centroid von Mises comparison for projected x-z stress cloud
cantilever_external_open_source_fem_stress_cloud,scikit-fem,4,28,0.3125,0.0875,0.037500000000000006,216.31392293585606,216.31392293570357,1.524824710941175e-10,ok,element-centroid von Mises comparison for projected x-z stress cloud
cantilever_external_open_source_fem_stress_cloud,scikit-fem,4,29,0.4375,0.0625,0.037500000000000006,144.92818675511245,144.92818675500993,1.0251710591546725e-10,ok,element-centroid von Mises comparison for projected x-z stress cloud
cantilever_external_open_source_fem_stress_cloud,scikit-fem,4,30,0.5625,0.0625,0.0125,177.15395005759697,177.15395005748917,1.078035438695224e-10,ok,element-centroid von Mises comparison for projected x-z stress cloud
cantilever_external_open_source_fem_stress_cloud,scikit-fem,4,31,0.6875,0.0875,0.0125,110.77337760515111,110.77337760510136,4.9752202357922215e-11,ok,element-centroid von Mises comparison for projected x-z stress cloud
cantilever_external_open_source_fem_stress_cloud,scikit-fem,4,32,0.625,0.07500000000000001,0.025,104.92180218777402,104.92180218769371,8.030553999560652e-11,ok,element-centroid von Mises comparison for projected x-z stress cloud
cantilever_external_open_source_fem_stress_cloud,scikit-fem,4,33,0.5625,0.0875,0.037500000000000006,147.22597960004978,147.22597959995602,9.376321941090282e-11,ok,element-centroid von Mises comparison for projected x-z stress cloud
cantilever_external_open_source_fem_stress_cloud,scikit-fem,4,34,0.6875,0.0625,0.037500000000000006,74.99513940064563,74.9951394006296,1.602984411874786e-11,ok,element-centroid von Mises comparison for projected x-z stress cloud
cantilever_external_open_source_fem_stress_cloud,scikit-fem,4,35,0.8125,0.0625,0.0125,88.12563599184875,88.1256359918258,2.2950530365051236e-11,ok,element-centroid von Mises comparison for projected x-z stress cloud
cantilever_external_open_source_fem_stress_cloud,scikit-fem,4,36,0.9375,0.0875,0.0125,37.419521263459,37.41952126344927,9.734435479913373e-12,ok,element-centroid von Mises comparison for projected x-z stress cloud
cantilever_external_open_source_fem_stress_cloud,scikit-fem,4,37,0.875,0.07500000000000001,0.025,49.140166099148416,49.140166099130866,1.7550405573274475e-11,ok,element-centroid von Mises comparison for projected x-z stress cloud
cantilever_external_open_source_fem_stress_cloud,scikit-fem,4,38,0.8125,0.0875,0.037500000000000006,77.29207415490974,77.29207415488732,2.2424728740588762e-11,ok,element-centroid von Mises comparison for projected x-z stress cloud
cantilever_external_open_source_fem_stress_cloud,scikit-fem,4,39,0.9375,0.0625,0.037500000000000006,26.870803535344592,26.870803535334723,9.869438599707792e-12,ok,element-centroid von Mises comparison for projected x-z stress cloud
cantilever_external_open_source_fem_stress_cloud,scikit-fem,4,40,0.0625,0.11250000000000002,0.0125,311.2815499559639,311.2815499557127,2.511910679459106e-10,ok,element-centroid von Mises comparison for projected x-z stress cloud
cantilever_external_open_source_fem_stress_cloud,scikit-fem,4,41,0.1875,0.1375,0.0125,265.2568877768822,265.256887776621,2.6119550966541283e-10,ok,element-centroid von Mises comparison for projected x-z stress cloud
cantilever_external_open_source_fem_stress_cloud,scikit-fem,4,42,0.125,0.125,0.025,207.78468515211773,207.7846851519067,2.1103119252074976e-10,ok,element-centroid von Mises comparison for projected x-z stress cloud
cantilever_external_open_source_fem_stress_cloud,scikit-fem,4,43,0.0625,0.1375,0.037500000000000006,259.8080955127342,259.80809551252383,2.1037749320385046e-10,ok,element-centroid von Mises comparison for projected x-z stress cloud
cantilever_external_open_source_fem_stress_cloud,scikit-fem,4,44,0.1875,0.11250000000000002,0.037500000000000006,201.7141846460774,201.71418464588862,1.8877699403674342e-10,ok,element-centroid von Mises comparison for projected x-z stress cloud
cantilever_external_open_source_fem_stress_cloud,scikit-fem,4,45,0.3125,0.11250000000000002,0.0125,259.3310242774725,259.3310242772838,1.887201506178826e-10,ok,element-centroid von Mises comparison for projected x-z stress cloud
cantilever_external_open_source_fem_stress_cloud,scikit-fem,4,46,0.4375,0.1375,0.0125,196.56962886371608,196.56962886354796,1.681144112808397e-10,ok,element-centroid von Mises comparison for projected x-z stress cloud
cantilever_external_open_source_fem_stress_cloud,scikit-fem,4,47,0.375,0.125,0.025,160.75570819787995,160.75570819772722,1.5273826647899114e-10,ok,element-centroid von Mises comparison for projected x-z stress cloud
cantilever_external_open_source_fem_stress_cloud,scikit-fem,4,48,0.3125,0.1375,0.037500000000000006,213.55212115438152,213.5521211542231,1.5842260836507194e-10,ok,element-centroid von Mises comparison for projected x-z stress cloud
cantilever_external_open_source_fem_stress_cloud,scikit-fem,4,49,0.4375,0.11250000000000002,0.037500000000000006,142.50309862737348,142.5030986272609,1.1257839105383027e-10,ok,element-centroid von Mises comparison for projected x-z stress cloud
cantilever_external_open_source_fem_stress_cloud,scikit-fem,4,50,0.5625,0.11250000000000002,0.0125,171.91264085131115,171.91264085120397,1.0717826626205351e-10,ok,element-centroid von Mises comparison for projected x-z stress cloud
cantilever_external_open_source_fem_stress_cloud,scikit-fem,4,51,0.6875,0.1375,0.0125,106.00865019704118,106.00865019699046,5.071854047855595e-11,ok,element-centroid von Mises comparison for projected x-z stress cloud
cantilever_external_open_source_fem_stress_cloud,scikit-fem,4,52,0.625,0.125,0.025,99.23239136220326,99.23239136212194,8.131451068038587e-11,ok,element-centroid von Mises comparison for projected x-z stress cloud
cantilever_external_open_source_fem_stress_cloud,scikit-fem,4,53,0.5625,0.1375,0.037500000000000006,144.22435867858823,144.2243586784954,9.282530299969949e-11,ok,element-centroid von Mises comparison for projected x-z stress cloud
cantilever_external_open_source_fem_stress_cloud,scikit-fem,4,54,0.6875,0.11250000000000002,0.037500000000000006,72.18855895274024,72.18855895271678,2.3462121134798508e-11,ok,element-centroid von Mises comparison for projected x-z stress cloud
cantilever_external_open_source_fem_stress_cloud,scikit-fem,4,55,0.8125,0.11250000000000002,0.0125,84.43750596319013,84.43750596316598,2.4158453015843406e-11,ok,element-centroid von Mises comparison for projected x-z stress cloud
cantilever_external_open_source_fem_stress_cloud,scikit-fem,4,56,0.9375,0.1375,0.0125,33.37234312507209,33.372343125058656,1.3436363133223495e-11,ok,element-centroid von Mises comparison for projected x-z stress cloud
cantilever_external_open_source_fem_stress_cloud,scikit-fem,4,57,0.875,0.125,0.025,44.83147880902099,44.83147880900305,1.794120407794253e-11,ok,element-centroid von Mises comparison for projected x-z stress cloud
cantilever_external_open_source_fem_stress_cloud,scikit-fem,4,58,0.8125,0.1375,0.037500000000000006,75.89515918984702,75.89515918982858,1.84456894203322e-11,ok,element-centroid von Mises comparison for projected x-z stress cloud
cantilever_external_open_source_fem_stress_cloud,scikit-fem,4,59,0.9375,0.11250000000000002,0.037500000000000006,22.47803004934672,22.47803004934496,1.7621459846850485e-12,ok,element-centroid von Mises comparison for projected x-z stress cloud
cantilever_external_open_source_fem_stress_cloud,scikit-fem,4,60,0.0625,0.1625,0.0125,305.78881596237375,305.78881596211386,2.5988811103161424e-10,ok,element-centroid von Mises comparison for projected x-z stress cloud
cantilever_external_open_source_fem_stress_cloud,scikit-fem,4,61,0.1875,0.1875,0.0125,279.7969930888345,279.7969930885297,3.047944119316526e-10,ok,element-centroid von Mises comparison for projected x-z stress cloud
cantilever_external_open_source_fem_stress_cloud,scikit-fem,4,62,0.125,0.175,0.025,209.1382289293019,209.13822892907078,2.311253410880454e-10,ok,element-centroid von Mises comparison for projected x-z stress cloud
cantilever_external_open_source_fem_stress_cloud,scikit-fem,4,63,0.0625,0.1875,0.037500000000000006,252.82890778246488,252.82890778225536,2.0952484192093834e-10,ok,element-centroid von Mises comparison for projected x-z stress cloud
cantilever_external_open_source_fem_stress_cloud,scikit-fem,4,64,0.1875,0.16250000000000003,0.037500000000000006,199.70918737874015,199.7091873785344,2.057447545666946e-10,ok,element-centroid von Mises comparison for projected x-z stress cloud
cantilever_external_open_source_fem_stress_cloud,scikit-fem,4,65,0.3125,0.1625,0.0125,260.64848177936796,260.6484817791634,2.0457946448004805e-10,ok,element-centroid von Mises comparison for projected x-z stress cloud
cantilever_external_open_source_fem_stress_cloud,scikit-fem,4,66,0.4375,0.1875,0.0125,194.33222318847743,194.3322231882926,1.8482637642591726e-10,ok,element-centroid von Mises comparison for projected x-z stress cloud
cantilever_external_open_source_fem_stress_cloud,scikit-fem,4,67,0.375,0.175,0.025,151.21318760002518,151.2131875998727,1.524824710941175e-10,ok,element-centroid von Mises comparison for projected x-z stress cloud
cantilever_external_open_source_fem_stress_cloud,scikit-fem,4,68,0.3125,0.1875,0.037500000000000006,200.47788661172507,200.47788661157264,1.524256276752567e-10,ok,element-centroid von Mises comparison for projected x-z stress cloud
cantilever_external_open_source_fem_stress_cloud,scikit-fem,4,69,0.4375,0.16250000000000003,0.037500000000000006,139.30658417352598,139.30658417340268,1.2329337550909258e-10,ok,element-centroid von Mises comparison for projected x-z stress cloud
cantilever_external_open_source_fem_stress_cloud,scikit-fem,4,70,0.5625,0.1625,0.0125,167.91809301614774,167.91809301604087,1.0686562745831907e-10,ok,element-centroid von Mises comparison for projected x-z stress cloud
cantilever_external_open_source_fem_stress_cloud,scikit-fem,4,71,0.6875,0.1875,0.0125,102.02934131696573,102.02934131690898,5.67439428778016e-11,ok,element-centroid von Mises comparison for projected x-z stress cloud
cantilever_external_open_source_fem_stress_cloud,scikit-fem,4,72,0.625,0.175,0.025,93.23541192664973,93.23541192657447,7.526068657170981e-11,ok,element-centroid von Mises comparison for projected x-z stress cloud
cantilever_external_open_source_fem_stress_cloud,scikit-fem,4,73,0.5625,0.1875,0.037500000000000006,138.53241332238156,138.53241332229246,8.910205906431656e-11,ok,element-centroid von Mises comparison for projected x-z stress cloud
cantilever_external_open_source_fem_stress_cloud,scikit-fem,4,74,0.6875,0.16250000000000003,0.037500000000000006,68.45232970909277,68.4523297090688,2.3959501049830578e-11,ok,element-centroid von Mises comparison for projected x-z stress cloud
cantilever_external_open_source_fem_stress_cloud,scikit-fem,4,75,0.8125,0.1625,0.0125,82.05620918848624,82.05620918846398,2.2254198484006338e-11,ok,element-centroid von Mises comparison for projected x-z stress cloud
cantilever_external_open_source_fem_stress_cloud,scikit-fem,4,76,0.9375,0.1875,0.0125,34.05206207010628,34.052062070098444,7.837286375433905e-12,ok,element-centroid von Mises comparison for projected x-z stress cloud
cantilever_external_open_source_fem_stress_cloud,scikit-fem,4,77,0.875,0.175,0.025,41.44646801083723,41.4464680108222,1.502797886132612e-11,ok,element-centroid von Mises comparison for projected x-z stress cloud
cantilever_external_open_source_fem_stress_cloud,scikit-fem,4,78,0.8125,0.1875,0.037500000000000006,75.11224768973652,75.11224768972028,1.624300693947589e-11,ok,element-centroid von Mises comparison for projected x-z stress cloud
cantilever_external_open_source_fem_stress_cloud,scikit-fem,4,79,0.9375,0.16250000000000003,0.037500000000000006,20.422677829375424,20.422677829369217,6.206590796864475e-12,ok,element-centroid von Mises comparison for projected x-z stress cloud
cantilever_external_open_source_fem_stress_cloud,scikit-fem,4,80,0.0625,0.0125,0.0625,263.71882328503557,263.71882328484395,1.9161916497978382e-10,ok,element-centroid von Mises comparison for projected x-z stress cloud
cantilever_external_open_source_fem_stress_cloud,scikit-fem,4,81,0.1875,0.037500000000000006,0.0625,182.54396680428027,182.54396680412756,1.5270984476956073e-10,ok,element-centroid von Mises comparison for projected x-z stress cloud
cantilever_external_open_source_fem_stress_cloud,scikit-fem,4,82,0.125,0.025,0.07500000000000001,143.67820475302773,143.67820475289756,1.3017142919125035e-10,ok,element-centroid von Mises comparison for projected x-z stress cloud
cantilever_external_open_source_fem_stress_cloud,scikit-fem,4,83,0.0625,0.037500000000000006,0.0875,245.5402690495548,245.54026904935964,1.9517187865858432e-10,ok,element-centroid von Mises comparison for projected x-z stress cloud
cantilever_external_open_source_fem_stress_cloud,scikit-fem,4,84,0.1875,0.0125,0.0875,154.17329869923472,154.1732986990982,1.3650947039423045e-10,ok,element-centroid von Mises comparison for projected x-z stress cloud
cantilever_external_open_source_fem_stress_cloud,scikit-fem,4,85,0.3125,0.0125,0.0625,229.57727670409275,229.5772767039318,1.609521405043779e-10,ok,element-centroid von Mises comparison for projected x-z stress cloud
cantilever_external_open_source_fem_stress_cloud,scikit-fem,4,86,0.4375,0.037500000000000006,0.0625,133.33613220155496,133.33613220146506,8.989786692836788e-11,ok,element-centroid von Mises comparison for projected x-z stress cloud
cantilever_external_open_source_fem_stress_cloud,scikit-fem,4,87,0.375,0.025,0.07500000000000001,121.85736343976328,121.85736343965064,1.1263523447269108e-10,ok,element-centroid von Mises comparison for projected x-z stress cloud
cantilever_external_open_source_fem_stress_cloud,scikit-fem,4,88,0.3125,0.037500000000000006,0.0875,210.4833817565814,210.48338175642385,1.5754153537272941e-10,ok,element-centroid von Mises comparison for projected x-z stress cloud
cantilever_external_open_source_fem_stress_cloud,scikit-fem,4,89,0.4375,0.0125,0.0875,97.09910847636003,97.0991084762928,6.723155365762068e-11,ok,element-centroid von Mises comparison for projected x-z stress cloud
cantilever_external_open_source_fem_stress_cloud,scikit-fem,4,90,0.5625,0.0125,0.0625,162.5951872264279,162.5951872263101,1.178079855890246e-10,ok,element-centroid von Mises comparison for projected x-z stress cloud
cantilever_external_open_source_fem_stress_cloud,scikit-fem,4,91,0.6875,0.037500000000000006,0.0625,66.77465183800156,66.7746518379868,1.4765078049094882e-11,ok,element-centroid von Mises comparison for projected x-z stress cloud
cantilever_external_open_source_fem_stress_cloud,scikit-fem,4,92,0.625,0.025,0.07500000000000001,82.77197436444952,82.77197436437115,7.837286375433905e-11,ok,element-centroid von Mises comparison for projected x-z stress cloud
cantilever_external_open_source_fem_stress_cloud,scikit-fem,4,93,0.5625,0.037500000000000006,0.0875,145.91469403924236,145.91469403913433,1.0803091754496563e-10,ok,element-centroid von Mises comparison for projected x-z stress cloud
cantilever_external_open_source_fem_stress_cloud,scikit-fem,4,94,0.6875,0.0125,0.0875,37.19687035239749,37.196870352412155,1.4665602066088468e-11,ok,element-centroid von Mises comparison for projected x-z stress cloud
cantilever_external_open_source_fem_stress_cloud,scikit-fem,4,95,0.8125,0.0125,0.0625,94.99046758131418,94.9904675812776,3.657874003692996e-11,ok,element-centroid von Mises comparison for projected x-z stress cloud
cantilever_external_open_source_fem_stress_cloud,scikit-fem,4,96,0.9375,0.037500000000000006,0.0625,31.415709951808942,31.415709951795378,1.3564260825660313e-11,ok,element-centroid von Mises comparison for projected x-z stress cloud
cantilever_external_open_source_fem_stress_cloud,scikit-fem,4,97,0.875,0.025,0.07500000000000001,52.194340120758696,52.19434012073389,2.4805046905385097e-11,ok,element-centroid von Mises comparison for projected x-z stress cloud
cantilever_external_open_source_fem_stress_cloud,scikit-fem,4,98,0.8125,0.037500000000000006,0.0875,85.68377004437554,85.68377004435004,2.5494273359072395e-11,ok,element-centroid von Mises comparison for projected x-z stress cloud
cantilever_external_open_source_fem_stress_cloud,scikit-fem,4,99,0.9375,0.0125,0.0875,29.054013210606072,29.054013210589176,1.6896706256375182e-11,ok,element-centroid von Mises comparison for projected x-z stress cloud
cantilever_external_open_source_fem_stress_cloud,scikit-fem,4,100,0.0625,0.0625,0.0625,265.0645794334765,265.06457943327416,2.0236257114447653e-10,ok,element-centroid von Mises comparison for projected x-z stress cloud
cantilever_external_open_source_fem_stress_cloud,scikit-fem,4,101,0.1875,0.0875,0.0625,179.07407429953153,179.07407429936427,1.6726175999792758e-10,ok,element-centroid von Mises comparison for projected x-z stress cloud
cantilever_external_open_source_fem_stress_cloud,scikit-fem,4,102,0.125,0.07500000000000001,0.07500000000000001,140.63208177547665,140.63208177533178,1.4486545296676923e-10,ok,element-centroid von Mises comparison for projected x-z stress cloud
cantilever_external_open_source_fem_stress_cloud,scikit-fem,4,103,0.0625,0.0875,0.0875,247.00324155635852,247.00324155616457,1.9394974515307695e-10,ok,element-centroid von Mises comparison for projected x-z stress cloud
cantilever_external_open_source_fem_stress_cloud,scikit-fem,4,104,0.1875,0.0625,0.0875,149.4420192350906,149.44201923495024,1.403748228767654e-10,ok,element-centroid von Mises comparison for projected x-z stress cloud
cantilever_external_open_source_fem_stress_cloud,scikit-fem,4,105,0.3125,0.0625,0.0625,228.75145721610846,228.75145721594623,1.6223111742874607e-10,ok,element-centroid von Mises comparison for projected x-z stress cloud
cantilever_external_open_source_fem_stress_cloud,scikit-fem,4,106,0.4375,0.0875,0.0625,130.71673230535168,130.71673230525033,1.0135181582882069e-10,ok,element-centroid von Mises comparison for projected x-z stress cloud
cantilever_external_open_source_fem_stress_cloud,scikit-fem,4,107,0.375,0.07500000000000001,0.07500000000000001,118.20829165050317,118.20829165038194,1.212328015753883e-10,ok,element-centroid von Mises comparison for projected x-z stress cloud
cantilever_external_open_source_fem_stress_cloud,scikit-fem,4,108,0.3125,0.0875,0.0875,209.90228761731615,209.90228761716347,1.5268142306013033e-10,ok,element-centroid von Mises comparison for projected x-z stress cloud
cantilever_external_open_source_fem_stress_cloud,scikit-fem,4,109,0.4375,0.0625,0.0875,100.260314241851,100.26031424177542,7.558753623015946e-11,ok,element-centroid von Mises comparison for projected x-z stress cloud
cantilever_external_open_source_fem_stress_cloud,scikit-fem,4,110,0.5625,0.0625,0.0625,156.77923465916544,156.7792346590558,1.0965095498249866e-10,ok,element-centroid von Mises comparison for projected x-z stress cloud
cantilever_external_open_source_fem_stress_cloud,scikit-fem,4,111,0.6875,0.0875,0.0625,63.303874459605744,63.303874459588165,1.757882728270488e-11,ok,element-centroid von Mises comparison for projected x-z stress cloud
cantilever_external_open_source_fem_stress_cloud,scikit-fem,4,112,0.625,0.07500000000000001,0.07500000000000001,77.59903438170768,77.59903438162829,7.93960452938336e-11,ok,element-centroid von Mises comparison for projected x-z stress cloud
cantilever_external_open_source_fem_stress_cloud,scikit-fem,4,113,0.5625,0.0875,0.0875,144.356192280117,144.35619228001454,1.0246026249660645e-10,ok,element-centroid von Mises comparison for projected x-z stress cloud
cantilever_external_open_source_fem_stress_cloud,scikit-fem,4,114,0.6875,0.0625,0.0875,40.126778764483554,40.12677876449065,7.098321930243401e-12,ok,element-centroid von Mises comparison for projected x-z stress cloud
cantilever_external_open_source_fem_stress_cloud,scikit-fem,4,115,0.8125,0.0625,0.0625,89.0975539030032,89.09755390297315,3.005595772265224e-11,ok,element-centroid von Mises comparison for projected x-z stress cloud
cantilever_external_open_source_fem_stress_cloud,scikit-fem,4,116,0.9375,0.0875,0.0625,26.808555785583213,26.808555785568423,1.4789947044846485e-11,ok,element-centroid von Mises comparison for projected x-z stress cloud
cantilever_external_open_source_fem_stress_cloud,scikit-fem,4,117,0.875,0.07500000000000001,0.07500000000000001,48.540156448124065,48.54015644810578,1.8282264591107378e-11,ok,element-centroid von Mises comparison for projected x-z stress cloud
cantilever_external_open_source_fem_stress_cloud,scikit-fem,4,118,0.8125,0.0875,0.0875,84.0375698888519,84.03756988882971,2.219735506514553e-11,ok,element-centroid von Mises comparison for projected x-z stress cloud
cantilever_external_open_source_fem_stress_cloud,scikit-fem,4,119,0.9375,0.0625,0.0875,22.271255966252426,22.2712559662444,8.025580200410332e-12,ok,element-centroid von Mises comparison for projected x-z stress cloud
cantilever_external_open_source_fem_stress_cloud,scikit-fem,4,120,0.0625,0.11250000000000002,0.0625,263.7653623970603,263.7653623968523,2.0799006961169653e-10,ok,element-centroid von Mises comparison for projected x-z stress cloud
cantilever_external_open_source_fem_stress_cloud,scikit-fem,4,121,0.1875,0.1375,0.0625,178.41522559267926,178.41522559249432,1.8494006326363888e-10,ok,element-centroid von Mises comparison for projected x-z stress cloud
cantilever_external_open_source_fem_stress_cloud,scikit-fem,4,122,0.125,0.125,0.07500000000000001,140.2660918192597,140.26609181910402,1.5569412425975315e-10,ok,element-centroid von Mises comparison for projected x-z stress cloud
cantilever_external_open_source_fem_stress_cloud,scikit-fem,4,123,0.0625,0.1375,0.0875,245.54026904955694,245.54026904936833,1.88606463780161e-10,ok,element-centroid von Mises comparison for projected x-z stress cloud
cantilever_external_open_source_fem_stress_cloud,scikit-fem,4,124,0.1875,0.11250000000000002,0.0875,148.04854826960468,148.0485482694604,1.4426859706873074e-10,ok,element-centroid von Mises comparison for projected x-z stress cloud
cantilever_external_open_source_fem_stress_cloud,scikit-fem,4,125,0.3125,0.11250000000000002,0.0625,226.54639928615228,226.546399285986,1.6626700016786344e-10,ok,element-centroid von Mises comparison for projected x-z stress cloud
cantilever_external_open_source_fem_stress_cloud,scikit-fem,4,126,0.4375,0.1375,0.0625,127.39844443437636,127.39844443426254,1.1381473541405285e-10,ok,element-centroid von Mises comparison for projected x-z stress cloud
cantilever_external_open_source_fem_stress_cloud,scikit-fem,4,127,0.375,0.125,0.07500000000000001,115.71807821631943,115.71807821619403,1.2539658200694248e-10,ok,element-centroid von Mises comparison for projected x-z stress cloud
cantilever_external_open_source_fem_stress_cloud,scikit-fem,4,128,0.3125,0.1375,0.0875,208.59456976956346,208.59456976941507,1.4838974493613932e-10,ok,element-centroid von Mises comparison for projected x-z stress cloud
cantilever_external_open_source_fem_stress_cloud,scikit-fem,4,129,0.4375,0.11250000000000002,0.0875,101.31768972376508,101.3176897236843,8.078870905592339e-11,ok,element-centroid von Mises comparison for projected x-z stress cloud
cantilever_external_open_source_fem_stress_cloud,scikit-fem,4,130,0.5625,0.11250000000000002,0.0625,153.09879023742525,153.0987902373192,1.0604139788483735e-10,ok,element-centroid von Mises comparison for projected x-z stress cloud
cantilever_external_open_source_fem_stress_cloud,scikit-fem,4,131,0.6875,0.1375,0.0625,59.048619702443425,59.04861970242229,2.113154096150538e-11,ok,element-centroid von Mises comparison for projected x-z stress cloud
cantilever_external_open_source_fem_stress_cloud,scikit-fem,4,132,0.625,0.125,0.07500000000000001,75.08174278606197,75.08174278598558,7.638334409421077e-11,ok,element-centroid von Mises comparison for projected x-z stress cloud
cantilever_external_open_source_fem_stress_cloud,scikit-fem,4,133,0.5625,0.1375,0.0875,144.58799392745263,144.58799392735597,9.666223377280403e-11,ok,element-centroid von Mises comparison for projected x-z stress cloud
cantilever_external_open_source_fem_stress_cloud,scikit-fem,4,134,0.6875,0.11250000000000002,0.0875,41.19454579037883,41.194545790379216,3.836930773104541e-13,ok,element-centroid von Mises comparison for projected x-z stress cloud
cantilever_external_open_source_fem_stress_cloud,scikit-fem,4,135,0.8125,0.11250000000000002,0.0625,86.34111450833088,86.341114508304,2.687272626644699e-11,ok,element-centroid von Mises comparison for projected x-z stress cloud
cantilever_external_open_source_fem_stress_cloud,scikit-fem,4,136,0.9375,0.1375,0.0625,25.144742994777438,25.14474299476975,7.688072400924284e-12,ok,element-centroid von Mises comparison for projected x-z stress cloud
cantilever_external_open_source_fem_stress_cloud,scikit-fem,4,137,0.875,0.125,0.07500000000000001,47.06678637381334,47.06678637379666,1.6683543435647152e-11,ok,element-centroid von Mises comparison for projected x-z stress cloud
cantilever_external_open_source_fem_stress_cloud,scikit-fem,4,138,0.8125,0.1375,0.0875,84.85202797201454,84.85202797199175,2.2794210963184014e-11,ok,element-centroid von Mises comparison for projected x-z stress cloud
cantilever_external_open_source_fem_stress_cloud,scikit-fem,4,139,0.9375,0.11250000000000002,0.0875,20.24515102376762,20.245151023759266,8.352429858859978e-12,ok,element-centroid von Mises comparison for projected x-z stress cloud
cantilever_external_open_source_fem_stress_cloud,scikit-fem,4,140,0.0625,0.1625,0.0625,259.8080955127342,259.80809551252383,2.1037749320385046e-10,ok,element-centroid von Mises comparison for projected x-z stress cloud
cantilever_external_open_source_fem_stress_cloud,scikit-fem,4,141,0.1875,0.1875,0.0625,181.52863345273852,181.52863345253195,2.0656898414017633e-10,ok,element-centroid von Mises comparison for projected x-z stress cloud
cantilever_external_open_source_fem_stress_cloud,scikit-fem,4,142,0.125,0.175,0.07500000000000001,142.6530909763973,142.65309097623313,1.6416379367001355e-10,ok,element-centroid von Mises comparison for projected x-z stress cloud
cantilever_external_open_source_fem_stress_cloud,scikit-fem,4,143,0.0625,0.1875,0.0875,240.9450391204588,240.9450391202801,1.787157088983804e-10,ok,element-centroid von Mises comparison for projected x-z stress cloud
cantilever_external_open_source_fem_stress_cloud,scikit-fem,4,144,0.1875,0.16250000000000003,0.0875,149.56918195940162,149.56918195925113,1.5049295143398922e-10,ok,element-centroid von Mises comparison for projected x-z stress cloud
cantilever_external_open_source_fem_stress_cloud,scikit-fem,4,145,0.3125,0.1625,0.0625,223.76685989694704,223.76685989677617,1.708713170955889e-10,ok,element-centroid von Mises comparison for projected x-z stress cloud
cantilever_external_open_source_fem_stress_cloud,scikit-fem,4,146,0.4375,0.1875,0.0625,122.65581833847742,122.65581833835152,1.2589396192197455e-10,ok,element-centroid von Mises comparison for projected x-z stress cloud
cantilever_external_open_source_fem_stress_cloud,scikit-fem,4,147,0.375,0.175,0.07500000000000001,113.98009381260682,113.98009381248407,1.227533630299149e-10,ok,element-centroid von Mises comparison for projected x-z stress cloud
cantilever_external_open_source_fem_stress_cloud,scikit-fem,4,148,0.3125,0.1875,0.0875,205.86582924084803,205.86582924070524,1.4279066817834973e-10,ok,element-centroid von Mises comparison for projected x-z stress cloud
cantilever_external_open_source_fem_stress_cloud,scikit-fem,4,149,0.4375,0.16250000000000003,0.0875,101.3766244241758,101.37662442409078,8.502354376105359e-11,ok,element-centroid von Mises comparison for projected x-z stress cloud
cantilever_external_open_source_fem_stress_cloud,scikit-fem,4,150,0.5625,0.1625,0.0625,150.71638961314025,150.71638961303785,1.0240341907774564e-10,ok,element-centroid von Mises comparison for projected x-z stress cloud
cantilever_external_open_source_fem_stress_cloud,scikit-fem,4,151,0.6875,0.1875,0.0625,53.45411329669069,53.454113296667224,2.346922656215611e-11,ok,element-centroid von Mises comparison for projected x-z stress cloud
cantilever_external_open_source_fem_stress_cloud,scikit-fem,4,152,0.625,0.175,0.07500000000000001,75.6471073462088,75.64710734613739,7.140954494389007e-11,ok,element-centroid von Mises comparison for projected x-z stress cloud
cantilever_external_open_source_fem_stress_cloud,scikit-fem,4,153,0.5625,0.1875,0.0875,146.93742925368804,146.93742925359297,9.50706180447014e-11,ok,element-centroid von Mises comparison for projected x-z stress cloud
cantilever_external_open_source_fem_stress_cloud,scikit-fem,4,154,0.6875,0.16250000000000003,0.0875,40.83139146716669,40.8313914671649,1.7905676941154525e-12,ok,element-centroid von Mises comparison for projected x-z stress cloud
cantilever_external_open_source_fem_stress_cloud,scikit-fem,4,155,0.8125,0.1625,0.0625,85.79448398943309,85.79448398940862,2.447109181957785e-11,ok,element-centroid von Mises comparison for projected x-z stress cloud
cantilever_external_open_source_fem_stress_cloud,scikit-fem,4,156,0.9375,0.1875,0.0625,27.553805766843386,27.553805766838636,4.74997818855627e-12,ok,element-centroid von Mises comparison for projected x-z stress cloud
cantilever_external_open_source_fem_stress_cloud,scikit-fem,4,157,0.875,0.175,0.07500000000000001,47.8641753258489,47.86417532583633,1.2569500995596172e-11,ok,element-centroid von Mises comparison for projected x-z stress cloud
cantilever_external_open_source_fem_stress_cloud,scikit-fem,4,158,0.8125,0.1875,0.0875,88.55152069327764,88.55152069325818,1.9454660105111543e-11,ok,element-centroid von Mises comparison for projected x-z stress cloud
cantilever_external_open_source_fem_stress_cloud,scikit-fem,4,159,0.9375,0.16250000000000003,0.0875,22.458973899695163,22.458973899692502,2.660982545421575e-12,ok,element-centroid von Mises comparison for projected x-z stress cloud
cantilever_external_open_source_fem_stress_cloud,scikit-fem,4,160,0.0625,0.0125,0.11250000000000002,240.94503912045448,240.94503912026286,1.9161916497978382e-10,ok,element-centroid von Mises comparison for projected x-z stress cloud
cantilever_external_open_source_fem_stress_cloud,scikit-fem,4,161,0.1875,0.037500000000000006,0.11250000000000002,149.569181959403,149.5691819592576,1.454054654459469e-10,ok,element-centroid von Mises comparison for projected x-z stress cloud
cantilever_external_open_source_fem_stress_cloud,scikit-fem,4,162,0.125,0.025,0.125,142.65309097639945,142.65309097624112,1.5833734323678073e-10,ok,element-centroid von Mises comparison for projected x-z stress cloud
cantilever_external_open_source_fem_stress_cloud,scikit-fem,4,163,0.0625,0.037500000000000006,0.1375,259.80809551273137,259.80809551251144,2.199271875724662e-10,ok,element-centroid von Mises comparison for projected x-z stress cloud
cantilever_external_open_source_fem_stress_cloud,scikit-fem,4,164,0.1875,0.0125,0.1375,181.52863345274397,181.52863345254983,1.9414869711908977e-10,ok,element-centroid von Mises comparison for projected x-z stress cloud
cantilever_external_open_source_fem_stress_cloud,scikit-fem,4,165,0.3125,0.0125,0.11250000000000002,205.86582924084192,205.865829240682,1.5992895896488335e-10,ok,element-centroid von Mises comparison for projected x-z stress cloud
cantilever_external_open_source_fem_stress_cloud,scikit-fem,4,166,0.4375,0.037500000000000006,0.11250000000000002,101.3766244241776,101.37662442409781,7.979394922585925e-11,ok,element-centroid von Mises comparison for projected x-z stress cloud
cantilever_external_open_source_fem_stress_cloud,scikit-fem,4,167,0.375,0.025,0.125,113.98009381260555,113.9800938124777,1.2784084901795723e-10,ok,element-centroid von Mises comparison for projected x-z stress cloud
cantilever_external_open_source_fem_stress_cloud,scikit-fem,4,168,0.3125,0.037500000000000006,0.1375,223.76685989694474,223.76685989676722,1.7752199710230343e-10,ok,element-centroid von Mises comparison for projected x-z stress cloud
cantilever_external_open_source_fem_stress_cloud,scikit-fem,4,169,0.4375,0.0125,0.1375,122.65581833848167,122.6558183383661,1.155626705440227e-10,ok,element-centroid von Mises comparison for projected x-z stress cloud
cantilever_external_open_source_fem_stress_cloud,scikit-fem,4,170,0.5625,0.0125,0.11250000000000002,146.93742925368335,146.93742925356685,1.1650058695522603e-10,ok,element-centroid von Mises comparison for projected x-z stress cloud
cantilever_external_open_source_fem_stress_cloud,scikit-fem,4,171,0.6875,0.037500000000000006,0.11250000000000002,40.83139146716581,40.83139146717595,1.013944483929663e-11,ok,element-centroid von Mises comparison for projected x-z stress cloud
cantilever_external_open_source_fem_stress_cloud,scikit-fem,4,172,0.625,0.025,0.125,75.6471073462072,75.6471073461257,8.151346264639869e-11,ok,element-centroid von Mises comparison for projected x-z stress cloud
cantilever_external_open_source_fem_stress_cloud,scikit-fem,4,173,0.5625,0.037500000000000006,0.1375,150.71638961313812,150.71638961302668,1.1144152267661411e-10,ok,element-centroid von Mises comparison for projected x-z stress cloud
cantilever_external_open_source_fem_stress_cloud,scikit-fem,4,174,0.6875,0.0125,0.1375,53.45411329669448,53.454113296679864,1.461586407458526e-11,ok,element-centroid von Mises comparison for projected x-z stress cloud
cantilever_external_open_source_fem_stress_cloud,scikit-fem,4,175,0.8125,0.0125,0.11250000000000002,88.55152069327644,88.55152069324171,3.47313289239537e-11,ok,element-centroid von Mises comparison for projected x-z stress cloud
cantilever_external_open_source_fem_stress_cloud,scikit-fem,4,176,0.9375,0.037500000000000006,0.11250000000000002,22.458973899694936,22.45897389968785,7.084111075528199e-12,ok,element-centroid von Mises comparison for projected x-z stress cloud
cantilever_external_open_source_fem_stress_cloud,scikit-fem,4,177,0.875,0.025,0.125,47.86417532584908,47.86417532582629,2.2794210963184014e-11,ok,element-centroid von Mises comparison for projected x-z stress cloud
cantilever_external_open_source_fem_stress_cloud,scikit-fem,4,178,0.8125,0.037500000000000006,0.1375,85.7944839894324,85.79448398940643,2.596323156467406e-11,ok,element-centroid von Mises comparison for projected x-z stress cloud
cantilever_external_open_source_fem_stress_cloud,scikit-fem,4,179,0.9375,0.0125,0.1375,27.553805766840085,27.553805766835048,5.03774799653911e-12,ok,element-centroid von Mises comparison for projected x-z stress cloud
cantilever_external_open_source_fem_stress_cloud,scikit-fem,4,180,0.0625,0.0625,0.11250000000000002,245.5402690495548,245.54026904935964,1.9517187865858432e-10,ok,element-centroid von Mises comparison for projected x-z stress cloud
cantilever_external_open_source_fem_stress_cloud,scikit-fem,4,181,0.1875,0.0875,0.11250000000000002,148.04854826960383,148.04854826945862,1.4520651347993407e-10,ok,element-centroid von Mises comparison for projected x-z stress cloud
cantilever_external_open_source_fem_stress_cloud,scikit-fem,4,182,0.125,0.07500000000000001,0.125,140.26609181926088,140.26609181910823,1.5265300135069992e-10,ok,element-centroid von Mises comparison for projected x-z stress cloud
cantilever_external_open_source_fem_stress_cloud,scikit-fem,4,183,0.0625,0.0875,0.1375,263.76536239705933,263.76536239684776,2.1157120499992743e-10,ok,element-centroid von Mises comparison for projected x-z stress cloud
cantilever_external_open_source_fem_stress_cloud,scikit-fem,4,184,0.1875,0.0625,0.1375,178.41522559268105,178.4152255924994,1.81643144969712e-10,ok,element-centroid von Mises comparison for projected x-z stress cloud
cantilever_external_open_source_fem_stress_cloud,scikit-fem,4,185,0.3125,0.0625,0.11250000000000002,208.59456976956054,208.59456976940552,1.5501200323342346e-10,ok,element-centroid von Mises comparison for projected x-z stress cloud
cantilever_external_open_source_fem_stress_cloud,scikit-fem,4,186,0.4375,0.0875,0.11250000000000002,101.31768972376494,101.31768972368307,8.186873401427874e-11,ok,element-centroid von Mises comparison for projected x-z stress cloud
cantilever_external_open_source_fem_stress_cloud,scikit-fem,4,187,0.375,0.07500000000000001,0.125,115.71807821632052,115.71807821619528,1.2524026260507526e-10,ok,element-centroid von Mises comparison for projected x-z stress cloud
cantilever_external_open_source_fem_stress_cloud,scikit-fem,4,188,0.3125,0.0875,0.1375,226.54639928615234,226.54639928598377,1.6856915863172617e-10,ok,element-centroid von Mises comparison for projected x-z stress cloud
cantilever_external_open_source_fem_stress_cloud,scikit-fem,4,189,0.4375,0.0625,0.1375,127.39844443437777,127.39844443426671,1.1105782959930366e-10,ok,element-centroid von Mises comparison for projected x-z stress cloud
cantilever_external_open_source_fem_stress_cloud,scikit-fem,4,190,0.5625,0.0625,0.11250000000000002,144.5879939274502,144.58799392734343,1.0678036233002786e-10,ok,element-centroid von Mises comparison for projected x-z stress cloud
cantilever_external_open_source_fem_stress_cloud,scikit-fem,4,191,0.6875,0.0875,0.11250000000000002,41.1945457903774,41.19454579038266,5.265121671982342e-12,ok,element-centroid von Mises comparison for projected x-z stress cloud
cantilever_external_open_source_fem_stress_cloud,scikit-fem,4,192,0.625,0.07500000000000001,0.125,75.08174278606262,75.08174278598514,7.747757990728132e-11,ok,element-centroid von Mises comparison for projected x-z stress cloud
cantilever_external_open_source_fem_stress_cloud,scikit-fem,4,193,0.5625,0.0875,0.1375,153.09879023742505,153.0987902373185,1.0655298865458462e-10,ok,element-centroid von Mises comparison for projected x-z stress cloud
cantilever_external_open_source_fem_stress_cloud,scikit-fem,4,194,0.6875,0.0625,0.1375,59.048619702442785,59.04861970242853,1.425348727934761e-11,ok,element-centroid von Mises comparison for projected x-z stress cloud
cantilever_external_open_source_fem_stress_cloud,scikit-fem,4,195,0.8125,0.0625,0.11250000000000002,84.85202797201406,84.85202797198653,2.752642558334628e-11,ok,element-centroid von Mises comparison for projected x-z stress cloud
cantilever_external_open_source_fem_stress_cloud,scikit-fem,4,196,0.9375,0.0875,0.11250000000000002,20.245151023764155,20.245151023761363,2.7924329515371937e-12,ok,element-centroid von Mises comparison for projected x-z stress cloud
cantilever_external_open_source_fem_stress_cloud,scikit-fem,4,197,0.875,0.07500000000000001,0.125,47.06678637381286,47.066786373795594,1.7266188478970435e-11,ok,element-centroid von Mises comparison for projected x-z stress cloud
cantilever_external_open_source_fem_stress_cloud,scikit-fem,4,198,0.8125,0.0875,0.1375,86.34111450832852,86.3411145083043,2.4215296434704214e-11,ok,element-centroid von Mises comparison for projected x-z stress cloud
cantilever_external_open_source_fem_stress_cloud,scikit-fem,4,199,0.9375,0.0625,0.1375,25.14474299477291,25.14474299477163,1.2789769243681803e-12,ok,element-centroid von Mises comparison for projected x-z stress cloud
cantilever_external_open_source_fem_stress_cloud,scikit-fem,4,200,0.0625,0.11250000000000002,0.11250000000000002,247.00324155635852,247.00324155616457,1.9394974515307695e-10,ok,element-centroid von Mises comparison for projected x-z stress cloud
cantilever_external_open_source_fem_stress_cloud,scikit-fem,4,201,0.1875,0.1375,0.11250000000000002,149.44201923508862,149.44201923494143,1.4719603314006235e-10,ok,element-centroid von Mises comparison for projected x-z stress cloud
cantilever_external_open_source_fem_stress_cloud,scikit-fem,4,202,0.125,0.125,0.125,140.6320817754773,140.63208177533315,1.4415491023100913e-10,ok,element-centroid von Mises comparison for projected x-z stress cloud
cantilever_external_open_source_fem_stress_cloud,scikit-fem,4,203,0.0625,0.1375,0.1375,265.0645794334777,265.0645794332779,1.9980461729574017e-10,ok,element-centroid von Mises comparison for projected x-z stress cloud
cantilever_external_open_source_fem_stress_cloud,scikit-fem,4,204,0.1875,0.11250000000000002,0.1375,179.07407429953108,179.07407429936225,1.688249540165998e-10,ok,element-centroid von Mises comparison for projected x-z stress cloud
cantilever_external_open_source_fem_stress_cloud,scikit-fem,4,205,0.3125,0.11250000000000002,0.11250000000000002,209.90228761731635,209.90228761716295,1.5339196579589043e-10,ok,element-centroid von Mises comparison for projected x-z stress cloud
cantilever_external_open_source_fem_stress_cloud,scikit-fem,4,206,0.4375,0.1375,0.11250000000000002,100.26031424184852,100.26031424176652,8.199663170671556e-11,ok,element-centroid von Mises comparison for projected x-z stress cloud
cantilever_external_open_source_fem_stress_cloud,scikit-fem,4,207,0.375,0.125,0.125,118.20829165050587,118.20829165038752,1.1834799806820229e-10,ok,element-centroid von Mises comparison for projected x-z stress cloud
cantilever_external_open_source_fem_stress_cloud,scikit-fem,4,208,0.3125,0.1375,0.1375,228.75145721611145,228.7514572159523,1.5913315110083204e-10,ok,element-centroid von Mises comparison for projected x-z stress cloud
cantilever_external_open_source_fem_stress_cloud,scikit-fem,4,209,0.4375,0.11250000000000002,0.1375,130.71673230535154,130.71673230524615,1.0538769856793806e-10,ok,element-centroid von Mises comparison for projected x-z stress cloud
cantilever_external_open_source_fem_stress_cloud,scikit-fem,4,210,0.5625,0.11250000000000002,0.11250000000000002,144.35619228011632,144.3561922800139,1.0243184078717604e-10,ok,element-centroid von Mises comparison for projected x-z stress cloud
cantilever_external_open_source_fem_stress_cloud,scikit-fem,4,211,0.6875,0.1375,0.11250000000000002,40.126778764481955,40.12677876447946,2.4940050025179517e-12,ok,element-centroid von Mises comparison for projected x-z stress cloud
cantilever_external_open_source_fem_stress_cloud,scikit-fem,4,212,0.625,0.125,0.125,77.59903438170842,77.59903438163543,7.298694981727749e-11,ok,element-centroid von Mises comparison for projected x-z stress cloud
cantilever_external_open_source_fem_stress_cloud,scikit-fem,4,213,0.5625,0.1375,0.1375,156.77923465916737,156.77923465906213,1.0524559002078604e-10,ok,element-centroid von Mises comparison for projected x-z stress cloud
cantilever_external_open_source_fem_stress_cloud,scikit-fem,4,214,0.6875,0.11250000000000002,0.1375,63.30387445960452,63.30387445958593,1.8594903394841822e-11,ok,element-centroid von Mises comparison for projected x-z stress cloud
cantilever_external_open_source_fem_stress_cloud,scikit-fem,4,215,0.8125,0.11250000000000002,0.11250000000000002,84.03756988885334,84.03756988882746,2.587796643638285e-11,ok,element-centroid von Mises comparison for projected x-z stress cloud
cantilever_external_open_source_fem_stress_cloud,scikit-fem,4,216,0.9375,0.1375,0.11250000000000002,22.271255966253932,22.27125596625026,3.673505943879718e-12,ok,element-centroid von Mises comparison for projected x-z stress cloud
cantilever_external_open_source_fem_stress_cloud,scikit-fem,4,217,0.875,0.125,0.125,48.540156448124,48.54015644810933,1.467270749344607e-11,ok,element-centroid von Mises comparison for projected x-z stress cloud
cantilever_external_open_source_fem_stress_cloud,scikit-fem,4,218,0.8125,0.1375,0.1375,89.09755390300143,89.09755390297839,2.3035795493342448e-11,ok,element-centroid von Mises comparison for projected x-z stress cloud
cantilever_external_open_source_fem_stress_cloud,scikit-fem,4,219,0.9375,0.11250000000000002,0.1375,26.8085557855755,26.80855578557254,2.9594104944408173e-12,ok,element-centroid von Mises comparison for projected x-z stress cloud
cantilever_external_open_source_fem_stress_cloud,scikit-fem,4,220,0.0625,0.1625,0.11250000000000002,245.54026904955694,245.54026904936833,1.88606463780161e-10,ok,element-centroid von Mises comparison for projected x-z stress cloud
cantilever_external_open_source_fem_stress_cloud,scikit-fem,4,221,0.1875,0.1875,0.11250000000000002,154.17329869922943,154.1732986990771,1.5234036254696548e-10,ok,element-centroid von Mises comparison for projected x-z stress cloud
cantilever_external_open_source_fem_stress_cloud,scikit-fem,4,222,0.125,0.175,0.125,143.67820475302733,143.67820475289372,1.3361045603232924e-10,ok,element-centroid von Mises comparison for projected x-z stress cloud
cantilever_external_open_source_fem_stress_cloud,scikit-fem,4,223,0.0625,0.1875,0.1375,263.71882328503864,263.7188232848551,1.8354739950154908e-10,ok,element-centroid von Mises comparison for projected x-z stress cloud
cantilever_external_open_source_fem_stress_cloud,scikit-fem,4,224,0.1875,0.16250000000000003,0.1375,182.54396680427968,182.54396680412094,1.5873524716880638e-10,ok,element-centroid von Mises comparison for projected x-z stress cloud
cantilever_external_open_source_fem_stress_cloud,scikit-fem,4,225,0.3125,0.1625,0.11250000000000002,210.48338175658404,210.48338175643178,1.5225509741867427e-10,ok,element-centroid von Mises comparison for projected x-z stress cloud
cantilever_external_open_source_fem_stress_cloud,scikit-fem,4,226,0.4375,0.1875,0.11250000000000002,97.09910847635358,97.09910847627124,8.233769221988041e-11,ok,element-centroid von Mises comparison for projected x-z stress cloud
cantilever_external_open_source_fem_stress_cloud,scikit-fem,4,227,0.375,0.175,0.125,121.85736343976579,121.85736343965914,1.0665246463759104e-10,ok,element-centroid von Mises comparison for projected x-z stress cloud
cantilever_external_open_source_fem_stress_cloud,scikit-fem,4,228,0.3125,0.1875,0.1375,229.57727670409886,229.57727670395076,1.4810552784183528e-10,ok,element-centroid von Mises comparison for projected x-z stress cloud
cantilever_external_open_source_fem_stress_cloud,scikit-fem,4,229,0.4375,0.16250000000000003,0.1375,133.33613220155473,133.33613220145887,9.586642590875272e-11,ok,element-centroid von Mises comparison for projected x-z stress cloud
cantilever_external_open_source_fem_stress_cloud,scikit-fem,4,230,0.5625,0.1625,0.11250000000000002,145.91469403924455,145.914694039145,9.956124813470524e-11,ok,element-centroid von Mises comparison for projected x-z stress cloud
cantilever_external_open_source_fem_stress_cloud,scikit-fem,4,231,0.6875,0.1875,0.11250000000000002,37.19687035239424,37.1968703523911,3.140598892059643e-12,ok,element-centroid von Mises comparison for projected x-z stress cloud
cantilever_external_open_source_fem_stress_cloud,scikit-fem,4,232,0.625,0.175,0.125,82.77197436445299,82.7719743643832,6.978950750635704e-11,ok,element-centroid von Mises comparison for projected x-z stress cloud
cantilever_external_open_source_fem_stress_cloud,scikit-fem,4,233,0.5625,0.1875,0.1375,162.59518722643435,162.59518722633254,1.0180656317970715e-10,ok,element-centroid von Mises comparison for projected x-z stress cloud
cantilever_external_open_source_fem_stress_cloud,scikit-fem,4,234,0.6875,0.16250000000000003,0.1375,66.77465183800032,66.77465183797725,2.3078428057488054e-11,ok,element-centroid von Mises comparison for projected x-z stress cloud
cantilever_external_open_source_fem_stress_cloud,scikit-fem,4,235,0.8125,0.1625,0.11250000000000002,85.68377004437686,85.68377004435266,2.4201085579989012e-11,ok,element-centroid von Mises comparison for projected x-z stress cloud
cantilever_external_open_source_fem_stress_cloud,scikit-fem,4,236,0.9375,0.1875,0.11250000000000002,29.054013210606023,29.05401321060649,4.689582056016661e-13,ok,element-centroid von Mises comparison for projected x-z stress cloud
cantilever_external_open_source_fem_stress_cloud,scikit-fem,4,237,0.875,0.175,0.125,52.194340120758696,52.19434012074604,1.2654766123887384e-11,ok,element-centroid von Mises comparison for projected x-z stress cloud
cantilever_external_open_source_fem_stress_cloud,scikit-fem,4,238,0.8125,0.1875,0.1375,94.99046758131554,94.99046758129562,1.992361831071321e-11,ok,element-centroid von Mises comparison for projected x-z stress cloud
cantilever_external_open_source_fem_stress_cloud,scikit-fem,4,239,0.9375,0.16250000000000003,0.1375,31.415709951809404,31.415709951806406,2.9984903449076228e-12,ok,element-centroid von Mises comparison for projected x-z stress cloud
cantilever_external_open_source_fem_stress_cloud,scikit-fem,4,240,0.0625,0.0125,0.16250000000000003,252.82890778246016,252.82890778223504,2.2512836039823014e-10,ok,element-centroid von Mises comparison for projected x-z stress cloud
cantilever_external_open_source_fem_stress_cloud,scikit-fem,4,241,0.1875,0.037500000000000006,0.16250000000000003,199.70918737874038,199.70918737853407,2.063131887553027e-10,ok,element-centroid von Mises comparison for projected x-z stress cloud
cantilever_external_open_source_fem_stress_cloud,scikit-fem,4,242,0.125,0.025,0.175,209.13822892930403,209.13822892907794,2.2609469851886388e-10,ok,element-centroid von Mises comparison for projected x-z stress cloud
cantilever_external_open_source_fem_stress_cloud,scikit-fem,4,243,0.0625,0.037500000000000006,0.1875,305.7888159623704,305.7888159620986,2.717683855735231e-10,ok,element-centroid von Mises comparison for projected x-z stress cloud
cantilever_external_open_source_fem_stress_cloud,scikit-fem,4,244,0.1875,0.0125,0.1875,279.79699308883704,279.7969930885351,3.019522409886122e-10,ok,element-centroid von Mises comparison for projected x-z stress cloud
cantilever_external_open_source_fem_stress_cloud,scikit-fem,4,245,0.3125,0.0125,0.16250000000000003,200.47788661172152,200.47788661155775,1.637658897379879e-10,ok,element-centroid von Mises comparison for projected x-z stress cloud
cantilever_external_open_source_fem_stress_cloud,scikit-fem,4,246,0.4375,0.037500000000000006,0.16250000000000003,139.30658417352834,139.30658417340072,1.27613475342514e-10,ok,element-centroid von Mises comparison for projected x-z stress cloud
cantilever_external_open_source_fem_stress_cloud,scikit-fem,4,247,0.375,0.025,0.175,151.21318760002745,151.2131875998743,1.531645921204472e-10,ok,element-centroid von Mises comparison for projected x-z stress cloud
cantilever_external_open_source_fem_stress_cloud,scikit-fem,4,248,0.3125,0.037500000000000006,0.1875,260.64848177936835,260.64848177915724,2.1111645764904097e-10,ok,element-centroid von Mises comparison for projected x-z stress cloud
cantilever_external_open_source_fem_stress_cloud,scikit-fem,4,249,0.4375,0.0125,0.1875,194.3322231884792,194.33222318829598,1.8320633898838423e-10,ok,element-centroid von Mises comparison for projected x-z stress cloud
cantilever_external_open_source_fem_stress_cloud,scikit-fem,4,250,0.5625,0.0125,0.16250000000000003,138.53241332237832,138.53241332227483,1.0348344403610099e-10,ok,element-centroid von Mises comparison for projected x-z stress cloud
cantilever_external_open_source_fem_stress_cloud,scikit-fem,4,251,0.6875,0.037500000000000006,0.16250000000000003,68.45232970909036,68.45232970907159,1.8772539078781847e-11,ok,element-centroid von Mises comparison for projected x-z stress cloud
cantilever_external_open_source_fem_stress_cloud,scikit-fem,4,252,0.625,0.025,0.175,93.23541192664953,93.23541192657473,7.480593922082335e-11,ok,element-centroid von Mises comparison for projected x-z stress cloud
cantilever_external_open_source_fem_stress_cloud,scikit-fem,4,253,0.5625,0.037500000000000006,0.1875,167.9180930161471,167.91809301603413,1.1297629498585593e-10,ok,element-centroid von Mises comparison for projected x-z stress cloud
cantilever_external_open_source_fem_stress_cloud,scikit-fem,4,254,0.6875,0.0125,0.1875,102.02934131696428,102.02934131691725,4.702371825260343e-11,ok,element-centroid von Mises comparison for projected x-z stress cloud
cantilever_external_open_source_fem_stress_cloud,scikit-fem,4,255,0.8125,0.0125,0.16250000000000003,75.11224768973607,75.11224768971474,2.1330492927518208e-11,ok,element-centroid von Mises comparison for projected x-z stress cloud
cantilever_external_open_source_fem_stress_cloud,scikit-fem,4,256,0.9375,0.037500000000000006,0.16250000000000003,20.422677829380635,20.42267782937126,9.375611398354522e-12,ok,element-centroid von Mises comparison for projected x-z stress cloud
cantilever_external_open_source_fem_stress_cloud,scikit-fem,4,257,0.875,0.025,0.175,41.44646801083651,41.44646801082179,1.4722445484949276e-11,ok,element-centroid von Mises comparison for projected x-z stress cloud
cantilever_external_open_source_fem_stress_cloud,scikit-fem,4,258,0.8125,0.037500000000000006,0.1875,82.05620918848689,82.05620918846623,2.0662582755903713e-11,ok,element-centroid von Mises comparison for projected x-z stress cloud
cantilever_external_open_source_fem_stress_cloud,scikit-fem,4,259,0.9375,0.0125,0.1875,34.0520620701038,34.05206207009488,8.924416761146858e-12,ok,element-centroid von Mises comparison for projected x-z stress cloud
cantilever_external_open_source_fem_stress_cloud,scikit-fem,4,260,0.0625,0.0625,0.16250000000000003,259.80809551273137,259.80809551251144,2.199271875724662e-10,ok,element-centroid von Mises comparison for projected x-z stress cloud
cantilever_external_open_source_fem_stress_cloud,scikit-fem,4,261,0.1875,0.0875,0.16250000000000003,201.71418464607729,201.71418464588427,1.9301182874187361e-10,ok,element-centroid von Mises comparison for projected x-z stress cloud
cantilever_external_open_source_fem_stress_cloud,scikit-fem,4,262,0.125,0.07500000000000001,0.175,207.78468515212012,207.78468515191318,2.0693846636277158e-10,ok,element-centroid von Mises comparison for projected x-z stress cloud
cantilever_external_open_source_fem_stress_cloud,scikit-fem,4,263,0.0625,0.0875,0.1875,311.28154995596236,311.2815499557047,2.5767121769604273e-10,ok,element-centroid von Mises comparison for projected x-z stress cloud
cantilever_external_open_source_fem_stress_cloud,scikit-fem,4,264,0.1875,0.0625,0.1875,265.2568877768817,265.25688777661696,2.647198016347829e-10,ok,element-centroid von Mises comparison for projected x-z stress cloud
cantilever_external_open_source_fem_stress_cloud,scikit-fem,4,265,0.3125,0.0625,0.16250000000000003,213.55212115438042,213.55212115421645,1.6396484170400072e-10,ok,element-centroid von Mises comparison for projected x-z stress cloud
cantilever_external_open_source_fem_stress_cloud,scikit-fem,4,266,0.4375,0.0875,0.16250000000000003,142.5030986273733,142.50309862725592,1.1738165994756855e-10,ok,element-centroid von Mises comparison for projected x-z stress cloud
cantilever_external_open_source_fem_stress_cloud,scikit-fem,4,267,0.375,0.07500000000000001,0.175,160.75570819788433,160.7557081977357,1.4864554032101296e-10,ok,element-centroid von Mises comparison for projected x-z stress cloud
cantilever_external_open_source_fem_stress_cloud,scikit-fem,4,268,0.3125,0.0875,0.1875,259.3310242774717,259.33102427727766,1.9406343199079856e-10,ok,element-centroid von Mises comparison for projected x-z stress cloud
cantilever_external_open_source_fem_stress_cloud,scikit-fem,4,269,0.4375,0.0625,0.1875,196.56962886371767,196.5696288635436,1.7405454855179414e-10,ok,element-centroid von Mises comparison for projected x-z stress cloud
cantilever_external_open_source_fem_stress_cloud,scikit-fem,4,270,0.5625,0.0625,0.16250000000000003,144.224358678588,144.224358678487,1.0101075531565584e-10,ok,element-centroid von Mises comparison for projected x-z stress cloud
cantilever_external_open_source_fem_stress_cloud,scikit-fem,4,271,0.6875,0.0875,0.16250000000000003,72.18855895273839,72.18855895271331,2.5082158572331537e-11,ok,element-centroid von Mises comparison for projected x-z stress cloud
cantilever_external_open_source_fem_stress_cloud,scikit-fem,4,272,0.625,0.07500000000000001,0.175,99.23239136220634,99.23239136213189,7.44506678529433e-11,ok,element-centroid von Mises comparison for projected x-z stress cloud
cantilever_external_open_source_fem_stress_cloud,scikit-fem,4,273,0.5625,0.0875,0.1875,171.9126408513092,171.912640851198,1.1118572729174048e-10,ok,element-centroid von Mises comparison for projected x-z stress cloud
cantilever_external_open_source_fem_stress_cloud,scikit-fem,4,274,0.6875,0.0625,0.1875,106.00865019703886,106.00865019699137,4.7492676458205096e-11,ok,element-centroid von Mises comparison for projected x-z stress cloud
cantilever_external_open_source_fem_stress_cloud,scikit-fem,4,275,0.8125,0.0625,0.16250000000000003,75.89515918984533,75.89515918982788,1.745092959026806e-11,ok,element-centroid von Mises comparison for projected x-z stress cloud
cantilever_external_open_source_fem_stress_cloud,scikit-fem,4,276,0.9375,0.0875,0.16250000000000003,22.478030049347684,22.478030049334414,1.3269385590319871e-11,ok,element-centroid von Mises comparison for projected x-z stress cloud
cantilever_external_open_source_fem_stress_cloud,scikit-fem,4,277,0.875,0.07500000000000001,0.175,44.831478809018606,44.83147880900572,1.2882139799330616e-11,ok,element-centroid von Mises comparison for projected x-z stress cloud
cantilever_external_open_source_fem_stress_cloud,scikit-fem,4,278,0.8125,0.0875,0.1875,84.43750596318658,84.43750596316436,2.2225776774575934e-11,ok,element-centroid von Mises comparison for projected x-z stress cloud
cantilever_external_open_source_fem_stress_cloud,scikit-fem,4,279,0.9375,0.0625,0.1875,33.37234312507329,33.372343125063146,1.014655026665423e-11,ok,element-centroid von Mises comparison for projected x-z stress cloud
cantilever_external_open_source_fem_stress_cloud,scikit-fem,4,280,0.0625,0.11250000000000002,0.16250000000000003,263.76536239705933,263.76536239684776,2.1157120499992743e-10,ok,element-centroid von Mises comparison for projected x-z stress cloud
cantilever_external_open_source_fem_stress_cloud,scikit-fem,4,281,0.1875,0.1375,0.16250000000000003,205.27992735929254,205.2799273591129,1.7965362530958373e-10,ok,element-centroid von Mises comparison for projected x-z stress cloud
cantilever_external_open_source_fem_stress_cloud,scikit-fem,4,282,0.125,0.125,0.175,207.90638466893103,207.90638466874452,1.865032572823111e-10,ok,element-centroid von Mises comparison for projected x-z stress cloud
cantilever_external_open_source_fem_stress_cloud,scikit-fem,4,283,0.0625,0.1375,0.1875,314.4287033861493,314.42870338590825,2.410729393886868e-10,ok,element-centroid von Mises comparison for projected x-z stress cloud
cantilever_external_open_source_fem_stress_cloud,scikit-fem,4,284,0.1875,0.11250000000000002,0.1875,268.8276421848054,268.8276421845589,2.4652990759932436e-10,ok,element-centroid von Mises comparison for projected x-z stress cloud
cantilever_external_open_source_fem_stress_cloud,scikit-fem,4,285,0.3125,0.11250000000000002,0.16250000000000003,216.3139229358556,216.3139229357,1.5560885913146194e-10,ok,element-centroid von Mises comparison for projected x-z stress cloud
cantilever_external_open_source_fem_stress_cloud,scikit-fem,4,286,0.4375,0.1375,0.16250000000000003,144.92818675511035,144.9281867550018,1.085425083147129e-10,ok,element-centroid von Mises comparison for projected x-z stress cloud
cantilever_external_open_source_fem_stress_cloud,scikit-fem,4,287,0.375,0.125,0.175,165.61800097662925,165.6180009764921,1.3713474800169934e-10,ok,element-centroid von Mises comparison for projected x-z stress cloud
cantilever_external_open_source_fem_stress_cloud,scikit-fem,4,288,0.3125,0.1375,0.1875,263.53816645638386,263.5381664562015,1.823536877054721e-10,ok,element-centroid von Mises comparison for projected x-z stress cloud
cantilever_external_open_source_fem_stress_cloud,scikit-fem,4,289,0.4375,0.11250000000000002,0.1875,200.78432358428503,200.78432358412414,1.6089529708551709e-10,ok,element-centroid von Mises comparison for projected x-z stress cloud
cantilever_external_open_source_fem_stress_cloud,scikit-fem,4,290,0.5625,0.11250000000000002,0.16250000000000003,147.22597960004958,147.22597959995142,9.816858437261544e-11,ok,element-centroid von Mises comparison for projected x-z stress cloud
cantilever_external_open_source_fem_stress_cloud,scikit-fem,4,291,0.6875,0.1375,0.16250000000000003,74.9951394006453,74.995139400625,2.029310053330846e-11,ok,element-centroid von Mises comparison for projected x-z stress cloud
cantilever_external_open_source_fem_stress_cloud,scikit-fem,4,292,0.625,0.125,0.175,104.92180218777435,104.92180218770413,7.02158331478131e-11,ok,element-centroid von Mises comparison for projected x-z stress cloud
cantilever_external_open_source_fem_stress_cloud,scikit-fem,4,293,0.5625,0.1375,0.1875,177.15395005759726,177.15395005748937,1.0788880899781361e-10,ok,element-centroid von Mises comparison for projected x-z stress cloud
cantilever_external_open_source_fem_stress_cloud,scikit-fem,4,294,0.6875,0.11250000000000002,0.1875,110.77337760514956,110.77337760509593,5.363176569517236e-11,ok,element-centroid von Mises comparison for projected x-z stress cloud
cantilever_external_open_source_fem_stress_cloud,scikit-fem,4,295,0.8125,0.11250000000000002,0.16250000000000003,77.29207415490437,77.29207415488636,1.800515292416094e-11,ok,element-centroid von Mises comparison for projected x-z stress cloud
cantilever_external_open_source_fem_stress_cloud,scikit-fem,4,296,0.9375,0.1375,0.16250000000000003,26.87080353533863,26.870803535334833,3.7978509226377355e-12,ok,element-centroid von Mises comparison for projected x-z stress cloud
cantilever_external_open_source_fem_stress_cloud,scikit-fem,4,297,0.875,0.125,0.175,49.14016609914757,49.140166099138774,8.79651906871004e-12,ok,element-centroid von Mises comparison for projected x-z stress cloud
cantilever_external_open_source_fem_stress_cloud,scikit-fem,4,298,0.8125,0.1375,0.1875,88.1256359918466,88.12563599182731,1.928412984852912e-11,ok,element-centroid von Mises comparison for projected x-z stress cloud
cantilever_external_open_source_fem_stress_cloud,scikit-fem,4,299,0.9375,0.11250000000000002,0.1875,37.41952126345757,37.419521263441936,1.5631940186722204e-11,ok,element-centroid von Mises comparison for projected x-z stress cloud
cantilever_external_open_source_fem_stress_cloud,scikit-fem,4,300,0.0625,0.1625,0.16250000000000003,265.0645794334777,265.0645794332779,1.9980461729574017e-10,ok,element-centroid von Mises comparison for projected x-z stress cloud
cantilever_external_open_source_fem_stress_cloud,scikit-fem,4,301,0.1875,0.1875,0.16250000000000003,201.3510009595031,201.35100095934047,1.6262902136077173e-10,ok,element-centroid von Mises comparison for projected x-z stress cloud
cantilever_external_open_source_fem_stress_cloud,scikit-fem,4,302,0.125,0.175,0.175,206.7169416716675,206.71694167150193,1.6558487914153375e-10,ok,element-centroid von Mises comparison for projected x-z stress cloud
cantilever_external_open_source_fem_stress_cloud,scikit-fem,4,303,0.0625,0.1875,0.1875,313.703645565763,313.70364556554273,2.2026824808563106e-10,ok,element-centroid von Mises comparison for projected x-z stress cloud
cantilever_external_open_source_fem_stress_cloud,scikit-fem,4,304,0.1875,0.16250000000000003,0.1875,278.20524611757423,278.20524611734044,2.3379698177450337e-10,ok,element-centroid von Mises comparison for projected x-z stress cloud
cantilever_external_open_source_fem_stress_cloud,scikit-fem,4,305,0.3125,0.1625,0.16250000000000003,219.08365413649977,219.08365413635093,1.4884449228702579e-10,ok,element-centroid von Mises comparison for projected x-z stress cloud
cantilever_external_open_source_fem_stress_cloud,scikit-fem,4,306,0.4375,0.1875,0.16250000000000003,140.52385432320196,140.52385432310808,9.387690624862444e-11,ok,element-centroid von Mises comparison for projected x-z stress cloud
cantilever_external_open_source_fem_stress_cloud,scikit-fem,4,307,0.375,0.175,0.175,169.33808198897415,169.33808198885157,1.2258283277333248e-10,ok,element-centroid von Mises comparison for projected x-z stress cloud
cantilever_external_open_source_fem_stress_cloud,scikit-fem,4,308,0.3125,0.1875,0.1875,280.08352124749564,280.0835212473189,1.7672618923825212e-10,ok,element-centroid von Mises comparison for projected x-z stress cloud
cantilever_external_open_source_fem_stress_cloud,scikit-fem,4,309,0.4375,0.16250000000000003,0.1875,206.6999196955659,206.69991969541448,1.5143086784519255e-10,ok,element-centroid von Mises comparison for projected x-z stress cloud
cantilever_external_open_source_fem_stress_cloud,scikit-fem,4,310,0.5625,0.1625,0.16250000000000003,151.1270219764608,151.1270219763641,9.671907719166484e-11,ok,element-centroid von Mises comparison for projected x-z stress cloud
cantilever_external_open_source_fem_stress_cloud,scikit-fem,4,311,0.6875,0.1875,0.16250000000000003,74.30714694482762,74.3071469448088,1.8815171642927453e-11,ok,element-centroid von Mises comparison for projected x-z stress cloud
cantilever_external_open_source_fem_stress_cloud,scikit-fem,4,312,0.625,0.175,0.175,110.62857751240611,110.62857751233771,6.839684374426724e-11,ok,element-centroid von Mises comparison for projected x-z stress cloud
cantilever_external_open_source_fem_stress_cloud,scikit-fem,4,313,0.5625,0.1875,0.1875,189.99435937500215,189.99435937489088,1.1127099242003169e-10,ok,element-centroid von Mises comparison for projected x-z stress cloud
cantilever_external_open_source_fem_stress_cloud,scikit-fem,4,314,0.6875,0.16250000000000003,0.1875,116.1128924575349,116.11289245748736,4.75353090223507e-11,ok,element-centroid von Mises comparison for projected x-z stress cloud
cantilever_external_open_source_fem_stress_cloud,scikit-fem,4,315,0.8125,0.1625,0.16250000000000003,80.13475763333484,80.13475763332053,1.4310330698208418e-11,ok,element-centroid von Mises comparison for projected x-z stress cloud
cantilever_external_open_source_fem_stress_cloud,scikit-fem,4,316,0.9375,0.1875,0.16250000000000003,34.12275884096435,34.12275884095911,5.243805389909539e-12,ok,element-centroid von Mises comparison for projected x-z stress cloud
cantilever_external_open_source_fem_stress_cloud,scikit-fem,4,317,0.875,0.175,0.175,54.64010508349423,54.640105083484194,1.0032863428932615e-11,ok,element-centroid von Mises comparison for projected x-z stress cloud
cantilever_external_open_source_fem_stress_cloud,scikit-fem,4,318,0.8125,0.1875,0.1875,97.33993046179391,97.33993046177152,2.2396307031158358e-11,ok,element-centroid von Mises comparison for projected x-z stress cloud
cantilever_external_open_source_fem_stress_cloud,scikit-fem,4,319,0.9375,0.16250000000000003,0.1875,42.52824311047363,42.52824311046373,9.904965736495797e-12,ok,element-centroid von Mises comparison for projected x-z stress cloud
