time,sfc_z_cm,abaqus_z_cm,z_cm_abs_error,sfc_min_gap,abaqus_min_gap,min_gap_abs_error,sfc_max_von_mises,abaqus_max_von_mises,von_mises_abs_error,sfc_max_strain_norm,abaqus_max_strain_norm,strain_norm_abs_error,sfc_p95_von_mises,abaqus_p95_von_mises,p95_von_mises_abs_error,sfc_volume_mean_von_mises,abaqus_volume_mean_von_mises,volume_mean_von_mises_abs_error,sfc_p95_strain_norm,abaqus_p95_strain_norm,p95_strain_norm_abs_error,sfc_volume_mean_strain_norm,abaqus_volume_mean_strain_norm,volume_mean_strain_norm_abs_error,sfc_normal_force_z,abaqus_normal_force_z,normal_force_z_abs_error,sfc_contact_energy,abaqus_contact_energy,contact_energy_abs_error,sfc_active_contact_area,abaqus_active_contact_area,active_contact_area_abs_error
0.0,0.06999999999999763,0.06999999913677948,8.632181497381097e-10,0.02,0.020567902673333333,0.0005679026733333321,0.0,0.0,0.0,0.0,4.66150362e-06,4.66150362e-06,0.0,0.0,0.0,0.0,0.0,0.0,0.0,2.694119335e-06,2.694119335e-06,0.0,8.385284641264311e-07,8.385284641264311e-07,0.0,0.0,0.0,0.0,0.0,0.0,0.0,0.0,0.0
0.001,0.06999509499999765,0.06999506960984132,2.5390156324633928e-08,0.019995095,0.020562973150793976,0.0005678781507939754,3.626839713734733e-12,0.00045041268636135433,0.0004504126827345146,1.0967460950851741e-18,5.774576447197195e-06,5.774576447196098e-06,2.137817628926201e-12,0.00027577267287195946,0.0002757726707341418,8.512175453229058e-13,0.00013189053735924004,0.0001318905365080225,6.314217322554228e-19,2.743320795216556e-06,2.7433207952159246e-06,2.3711612603204923e-19,8.249889523928941e-07,8.24988952392657e-07,0.0,0.0,0.0,0.0,0.0,0.0,0.0,0.0,0.0
0.002,0.0699803799999977,0.06998035473584518,2.5264152520021455e-08,0.01998038,0.020548258278748843,0.0005678782787488443,2.3841770027284116e-11,0.0015028211704443174,0.0015028211466025475,7.100823837689014e-18,4.8099802939081405e-06,4.80998029390104e-06,9.521775087020036e-12,0.0008543967991450757,0.0008543967896233007,4.1141140092266036e-12,0.0003868158470842223,0.0003868158429701083,2.8059958869713843e-18,2.9135787844973037e-06,2.913578784494498e-06,1.1606985746440899e-18,8.129689664387808e-07,8.129689664376202e-07,0.0,0.0,0.0,0.0,0.0,0.0,0.0,0.0,0.0
0.003,0.06995585499999765,0.0699558541321446,8.678530533101636e-10,0.019955855,0.02052375767064018,0.0005679026706401774,5.0222125771449856e-11,0.00326205572303216,0.003262055672810034,1.4790265155404123e-17,5.323381536416978e-06,5.323381536402188e-06,2.2862127093014905e-11,0.001759377597658221,0.0017593775747960939,1.2125788881769597e-11,0.0007981544399952676,0.0007981544278694787,6.243173777137206e-18,3.4164697979425853e-06,3.4164697979363422e-06,3.4056707524889574e-18,8.451121965230914e-07,8.451121965196857e-07,0.0,0.0,0.0,0.0,0.0,0.0,0.0,0.0,0.0
0.004,0.06992151999999766,0.06992149451725121,2.548274644076365e-08,0.01992152,0.02048939805790113,0.0005678780579011292,1.0773557684624216e-10,0.005726170248033364,0.005726170140297787,3.21839478899765e-17,4.740111085616715e-06,4.7401110855845315e-06,5.733793984422166e-11,0.0036812170044974776,0.0036812169471595376,1.7889887920007236e-11,0.001863721476861184,0.0018637214589712961,1.673628848632244e-17,2.5515370239243317e-06,2.5515370239075956e-06,5.024800176002278e-18,8.03005784303342e-07,8.030057842983172e-07,0.0,0.0,0.0,0.0,0.0,0.0,0.0,0.0,0.0
0.005,0.06987737499999767,0.0698773493902964,2.5609701276296803e-08,0.019877375,0.020445252936262048,0.0005678779362620484,1.2136844275695906e-10,0.007824024244996184,0.00782402412362774,3.5726153206850333e-17,6.130716578991364e-06,6.130716578955638e-06,6.394993003243019e-11,0.005725134872449203,0.0057251348084992725,3.176573420143873e-11,0.002735775859634044,0.0027357758278683097,1.8088179494651738e-17,2.6557420596807833e-06,2.655742059662695e-06,9.019167838450449e-18,8.442616093538919e-07,8.442616093448727e-07,0.0,0.0,0.0,0.0,0.0,0.0,0.0,0.0,0.0
0.006,0.06982341999999771,0.06982341838296606,1.6170316474717339e-09,0.01982342,0.020391321922815273,0.0005679019228152712,1.8481460340260365e-10,0.013869323583678102,0.013869323398863499,5.4184314707731804e-17,5.565589783988786e-06,5.565589783934601e-06,1.1030464385502077e-10,0.00799373713437445,0.007993737024069806,5.0810156135169115e-11,0.0036389640335593642,0.0036389639827492082,3.04440324751144e-17,3.199437875530155e-06,3.199437875499711e-06,1.4272559875094562e-17,8.57716322896041e-07,8.577163228817684e-07,0.0,0.0,0.0,0.0,0.0,0.0,0.0,0.0,0.0
0.007,0.06975965499999767,0.06975962838530478,2.6614692894000314e-08,0.019759655,0.020327531899810198,0.000567876899810197,3.258876988300014e-10,0.02197134902959594,0.021971348703708243,9.701654241530035e-17,6.0660910228601705e-06,6.066091022763154e-06,1.2272102456781515e-10,0.010567246503735939,0.010567246381014915,5.71264647490644e-11,0.00477690524043877,0.004776905183312305,3.429488382085361e-17,2.9425373364788054e-06,2.9425373364445103e-06,1.610680136330837e-17,8.573120744787773e-07,8.573120744626706e-07,0.0,0.0,0.0,0.0,0.0,0.0,0.0,0.0,0.0
0.008,0.06968607999999771,0.06968605340474388,2.6595253832528698e-08,0.01968608,0.02025395693337227,0.0005678769333722668,5.678909984183113e-10,0.027626518096222907,0.02762651752833191,1.6958453595392044e-16,6.386972191976973e-06,6.386972191807389e-06,2.151014245119079e-10,0.01602708461801939,0.016027084402917967,9.530492421038586e-11,0.008453932654680293,0.00845393255937537,6.189718085133253e-17,2.614597526893311e-06,2.6145975268314137e-06,2.6972791722445336e-17,8.112310321622416e-07,8.112310321352688e-07,0.0,0.0,0.0,0.0,0.0,0.0,0.0,0.0,0.0
0.009000000000000001,0.06960269499999769,0.0696026687586759,2.6241321782194404e-08,0.019602695,0.020170572278776,0.0005678772787760002,1.0303909670160247e-09,0.03282559686173277,0.0328255958313418,3.07895584368459e-16,5.932299315453891e-06,5.9322993151459955e-06,4.901494340027064e-10,0.015915799340639986,0.01591579885049055,1.2985135250621934e-10,0.007437914191740128,0.007437914061888775,1.4518514481410393e-16,2.4585624147901224e-06,2.458562414644937e-06,3.645215842954585e-17,8.121112874713021e-07,8.1211128743485e-07,0.0,0.0,0.0,0.0,0.0,0.0,0.0,0.0,0.0
0.01,0.06950949999999767,0.06950947451885146,2.5481146206929317e-08,0.019509500000000003,0.02007737806074198,0.0005678780607419782,1.1701674910705815e-09,0.03803062624092002,0.03803062507075253,3.4421426857943836e-16,5.059090072633998e-06,5.059090072289784e-06,6.2999763744131e-10,0.01992536194434936,0.019925361314351724,1.5548047604900692e-10,0.009246148238076917,0.009246148082596441,1.8437288631486424e-16,2.780680627535519e-06,2.780680627351146e-06,4.390139635241673e-17,8.086969413925339e-07,8.086969413486325e-07,0.0,0.0,0.0,0.0,0.0,0.0,0.0,0.0,0.0
0.011000000000000001,0.06940649499999767,0.06940647066441026,2.4335587406332237e-08,0.019406495000000003,0.019974374170494816,0.000567879170494813,2.1842136180533796e-09,0.04770730357395425,0.047707301389740636,6.44554948311775e-16,5.473051649208906e-06,5.473051648564351e-06,1.0903247703535893e-09,0.024694948768834137,0.024694947678509365,2.3905258286433273e-10,0.01173576564949506,0.011735765410442477,3.2563984854128932e-16,2.6173631065026572e-06,2.6173631061770175e-06,6.884455124998942e-17,8.255961651918919e-07,8.255961651230474e-07,0.0,0.0,0.0,0.0,0.0,0.0,0.0,0.0,0.0
0.012,0.06929367999999766,0.06929368174352588,1.7435282106958994e-09,0.019293680000000004,0.0198615852517699,0.0005679052517698971,2.156783578332388e-09,0.05417980641655638,0.0541798042597728,6.45916713858119e-16,5.323381565910593e-06,5.323381565264676e-06,1.2083873147246017e-09,0.02706527698401485,0.027065275775627538,2.782010274746893e-10,0.012942109495120292,0.012942109216919264,3.494959557840027e-16,2.7822293028798343e-06,2.7822293025303383e-06,7.924814698270871e-17,8.404637780832488e-07,8.404637780040006e-07,0.0,0.0,0.0,0.0,0.0,0.0,0.0,0.0,0.0
0.013000000000000001,0.06917105499999768,0.06917103416967516,2.0830322522424893e-08,0.019171055000000003,0.019738937709613706,0.0005678827096137033,2.439477292291192e-09,0.06027251455902863,0.060272512119551334,7.311955725229001e-16,5.409308619309116e-06,5.409308618577921e-06,1.2801151917261839e-09,0.033773838520636396,0.0337738372405212,3.188057509931975e-10,0.015794178129639357,0.015794177810833605,3.704330597758499e-16,2.860837868746682e-06,2.860837868376249e-06,9.047844981492225e-17,8.150331441988365e-07,8.15033144108358e-07,0.0,0.0,0.0,0.0,0.0,0.0,0.0,0.0,0.0
0.014,0.06903861999999768,0.06903860084305888,1.9156938799169687e-08,0.019038620000000006,0.019606504443605902,0.0005678844436058962,2.7499704323675074e-09,0.06132395510653719,0.061323952356566756,7.746811792924198e-16,4.8743400511660665e-06,4.874340050391385e-06,1.4657756206017373e-09,0.041227223127660244,0.041227221661884625,4.407574552702848e-10,0.019234505198000927,0.019234504757243472,4.2568623817100455e-16,2.4038218767078306e-06,2.4038218762821445e-06,1.245971430988634e-16,8.097792933079763e-07,8.097792931833792e-07,0.0,0.0,0.0,0.0,0.0,0.0,0.0,0.0,0.0
0.015000000000000001,0.0688963749999977,0.06889635653527844,1.8464719267474727e-08,0.018896375000000007,0.01946426006964019,0.0005678850696401831,3.219705213873801e-09,0.08397331198785352,0.0839733087681483,9.612747772477847e-16,4.472339524662128e-06,4.4723395237008535e-06,2.155831307288126e-09,0.05093807691023391,0.0509380747544026,1.1883066471900329e-09,0.02368185162354889,0.023681850435242242,5.756644809573953e-16,2.621798887433233e-06,2.6217988868575688e-06,3.320752051890827e-16,8.048469173405303e-07,8.04846917008455e-07,0.0,0.0,0.0,0.0,0.0,0.0,0.0,0.0,0.0
0.016,0.06874431999999768,0.06874430144756542,1.8552432257123996e-08,0.01874432000000001,0.01931220497919075,0.00056788497919074,4.3203344059523825e-09,0.09262590312306189,0.09262589880272748,1.2900888929034898e-15,4.8890786366486175e-06,4.889078635358529e-06,2.603516803475345e-09,0.05464594255712734,0.054645939953610535,1.2626843188790338e-09,0.02589845548389147,0.02589845422120715,7.162538801301333e-16,2.7039220948351143e-06,2.7039220941188603e-06,3.5945816782761326e-16,8.349017962562675e-07,8.349017958968094e-07,0.0,0.0,0.0,0.0,0.0,0.0,0.0,0.0,0.0
0.017,0.0685824549999977,0.0685824355773766,1.942262109477788e-08,0.018582455000000015,0.019150339170307517,0.0005678841703075019,4.8191773983812e-09,0.10045238062765575,0.10045237580847835,1.4368112736186751e-15,5.7314159894131684e-06,5.7314159879763575e-06,2.8915116977488542e-09,0.06031051985556793,0.06031051696405623,1.4963607672380188e-09,0.027066241997648583,0.027066240501287815,8.218838996468618e-16,2.5140203474778013e-06,2.5140203466559176e-06,4.207523055020176e-16,8.498752080473651e-07,8.498752076266128e-07,0.0,0.0,0.0,0.0,0.0,0.0,0.0,0.0,0.0
0.018000000000000002,0.06841077999999767,0.06841075882529701,2.1174700659543078e-08,0.018410780000000022,0.018978662404173917,0.0005678824041738945,6.298880064164169e-09,0.11389379588557753,0.11389378958669746,1.8699244177365366e-15,5.488001220079446e-06,5.488001218209522e-06,3.3821765246327472e-09,0.06713315702379974,0.06713315364162321,1.7352316986761439e-09,0.030382098765503966,0.030382097030272268,9.598915264383074e-16,2.6209122354566035e-06,2.620912234496712e-06,4.907262858624411e-16,8.471328371973592e-07,8.471328367066329e-07,0.0,0.0,0.0,0.0,0.0,0.0,0.0,0.0,0.0
0.019000000000000003,0.06822929499999772,0.06822927097890555,2.4021092170922742e-08,0.01822929500000003,0.01879717449736679,0.0005678794973667592,5.354374285173789e-09,0.13365722198764973,0.13365721663327546,1.588424049198716e-15,4.823490819339634e-06,4.82349081775121e-06,3.5377016479180207e-09,0.07559599654155069,0.07559599300384905,1.8798454099925925e-09,0.034270887701168665,0.03427088582132325,9.744436211592789e-16,2.7822452874562313e-06,2.7822452864817877e-06,5.249195674116525e-16,8.375096893015404e-07,8.375096887766208e-07,0.0,0.0,0.0,0.0,0.0,0.0,0.0,0.0,0.0
0.02,0.06803799999999771,0.06803797263643871,2.7363559002013815e-08,0.01803800000000004,0.018605876148368023,0.000567876148367983,5.776739592705728e-09,0.14104084217246898,0.1410408363957294,1.7544522828005563e-15,5.569439738280466e-06,5.569439736526013e-06,3.872909484676101e-09,0.08085690761422683,0.08085690374131735,2.0846333762461363e-09,0.03699682094107255,0.03699681885643918,1.086163143475321e-15,2.7015591020873653e-06,2.7015591010012022e-06,5.851260090097908e-16,8.214935729316524e-07,8.214935723465263e-07,0.0,0.0,0.0,0.0,0.0,0.0,0.0,0.0,0.0
0.021,0.06783689499999772,0.0678368635705596,3.142943812151078e-08,0.017836895000000044,0.018404767001150697,0.000567872001150653,7.119699861553553e-09,0.1621017514502907,0.16210174433059085,1.845376878476438e-15,4.968434149259443e-06,4.968434147414066e-06,4.533081879489598e-09,0.08869416951940516,0.08869416498632328,2.347850456226362e-09,0.040793079295510556,0.0407930769476601,1.2947325779615832e-15,2.7351019618835537e-06,2.735101960588821e-06,6.642687361961731e-16,7.942120036200522e-07,7.942120029557835e-07,0.0,0.0,0.0,0.0,0.0,0.0,0.0,0.0,0.0
0.022000000000000002,0.06762597999999773,0.06762594376821922,3.6231778507977985e-08,0.017625980000000062,0.0181938472611081,0.0005678672611080376,8.363543462576036e-09,0.17221659324241992,0.17221658487887645,2.474655777225953e-15,5.513779937515845e-06,5.513779935041189e-06,5.054343220821338e-09,0.09544635412314534,0.09544634906880212,2.7187568320264163e-09,0.0439140898890146,0.04391408717025777,1.3994030933594206e-15,2.63464617183675e-06,2.634646170437347e-06,7.662154485095467e-16,8.241409000742449e-07,8.241408993080295e-07,0.0,0.0,0.0,0.0,0.0,0.0,0.0,0.0,0.0
0.023000000000000003,0.06740525499999776,0.06740521312322709,4.187677067613027e-08,0.017405255000000088,0.017973116592639792,0.000567861592639704,9.213417337221455e-09,0.18750966360443347,0.18750965439101613,2.7674554281546353e-15,4.331967875957719e-06,4.331967873190263e-06,5.4532425483083806e-09,0.10582468029208672,0.10582467483884417,2.9229071619281323e-09,0.04738621898085259,0.04738621605794543,1.5362069293366685e-15,2.802893962896697e-06,2.80289396136049e-06,8.196769230106873e-16,8.113331147430373e-07,8.113331139233604e-07,0.0,0.0,0.0,0.0,0.0,0.0,0.0,0.0,0.0
0.024,0.06717471999999779,0.06717469629059059,2.3709407201422117e-08,0.017174720000000105,0.017742599718099772,0.0005678797180996668,1.2039826029617815e-08,0.20272550422583682,0.2027254921860108,3.5394424853030316e-15,6.328773432092969e-06,6.328773428553527e-06,5.705081761091281e-09,0.11072902701763046,0.1107290213125487,3.086853489373746e-09,0.05043035683326066,0.05043035374640717,1.6279045569418315e-15,3.4254203499061206e-06,3.425420348278216e-06,8.644601109569699e-16,8.479128116789895e-07,8.479128108145294e-07,0.0,0.0,0.0,0.0,0.0,0.0,0.0,0.0,0.0
0.025,0.06693437499999781,0.06693431961056079,5.5389437023101173e-08,0.01693437500000014,0.017502223087295453,0.0005678480872953126,9.965447406791216e-09,0.2166409727647913,0.2166409627993439,2.970764579578232e-15,5.308866590748497e-06,5.308866587777732e-06,6.203103875933544e-09,0.12171991875908814,0.12171991255598426,3.1556227845543145e-09,0.055299832742269094,0.05529982958664631,1.7117049106842748e-15,2.4580227355778188e-06,2.458022733866114e-06,8.838436795406469e-16,8.363996924469138e-07,8.363996915630701e-07,0.0,0.0,0.0,0.0,0.0,0.0,0.0,0.0,0.0
0.026000000000000002,0.06668421999999784,0.06668415674462444,6.325537339757492e-08,0.016684220000000163,0.017252060190999226,0.0005678401909990638,8.979093928409813e-09,0.23464065411487148,0.23464064513577754,2.6886177627506506e-15,6.737666997865878e-06,6.73766699517726e-06,6.540144606513435e-09,0.13047174547474963,0.130471738934605,3.3252549791125263e-09,0.05909704841489232,0.05909704508963734,1.83620455247976e-15,2.868398673216511e-06,2.8683986713803067e-06,9.414238313457592e-16,8.516252806238175e-07,8.516252796823936e-07,0.0,0.0,0.0,0.0,0.0,0.0,0.0,0.0,0.0
0.027000000000000003,0.06642425499999788,0.06642418309565061,7.190434726800365e-08,0.0164242550000002,0.016992086387995934,0.000567831387995734,9.682037882922842e-09,0.24689027568998362,0.24689026600794572,2.8893197154243545e-15,5.067694810068372e-06,5.067694807179052e-06,6.773513758694204e-09,0.14154944558135535,0.1415494388078416,3.6684073991464366e-09,0.06368043786657555,0.06368043419816816,1.914842892327337e-15,2.7825864986704793e-06,2.7825864967556364e-06,1.0344967952456408e-15,8.14684647103801e-07,8.146846460693042e-07,0.0,0.0,0.0,0.0,0.0,0.0,0.0,0.0,0.0
0.028,0.06615447999999793,0.06615439845512328,8.15448746582792e-08,0.01615448000000025,0.016722301925917175,0.0005678219259169261,1.2556067118233393e-08,0.2660023788271707,0.2660023662711036,3.554628237319114e-15,5.5477741874057475e-06,5.5477741838511196e-06,6.743930148406675e-09,0.1503091536728331,0.15030914692890296,3.763552528785134e-09,0.0687638438973389,0.06876384013378638,1.9560191001184194e-15,3.200093703262371e-06,3.200093701306352e-06,1.0613726334216203e-15,8.615225496526852e-07,8.615225485913126e-07,0.0,0.0,0.0,0.0,0.0,0.0,0.0,0.0,0.0
0.029,0.06587489499999795,0.06587480219656698,9.280343096773613e-08,0.01587489500000027,0.01644270561880435,0.0005678106188040793,1.1605060235402147e-08,0.2851781224188661,0.28517811081380584,3.2612259583811003e-15,4.985660975124016e-06,4.98566097186279e-06,8.022407331609928e-09,0.16194258599445516,0.16194257797204784,3.978075250862293e-09,0.07295231459649065,0.07295231061841541,2.3596293271545166e-15,2.9162336535585997e-06,2.9162336511989705e-06,1.1206320517775439e-15,8.609886948454015e-07,8.609886937247695e-07,0.0,0.0,0.0,0.0,0.0,0.0,0.0,0.0,0.0
0.030000000000000002,0.06558549999999798,0.06558539571993645,1.0428006153029301e-07,0.015585500000000307,0.016153299097530608,0.0005677990975303006,1.4176945255669387e-08,0.29973275495531465,0.2997327407783694,3.955942766438028e-15,4.890475491632146e-06,4.890475487676203e-06,8.483898693550958e-09,0.17470308348833785,0.17470307500443916,4.577993487192416e-09,0.07852548504047904,0.07852548046248556,2.3748639371197933e-15,2.4960667686203723e-06,2.4960667662455083e-06,1.2975867229874814e-15,8.411280308439305e-07,8.411280295463438e-07,0.0,0.0,0.0,0.0,0.0,0.0,0.0,0.0,0.0
0.031000000000000003,0.06528629499999804,0.06528617841569578,1.1658430225380823e-07,0.015286295000000377,0.015854081726134856,0.0005677867261344796,1.444085368276192e-08,0.3294344763840089,0.32943446194315523,4.428272012416683e-15,5.314156305653075e-06,5.314156301224803e-06,1.0214623390871911e-08,0.1882574296324044,0.188257419417781,4.864145652417478e-09,0.08659514580943095,0.0865951409452853,3.0185600410111945e-15,2.7451454308858546e-06,2.7451454278672947e-06,1.390115378823124e-15,8.471468934039496e-07,8.471468920138341e-07,0.0,0.0,0.0,0.0,0.0,0.0,0.0,0.0,0.0
0.032,0.06497727999999811,0.06497715063623256,1.2936376554695261e-07,0.014977280000000436,0.015545053840286156,0.0005677738402857201,1.699109033115863e-08,0.3337170573608136,0.3337170403697233,5.079449194019009e-15,3.994919886313205e-06,3.994919881233756e-06,1.0293484104828672e-08,0.20616735847184287,0.20616734817835877,5.086154040996102e-09,0.09685085451912707,0.09685084943297304,3.038499293322302e-15,2.4399922564056515e-06,2.439992253367152e-06,1.4240442151186628e-15,8.27939268354774e-07,8.279392669307298e-07,0.0,0.0,0.0,0.0,0.0,0.0,0.0,0.0,0.0
0.033,0.06465845499999817,0.06465833563129662,1.193687015482725e-07,0.01465845500000048,0.015226238661228353,0.0005677836612278733,1.9335680580557066e-08,0.35510057453369503,0.3551005551980145,5.110978391617147e-15,4.640785390799108e-06,4.64078538568813e-06,1.0844728678300784e-08,0.21970036239544485,0.21970035155071618,5.336648740493641e-09,0.10483733623782568,0.10483733090117694,3.077152749571365e-15,2.5861752923993854e-06,2.5861752893222325e-06,1.5084586207721271e-15,8.315193570929286e-07,8.3151935558447e-07,0.0,0.0,0.0,0.0,0.0,0.0,0.0,0.0,0.0
0.034,0.06432981999999823,0.06432966054962225,1.5945037598608103e-07,0.01432982000000057,0.01489756380345665,0.0005677438034560785,1.5097210364581285e-08,0.36815154288117363,0.36815152778396326,4.326397604988597e-15,7.49178861462946e-06,7.4917886103030624e-06,1.1852147286640368e-08,0.2277838759379681,0.2277838640858208,6.4746235984800755e-09,0.10738698560474773,0.10738697913012413,3.248475727083087e-15,3.0324458059515297e-06,3.032445802703054e-06,1.8089240209022907e-15,8.403528215538126e-07,8.403528197448886e-07,0.0,0.0,0.0,0.0,0.0,0.0,0.0,0.0,0.0
0.035,0.06399137499999832,0.06399122529896653,1.4970103179301475e-07,0.013991375000000658,0.014559128527104755,0.0005677535271040972,1.638269417288232e-08,0.3849831119890713,0.38498309560637717,4.776226678511297e-15,4.724459150569088e-06,4.7244591457928616e-06,1.2372125545147672e-08,0.23883368897122953,0.23883367659910398,6.881526305610771e-09,0.1114724615051395,0.11147245462361319,3.397901926532633e-15,2.7048552435439697e-06,2.704855240146068e-06,1.927033727892607e-15,8.477963856870428e-07,8.477963837600091e-07,0.0,0.0,0.0,0.0,0.0,0.0,0.0,0.0,0.0
0.036000000000000004,0.06364311999999839,0.06364292833542036,1.9166457802810566e-07,0.013643120000000727,0.014210831679460653,0.0005677116794599261,1.8793612353278018e-08,0.3834435338019476,0.3834435150083353,4.756672157527261e-15,6.146481848240273e-06,6.1464818434836014e-06,1.2246959434327272e-08,0.24466965206173827,0.24466963981477882,5.998716037290324e-09,0.11357815281199904,0.113578146813283,3.3581411200784356e-15,3.1789325381543297e-06,3.1789325347961883e-06,1.676147091441597e-15,8.538550081999254e-07,8.538550065237783e-07,0.0,0.0,0.0,0.0,0.0,0.0,0.0,0.0,0.0
0.037000000000000005,0.0632850549999985,0.0632848712009765,1.8379902198828457e-07,0.013285055000000831,0.013852774487425014,0.0005677194874241821,2.1042979015319383e-08,0.3908979255239276,0.3908979044809486,6.146360211811113e-15,6.655285897570579e-06,6.655285891424219e-06,1.2555188720065216e-08,0.2528912262389342,0.25289121368374545,6.0726669533231945e-09,0.11693182659491053,0.11693182052224357,3.5515493573616456e-15,2.9514515965016686e-06,2.951451592950119e-06,1.7090300496079319e-15,8.580662906742084e-07,8.580662889651784e-07,0.0,0.0,0.0,0.0,0.0,0.0,0.0,0.0,0.0
0.038000000000000006,0.06291717999999862,0.06291695227167429,2.2772832432294e-07,0.01291718000000092,0.013484855424465394,0.0005676754244644741,1.9887555973848536e-08,0.3845412655675708,0.3845412456800148,5.666980975980566e-15,4.809529390839738e-06,4.809529385172757e-06,1.4206447829004475e-08,0.2636210755046748,0.26362106129822693,7.931052321102936e-09,0.12165968866220248,0.12165968073115016,3.8031551148304345e-15,2.612384796178739e-06,2.612384792375584e-06,2.2164863970159097e-15,8.276978002496271e-07,8.276977980331407e-07,0.0,0.0,0.0,0.0,0.0,0.0,0.0,0.0,0.0
0.039,0.0625394949999987,0.06253927336995861,2.2163004008424192e-07,0.012539495000001042,0.013107176477276945,0.0005676814772759033,2.19860675141339e-08,0.4145180412319468,0.4145180192458793,6.172759892966675e-15,4.624258242369095e-06,4.624258236196335e-06,1.334254241096832e-08,0.27831714733358764,0.27831713399104524,6.616527901816357e-09,0.12676323414612578,0.12676322752959787,3.8051636731333885e-15,2.5553246609242904e-06,2.5553246571191266e-06,1.8656232195262306e-15,8.186536349220269e-07,8.186536330564036e-07,0.0,0.0,0.0,0.0,0.0,0.0,0.0,0.0,0.0
0.04,0.06215199999999883,0.06215173278355114,2.67216447691343e-07,0.012152000000001164,0.012719635955222209,0.000567635955221045,2.172990787290804e-08,0.42996201022171915,0.4299619884918113,6.467912084217193e-15,5.392098381105544e-06,5.392098374637632e-06,1.2766600322362242e-08,0.29214606677824956,0.2921460540116492,6.9312332724883815e-09,0.1320226444301172,0.1320226374988839,3.635992786874598e-15,2.682428450050805e-06,2.6824284464148124e-06,1.9448878195821344e-15,8.413526085654466e-07,8.413526066205588e-07,0.0,0.0,0.0,0.0,0.0,0.0,0.0,0.0,0.0
0.041,0.06175469499999897,0.061754407457609024,2.875423899470486e-07,0.011754695000001297,0.012322310291686732,0.000567615291685435,2.3145542622313552e-08,0.4423391389526755,0.44233911580713287,6.8551142100634444e-15,4.254686126452918e-06,4.254686119597804e-06,1.4105220031431298e-08,0.3159974649584229,0.31599745085320285,7.882814495378678e-09,0.13771999982256097,0.1377199919397465,4.000696233384571e-15,2.9264207564336736e-06,2.9264207524329774e-06,2.198555223626192e-15,8.300538404364256e-07,8.300538382378704e-07,0.0,0.0,0.0,0.0,0.0,0.0,0.0,0.0,0.0
0.042,0.06134757999999911,0.061347270217644995,3.0978235411593946e-07,0.011347580000001438,0.011915173251028133,0.0005675932510266959,2.436207190512109e-08,0.45523960744776104,0.4552395830856891,6.992671139396922e-15,4.3124511094380806e-06,4.312451102445409e-06,1.4811494694421438e-08,0.3328352782170971,0.3328352634056024,8.047422597562676e-09,0.13863302013058068,0.1386330120831581,4.11463684867418e-15,2.512503195280979e-06,2.512503191166342e-06,2.2645022135393937e-15,8.214506967374022e-07,8.214506944728999e-07,0.0,0.0,0.0,0.0,0.0,0.0,0.0,0.0,0.0
0.043000000000000003,0.06093065499999926,0.0609303216019373,3.333980619565913e-07,0.010930655000001595,0.011498224698108742,0.0005675696981071471,3.071254156252437e-08,0.4494214163300585,0.44942138561751693,9.057254982758844e-15,7.6715444599467e-06,7.671544450889444e-06,1.4744304256554936e-08,0.33460693424333543,0.33460691949903115,7.294609261113904e-09,0.14188144690691268,0.14188143961230343,4.1262253442096884e-15,2.5213850136936724e-06,2.521385009567447e-06,2.0333998296328857e-15,8.476178830282938e-07,8.47617880994894e-07,0.0,0.0,0.0,0.0,0.0,0.0,0.0,0.0,0.0
0.044000000000000004,0.06050391999999943,0.060503563707656416,3.5629234301087775e-07,0.010503920000001757,0.011071466830794987,0.0005675468307932297,2.7916060901046474e-08,0.4518558319559154,0.4518558040398545,8.20070229831237e-15,5.074688296393955e-06,5.074688288193253e-06,1.5027881682364672e-08,0.33918606261285494,0.3391860475849733,7.423579297303012e-09,0.14568538191523173,0.14568537449165242,4.0604521396782666e-15,2.8667730502712836e-06,2.8667730462108312e-06,2.0924148809337304e-15,8.425108443818784e-07,8.425108422894635e-07,0.0,0.0,0.0,0.0,0.0,0.0,0.0,0.0,0.0
0.045000000000000005,0.06006737499999958,0.06006699324508336,3.817549162205003e-07,0.010067375000001917,0.01063489622415818,0.0005675212241562626,3.156023458356487e-08,0.4571370347794255,0.45713700321919093,9.204087963166108e-15,7.400955484619907e-06,7.400955475415819e-06,1.841686504831025e-08,0.34363351314958956,0.34363349473272453,9.947023524651736e-09,0.15089258404475886,0.15089257409773532,4.940580025673949e-15,2.6370697856791846e-06,2.6370697807386045e-06,2.767116951112585e-15,8.583262738529342e-07,8.583262710858173e-07,0.0,0.0,0.0,0.0,0.0,0.0,0.0,0.0,0.0
0.046000000000000006,0.059621019999999775,0.05962061339375402,4.0660624575639126e-07,0.009621020000002097,0.010188516667960133,0.0005674966679580368,3.162658193485385e-08,0.48453698296487,0.4845369513382881,9.031211776807284e-15,4.993888452886017e-06,4.993888443854806e-06,1.681306291054487e-08,0.3532592543668708,0.3532592375538079,7.791312587993575e-09,0.15634379352674424,0.15634378573543165,4.676763270720682e-15,2.35064307752961e-06,2.350643072852847e-06,2.193325204971182e-15,8.115137478478681e-07,8.115137456545429e-07,0.0,0.0,0.0,0.0,0.0,0.0,0.0,0.0,0.0
0.04700000000000001,0.05916485499999996,0.05916442167583193,4.333241680337663e-07,0.009164855000002274,0.009732324919138257,0.0005674699191359836,3.068875176051202e-08,0.5008018621257023,0.5008018314369506,9.131491262185688e-15,6.238856380515339e-06,6.238856371383848e-06,1.8062053076954704e-08,0.3508631478817663,0.35086312981971324,8.088057472482442e-09,0.15947429525220538,0.1594742871641479,5.279260631956079e-15,2.873607632831924e-06,2.8736076275526633e-06,2.270801887263593e-15,8.712170597977843e-07,8.712170575269825e-07,0.0,0.0,0.0,0.0,0.0,0.0,0.0,0.0,0.0
0.048,0.05869888000000018,0.058698445210442284,4.347895578987737e-07,0.0086988800000025,0.009266348129774404,0.0005674681297719031,3.303908747418513e-08,0.5241488572439142,0.5241488242048268,9.617632015188494e-15,6.04937623910214e-06,6.049376229484508e-06,1.7674968962508503e-08,0.3643724215250322,0.3643724038500632,9.411281515679148e-09,0.16339984520892975,0.16339983579764825,4.811482982296314e-15,2.770623394938692e-06,2.770623390127209e-06,2.6361462146200995e-15,8.627176398835121e-07,8.627176372473659e-07,0.0,0.0,0.0,0.0,0.0,0.0,0.0,0.0,0.0
0.049,0.058223095000000405,0.05822260649140179,4.885085986144899e-07,0.00822309500000274,0.008790509447060365,0.000567414447057624,4.2507871193577205e-08,0.5290238246682673,0.529023782160396,1.2270823971261154e-14,5.095026698015418e-06,5.095026685744594e-06,1.8836376540026833e-08,0.37479478633693664,0.3747947675005601,9.78051018018566e-09,0.16634030491466958,0.1663402951341594,5.183067240168465e-15,2.6043267763835864e-06,2.604326771200519e-06,2.735717364427369e-15,8.722315338673412e-07,8.722315311316239e-07,0.0,0.0,0.0,0.0,0.0,0.0,0.0,0.0,0.0
0.05,0.057737500000000656,0.057736983273145526,5.167268551306559e-07,0.00773750000000298,0.008304886189143745,0.0005673861891407651,3.1802117096640904e-08,0.5636317150393836,0.5636316832372665,9.026745479705163e-15,5.31860024831163e-06,5.318600239284884e-06,2.0176043415947654e-08,0.3922409605605048,0.3922409403844614,8.379992565606305e-09,0.1695700882218656,0.16957007984187303,5.6583116998339794e-15,2.7809996813144853e-06,2.7809996756561735e-06,2.342318160176182e-15,8.750351675653227e-07,8.750351652230045e-07,0.0,0.0,0.0,0.0,0.0,0.0,0.0,0.0,0.0
0.051000000000000004,0.05724209500000089,0.057241547220258315,5.477797425726405e-07,0.00724209500000322,0.0078094501577190695,0.0005673551577158494,4.3292889112429837e-08,0.5812949438326597,0.5812949005397705,1.2724689457954864e-14,8.069900680015482e-06,8.069900667290793e-06,1.774135901176726e-08,0.3986385840121953,0.3986385662708363,8.557510780854452e-09,0.17441684910366792,0.17441684054615714,4.99843758110386e-15,2.3992748218844465e-06,2.399274816886009e-06,2.419391808844492e-15,8.44176354156771e-07,8.441763517373791e-07,0.0,0.0,0.0,0.0,0.0,0.0,0.0,0.0,0.0
0.052000000000000005,0.056736880000001134,0.05673630227541595,5.777245851851243e-07,0.006736880000003477,0.007304205557550465,0.0005673255575469882,3.9383253729918705e-08,0.572982172831315,0.5729821334480613,1.1708582047901352e-14,4.914281388523707e-06,4.914281376815125e-06,2.1956639721087714e-08,0.4116676630574525,0.4116676411008128,1.0326351352197876e-08,0.18249427418950198,0.18249426386315062,6.172010331861474e-15,2.7801244936220526e-06,2.7801244874500424e-06,2.8813714001225376e-15,8.587905947845325e-07,8.587905919031612e-07,0.0,0.0,0.0,0.0,0.0,0.0,0.0,0.0,0.0
0.053000000000000005,0.0562218550000014,0.05622124503647552,6.099635258827174e-07,0.006221855000003719,0.006789148391434518,0.0005672933914307983,3.317855614976832e-08,0.6257942909393313,0.6257942577607751,9.71449605752529e-15,5.643493099575625e-06,5.6434930898611285e-06,2.2691631031366944e-08,0.4131019601437365,0.4131019374521055,1.1238712449211837e-08,0.1885501687795952,0.18855015754088275,6.4854685279105255e-15,2.813438492027636e-06,2.8134384855421673e-06,3.135765344645317e-15,8.786535099559376e-07,8.786535068201723e-07,0.0,0.0,0.0,0.0,0.0,0.0,0.0,0.0,0.0
0.054000000000000006,0.05569702000000169,0.05569637610406726,6.438959344323703e-07,0.00569702000000399,0.006264279085886036,0.0005672590858820459,4.1433690401033797e-08,0.6155742620333613,0.6155742205996709,1.234708328629989e-14,5.4581823368267795e-06,5.458182324479696e-06,2.255756071379309e-08,0.4297339088618173,0.4297338863042566,9.326633376294046e-09,0.19523130084846188,0.1952312915218285,6.6824119070973225e-15,2.588380547498064e-06,2.5883805408156523e-06,2.674461734719793e-15,8.773081520267197e-07,8.77308149352258e-07,0.0,0.0,0.0,0.0,0.0,0.0,0.0,0.0,0.0
0.05500000000000001,0.055162375000001956,0.055161698766892094,6.762331098628116e-07,0.005162375000004297,0.005729601940935688,0.0005672269409313906,5.00678477470629e-08,0.612060671227492,0.6120606211596442,1.4660848511079182e-14,6.707972807394993e-06,6.707972792734144e-06,2.257261846968305e-08,0.43570135030676926,0.43570132773415077,8.905931747583467e-09,0.20130885824393308,0.20130884933800133,6.520579522344925e-15,2.7890483796923175e-06,2.789048373171738e-06,2.4845100070185308e-15,8.793215052653585e-07,8.793215027808484e-07,0.0,0.0,0.0,0.0,0.0,0.0,0.0,0.0,0.0
0.056,0.05461792000000227,0.05461720818713592,7.118128663510803e-07,0.00461792000000464,0.0051851111979050535,0.0005671911979004138,4.3554229431796926e-08,0.6669360623459636,0.6669360187917341,1.2980851767166987e-14,6.830733768760628e-06,6.830733755779776e-06,2.4947480350621218e-08,0.460136438308637,0.4601364133611566,1.1304093270179841e-08,0.20744913500248705,0.20744912369839377,7.097384515520508e-15,2.7541225814827614e-06,2.754122574385377e-06,3.196990866824575e-15,8.731412407378283e-07,8.731412375408375e-07,0.0,0.0,0.0,0.0,0.0,0.0,0.0,0.0,0.0
0.057,0.054063655000002604,0.05406290875351716,7.462464854460227e-07,0.004063655000004954,0.004630811909277194,0.00056715690927224,3.533649452586362e-08,0.6807653891756051,0.6807653538391106,1.0420104267946983e-14,6.16157909454404e-06,6.161579084123936e-06,2.2287424738720282e-08,0.466008331542302,0.46600830925487724,1.1354686500351868e-08,0.2144441838922663,0.2144441725375798,6.313657616893325e-15,2.817404586088828e-06,2.8174045797751704e-06,3.182199604591342e-15,8.847639011150875e-07,8.847638979328879e-07,0.0,0.0,0.0,0.0,0.0,0.0,0.0,0.0,0.0
0.058,0.05349958000000295,0.053498796640307426,7.833596955206246e-07,0.0034995800000052514,0.004066700181459139,0.0005671201814538875,5.628602716948579e-08,0.7081131938068742,0.708113137520847,1.6784602771711726e-14,5.78683588111423e-06,5.786835864329628e-06,3.0020832725964544e-08,0.4684987513902412,0.4684987213694085,1.0305281025432934e-08,0.22132311578480268,0.22132310547952166,8.886897357734244e-15,2.8254595427578106e-06,2.8254595338709133e-06,2.9528865181484894e-15,8.91860127372435e-07,8.918601244195484e-07,0.0,0.0,0.0,0.0,0.0,0.0,0.0,0.0,0.0
0.059000000000000004,0.052925695000003325,0.05292487508724809,8.199127552385721e-07,0.002925695000005654,0.003492778133257118,0.000567083133251464,4.6855575964887636e-08,0.7220220953182036,0.7220220484626276,1.3242624130652266e-14,5.159032423774883e-06,5.159032410532259e-06,2.7423375024185614e-08,0.4773662953657697,0.4773662679423947,1.1297180559126322e-08,0.22857966598268084,0.2285796546855003,7.904699872746415e-15,2.7571088124002375e-06,2.7571088044955376e-06,3.1765695593350032e-15,8.88291745321473e-07,8.882917421449034e-07,0.0,0.0,0.0,0.0,0.0,0.0,0.0,0.0,0.0
0.060000000000000005,0.05234200000000372,0.052341140343596805,8.596564069138224e-07,0.002342000000006079,0.0029090434101278887,0.0005670434101218099,5.5810406273595e-08,0.7306307590184273,0.730630703208021,1.6000531795670826e-14,6.0650917592175765e-06,6.0650917432170445e-06,3.114011982871817e-08,0.48329292595408063,0.4832928948139608,1.3040053870899679e-08,0.23369916876831764,0.23369915572826377,9.027999404148311e-15,2.861418830128488e-06,2.8614188211004884e-06,3.658381260599451e-15,8.956305869344149e-07,8.956305832760337e-07,0.0,0.0,0.0,0.0,0.0,0.0,0.0,0.0,0.0
0.061000000000000006,0.05174849500000414,0.051747597831434324,8.971685698175302e-07,0.001748495000006487,0.0023155002912318753,0.0005670052912253882,6.564606984812744e-08,0.7383124756451009,0.7383124099990311,1.9621215340798098e-14,6.660346881273851e-06,6.660346861652636e-06,3.3181989837454525e-08,0.4994210385711574,0.49942100538916756,1.1728236258112975e-08,0.23857004918984936,0.2385700374616131,9.584743267480137e-15,2.9508134768260976e-06,2.9508134672413544e-06,3.300760900758991e-15,8.998977336859022e-07,8.998977303851413e-07,0.0,0.0,0.0,0.0,0.0,0.0,0.0,0.0,0.0
0.062000000000000006,0.051145180000004585,0.051144242390706626,9.376092979587747e-07,0.0011451800000068964,0.0017121447429702637,0.0005669647429633674,6.329948237747666e-08,0.759828797898387,0.7598287345989047,1.8750477608716116e-14,6.8279266127042095e-06,6.827926593953732e-06,3.5469877456297036e-08,0.5032315254631639,0.5032314899932864,1.174899001931586e-08,0.243105530929181,0.24310551918019097,1.036462591733602e-14,3.036611543909668e-06,3.036611533545042e-06,3.3574852577720072e-15,9.014828226140392e-07,9.014828192565539e-07,0.0,0.0,0.0,0.0,0.0,0.0,0.0,0.0,0.0
0.063,0.050532055000005065,0.05053110247254505,9.525274600116762e-07,0.0005320550000074108,0.0010990047211981054,0.0005669497211906946,6.950851138723378e-08,0.7636197077493296,0.7636196382408182,1.9772390570907557e-14,5.892630369318902e-06,5.892630349546511e-06,3.974770213075007e-08,0.5159504214265489,0.5159503816788468,1.6010189691118355e-08,0.24748229926224796,0.24748228325205826,1.1560450370007083e-14,3.0751145303763808e-06,3.0751145188159303e-06,4.506195618673171e-15,9.290156874717806e-07,9.29015682965585e-07,0.0,0.0,0.0,0.0,0.0,0.0,0.0,0.0,0.0
0.064,0.04990944207377161,0.04990842668869145,1.0153850801622455e-06,-1.944248257677167e-05,0.0005248039250043712,0.0005442464075811428,18633.845899003234,19027.33074490224,393.48484589900545,0.005521786003150314,0.007843632740236103,0.002321846737085789,290.1348848960136,306.2666886831573,16.131803787143724,330.32062965798303,337.7003388105369,7.379709152553858,8.514041123648917e-05,0.00012417906258486462,3.903865134837545e-05,9.793625148650541e-05,0.0001395079148958495,4.1571663409344073e-05,17.00223290076914,0.0,17.00223290076914,0.00016528280846970903,0.0,0.00016528280846970903,0.0001748977563295549,0.0,0.0001748977563295549
0.065,0.04930177390385821,0.04930075996040912,1.0139434490907817e-06,-7.085909384407785e-05,0.0003350424880052835,0.00040590158184936135,131084.09098078022,131467.89196639459,383.8009856143617,0.03780403563127425,0.052289769644757594,0.014485734013483346,31262.940991192707,31192.93231797926,70.00867321344776,8101.147694154942,8110.0910020378,8.94330788285788,0.008042794947615785,0.010189038483968463,0.0021462435363526784,0.002178257555728308,0.00285364239466486,0.000675384838936552,61.965482644372955,0.0,61.965482644372955,0.0021954089748956003,0.0,0.0021954089748956003,0.0001748977563295549,0.0,0.0001748977563295549
0.066,0.04877821251267633,0.048777334913154106,8.77599522226824e-07,-9.878956665215072e-05,0.00017831159964430245,0.00027710116629645315,234641.56317240727,235847.70129468056,1206.138122273289,0.06776741536322138,0.09432902796107995,0.026561612597858567,54749.261355944356,54826.803902430845,77.5425464864893,16212.72643775893,16284.257819574397,71.53138181546637,0.014214961810389422,0.01821853232195328,0.004003570511563857,0.004112248134234718,0.005153598538218605,0.001041350403983887,86.3903677811509,0.0,86.3903677811509,0.00426723349800991,0.0,0.00426723349800991,0.0001748977563295549,0.0,0.0001748977563295549
0.067,0.04840779883597964,0.04840884792663765,1.049090658011842e-06,-0.0001222855634958192,6.257948221547518e-05,0.00018486504571129438,310556.57101108244,313567.2604914922,3010.689480409783,0.08981956383114044,0.12604098567496083,0.03622142184382039,71984.2631081615,72058.20931598972,73.94620782822312,19012.06472675753,19199.104699782558,187.0399730250283,0.018893410853124706,0.024452535471884813,0.005559124618760108,0.005119282103567151,0.00682503338981739,0.001705751286250239,106.93735343457051,0.0,106.93735343457051,0.006538447261749016,0.0,0.006538447261749016,0.0001748977563295549,0.0,0.0001748977563295549
0.068,0.048241558853844305,0.04824774163848996,6.1827846456544155e-06,-0.0001392426169955184,1.0740071854900694e-05,0.0001499826888504191,340647.81374061597,343340.0419545078,2692.2282138918526,0.09840072055478942,0.13789801915302075,0.039497298598231326,80227.07702378712,80163.326879018,63.75014476911747,21611.174869776798,21770.129443155034,158.9545733782361,0.02095373907218953,0.026987506328252548,0.006033767256063017,0.005596010885180659,0.007195185006007286,0.0015991741208266266,121.76610648985859,0.0,121.76610648985859,0.008477515664501443,0.0,0.008477515664501443,0.0001748977563295549,0.0,0.0001748977563295549
0.069,0.04830113870569718,0.048314613644944784,1.3474939247602735e-05,-0.00014787753422755567,2.5382546623177497e-05,0.00017326008085073318,322954.9619244798,323125.8843343857,170.92240990587743,0.09313858695958294,0.12937047751165398,0.036231890552071044,78626.23066441422,78216.17164058068,410.0590238335426,21756.366777429546,21763.036590342832,6.669812913285568,0.020414424853084225,0.026052918661842114,0.005638493808757888,0.005637928757406925,0.007227117572010193,0.0015891888146032677,129.31724473973225,0.0,129.31724473973225,0.009561557642606473,0.0,0.009561557642606473,0.0001748977563295549,0.0,0.0001748977563295549
0.07,0.04857762726486746,0.04859934287870245,2.1715613834988323e-05,-0.00014637685421185417,9.31775615831146e-05,0.00023955441579496877,270684.8784140162,268256.555703833,2428.3227101832163,0.07827242630409667,0.10763400929759123,0.02936158299349456,64024.795726635515,63168.88414097487,855.911585660644,15816.578405487884,15670.491501929919,146.08690355796534,0.016960062628514752,0.02176848293284958,0.004808420304334829,0.004230429286132652,0.005489194929647619,0.0012587656435149664,128.00491690115825,0.0,128.00491690115825,0.009368478529820675,0.0,0.009368478529820675,0.0001748977563295549,0.0,0.0001748977563295549
0.07100000000000001,0.04903643835026856,0.049066480907748025,3.0042557479466325e-05,-0.00011474367060436072,0.0002521341580195178,0.00036687782862387854,171348.54246192847,165717.95819912647,5630.584262802004,0.049191874596955544,0.0655213492129729,0.016329474616017352,46327.54168100803,44886.80975697165,1440.7319240363795,13214.119585845718,12866.915722399232,347.20386344648614,0.011979370283867195,0.014796677539160662,0.0028173072552934667,0.0033981613321190794,0.00418767499622898,0.0007895136641099007,100.34205270860096,0.0,100.34205270860096,0.005756807721880555,0.0,0.005756807721880555,0.0001748977563295549,0.0,0.0001748977563295549
0.07200000000000001,0.04961327619275278,0.04964790433464929,3.4628141896510256e-05,-6.703362015115025e-05,0.0004291514616724802,0.0004961850818236305,67626.28478038972,61007.55885491011,6618.725925479608,0.019477850917976852,0.024154512269560918,0.004676661351584066,16666.6412127577,15015.036175500478,1651.6050372572208,4216.760691328704,3793.2773280095244,423.48336331917926,0.004371755364370512,0.005067594961104522,0.0006958395967340105,0.0010907123631352415,0.0012497502902117786,0.00015903792707653718,58.620148815419086,0.0,58.620148815419086,0.0019647603944483514,0.0,0.0019647603944483514,0.0001748977563295549,0.0,0.0001748977563295549
0.07300000000000001,0.05023377718649458,0.05026912299146581,3.534580497123463e-05,0.00010177613035344119,0.0007459299026970881,0.0006441537723436469,22347.636263078522,18102.037668783305,4245.5985942952175,0.006089249744712703,0.006463253708437044,0.00037400396372434114,12146.790269716299,10461.554531102316,1685.235738613983,3514.397893380412,3477.502096533219,36.89579684719274,0.003194956658784514,0.0034895203524205956,0.0002945636936360816,0.0008531499557116232,0.0009656140611366143,0.00011246410542499106,0.0,0.0,0.0,0.0,0.0,0.0,0.0,0.0,0.0
0.07400000000000001,0.05084763531154473,0.05088347221433428,3.5836902789548875e-05,0.0008757334584686485,0.001474820311638348,0.0005990868531696996,7806.986618759417,6323.2272035183105,1483.7594152411066,0.0017596124076062582,0.0015836902737071902,0.00017592213389906806,7542.556060522595,6147.452685461742,1395.103375060853,2755.1497754666343,2584.040543073464,171.10923239317026,0.0017464400809838012,0.0015610381578690137,0.0001854019231147875,0.000727855408933738,0.0007922711423653171,6.44157334315791e-05,0.0,0.0,0.0,0.0,0.0,0.0,0.0,0.0,0.0
0.07500000000000001,0.05145168343659492,0.05148798076417257,3.629732757765014e-05,0.0014982252190243982,0.0020785753378683093,0.0005803501188439112,13582.610256810765,10465.308769129302,3117.301487681463,0.004025433234504461,0.004353731244448367,0.00032829800994390625,3954.9255804877766,2770.502565441623,1184.4230150461535,2889.3391414566427,2259.754404694884,629.5847367617584,0.0010777461658328027,0.0009785068624484899,9.923930338431278e-05,0.0007494021420304621,0.0007293478409664061,2.005430106405599e-05,0.0,0.0,0.0,0.0,0.0,0.0,0.0,0.0,0.0
0.07600000000000001,0.052045921561645135,0.05208269950287737,3.677794123223277e-05,0.0020464799419971265,0.002641968371332138,0.0005954884293350115,7641.631938860789,7054.035473902859,587.59646495793,0.0018340659953697748,0.002302079164810709,0.00046801316944093435,7537.764752540675,7005.988794499597,531.7759580410775,3715.9959036444893,3344.287007872219,371.70889577227035,0.0016999434488394597,0.0017650468145913826,6.510336575192284e-05,0.0009159348028619298,0.0009581331763774772,4.2198373515547395e-05,0.0,0.0,0.0,0.0,0.0,0.0,0.0,0.0,0.0
0.07700000000000001,0.05263034968669535,0.05266760908724117,3.725940054581656e-05,0.0026426231567676997,0.003258270399343273,0.0006156472425755733,12691.12010153198,10473.136514101483,2217.983587430497,0.0032026538262444524,0.0032101062580435448,7.4524317990923815e-06,12552.231519680348,10346.409686398896,2205.821833281452,3718.784167613978,3396.524091724404,322.2600758895737,0.0031853430323551396,0.0031954822750941297,1.0139242738990088e-05,0.0009316273361524845,0.0009823350435475586,5.070770739507404e-05,0.0,0.0,0.0,0.0,0.0,0.0,0.0,0.0,0.0
0.078,0.053204967811745614,0.05324273189967485,3.776408792923597e-05,0.003186796058015324,0.003801058726073491,0.0006142626680581673,7514.891555223303,5802.56718215228,1712.3243730710228,0.00218445303855411,0.0023220652387899035,0.00013761220023579372,5387.746553389826,4811.928175450168,575.8183779396577,3082.6404944753335,2631.885570010039,450.7549244652946,0.0013260077540585273,0.00149252020388049,0.00016651244982196262,0.0008245959703519706,0.0008930664208096526,6.847045045768206e-05,0.0,0.0,0.0,0.0,0.0,0.0,0.0,0.0,0.0
0.079,0.053769775936795876,0.05380800134217968,3.8225405383805755e-05,0.003739377190288863,0.004345037184727948,0.0006056599944390846,5951.261609288682,5275.469885024381,675.7917242643007,0.0013131921644044687,0.0013907946914666015,7.760252706213284e-05,5648.057698823915,5230.060587119065,417.9971117048508,3305.0300938398746,2724.4064993724355,580.623594467439,0.0012934243208317993,0.0012779869627017769,1.5437358130022472e-05,0.0008273747941349649,0.0008365116517362749,9.136857601310037e-06,0.0,0.0,0.0,0.0,0.0,0.0,0.0,0.0,0.0
0.08,0.05432477406184615,0.0543634801746078,3.8706112761646705e-05,0.004426107771075813,0.005006844965480729,0.0005807371944049162,16159.943206682876,13554.358161490114,2605.5850451927618,0.004234422429113151,0.004377456212618016,0.00014303378350486503,11094.146085741111,9547.272263546163,1546.873822194948,4138.967116030952,3692.661866237191,446.3052497937606,0.0024884568021476677,0.002309111771362427,0.0001793450307852407,0.0010488860877856227,0.001086761056460467,3.7874968674844354e-05,0.0,0.0,0.0,0.0,0.0,0.0,0.0,0.0,0.0
0.081,0.05486996218689645,0.05490917295894029,3.921077204383644e-05,0.004822503654285423,0.005435174850491829,0.0006126711962064057,9924.058456006953,8267.229194847925,1656.8292611590277,0.0025063102101863287,0.002524341693636082,1.803148344975327e-05,9843.273043786725,8140.319577221749,1702.9534665649762,3186.3579527187667,2929.829653799924,256.52829891884267,0.0024743500748839217,0.0024730540301590546,1.2960447248670619e-06,0.0008061741932282832,0.0008618823197316514,5.5708126503368235e-05,0.0,0.0,0.0,0.0,0.0,0.0,0.0,0.0,0.0
0.082,0.05540534031194678,0.055445008292688044,3.966798074126615e-05,0.005361301239378365,0.005987819186089678,0.0006265179467113127,10166.890301301915,7778.178642667298,2388.7116586346174,0.002866328151384293,0.0029582697208453378,9.194156946104462e-05,5924.176124765512,4873.538829607496,1050.637295158016,3768.4563327992537,3073.7380938203937,694.71823897886,0.0017074877308635875,0.0018905241624259804,0.00018303643156239295,0.0010009267512539966,0.001055581545481556,5.465479422755949e-05,0.0,0.0,0.0,0.0,0.0,0.0,0.0,0.0,0.0
0.083,0.055930908436997114,0.05597106172519815,4.015328820103359e-05,0.005936776208311062,0.006552042919555424,0.0006152667112443617,9806.364651679192,8071.824450507009,1734.5402011721835,0.002412657366711237,0.002314596564756492,9.806080195474487e-05,7566.963063618984,6911.887629196992,655.0754344219922,3849.2967852072547,3310.884694381348,538.412090825907,0.001963820250523497,0.0022139274390031707,0.00025010718847967356,0.0009668562083854247,0.000992866119562983,2.6009911177558333e-05,0.0,0.0,0.0,0.0,0.0,0.0,0.0,0.0,0.0
0.084,0.05644666656204745,0.05648730072084598,4.063415879852761e-05,0.006459079134342656,0.00705307622780406,0.0005939970934614033,9970.761517064979,8974.887031210179,995.8744858547998,0.002361581714436124,0.002427621922789148,6.604020835302392e-05,9609.720004636403,8665.613797631044,944.1062070053595,3580.9792677846344,3394.963721979793,186.01554580484162,0.002263199064739405,0.0023136063459566285,5.0407281217223696e-05,0.0008723655693876775,0.0009041784220769176,3.1812852689240166e-05,0.0,0.0,0.0,0.0,0.0,0.0,0.0,0.0,0.0
0.085,0.05695261468709782,0.05699375408135577,4.113939425794827e-05,0.006991223674530792,0.007580777158410742,0.0005895534838799505,12578.419002701816,9033.969546980248,3544.4494557215676,0.0037113861808426387,0.0036960146007967917,1.5371580045846992e-05,4943.506866427166,3946.4222011001575,997.0846653270082,3233.9869560563952,2802.7974916726444,431.1894643837509,0.0014689569853294636,0.001620538740155952,0.00015158175482648845,0.0008530587928421574,0.0009064978429481465,5.343905010598909e-05,0.0,0.0,0.0,0.0,0.0,0.0,0.0,0.0,0.0
0.08600000000000001,0.057448752812148215,0.057490352631711227,4.159981956301101e-05,0.007526701696836025,0.008111846295413845,0.0005851445985778202,12960.543027431007,10677.065352160591,2283.4776752704165,0.0036154186588427738,0.004015372843637973,0.00039995418479519965,7900.390052046402,6550.293004444765,1350.0970476016373,4059.523376876382,3378.6808585237545,680.8425183526274,0.0020283148887902864,0.0020819283238918845,5.361343510159808e-05,0.0010554102383662797,0.0011235408573002097,6.813061893392995e-05,0.0,0.0,0.0,0.0,0.0,0.0,0.0,0.0,0.0
0.08700000000000001,0.05793508093719861,0.05797716178893616,4.208085173754844e-05,0.007867194379946945,0.008489706356863549,0.0006225119769166041,10615.75368904068,8874.053883530229,1741.6998055104505,0.0024194124400102935,0.0022698502787988836,0.0001495621612114099,10327.064752277978,8672.166966404537,1654.8977858734415,3540.700420054635,3327.2878993800514,213.41252067458345,0.0024018211740985335,0.0022522442152237724,0.00014957695887476107,0.0008683971445742735,0.0009231168390733767,5.471969449910325e-05,0.0,0.0,0.0,0.0,0.0,0.0,0.0,0.0,0.0
0.08800000000000001,0.058411599062249034,0.05845416080607091,4.256174382187561e-05,0.008433673459101523,0.009048626696637006,0.0006149532375354823,9775.623413602276,7789.4162553422875,1986.2071582599883,0.0025160596388522343,0.002391455774337182,0.00012460386451505247,9358.260220518321,7563.78506748294,1794.4751530353815,3308.4051000953023,3112.9941495945013,195.41095050080094,0.002276934294530216,0.0021173681447032434,0.00015956614982697275,0.0008190647863513463,0.0008540360872268119,3.497130087546556e-05,0.0,0.0,0.0,0.0,0.0,0.0,0.0,0.0,0.0
0.08900000000000001,0.058878307187299465,0.058921349754195856,4.304256689639102e-05,0.008890265823532589,0.009498157981080118,0.0006078921575475293,5577.568415140796,4452.024688586098,1125.543726554698,0.001675670785256384,0.0018676024083179657,0.00019193162306158171,5383.470274802713,4301.450844903229,1082.0194298994838,3315.351882101125,2876.845291689876,438.5065904112489,0.0015378398930206273,0.0017014790414648247,0.0001636391484441974,0.00087732316093957,0.0009619208585944094,8.459769765483945e-05,0.0,0.0,0.0,0.0,0.0,0.0,0.0,0.0,0.0
0.09000000000000001,0.059335205312349926,0.059378731803241054,4.352649089112842e-05,0.009303076952668597,0.00991479719054747,0.0006117202378788725,10448.933204805364,8215.242115066994,2233.6910897383696,0.002615923797867189,0.0025109029427940817,0.00010502085507310731,10131.56479197888,7931.607533326252,2199.9572586526283,3908.0168985612268,3214.547133811658,693.4697647495686,0.002556272141265799,0.0023652396748783874,0.0001910324663874116,0.001003941940531249,0.001004642758048181,7.008175169319342e-07,0.0,0.0,0.0,0.0,0.0,0.0,0.0,0.0,0.0
0.09100000000000001,0.05978229343740036,0.05982630104032737,4.400760292701256e-05,0.009789879130640852,0.010401579883478593,0.0006117007528377415,6195.762490220567,5567.61434497325,628.1481452473172,0.0017153635130636126,0.0020942419640135154,0.0003788784509499029,6129.1747021948195,5330.280540642043,798.8941615527765,3908.6243049464238,3620.8444240747067,287.77988087171707,0.0016060858407042835,0.0019650845162032457,0.00035899867549896223,0.0009712398558576399,0.0010198729118383984,4.8633055980758515e-05,0.0,0.0,0.0,0.0,0.0,0.0,0.0,0.0,0.0
0.09200000000000001,0.06021957156245082,0.06026406029162526,4.448872917443836e-05,0.010223956280897289,0.010836141904335957,0.0006121856234386682,7283.229407179931,5065.4502312554605,2217.77917592447,0.001945569011673949,0.0018124436500102674,0.00013312536166368164,7150.525928338673,4887.8810466495315,2262.6448816891416,2595.693626289433,2497.3488405790476,98.34478571038517,0.0018456636740820497,0.0016364516080952574,0.00020921206598679227,0.0006504059086635962,0.0007170548326017555,6.664892393815926e-05,0.0,0.0,0.0,0.0,0.0,0.0,0.0,0.0,0.0
0.09300000000000001,0.060647039687501306,0.06069201318777784,4.497350027653224e-05,0.010607734682490386,0.011237954292856176,0.0006302196103657905,10460.01530045419,7661.143831520381,2798.8714689338085,0.0029178317165612037,0.0028512111003481297,6.662061621307393e-05,6856.53079776708,5193.9995219077455,1662.5312758593345,3838.8609483408873,3098.981460407349,739.8794879335383,0.001879390375300074,0.0019045579182873245,2.5167542987250416e-05,0.00103034230492263,0.0010711253425597716,4.078303763714163e-05,0.0,0.0,0.0,0.0,0.0,0.0,0.0,0.0,0.0
0.09400000000000001,0.06106469781255181,0.06111015230725615,4.545449470434032e-05,0.011118057535847166,0.011723100669562694,0.0006050431337155278,8421.11177868755,7253.49088329519,1167.6208953923597,0.002156552347548152,0.002256632543004996,0.00010008019545684407,8399.282507691973,7176.651868619374,1222.6306390725986,3462.5075200735364,3167.4358819233403,295.0716381501961,0.002117287019133076,0.002184884804818002,6.759778568492594e-05,0.0008466891893919947,0.0008587339903181068,1.2044800926112116e-05,0.0,0.0,0.0,0.0,0.0,0.0,0.0,0.0,0.0
0.095,0.06147254593760232,0.061518482130077726,4.5936192475407034e-05,0.011482222193407264,0.012077683191503034,0.00059546099809577,10566.645349138382,7295.869833157685,3270.7755159806966,0.0031575439731585143,0.0030845743933233037,7.296957983521065e-05,5949.998732784053,5310.116909867783,639.8818229162698,3580.279510044172,3386.9342354625423,193.34527458162984,0.0016146770824485266,0.0015201433100253282,9.453377242319848e-05,0.0008933587737726048,0.0009659058541780119,7.254708040540711e-05,0.0,0.0,0.0,0.0,0.0,0.0,0.0,0.0,0.0
0.096,0.06187058406265283,0.061917025760888415,4.6441698235588635e-05,0.011875189702114514,0.012476969331619538,0.0006017796295050247,9853.799079136936,7825.936819643173,2027.8622594937624,0.00294973557434385,0.0029949079267000103,4.5172352356160315e-05,9600.314519351628,7759.715203172641,1840.5993161789875,2630.137213607097,2322.0486848560768,308.08852875102,0.0026973546550382445,0.002954633528098779,0.00025727887306053457,0.0007053347304509009,0.0007848053114234445,7.947058097254362e-05,0.0,0.0,0.0,0.0,0.0,0.0,0.0,0.0,0.0
0.097,0.06225881218770335,0.06230571362397897,4.6901436275621766e-05,0.012300994997044574,0.012908027152142936,0.0006070321550983616,5498.617683920287,4172.72348284344,1325.894201076847,0.001500970802656789,0.0015741707147503706,7.319991209358157e-05,5266.644612658895,3942.3224139326803,1324.322198726215,3264.1065523578386,2743.900070306159,520.2064820516798,0.0013605227792998576,0.0013175517273081659,4.2971051991691706e-05,0.0008419744938464813,0.0008382964353962281,3.678058450253224e-06,0.0,0.0,0.0,0.0,0.0,0.0,0.0,0.0,0.0
0.098,0.06263723031275387,0.06268461318313209,4.7382870378226416e-05,0.012578997135357223,0.013217762927644114,0.0006387657922868901,13098.754024396421,9270.934559807472,3827.819464588949,0.0037997280513381855,0.0036750642505260864,0.00012466380081209904,5367.824048778674,4896.458112475987,471.36593630268726,3669.549711311844,3504.4917788382586,165.05793247358542,0.001395658671215309,0.001534339692765698,0.00013868102155038895,0.0009067359814915641,0.0009750676767407136,6.833169524914952e-05,0.0,0.0,0.0,0.0,0.0,0.0,0.0,0.0,0.0
0.099,0.06300583843780441,0.06305370272629117,4.7864288486756945e-05,0.012950302805932403,0.013596039971622289,0.0006457371656898858,14661.295270164896,11660.666724024166,3000.6285461407297,0.004363785753043094,0.004907162851077456,0.0005433770980343621,5074.097443085186,4607.675302850395,466.4221402347903,3187.748087290611,2975.777911372181,211.97017591842996,0.001328588945651667,0.0014869292624838308,0.0001583403168321639,0.0008287059664743127,0.0009162320956816084,8.752612920729568e-05,0.0,0.0,0.0,0.0,0.0,0.0,0.0,0.0,0.0
0.1,0.06336463656285496,0.06341298216284665,4.834559999168653e-05,0.01337930618242359,0.01398575314884284,0.0006064469664192485,9636.53216349835,7844.111540457682,1792.420623040668,0.0025733752435419316,0.0027278437534290836,0.00015446850988715208,9079.076048612696,7559.299684563513,1519.776364049183,2588.3433130426606,2010.5258004333593,577.8175126093013,0.002458930769347157,0.0026299295301277113,0.00017099876078055434,0.000695131176210775,0.0006934328055889145,1.6983706218605225e-06,0.0,0.0,0.0,0.0,0.0,0.0,0.0,0.0,0.0
0.101,0.06371362468790552,0.06376245438978902,4.8829701883496e-05,0.01374523030924751,0.01433687072898906,0.0005916404197415497,13291.55708709463,9581.721286429329,3709.8358006653016,0.003952057382185328,0.004035015258940363,8.295787675503558e-05,5649.278001733808,4834.964141636475,814.3138600973334,3686.4221400000474,3342.095120457902,344.32701954214554,0.0012918079276239799,0.0013415915835092009,4.978365588522099e-05,0.0008980176566222957,0.0009207663986180978,2.27487419958021e-05,0.0,0.0,0.0,0.0,0.0,0.0,0.0,0.0,0.0
0.10200000000000001,0.06405280281295608,0.06410211385705925,4.9311044103161894e-05,0.014090961990886969,0.014696518034748017,0.0006055560438610486,7472.503096114327,6170.15269362869,1302.3504024856366,0.002182213711802263,0.002389618524039323,0.00020740481223705974,6356.78590403668,5699.592632188323,657.1932718483577,3817.9097330723966,3567.189843848266,250.71988922413084,0.0017709487851535041,0.0020530241072717363,0.00028207532211823217,0.0009690433854853155,0.001068880731334792,9.983734584947642e-05,0.0,0.0,0.0,0.0,0.0,0.0,0.0,0.0,0.0
0.10300000000000001,0.06438217093800663,0.06443196328325691,4.9792345250279646e-05,0.014397560478005913,0.015015946717119932,0.0006183862391140188,7845.734026820731,6084.850679877201,1760.8833469435294,0.0019715979452007734,0.0019202316294646602,5.136631573611321e-05,7718.815909716448,5989.6462258498905,1729.1696838665575,3064.1103097698956,2569.125133047324,494.9851767225714,0.0019586271057024365,0.0019123593760329424,4.6267729669494106e-05,0.0007929631145122158,0.000801494552328822,8.531437816606201e-06,0.0,0.0,0.0,0.0,0.0,0.0,0.0,0.0,0.0
0.10400000000000001,0.06470172906305723,0.06475200540233378,5.027633927655317e-05,0.014619560892891716,0.015264748979998004,0.0006451880871062889,13333.432760400916,10708.500035502519,2624.9327248983973,0.003682050818276164,0.003926609353811862,0.000244558535535698,7314.18839549575,5823.578906420799,1490.609489074951,3409.7702803946445,2893.171989385879,516.5982910087655,0.0016655224381463417,0.0014378657096472745,0.00022765672849906719,0.0008695263356047398,0.0008854413575888751,1.591502198413535e-05,0.0,0.0,0.0,0.0,0.0,0.0,0.0,0.0,0.0
0.10500000000000001,0.06501147718810782,0.06506223504464076,5.075785653294029e-05,0.015023932847393996,0.0156424773839391,0.0006185445365451056,6113.213013847423,5535.947060010122,577.2659538373009,0.001468550711339294,0.0015961495048824026,0.00012759879354310865,5847.337123606331,5268.69000994758,578.6471136587516,4131.769906948805,3837.714708164417,294.05519878438827,0.0014615764654517045,0.001554704522365961,9.312805691425656e-05,0.0010349727720109416,0.0011271887021457232,9.221593013478157e-05,0.0,0.0,0.0,0.0,0.0,0.0,0.0,0.0,0.0
0.10600000000000001,0.06531141531315841,0.06536265458405457,5.1239270896161204e-05,0.01532713619178563,0.015927974759950808,0.0006008385681651775,8999.693911623643,6522.723844636421,2476.970066987222,0.00266019386310959,0.0027021820078401357,4.198814473054587e-05,7845.52287579315,6475.694586345656,1369.8282894474942,4121.6352529753485,3525.048984145444,596.5862688299044,0.0022747459026166645,0.002524664578841293,0.0002499186762246284,0.0010713295497417358,0.0011338044011247465,6.247485138301061e-05,0.0,0.0,0.0,0.0,0.0,0.0,0.0,0.0,0.0
0.10700000000000001,0.06560154343820901,0.06565326415116109,5.1720712952077474e-05,0.01560599765620167,0.016226231291032494,0.0006202336348308246,6214.243189014668,5187.874937508348,1026.3682515063201,0.0015043615397846352,0.0014941877769001587,1.017376288447655e-05,5919.157961199719,4776.5421984114855,1142.615762788233,2384.4977771098343,1921.0082976444942,463.4894794653401,0.001431758060622087,0.0014595710922544187,2.781303163233175e-05,0.0006222414725190883,0.0006197626257770305,2.4788467420577484e-06,0.0,0.0,0.0,0.0,0.0,0.0,0.0,0.0,0.0
0.10800000000000001,0.06588186156325962,0.06593406588660887,5.220432334925029e-05,0.015843877223682204,0.016484868861489574,0.0006409916378073699,11071.939467744152,8062.747397427032,3009.19207031712,0.0031901504127228894,0.0032390359078793263,4.8885495156436934e-05,7800.325071240837,6029.70535863141,1770.6197126094276,4144.49477507166,3664.143155394978,480.3516196766823,0.002205316511122944,0.0022975858191950768,9.226930807213277e-05,0.0010089470902514223,0.0010157904614181978,6.8433711667755664e-06,0.0,0.0,0.0,0.0,0.0,0.0,0.0,0.0,0.0
0.10900000000000001,0.0661523696883102,0.06620505552635203,5.268583804182714e-05,0.01613493248105696,0.01676261563036614,0.00062768314930918,10172.715940189984,7642.40400775492,2530.3119324350646,0.003028779538727055,0.0032197395778250596,0.00019096003909800478,8930.570347861501,6695.895643264069,2234.6747045974325,4671.589471795952,4222.0118420728895,449.5776297230623,0.002687450617613897,0.002788479881270639,0.00010102926365674171,0.0011893269544123936,0.0012910313121265885,0.00010170435771419484,0.0,0.0,0.0,0.0,0.0,0.0,0.0,0.0,0.0
0.11000000000000001,0.06641306781336083,0.06646623504449761,5.316723113678312e-05,0.01640262653498508,0.017027688386526244,0.0006250618515411636,6392.8370447533525,5094.219445839211,1298.6175989141411,0.0018251452217842186,0.0019440544951793068,0.0001189092733950882,5531.886772083526,4406.811324030587,1125.0754480529395,3135.7659153725513,2617.4567485612106,518.3091668113407,0.0016760652900891762,0.0018668741199510952,0.00019080882986191898,0.0008287831211187361,0.0008660820977931684,3.7298976674432363e-05,0.0,0.0,0.0,0.0,0.0,0.0,0.0,0.0,0.0
0.11100000000000002,0.06666395593841143,0.06671760474146297,5.364880305154529e-05,0.016733261821504457,0.017331220723397392,0.0005979589018929345,11159.148370167788,8637.234934611535,2521.913435556253,0.0031039529090533835,0.003117675947260385,1.3723038207001572e-05,7235.021983886479,5375.85111558016,1859.1708683063189,3568.594718859707,3010.3455373105453,558.2491815491617,0.0016587952035895795,0.001555708153855279,0.00010308704973430042,0.0009059213724038726,0.00092155981822935,1.563844582547745e-05,0.0,0.0,0.0,0.0,0.0,0.0,0.0,0.0,0.0
0.112,0.06690503406346206,0.06695916632378614,5.413226032408014e-05,0.0168818166391365,0.017504644877704017,0.0006228282385675153,6708.917099020519,5460.878877757822,1248.0382212626973,0.0018565545214475551,0.0018890711305602611,3.251660911270603e-05,6700.7940857084595,5200.4033195748725,1500.390766133587,4470.132347163185,4029.376169780449,440.75617738273604,0.0018004302594392223,0.0018109391791541504,1.0508919714928133e-05,0.001081433407879577,0.001108323681412687,2.6890273533109908e-05,0.0,0.0,0.0,0.0,0.0,0.0,0.0,0.0,0.0
0.113,0.06713630218851269,0.0671909161132756,5.4613924762914046e-05,0.017104952359707166,0.017751876151693168,0.0006469237919860017,9607.187785557122,6090.014775608662,3517.1730099484603,0.0028685828100221927,0.0025851562951697497,0.00028342651485244305,6677.811950257701,5952.211626442498,725.6003238152034,3864.2120441929355,3379.0400194031135,485.172024789822,0.001945569853506561,0.0019759297481121416,3.0359894605580572e-05,0.0010115073870490983,0.0010671104533688447,5.560306631974634e-05,0.0,0.0,0.0,0.0,0.0,0.0,0.0,0.0,0.0
0.114,0.0673577603135633,0.0674128559124102,5.5095598846893745e-05,0.01730597185241458,0.017948822523476803,0.0006428506710622235,12208.72253058616,9142.001617274367,3066.720913311792,0.003611270463806606,0.0037476365593958234,0.00013636609558921728,3834.762427647199,3664.296775214468,170.46565243273062,3062.3313245838776,2375.571171879268,686.7601527046095,0.0010102173540875521,0.0012159816455928104,0.0002057642915052583,0.0008460100372311868,0.0008751683766143343,2.9158339383147502e-05,0.0,0.0,0.0,0.0,0.0,0.0,0.0,0.0,0.0
0.115,0.06756940843861395,0.06762498738414893,5.5578945534984214e-05,0.017582418267662235,0.01820106961528096,0.0006186513476187233,7934.129851522531,6365.138671865901,1568.9911796566294,0.002013619743319317,0.0020350852216160205,2.1465478296703484e-05,7520.216740939087,6044.046081516889,1476.1706594221978,4109.792987569638,3634.5113986345477,475.28158893509044,0.0018779106915146257,0.0019241510011944942,4.6240309679868464e-05,0.0010172779753150226,0.0010706407347190845,5.336275940406193e-05,0.0,0.0,0.0,0.0,0.0,0.0,0.0,0.0,0.0
0.116,0.06777124656366458,0.06782730716907298,5.606060540840063e-05,0.0177914895142648,0.018409187799730085,0.0006176982854652832,7450.5256247757825,5533.642402563132,1916.8832222126503,0.0022074047904912975,0.0022426114210352937,3.520663054399622e-05,6104.685215599356,4817.024467214613,1287.6607483847429,3845.5478332666685,3546.7184903741518,298.8293428925167,0.0017286419429937997,0.0015744176266465001,0.0001542243163472996,0.000929912028175559,0.0009582653491184426,2.8353320942883656e-05,0.0,0.0,0.0,0.0,0.0,0.0,0.0,0.0,0.0
0.117,0.0679632746887152,0.06801981710505593,5.6542416340732427e-05,0.017986531755804662,0.018593955827894863,0.0006074240720902006,7016.4726966297,5241.484395723719,1774.9883009059813,0.002045976578884504,0.002151555120716833,0.00010557854183232927,4329.096486724021,3807.970596307676,521.1258904163451,3125.855847681341,2635.677184508133,490.17866317320795,0.0012573101704177099,0.0014417997934192445,0.0001844896230015346,0.0008229468821335141,0.000840237781909091,1.7290899775576954e-05,0.0,0.0,0.0,0.0,0.0,0.0,0.0,0.0,0.0
0.11800000000000001,0.06814549281376585,0.06820251700649048,5.702419272463066e-05,0.018124494487645092,0.01875816556241384,0.0006336710747687491,7903.20454217469,6775.171168979471,1128.0333731952187,0.0022248922770044368,0.0026041844494784625,0.00037929217247402577,7838.034029233182,6700.741612553686,1137.2924166794965,3210.6053493230356,2700.3237634200254,510.2815859030102,0.002160114856017871,0.0024914590730891004,0.0003313442170712294,0.0008411386237280433,0.0008865739332617723,4.543530953372897e-05,0.0,0.0,0.0,0.0,0.0,0.0,0.0,0.0,0.0
0.11900000000000001,0.06831790093881647,0.06837540832965737,5.750739084089962e-05,0.01832535653892191,0.018963143243018194,0.0006377867040962826,9564.015151073683,7439.4474841730735,2124.5676669006098,0.002792342367280002,0.0028404965374343146,4.815417015431242e-05,9302.997874339417,7195.194008617494,2107.803865721923,4431.601710670284,3899.4791978996564,532.1225127706275,0.002430810611079661,0.002337032355320954,9.377825575870727e-05,0.0010944294107777307,0.0011300378660971376,3.560845531940687e-05,0.0,0.0,0.0,0.0,0.0,0.0,0.0,0.0,0.0
0.12000000000000001,0.06848049906386715,0.06853848831046346,5.798924659630722e-05,0.018469163820993464,0.019094940461766203,0.0006257766407727385,4889.038357961849,4454.371297283346,434.6670606785028,0.0015026992174890887,0.0018041222816339141,0.0003014230641448254,4724.680993758098,4289.072562078841,435.6084316792576,2934.780722998881,2877.4692030761444,57.31151992273681,0.0014131268589579174,0.0016843676721109307,0.0002712408131530133,0.0007307359145449408,0.000792895419001871,6.215950445693022e-05,0.0,0.0,0.0,0.0,0.0,0.0,0.0,0.0,0.0
0.12100000000000001,0.06863328718891777,0.06869175833500275,5.847114608498183e-05,0.018654751166812058,0.019271222588784668,0.00061647142197261,8749.412321524087,6412.837654924815,2336.574666599272,0.0025507760235089507,0.002504312920587966,4.646310292098473e-05,3966.1643017459282,2587.463146951541,1378.701154794387,2557.091444889554,2061.499677151407,495.59176773814715,0.0012555330064105059,0.0010472930724543085,0.00020823993395619736,0.0007039679601833658,0.0007175400917989287,1.3572131615562956e-05,0.0,0.0,0.0,0.0,0.0,0.0,0.0,0.0,0.0
0.12200000000000001,0.06877626531396842,0.06883521939964715,5.895408567872795e-05,0.01879258604952809,0.019404874129828907,0.0006122880803008171,11394.998062268438,8996.882819212833,2398.115243055605,0.0033185719449008123,0.0036154950675262422,0.00029692312262542993,10770.861343897714,8633.28922949115,2137.572114406563,4103.030040416503,3512.2771330356,590.7529073809028,0.0029735892774683933,0.0032651307437326846,0.00029154146626429126,0.0010220473908781828,0.0010377770857387197,1.5729694860536865e-05,0.0,0.0,0.0,0.0,0.0,0.0,0.0,0.0,0.0
0.12300000000000001,0.06890943343901908,0.0689688694958987,5.943605687962206e-05,0.018918154916231385,0.019529685971956947,0.0006115310557255615,6447.229731942858,5522.079897453527,925.1498344893307,0.001822974079719955,0.002063212861499074,0.0002402387817791189,6055.1121428618035,4986.79809265111,1068.3140502106935,3507.2060742678136,3299.3883405400684,207.81773372774524,0.0017315407561850594,0.0019101607705498901,0.00017862001436483072,0.0008525015085676028,0.0008684788366049626,1.597732803735978e-05,0.0,0.0,0.0,0.0,0.0,0.0,0.0,0.0,0.0
0.12400000000000001,0.06903279156406973,0.06909270957714651,5.9918013076781795e-05,0.01905408272459709,0.019687210367829184,0.0006331276432320933,11229.288589520094,9186.116021789354,2043.1725677307404,0.0030341357353868307,0.0031898023785203863,0.00015566664313355558,11036.50537924049,9145.040574363968,1891.464804876523,2663.437986824426,2400.8318332848003,262.60615353962567,0.0028758841408278012,0.0029760720040601825,0.00010018786323238126,0.0007249943653035662,0.000784305698873163,5.931133356959679e-05,0.0,0.0,0.0,0.0,0.0,0.0,0.0,0.0,0.0
0.125,0.06914633968912039,0.06920676402786251,6.042433874212105e-05,0.01913199316264842,0.01976800053,0.0006360073673515806,7110.274603814834,6055.779056,1054.495547814834,0.002109086789639059,0.002532051205,0.000422964415360941,5699.61145245575,4413.58673945,1286.0247130057496,3027.0211115875227,2538.702321520722,488.31879006680083,0.0016015254314766096,0.0017127246393,0.00011119920782339042,0.000788115058837415,0.0008284105531809794,4.0295494343564435e-05,0.0,0.0,0.0,0.0,0.0,0.0,0.0,0.0,0.0
0.126,0.06925007781417102,0.06931098418214156,6.0906367970542385e-05,0.019251278784315467,0.019869337624634508,0.0006180588403190412,6332.177487655577,5704.234802424791,627.9426852307861,0.0016885139507989751,0.0020165367817198384,0.00032802283092086323,6064.502246223778,5465.794650739722,598.7075954840557,4186.878632780486,3610.1761960738986,576.7024367065878,0.0016853988306521548,0.0017927052245647116,0.00010730639391255681,0.0010438858677653644,0.001035832799192241,8.053068573123361e-06,0.0,0.0,0.0,0.0,0.0,0.0,0.0,0.0,0.0
0.127,0.06934400593922167,0.06940539439021523,6.13884509935575e-05,0.019388002152028766,0.020001508537629057,0.0006135063856002911,10138.509070020285,7301.71142822617,2836.7976417941154,0.0029123433988076934,0.0028007198836043704,0.00011162351520332308,6347.275817553384,6123.641894322154,223.63392323122935,3273.4692188842764,3028.356341759165,245.11287712511148,0.0015570469184580354,0.0016887024938866265,0.00013165557542859111,0.0008137926007581931,0.0008324414460938155,1.8648845335622372e-05,0.0,0.0,0.0,0.0,0.0,0.0,0.0,0.0,0.0
0.128,0.06942812406427232,0.06948997078286683,6.184671859450763e-05,0.01945133412933837,0.020067468183762833,0.0006161340544244623,7276.686851015755,6346.74980199839,929.9370490173651,0.0018543226233140098,0.0019787260638979374,0.00012440344058392756,7089.855349209331,6162.44603411511,927.4093150942208,2766.854251963105,2291.7033007981818,475.1509511649233,0.0018308832171416822,0.0019608443678195506,0.00012996115067786846,0.0007500911433918388,0.0007963407522050089,4.624960881317007e-05,0.0,0.0,0.0,0.0,0.0,0.0,0.0,0.0,0.0
0.129,0.06950243218932299,0.06956476112386477,6.232893454177768e-05,0.019472525978134914,0.020114507198674518,0.0006419812205396037,6023.220180533621,4752.263347297427,1270.9568332361941,0.0016741514997930334,0.0018064292895212074,0.000132277789728174,5932.3458421386895,4665.968825216831,1266.3770169218587,3675.292650486764,3082.5322734898573,592.7603769969069,0.001644106385889485,0.0017425962146283927,9.848982873890758e-05,0.0009164899573879191,0.0009356531535917782,1.9163196203859142e-05,0.0,0.0,0.0,0.0,0.0,0.0,0.0,0.0,0.0
0.13,0.06956693031437365,0.06962974138808843,6.281107371478023e-05,0.019551052879524366,0.020202376891847628,0.0006513240123232622,9579.824464040512,7522.891348138841,2056.933115901671,0.002922756082728996,0.003197847974268876,0.00027509189153988,7980.78923606301,6976.777945834845,1004.0112902281653,3700.3023432997215,3437.616213471406,262.68612982831564,0.001721163015284345,0.0015288431057057955,0.00019231990957854946,0.0009189220377613486,0.0009393950859036675,2.0473048142318926e-05,0.0,0.0,0.0,0.0,0.0,0.0,0.0,0.0,0.0
0.131,0.0696216184394243,0.06968491168834615,6.32932489218474e-05,0.01956950149851236,0.02020366084172707,0.0006341593432147088,10316.509236093878,9393.804623126094,922.7046129677838,0.002531505517997542,0.002753208540712092,0.00022170302271455004,10141.130971725945,9270.9185755537,870.2123961722446,2515.052028754973,2426.2831177533512,88.76891100162175,0.0025182442706182923,0.002719912557075571,0.0002016682864572788,0.0006881652514289312,0.0007419075274286775,5.374227599974635e-05,0.0,0.0,0.0,0.0,0.0,0.0,0.0,0.0,0.0
0.132,0.06966649656447496,0.0697302967464063,6.380018193133385e-05,0.0197225423180269,0.020330320717181407,0.0006077783991545078,13346.927783360421,10039.898329971522,3307.029453388899,0.0037869599335800305,0.003838356967371821,5.139703379179045e-05,7693.671416500333,4865.5945042466265,2828.0769122537067,3349.5746975957427,2666.13260518127,683.4420924144729,0.002110414205297865,0.0017523426165000342,0.000358071588797831,0.0008660247907522448,0.0008690937599895026,3.0689692372577867e-06,0.0,0.0,0.0,0.0,0.0,0.0,0.0,0.0,0.0
0.133,0.06970156468952561,0.06976584707275836,6.428238323274993e-05,0.019739177117082334,0.020361332574334087,0.0006221554572517531,8217.352849730154,7691.048295052166,526.3045546779877,0.0023603986513325765,0.0027357748678183084,0.00037537621648573187,7823.387790410207,5534.371554381198,2289.0162360290096,3998.6208948370463,3560.6889178760766,437.9319769609697,0.002252673422230542,0.0023261933515582815,7.351992932773952e-05,0.0009965004562624644,0.0010466274873809716,5.012703111850715e-05,0.0,0.0,0.0,0.0,0.0,0.0,0.0,0.0,0.0
0.134,0.06972682281457626,0.06979158743703046,6.476462245419423e-05,0.01970451344806137,0.020343046817702177,0.0006385333696408077,6539.867834974871,6145.490606851823,394.37722812304764,0.0018059128712438837,0.0015509061869262532,0.00025500668431763045,6217.775338680473,5960.905247691265,256.8700909892086,3422.898295535349,3261.5349074291357,161.36338810621328,0.00140491660219985,0.0014957412638890344,9.082466168918433e-05,0.000884746886277103,0.0009496183988082869,6.487151253118393e-05,0.0,0.0,0.0,0.0,0.0,0.0,0.0,0.0,0.0
0.135,0.06974227093962694,0.06980749345080893,6.52225111819893e-05,0.019707023445376573,0.02036131305835676,0.0006542896129801863,13698.653886020911,11457.47476462634,2241.1791213945708,0.0037225784024259227,0.004029882957745347,0.0003073045553194241,11090.72952137318,9184.934756106704,1905.7947652664752,3149.100706622363,2510.6669073134485,638.4337993089143,0.003126163891918705,0.003183397969606451,5.723407768774575e-05,0.0008542929216622425,0.0008657256618899444,1.1432740227701856e-05,0.0,0.0,0.0,0.0,0.0,0.0,0.0,0.0,0.0
0.136,0.06974790906467758,0.06981361394531697,6.57048806393945e-05,0.019762480576329535,0.020395526495381323,0.0006330459190517883,8579.623765500854,7090.8145622502025,1488.809203250651,0.0025507111190747477,0.0029651497258024757,0.000414438606727728,5187.760517484383,4312.742899685983,875.0176177984004,3287.256466543665,2733.7058801194025,553.5505864242623,0.0011506066008194755,0.001403869396498857,0.0002532627956793815,0.0008091452299836601,0.0007804435005516156,2.8701729432044506e-05,0.0,0.0,0.0,0.0,0.0,0.0,0.0,0.0,0.0
0.137,0.06974373718972826,0.06980992436267051,6.618717294225307e-05,0.019721662643806415,0.0203468047103037,0.0006251420664972855,8334.60111411248,7077.38505817304,1257.2160559394397,0.0020129605076417774,0.0020040195101994245,8.94099744235292e-06,8204.604550681634,6999.449336959289,1205.1552137223443,4332.589198903617,3874.4676719896092,458.121526914008,0.001995464356919874,0.0019887895454293453,6.67481149052877e-06,0.0010927640230067408,0.001136286011420749,4.352198841400812e-05,0.0,0.0,0.0,0.0,0.0,0.0,0.0,0.0,0.0
0.138,0.06972975531477889,0.06979642481161367,6.666949683478696e-05,0.019774466652905526,0.02040383577120647,0.0006293691183009431,9464.452003967122,8356.368496183215,1108.0835077839074,0.0021750387341711677,0.002187018109718349,1.197937554718153e-05,9156.10044739313,8114.260203440388,1041.8402439527417,3386.4456018768415,3127.385798012798,259.05980386404326,0.0021400379324154496,0.002165210275585078,2.517234316962852e-05,0.0009140110261009326,0.0010282839625608685,0.00011427293645993597,0.0,0.0,0.0,0.0,0.0,0.0,0.0,0.0,0.0
0.139,0.06970596343982956,0.06977311496056346,6.715152073390185e-05,0.01963878141895359,0.020297819949194485,0.0006590385302408935,12261.90533636125,8956.643404059832,3305.261932301417,0.003356896063851896,0.0032058555891475186,0.00015104047470437722,8763.171699068944,7275.392147034674,1487.7795520342697,2991.4409825108287,2274.829083647766,716.6118988630628,0.002336875672550276,0.0024984958292023365,0.0001616201566520606,0.0007731513221137359,0.0007507573088036083,2.239401331012754e-05,0.0,0.0,0.0,0.0,0.0,0.0,0.0,0.0,0.0
0.14,0.06967236156488021,0.06974002002439046,6.765845951024752e-05,0.019626481078960416,0.020277496271855225,0.0006510151928948091,11268.83057542898,8851.879504541539,2416.9510708874404,0.0032180769524016695,0.0034397516159461396,0.00022167466354447007,6633.157969408223,5891.473783729767,741.6841856784558,3932.112330429953,3419.09341107253,513.0189193574229,0.0014358585114106763,0.00128175872341794,0.00015409978799273637,0.0009515778363616264,0.0009342824519669452,1.7295384394681195e-05,0.0,0.0,0.0,0.0,0.0,0.0,0.0,0.0,0.0
0.14100000000000001,0.06962894968993087,0.06969709052901958,6.814083908870949e-05,0.01966689528121916,0.020297032910429728,0.0006301376292105684,9161.740469641396,7643.453982223758,1518.2864874176375,0.0022774544101311412,0.002121255263896697,0.00015619914623444435,6955.103069587021,6497.465661369947,457.63740821707415,4090.335158540297,3730.4255865164637,359.90957202383333,0.0017300272334549868,0.0019241666862651599,0.0001941394528101731,0.0010400833006390575,0.0011060770933285242,6.599379268946667e-05,0.0,0.0,0.0,0.0,0.0,0.0,0.0,0.0,0.0
0.14200000000000002,0.06957572781498154,0.06964432612081392,6.859830583237636e-05,0.019631133006393704,0.020237423201555693,0.0006062901951619896,14375.004299701015,10445.043996033952,3929.9603036670633,0.0042072913371133565,0.004277647462551841,7.035612543848484e-05,5971.935883117427,5187.56461701269,784.3712661047366,3070.2113613303286,2645.786084494334,424.42527683599474,0.0016479813161502483,0.0018646728194238109,0.00021669150327356256,0.0008344465578535244,0.0009281042874959458,9.365772964242138e-05,0.0,0.0,0.0,0.0,0.0,0.0,0.0,0.0,0.0
0.14300000000000002,0.06951269594003219,0.0695817767637414,6.908082370921109e-05,0.01951853849917197,0.020142175819736225,0.0006236373205642555,10598.641696331226,8119.757349468644,2478.884346862582,0.003202511549518157,0.0034590482036777506,0.0002565366541595936,7883.889874444122,6206.239381549491,1677.6504928946315,2932.2759817189776,2364.470701822296,567.8052798966814,0.0019491122471509694,0.0018465119612813376,0.00010260028586963179,0.0007467103538011191,0.0007330148549136118,1.3695498887507243e-05,0.0,0.0,0.0,0.0,0.0,0.0,0.0,0.0,0.0
0.14400000000000002,0.06943985406508285,0.06950941734441754,6.956327933468898e-05,0.019463114766270707,0.02010485747072607,0.0006417427044553628,9200.31317438653,7931.579645964161,1268.73352842237,0.0023820932124733155,0.002574529419607743,0.0001924362071344275,9181.983857310672,7896.608041615137,1285.3758156955346,3630.60923336472,3428.840639343669,201.76859402105083,0.002377772947688159,0.0025616571679432255,0.0001838842202550664,0.0009104191342350661,0.0009585081920384893,4.8089057803423255e-05,0.0,0.0,0.0,0.0,0.0,0.0,0.0,0.0,0.0
0.14500000000000002,0.06935720219013353,0.06942724793420772,7.004574407419584e-05,0.019273208383016608,0.01993897200798549,0.000665763624968882,17503.565235345766,13640.84421228549,3862.721023060276,0.004920783235509054,0.005099558802455313,0.00017877556694625898,5414.853358227885,5023.268291007047,391.585067220838,2978.2786551194513,2718.192735126925,260.0859199925262,0.0012167291035077678,0.001215349795038108,1.3793084696598918e-06,0.0007640789223684672,0.0007854767442091281,2.1397821840660994e-05,0.0,0.0,0.0,0.0,0.0,0.0,0.0,0.0,0.0
0.14600000000000002,0.06926474031518418,0.06933526721942197,7.052690423779706e-05,0.019246256730971044,0.019901174218313732,0.0006549174873426884,9960.305167439017,7821.312721206198,2138.992446232819,0.0029287684840539215,0.0032299265767685445,0.000301158092714623,6814.585302802192,5789.740639580051,1024.8446632221412,3051.4516346254954,2362.8026538322383,688.6489807932571,0.0018925927201479554,0.002192698471568201,0.00030010575142024563,0.0008441733093805479,0.0008643077782986799,2.0134468918131965e-05,0.0,0.0,0.0,0.0,0.0,0.0,0.0,0.0,0.0
0.14700000000000002,0.06916246844023484,0.06923350296847726,7.103452824241963e-05,0.019171654758794805,0.019812384064436653,0.0006407293056418482,6455.805754071218,5109.319259337402,1346.4864947338156,0.0016591144268469527,0.001611127993810414,4.798643303653878e-05,5649.92318828988,4877.672991643972,772.2501966459085,3405.631570705062,2999.7717112159594,405.85985948910275,0.001275053574351578,0.0012101470869043773,6.490648744720065e-05,0.0008764564692754138,0.0008911383453024797,1.4681876027065888e-05,0.0,0.0,0.0,0.0,0.0,0.0,0.0,0.0,0.0
0.14800000000000002,0.06905038656528549,0.06912190363030271,7.151706501722088e-05,0.01902184984529163,0.01965386723234686,0.0006320173870552302,12017.499586260075,9977.541438603183,2039.9581476568928,0.003163728103983147,0.0033543678080339596,0.0001906397040508127,11955.476775496156,9957.762599748135,1997.7141757480204,3543.807124609415,3416.6851537063385,127.12197090307654,0.003125782113967982,0.003290138819580655,0.00016435670561267294,0.0008870376487900086,0.0009614264735423761,7.438882475236752e-05,0.0,0.0,0.0,0.0,0.0,0.0,0.0,0.0,0.0
0.14900000000000002,0.06892849469033617,0.06900046886077646,7.197417044028931e-05,0.01895332373439783,0.019586011620423154,0.0006326878860253259,5551.454458990536,4822.395435996645,729.0590229938916,0.0014980769653249128,0.001716276684378454,0.00021819971905354119,5489.04195823907,4790.438219897531,698.6037383415387,1832.0583190320506,1727.410334774385,104.64798425766548,0.0014196150921932738,0.0014683552844446804,4.874019225140666e-05,0.0004975009101629492,0.0005450663558552865,4.756544569233727e-05,0.0,0.0,0.0,0.0,0.0,0.0,0.0,0.0,0.0
0.15000000000000002,0.06879679281538684,0.06886924966598819,7.245685060135176e-05,0.018835720317521572,0.019469351900732575,0.0006336315832110029,10722.835840402637,8452.820791305927,2270.01504909671,0.002786343413141918,0.0028546919428339076,6.834852969198968e-05,10450.270521100061,8250.369051502557,2199.901469597504,3001.450004941396,2360.417320480853,641.0326844605429,0.0027754142786364853,0.0028322067005653864,5.679242192890106e-05,0.0008147357879909023,0.000799928221334768,1.480756665613427e-05,0.0,0.0,0.0,0.0,0.0,0.0,0.0,0.0,0.0
0.15100000000000002,0.0686552809404375,0.06872822032885094,7.293938841343439e-05,0.01863047885159179,0.019276083840804294,0.0006456049892125046,7335.99601405242,6919.104270289112,416.8917437633081,0.001727159990174247,0.0018381147329152889,0.00011095474274104176,7225.2339987618525,6784.773058319563,440.46094044228994,4088.9449869357786,3719.372271543094,369.5727153926846,0.0017096485497143951,0.0017460351928530893,3.6386643138694224e-05,0.0010273126759422822,0.0010845835111280787,5.72708351857965e-05,0.0,0.0,0.0,0.0,0.0,0.0,0.0,0.0,0.0
0.15200000000000002,0.06850395906548817,0.06857738100122607,7.342193573789402e-05,0.018526368096177838,0.0191663829166049,0.0006400148204270609,6934.79617904966,6013.179674755893,921.6165042937673,0.0016640655868930304,0.001717152344369469,5.308675747643849e-05,6748.547358525141,5843.200972817118,905.3463857080233,2824.9131527893846,2751.013343512227,73.8998092771576,0.0016118031382190675,0.0015616279636608266,5.017517455824087e-05,0.0006748146363403469,0.0007054946173252248,3.067998098487789e-05,0.0,0.0,0.0,0.0,0.0,0.0,0.0,0.0,0.0
0.15300000000000002,0.06834282719053886,0.0684167293708419,7.390218030303708e-05,0.018349814906139537,0.01898379885880078,0.0006339839526612427,5193.44321246868,3969.78456563488,1223.6586468338,0.0014684183365799338,0.0015200322270669943,5.161389048706044e-05,5116.630313915141,3924.4548905240954,1192.175423391046,2716.695266214476,2266.158333858978,450.5369323554978,0.0014533700370948867,0.0014706204505646775,1.725041346979086e-05,0.0007298714856871927,0.0007697555629994606,3.988407731226793e-05,0.0,0.0,0.0,0.0,0.0,0.0,0.0,0.0,0.0
0.15400000000000003,0.06817188531558954,0.06824626996852355,7.43846529340092e-05,0.01813318069002257,0.018782157930220745,0.0006489772401981758,11352.807638433145,8414.465235424355,2938.34240300879,0.0030936742109603744,0.002968568457377395,0.00012510575358297936,7281.968412220095,6606.573747123572,675.3946650965236,3282.380393668183,2849.0960692474987,433.28432442068424,0.0018637775985197386,0.00189112092057146,2.734332205172143e-05,0.0008496289652044096,0.0008573222518756032,7.693286671193534e-06,0.0,0.0,0.0,0.0,0.0,0.0,0.0,0.0,0.0
0.155,0.06799113344064019,0.06806602645445804,7.489301381785607e-05,0.018011877970350188,0.018667537136117723,0.0006556591657675345,9726.968748030115,8409.758574411235,1317.2101736188797,0.002415588725336443,0.0022303000272102204,0.00018528869812622266,9495.446480680626,8299.953288884679,1195.4931917959475,3983.306797933341,3636.6386127431333,346.6681851902076,0.0022786907880379247,0.0022178206954197362,6.087009261818849e-05,0.0009808802022870868,0.0010023478458135386,2.1467643526451802e-05,0.0,0.0,0.0,0.0,0.0,0.0,0.0,0.0,0.0
0.156,0.06780057156569089,0.06787594721502783,7.537564933694785e-05,0.01774648161901703,0.018407751479493206,0.0006612698604761755,10632.179398239801,8225.109104322772,2407.0702939170296,0.0030611709841105155,0.003198386543060954,0.00013721555895043844,4631.80050255484,3996.852721051151,634.9477815036889,2603.5761628273017,2319.4071070520795,284.1690557752222,0.0013582826107244065,0.0014798889650986507,0.00012160635437424416,0.0006896795261225516,0.0007192542537356073,2.957472761305573e-05,0.0,0.0,0.0,0.0,0.0,0.0,0.0,0.0,0.0
0.157,0.06760019969074155,0.06767603191624519,7.583222550364144e-05,0.01758611920062646,0.018230383457153016,0.0006442642565265555,5465.555659256881,4470.416096294374,995.1395629625067,0.0016657155524282942,0.0019104645224730492,0.00024474897004475495,5282.673707667712,4325.688356496527,956.9853511711844,3281.592040350576,2769.8522995518083,511.7397407987678,0.0015907787404753962,0.0018390527856400577,0.00024827404516466144,0.0008810943846346609,0.0009435069396832488,6.24125550485879e-05,0.0,0.0,0.0,0.0,0.0,0.0,0.0,0.0,0.0
0.158,0.06739001781579222,0.0674663327336222,7.631491782997268e-05,0.017455541653226714,0.01807372974204032,0.0006181880888136079,13927.707418515334,10286.356658508903,3641.3507600064313,0.003972105961910121,0.003930492384284164,4.1613577625956855e-05,7985.518688138138,7254.510615138335,731.0080729998026,3591.6624736666213,3234.8160329889815,356.84644067763975,0.0018379797560843319,0.001889874983863845,5.189522777951307e-05,0.0008838024465404991,0.0008947023845530892,1.0899938012590106e-05,0.0,0.0,0.0,0.0,0.0,0.0,0.0,0.0,0.0
0.159,0.0671700259408429,0.06724682339929783,7.679745845493025e-05,0.017220498865335644,0.01783757154340766,0.000617072678072015,13173.380239936634,10362.88808593808,2810.4921539985535,0.0037701073732111616,0.004250340680221268,0.0004802333070101066,12814.224338026845,10044.019468860944,2770.2048691659,3545.1164389136525,3368.0274747730828,177.08896414056971,0.003475478024733387,0.003226302335400351,0.0002491756893330359,0.0008728544284091262,0.0009153897562532521,4.253532784412599e-05,0.0,0.0,0.0,0.0,0.0,0.0,0.0,0.0,0.0
0.16,0.06694022406589362,0.06701750419866247,7.728013276885048e-05,0.016929626235187352,0.01758250424670315,0.0006528780115157978,9110.215371903887,6960.401658654394,2149.813713249493,0.0026733222123704703,0.002872478440220154,0.0001991562278496838,7131.75410229653,5346.864582843905,1784.8895194526249,2726.054563736282,2418.6556591790304,307.3989045572516,0.001692667604316401,0.0015485202551979728,0.00014414734911842825,0.0007521271756496956,0.0008188831180588278,6.675594240913212e-05,0.0,0.0,0.0,0.0,0.0,0.0,0.0,0.0,0.0
0.161,0.0667006121909443,0.06677837143495163,7.77592440073388e-05,0.016715307338790224,0.0173672693914247,0.0006519620526344756,7784.247859248345,6353.523033137653,1430.7248261106915,0.001902057465548539,0.0018867832934098378,1.5274172138701097e-05,7549.762570770993,6179.620918205187,1370.141652565806,3800.4827896097213,3158.499391476089,641.9833981336324,0.0018747765535218957,0.0018442089843723971,3.056756914949859e-05,0.0009898175137386456,0.0010108064685896223,2.098895485097671e-05,0.0,0.0,0.0,0.0,0.0,0.0,0.0,0.0,0.0
0.162,0.066451190315995,0.06652945858408231,7.826826808730869e-05,0.0163928689288276,0.017042928956585643,0.0006500600277580433,8211.99495874781,7249.458565224479,962.5363935233308,0.0019435184493756367,0.0019836939782051366,4.017552882949987e-05,8210.940284187585,7214.956505046008,995.9837791415775,3714.6871870177997,3494.6648896443667,220.02229737343305,0.001939462557356658,0.0019749135313436926,3.545097398703449e-05,0.0009000171046898831,0.0009570164395276571,5.6999334837774004e-05,0.0,0.0,0.0,0.0,0.0,0.0,0.0,0.0,0.0
0.163,0.0661919584410457,0.06627070939080223,7.875094975653973e-05,0.016246790709179497,0.01687333344289772,0.0006265427337182224,11699.34739525502,8302.67761137645,3396.6697838785694,0.0031684763308226964,0.002703688925567458,0.0004647874052552386,9236.402381403965,7187.580618383929,2048.821763020036,3341.4915568236183,3034.4379832983623,307.05357352525607,0.002407071209502494,0.0024881761036505464,8.110489414805229e-05,0.0008581464761864447,0.0008689997636714703,1.0853287485025598e-05,0.0,0.0,0.0,0.0,0.0,0.0,0.0,0.0,0.0
0.164,0.06592291656609642,0.06600212339442034,7.920682832392167e-05,0.01595702505310107,0.016586511175678338,0.0006294861225772698,9936.146702953984,7424.668489572912,2511.4782133810713,0.0028200063223997626,0.0028262673970742558,6.2610746744931785e-06,7205.386137425632,5653.094370075062,1552.29176735057,3385.5068593987044,2868.61650678226,516.8903526164445,0.0015816662230400845,0.001604216796412818,2.2550573372733494e-05,0.0008875877304549096,0.0009092568071010948,2.166907664618526e-05,0.0,0.0,0.0,0.0,0.0,0.0,0.0,0.0,0.0
0.165,0.06564406469114711,0.06572375435912244,7.968966797532173e-05,0.015617460499498543,0.016272295636806256,0.0006548351373077133,8483.161492456034,7073.255610579082,1409.9058818769527,0.0019004637565549418,0.0017392639934322477,0.00016119976312269405,8194.614257131734,6829.0419045563185,1365.5723525754156,3582.5178403161217,3170.3507773435426,412.16706297257906,0.0018687163985245845,0.0016941136771682654,0.00017460272135631913,0.0008840320634826689,0.0008978181851837317,1.3786121701062862e-05,0.0,0.0,0.0,0.0,0.0,0.0,0.0,0.0,0.0
0.166,0.06535540281619782,0.06543557518315095,8.017236695312402e-05,0.015319681708803441,0.015989608943118006,0.000669927234314565,12482.28451140646,9968.493575497472,2513.790935908988,0.0036655534553430057,0.004152363669781118,0.0004868102144381121,8617.482081836064,7353.398765067085,1264.0833167689789,4053.8252369395586,3730.417484806374,323.40775213318466,0.0021127138168873165,0.0021240718758395497,1.1358058952233227e-05,0.001013605774693291,0.0010806512781105946,6.704550341730367e-05,0.0,0.0,0.0,0.0,0.0,0.0,0.0,0.0,0.0
0.167,0.06505693094124856,0.06513758605434833,8.065511309976459e-05,0.015089100314649282,0.015724218657032784,0.0006351183423835022,9942.744447194638,7490.114672548038,2452.6297746466007,0.0025674726138931805,0.002666621410530464,9.914879663728334e-05,9846.48015506719,7344.274893850964,2502.205261216225,2651.3917753563424,2400.6224374006188,250.76933795572359,0.002528050173118562,0.00249866059569402,2.93895774245421e-05,0.000732364516755712,0.0007826689741938393,5.0304457438127346e-05,0.0,0.0,0.0,0.0,0.0,0.0,0.0,0.0,0.0
0.168,0.06474864906629926,0.06482978198770452,8.11329214052553e-05,0.014765130974382203,0.015395587887598405,0.000630456913216202,10901.996253209483,7603.5135382293165,3298.4827149801667,0.003349643464801217,0.003252597036898093,9.70464279031239e-05,5467.351393301111,4761.474592449414,705.8768008516972,3545.80008775205,2921.236515483135,624.5635722689149,0.0013571301579299061,0.0015518569003771469,0.00019472674244724072,0.0009137914793970962,0.0009185972596074457,4.805780210349539e-06,0.0,0.0,0.0,0.0,0.0,0.0,0.0,0.0,0.0
0.169,0.06443055719135002,0.06451217281942513,8.161562807511291e-05,0.014502923689344652,0.015129404209804994,0.0006264805204603419,14211.851571723184,11047.302653455883,3164.548918267301,0.003963961436732161,0.00402770997787439,6.374854114222887e-05,5512.3980296810705,5117.257295286115,395.14073439495587,3714.884834064177,3515.6824265049204,199.2024075592567,0.001241990164450618,0.0013676577564774909,0.00012566759202687293,0.000904158616617735,0.0009724838762601234,6.832525964238837e-05,0.0,0.0,0.0,0.0,0.0,0.0,0.0,0.0,0.0
0.17,0.06410265531640075,0.06418478096469041,8.21256482896604e-05,0.014060847354262395,0.014715254271887952,0.0006544069176255569,6811.354136477063,5827.697488245875,983.6566482311873,0.0018275051999821048,0.0020568111178830254,0.0002293059179009206,6626.850333092058,5610.780926758144,1016.0694063339133,3694.1638354489082,3321.504693447238,372.65914200167026,0.0017818434154525434,0.0019121605631008663,0.00013031714764832284,0.0009753135177588847,0.001065747151700305,9.04336339414203e-05,0.0,0.0,0.0,0.0,0.0,0.0,0.0,0.0,0.0
0.171,0.0637649434414515,0.06384752458621565,8.258114476414335e-05,0.013712237917927162,0.014386928721393171,0.0006746908034660094,13002.6546913157,9929.407972114346,3073.2467192013537,0.0037811051438146593,0.0040257995389469305,0.00024469439513227125,6038.219298802994,4758.433837135133,1279.7854616678605,2661.338498799712,2145.9388585646734,515.3996402350385,0.0016691894321676282,0.0017850158145726323,0.00011582638240500401,0.0007247203108244164,0.0007309515087017143,6.231197877297869e-06,0.0,0.0,0.0,0.0,0.0,0.0,0.0,0.0,0.0
0.17200000000000001,0.06341742156650225,0.06350048564660044,8.306408009818578e-05,0.013403753432725662,0.01407006760870165,0.0006663141759759884,9978.734280769366,8025.254535010103,1953.479745759263,0.0029769786269849305,0.003383344047172366,0.00040636542018743574,5475.292720450939,4554.163462036199,921.1292584147395,3529.1370536180007,3099.333416039543,429.8036375784577,0.0016424294378268546,0.0018105066496384354,0.00016807721181158084,0.0008685536126292671,0.00086389390895362,4.659703675647113e-06,0.0,0.0,0.0,0.0,0.0,0.0,0.0,0.0,0.0
0.17300000000000001,0.06306008969155301,0.06314363670236788,8.354701081486615e-05,0.013058059381256645,0.013705516495991249,0.0006474571147346043,6711.721070739107,5741.522774496028,970.1982962430784,0.0018277398241787167,0.0019493322652160067,0.00012159244103729003,6671.7512647304175,5662.120892002271,1009.6303727281465,3820.690879505092,3629.601824372058,191.08905513303398,0.0016553181064627707,0.0016849102169614765,2.959211049870583e-05,0.0009318071365554262,0.0009867585667699657,5.495143021453947e-05,0.0,0.0,0.0,0.0,0.0,0.0,0.0,0.0,0.0
0.17400000000000002,0.06269294781660378,0.06277697779432004,8.402997771625453e-05,0.012680364226338687,0.013338429746102692,0.0006580655197640055,7781.1275406500035,5844.344619181812,1936.7829214681915,0.002156848675552828,0.0022906916370545884,0.0001338429615017605,7717.939342419357,5556.306438636142,2161.6329037832147,3099.6855215894802,2560.708267362119,538.9772542273613,0.0020232363792414983,0.0019404401663412909,8.279621290020744e-05,0.0008521467756030771,0.0008615178307027006,9.371055099623529e-06,0.0,0.0,0.0,0.0,0.0,0.0,0.0,0.0,0.0
0.17500000000000002,0.06231599594165457,0.06240050344444266,8.45075027880865e-05,0.012324043023965371,0.012975984640535083,0.0006519416165697116,8391.323312499337,6686.986229004353,1704.3370834949837,0.0021558874416938603,0.002171150554643438,1.526311294957781e-05,8146.74385721318,6480.110299060845,1666.6335581523344,2904.5709592862822,2375.532297818939,529.0386614673434,0.002146721730261754,0.002128947641726901,1.7774088534852975e-05,0.0007492275899213764,0.0007437998304220854,5.427759499290947e-06,0.0,0.0,0.0,0.0,0.0,0.0,0.0,0.0,0.0
0.17600000000000002,0.06192923406670535,0.06201422430023016,8.499023352481067e-05,0.011898342889624068,0.012560141673841237,0.0006617987842171685,6436.8139031770315,5208.26615693615,1228.5477462408817,0.0017685761341976955,0.0016390225440255086,0.00012955359017218686,5995.578792733982,4994.1548839275,1001.4239088064814,3829.041196654485,3512.0104784110954,317.0307182433894,0.0015424490364008,0.001558682372010952,1.6233335610152128e-05,0.0009545709291480265,0.0009846317749720645,3.0060845824038027e-05,0.0,0.0,0.0,0.0,0.0,0.0,0.0,0.0,0.0
0.17700000000000002,0.06153266219175615,0.06161816285831162,8.550066655547278e-05,0.01153334313353289,0.01219981326295691,0.0006664701294240207,6678.68989798998,5241.700651928206,1436.9892460617739,0.002014536149797611,0.0021977535676650714,0.00018321741786746053,6331.5270385418535,4846.988190722807,1484.5388478190462,3471.844058889602,3196.4441852604946,275.39987362910733,0.0017390739047758667,0.0018547907105273247,0.00011571680575145804,0.000942328454210228,0.001012656721843266,7.032826763303795e-05,0.0,0.0,0.0,0.0,0.0,0.0,0.0,0.0,0.0
0.17800000000000002,0.06112628031680697,0.06121223616396281,8.595584715584415e-05,0.011117451143365003,0.011773638166700873,0.0006561870233358705,3976.715917252639,2833.1173667973426,1143.5985504552964,0.0012582772475768207,0.0012357466287197093,2.253061885711138e-05,3688.820573488473,2461.628230958611,1227.1923425298623,2361.9481484902926,1751.1206687563267,610.8274797339659,0.0011399690025825073,0.001064454872720404,7.551412986210333e-05,0.0006460017848560791,0.0006226921578514663,2.3309627004612838e-05,0.0,0.0,0.0,0.0,0.0,0.0,0.0,0.0,0.0
0.17900000000000002,0.06071008844185779,0.060796527691560937,8.64392497031477e-05,0.01067314688341308,0.01133063363744762,0.0006574867540345402,10527.157256273244,8187.256689945099,2339.900566328144,0.0028472759536237015,0.0028053270781972254,4.194887542647609e-05,10486.816921861162,8114.400698302703,2372.416223558459,3844.7787013502534,3314.1733694675386,530.6053318827148,0.0026875145573618093,0.0025514394811365576,0.00013607507622525163,0.0009729739739857395,0.0009995190565970278,2.654508261128825e-05,0.0,0.0,0.0,0.0,0.0,0.0,0.0,0.0,0.0
0.18000000000000002,0.06028408656690863,0.06037100837345665,8.692180654801956e-05,0.010289392184282743,0.010950340055229074,0.000660947870946331,9612.57678834902,6891.0346384972145,2721.5421498518062,0.0028591106117403977,0.0029181871419557584,5.9076530215360686e-05,5484.294477978053,4662.658865943871,821.6356120341816,3656.0481793789436,3518.5211208902165,137.5270584887271,0.0016262542960630913,0.0019558017260812685,0.00032954743001817723,0.000903654962373829,0.0009698986396545668,6.62436772807378e-05,0.0,0.0,0.0,0.0,0.0,0.0,0.0,0.0,0.0
0.18100000000000002,0.05984827469195947,0.059935679551228575,8.740485926910652e-05,0.009836970663025808,0.010495095324067668,0.0006581246610418597,5747.97101342483,3991.67775975146,1756.2932536733697,0.0016501868230120445,0.0016120537962545129,3.813302675753161e-05,5646.950517315526,3796.505841861933,1850.444675453593,2624.6911622336124,2315.3640890656197,309.3270731679927,0.0015101688495741318,0.0013922093980025395,0.00011795945157159235,0.000724049852843644,0.0007574907406676335,3.34408878239896e-05,0.0,0.0,0.0,0.0,0.0,0.0,0.0,0.0,0.0
0.18200000000000002,0.059402652817010314,0.05949053359711401,8.788078010369543e-05,0.009401539990857266,0.01006522360071656,0.0006636836098592933,7811.619467799102,6725.171771162672,1086.44769663643,0.0022490972611179886,0.0025736266694139686,0.00032452940829598,7477.066238911428,6545.9694095619225,931.0968293495052,2884.9964053635285,2337.395820930517,547.6005844330116,0.002143179707027333,0.002386578602980427,0.00024339889595309397,0.0007335256970880293,0.0007188815098226457,1.464418726538361e-05,0.0,0.0,0.0,0.0,0.0,0.0,0.0,0.0,0.0
0.18300000000000002,0.05894722094206119,0.05903558421511454,8.836327305335179e-05,0.008954950440388881,0.009612128053719915,0.0006571776133310336,15042.061965157234,11366.627860502627,3675.434104654607,0.0042202535319163445,0.004160661302795153,5.959222912119144e-05,6617.831871909946,5342.377754574647,1275.454117335299,4153.4156635582585,3774.507529152477,378.9081344057813,0.0017262058485875058,0.0016697889841276047,5.641686445990112e-05,0.0010444971004079085,0.0010876232625292956,4.312616212138716e-05,0.0,0.0,0.0,0.0,0.0,0.0,0.0,0.0,0.0
0.18400000000000002,0.05848197906711207,0.05857082533074148,8.88462636294135e-05,0.008503941015285522,0.00913805833449694,0.0006341173192114177,10101.144356635261,6967.761661595295,3133.382695039966,0.0029818211259786636,0.0029112383390336896,7.058278694497405e-05,7654.457289957257,6121.06886531919,1533.3884246380667,3428.9157308229546,3227.771452605617,201.14427821733761,0.002324192163069996,0.0026180802773609073,0.00029388811429091133,0.0008950938109864961,0.0009632860425906773,6.819223160418127e-05,0.0,0.0,0.0,0.0,0.0,0.0,0.0,0.0,0.0
0.18500000000000003,0.05800692719216297,0.058096284969204534,8.935777704156128e-05,0.008025424160249029,0.008674540264819045,0.0006491161045700158,6797.1208695772175,5941.345931281054,855.7749382961638,0.0019654039752651587,0.002263572277787538,0.00029816830252237924,5230.357199990843,3512.9443804370244,1717.4128195538183,2277.3985902501136,1882.657382448892,394.74120780122166,0.0015643479311882532,0.001494868924324579,6.947900686367424e-05,0.0006150961332238905,0.0006795311450799406,6.443501185605016e-05,0.0,0.0,0.0,0.0,0.0,0.0,0.0,0.0,0.0
0.18600000000000003,0.05752206531721388,0.05761187789879566,8.981258158178435e-05,0.007543590290583598,0.008206057473675728,0.0006624671830921299,12727.102709007364,10444.949242261893,2282.1534667454707,0.0036909298386333163,0.004185009700132652,0.000494079861499336,6778.405917298322,5296.200438649795,1482.2054786485269,3913.3048738811785,3389.163335892051,524.1415379891278,0.0017303360922508683,0.0020291738392218144,0.0002988377469709462,0.0009634025929495283,0.0009596284828435527,3.7741101059755606e-06,0.0,0.0,0.0,0.0,0.0,0.0,0.0,0.0,0.0
0.18700000000000003,0.0570273934422648,0.05711768900129429,9.029555902949349e-05,0.006959357211012537,0.007636975117543262,0.0006776179065307256,10853.663224530172,8367.494552667813,2486.1686718623587,0.0029847730398303296,0.0029059888734093015,7.878416642102815e-05,7243.501379900183,6384.059637859269,859.4417420409136,4210.371359996928,3786.8760106188565,423.4953493780713,0.0016295545234375048,0.0015202397081757627,0.00010931481526174213,0.001062887977211442,0.0010761213085210618,1.3233331309619794e-05,0.0,0.0,0.0,0.0,0.0,0.0,0.0,0.0,0.0
0.18800000000000003,0.05652291156731573,0.056613690486772776,9.077891945704492e-05,0.006530497161804663,0.007193168572673624,0.0006626714108689605,6170.050208527768,5590.950002797598,579.1002057301694,0.0014384849272919553,0.0016194936391914394,0.0001810087118994841,5955.119206483651,5369.204163241706,585.9150432419456,3162.891391566124,2814.3121725738897,348.5792189922345,0.0014123468625081399,0.001555424228608267,0.00014307736610012713,0.0008450846711244586,0.0009157053737759531,7.062070265149447e-05,0.0,0.0,0.0,0.0,0.0,0.0,0.0,0.0,0.0
0.18900000000000003,0.05600861969236669,0.05609988189235458,9.126219998789598e-05,0.0060287063805763395,0.006667086973325021,0.0006383805927486818,10322.508193459314,6617.639203071916,3704.8689903873983,0.0030605228410482063,0.0027784642817315517,0.0002820585593166546,5830.717755597704,5162.564207233047,668.1535483646576,3244.65604851255,2711.1029850400037,533.5530634725465,0.001642952484924298,0.0019126413989583404,0.0002696889140340424,0.0008428757722481646,0.000901874308671198,5.899853642303337e-05,0.0,0.0,0.0,0.0,0.0,0.0,0.0,0.0,0.0
0.19,0.05548451781741765,0.0555762554123137,9.173759489605054e-05,0.005551081127283704,0.0061752595958530256,0.0006241784685693218,17194.723586754626,12989.15779278905,4205.565793965576,0.0049957290287874325,0.005270150179493984,0.0002744211507065518,5514.664651593789,4514.092970060447,1000.5716815333417,4358.144345154319,3907.792054102645,450.352291051674,0.0015454392727533468,0.0016932494199556028,0.00014781014720225598,0.0010709999182203285,0.0010883462526771665,1.734633445683799e-05,0.0,0.0,0.0,0.0,0.0,0.0,0.0,0.0,0.0
0.191,0.054950605942468644,0.055042826926230734,9.222098376208965e-05,0.0049742191164792865,0.0056358857877421,0.0006616666712628136,6928.693121892002,6159.673465646677,769.0196562453248,0.0016135577767116733,0.001530019775754129,8.353800095754435e-05,6659.113838862785,5885.580571703533,773.5332671592523,3621.8487113209867,3274.7213903510283,347.1273209699584,0.0016054202504172002,0.001498928295499215,0.00010649195491798519,0.0009033813221583006,0.0009124970783942127,9.115756235912186e-06,0.0,0.0,0.0,0.0,0.0,0.0,0.0,0.0,0.0
0.192,0.05440688406751966,0.05449961698733617,9.273291981651277e-05,0.004379620441623379,0.005053383029015443,0.0006737625873920634,10626.327322437352,8051.916288402768,2574.4110340345833,0.003130531511128935,0.00331988205428435,0.0001893505431554152,5085.335718641868,4170.051891677713,915.2838269641552,3636.8759462485496,2987.1369107674805,649.7390354810691,0.0015259774732765997,0.0017589561099289924,0.0002329786366523927,0.0009591537118987598,0.000991460950908819,3.2307239010059114e-05,0.0,0.0,0.0,0.0,0.0,0.0,0.0,0.0,0.0
0.193,0.0538533521925707,0.05394653933817241,9.318714560170582e-05,0.0038013255656845213,0.004476313833872611,0.0006749882681880894,7768.925688622197,6469.598516452493,1299.3271721697047,0.002313337103760275,0.0026511591087041986,0.0003378220049439235,6638.03074620571,5528.620950076909,1109.4097961288007,4098.415624930429,3471.482110069802,626.9335148606269,0.0019368621574595436,0.002249020378692004,0.0003121582212324604,0.0010577544686064047,0.0010994077944681334,4.165332586172866e-05,0.0,0.0,0.0,0.0,0.0,0.0,0.0,0.0,0.0
0.194,0.053290010317621726,0.0533836815637747,9.36712461529765e-05,0.0033507452077581844,0.003998898770505917,0.0006481535627477324,8704.528737144445,6370.8785523872475,2333.650184757197,0.0024800739534132864,0.0025415127308679396,6.14387774546532e-05,8661.0813130645,6236.752865781207,2424.328447283293,4056.11085469996,3715.032628285365,341.07822641459506,0.0024638697531693967,0.0025115480034004142,4.767825023101755e-05,0.0010024929110624763,0.0010322025702330072,2.9709659170530818e-05,0.0,0.0,0.0,0.0,0.0,0.0,0.0,0.0,0.0
0.195,0.05271685844267278,0.05281101330564588,9.415486297310177e-05,0.002713509510451337,0.003360804641563992,0.000647295131112655,9735.20293383865,7381.303456144006,2353.899477694643,0.0028373459109410667,0.0028532369500094998,1.5891039068433033e-05,8853.231739805795,6671.123528218059,2182.108211587736,3290.2493721024616,2920.4124977981887,369.8368743042729,0.0026515678644117233,0.0027949113792512087,0.00014334351483948548,0.0008569324605926465,0.0009193832477873361,6.245078719468956e-05,0.0,0.0,0.0,0.0,0.0,0.0,0.0,0.0,0.0
0.196,0.05213389656772388,0.05222853511291495,9.463854519106696e-05,0.002148932539069396,0.0028063092732481636,0.0006573767341787676,8875.580736184358,6385.8838418845535,2489.6968942998046,0.002612537112259555,0.00259387846641022,1.8658645849334906e-05,5896.62801855996,4553.033616206352,1343.5944023536076,3511.136075837074,2795.8974763864453,715.2385994506285,0.0015341630012761561,0.0015788615322060095,4.4698530929853384e-05,0.0009175417267451983,0.0008999756117177145,1.756611502748385e-05,0.0,0.0,0.0,0.0,0.0,0.0,0.0,0.0,0.0
0.197,0.05154112469277499,0.05163623827285803,9.5113580083038e-05,0.0015199136007525982,0.0021967407501596384,0.0006768271494070402,6941.545816724332,5294.87026496307,1646.6755517612619,0.002021067962868874,0.002189965565326216,0.0001688976024573417,6041.71388015242,5285.326054839156,756.3878253132634,4205.41836830478,3646.1207949521468,559.2975733526337,0.0016016270172672686,0.0017393265776527494,0.00013769956038548088,0.001056335316382344,0.001057267344923576,9.320285412320242e-07,0.0,0.0,0.0,0.0,0.0,0.0,0.0,0.0,0.0
0.198,0.050938542817826116,0.051034138997734665,9.559617990854974e-05,0.0009238466920922922,0.0015835390843541705,0.0006596923922618783,7053.87585695511,5821.852115689328,1232.0237412657825,0.0016876574599154186,0.0015961742587229572,9.14832011924614e-05,6948.328306874243,5716.313756967828,1232.0145499064147,3349.568713893677,3231.8471558657498,117.72155802792713,0.0016732658304324884,0.0015557032653410955,0.00011756256509139282,0.0008346474556053235,0.0009131771382891599,7.852968268383636e-05,0.0,0.0,0.0,0.0,0.0,0.0,0.0,0.0,0.0
0.199,0.05032615094287726,0.050422229836289405,9.607889341214232e-05,0.0003693754585931859,0.0010213657458933534,0.0006519902873001675,7352.400476815247,6490.246598271933,862.153878543314,0.002038122835138049,0.0023388734080474847,0.00030075057290943584,6813.365829790356,6105.4832894777455,707.8825403126102,3191.034518124463,2692.3024706183355,498.7320475061274,0.0019336370102339213,0.002052652754932841,0.0001190157446989196,0.0008500942681847911,0.0008853320014754166,3.5237733290625515e-05,0.0,0.0,0.0,0.0,0.0,0.0,0.0,0.0,0.0
0.2,0.04970675306552766,0.04980167485829883,9.492179277117291e-05,-7.028760585161067e-05,0.0005080507783802075,0.0005783383842318182,44277.456538488106,43395.31550712908,882.141031359024,0.012675911366524982,0.01740895692388514,0.004733045557360156,12433.622616404791,5590.877259857496,6842.745356547295,4394.763016508013,3335.1087223962145,1059.6542941117982,0.003212534916337439,0.0018665163894184262,0.0013460185269190128,0.0011615011861006318,0.001058866617844587,0.00010263456825604475,61.465722806114,0.0,61.465722806114,0.002160139248990249,0.0,0.002160139248990249,0.0001748977563295549,0.0,0.0001748977563295549
0.201,0.04912198393353489,0.04920532544314898,8.33415096140877e-05,-0.00011562256602317897,0.00029359379116082043,0.0004092163571839994,162877.2588370665,154426.40897045605,8450.849866610457,0.047039005827638716,0.06172716235461616,0.014688156526977442,39493.03189214267,34591.40744646534,4901.624445677335,9841.006785981659,8975.973607610602,865.0331783710571,0.010440829151715188,0.011937148071897887,0.001496318920182699,0.00269320830238882,0.0033098784896684157,0.0006166701872795956,101.11063689259915,0.0,101.11063689259915,0.0058453356448801095,0.0,0.0058453356448801095,0.0001748977563295549,0.0,0.0001748977563295549
0.202,0.04864665995604784,0.048707962606534164,6.130265048632372e-05,-0.00012773809646331527,0.00013666613064099747,0.00026440422710431277,252287.74452905142,236748.22478705618,15539.519741995231,0.07264490548647859,0.09406821275822297,0.02142330727174438,64691.673504680075,61242.12310010667,3449.550404573405,19302.088396694537,18955.065691989726,347.02270470481017,0.016838508808898693,0.020543583492139417,0.0037050746832407236,0.004907422299754766,0.005850207023888689,0.0009427847241339233,111.70553234621046,0.0,111.70553234621046,0.007134526033163108,0.0,0.007134526033163108,0.0001748977563295549,0.0,0.0001748977563295549
0.203,0.048341117727646876,0.04837365145362516,3.253372597828569e-05,-0.00013021362023197397,1.3516016588620408e-05,0.00014372963682059438,321307.8387496231,304164.4581940631,17143.380555559997,0.09292443502464494,0.12179314637356142,0.028868711348916484,77505.81369634703,76212.50532652007,1293.308369826962,20176.756685357046,19575.40503787912,601.3516474779244,0.020395232733808267,0.026163192590650676,0.005767959856842409,0.005439661475556903,0.007010398979336667,0.0015707375037797636,113.87035011060492,0.0,113.87035011060492,0.007413735262492112,0.0,0.007413735262492112,0.0001748977563295549,0.0,0.0001748977563295549
0.20400000000000001,0.04824873285235937,0.04825139195298156,2.6591006221862723e-06,-0.00012421368956905265,-2.2481699683358348e-05,0.00010173198988569431,346240.59463762236,333721.1934054106,12519.401232211734,0.10002649498303391,0.13369963246502467,0.03367313748199076,81337.98879941719,81729.90806480902,391.91926539182896,20784.513875148376,20340.81230076036,443.7015743880147,0.021169996375046105,0.02764214581192924,0.006472149436883134,0.005430302211732261,0.006789580658779683,0.0013592784470474219,108.62347805521573,19.71030400461504,88.91317405060069,0.006746261491530686,0.00022324110837082167,0.006523020383159864,0.0001748977563295549,0.00017402534209362756,8.724142359273397e-07
0.20500000000000002,0.04838209401244137,0.0483583545909912,2.373942145016822e-05,-0.00011361756021539826,4.514049425284587e-05,0.00015875805446824412,311493.1353356615,309533.067406881,1960.0679287805106,0.08981228370149678,0.12352081163762829,0.03370852793613151,74739.25259201006,76537.85830356365,1798.605711553595,22478.761561573163,23399.2247899658,920.4632283926367,0.019163714223054944,0.024883360780136966,0.005719646557082021,0.00576642228431782,0.007530888794003676,0.0017644665096858553,99.35728180655629,0.09884927955047118,99.25843252700582,0.005644365974247351,1.1195779995751233e-06,0.005643246396247776,0.0001748977563295549,8.72755675683718e-07,0.00017402500065387118
0.20600000000000002,0.04872013323198614,0.048675813107570534,4.432012441560329e-05,-0.00011411880469452615,0.0001277048570034557,0.00024182366169798184,255223.14837715775,269089.22537172795,13866.076994570205,0.07413221744702657,0.10891578281811136,0.03478356537108479,51530.047258607374,52927.92743292551,1397.8801743181393,13623.93060008907,13589.925344563126,34.00525552594445,0.013800085678035715,0.01862281651200459,0.004822730833968874,0.003757098768262633,0.005044807914606129,0.0012877091463434956,99.7956144804165,0.0,99.7956144804165,0.005694278119130438,0.0,0.005694278119130438,0.0001748977563295549,0.0,0.0001748977563295549
0.20700000000000002,0.0492223386124912,0.049165820773199545,5.651783929165599e-05,-9.057992585368574e-05,0.00032223157581729627,0.000412811501670982,140982.1983626853,163359.35001048094,22377.151647795632,0.04043875743485605,0.06482397188723507,0.02438521445237902,37262.982382572096,39363.50311183426,2100.5207292621635,11255.706899333742,12504.149197380626,1248.4422980468844,0.009464217757317563,0.012388791448201476,0.0029245736908839123,0.002918913229762945,0.00411410301978565,0.0011951897900227045,79.2111290015354,0.0,79.2111290015354,0.0035874690958729058,0.0,0.0035874690958729058,0.0001748977563295549,0.0,0.0001748977563295549
0.20800000000000002,0.04981790818419884,0.04975669473039366,6.12134538051784e-05,-2.48889978163927e-05,0.0005067059024397532,0.0005315949002561459,28631.196760000454,51019.49289154177,22388.296131541316,0.008091852478309009,0.020233373948319547,0.012141521470010538,12330.502087324066,12025.52713581736,304.97495150670693,4824.050241459443,5263.9526323009195,439.9023908414765,0.0031209154295437206,0.003636234385164876,0.0005153189556211554,0.0012751872655355836,0.0017663369424800787,0.000491149676944495,21.765149376891372,0.0,21.765149376891372,0.0002708563776574551,0.0,0.0002708563776574551,0.0001748977563295549,0.0,0.0001748977563295549
0.20900000000000002,0.05043400619048558,0.05037348108135781,6.0525109127775034e-05,0.00039499234056829605,0.0008797989591068124,0.00048480661853851637,11929.19142088361,12381.192254124355,452.0008332407451,0.00270247931891635,0.003388849104815489,0.0006863697858991388,11366.729254754358,11861.813790162432,495.08453540807386,5744.09791364171,6252.807179397368,508.7092657556577,0.0026595029993336044,0.0032557126590729976,0.0005962096597393932,0.00137418932442979,0.001659332961943082,0.000285143637513292,0.0,0.0,0.0,0.0,0.0,0.0,0.0,0.0,0.0
0.21000000000000002,0.05104087043047797,0.05098168310762948,5.918732284848627e-05,0.0010631446209917184,0.0015692322400512114,0.000506087619059493,10800.847698046655,11845.195564089085,1044.3478660424298,0.002990488038602711,0.0035621582875812272,0.0005716702489785164,10486.098002676748,8715.731018888931,1770.366983787817,5153.431646220742,5282.512544995919,129.08089877517705,0.00294296542534172,0.003555048685333869,0.0006120832599921491,0.0012419456957056523,0.0013843657809215813,0.00014242008521592902,0.0,0.0,0.0,0.0,0.0,0.0,0.0,0.0,0.0
0.21100000000000002,0.051637924670470375,0.05158008948890432,5.7835181566052996e-05,0.0016520362800868764,0.0021678388120546,0.0005158025319677234,7493.860348892678,5881.634741093367,1612.2256077993115,0.0019770104449970127,0.002366332403079493,0.0003893219580824803,7360.8725495909885,5707.011820526013,1653.8607290649752,3685.1607491335117,3010.684401227897,674.4763479056146,0.0019639064280324295,0.002169800352164827,0.00020589392413239774,0.0010106104363923024,0.0010220120389093372,1.1401602517034821e-05,0.0,0.0,0.0,0.0,0.0,0.0,0.0,0.0,0.0
0.21200000000000002,0.05222516891046281,0.05216867644144786,5.649246901495014e-05,0.0021223851805855856,0.0026570249996458227,0.0005346398190602371,18211.791315202383,14297.968847011169,3913.8224681912143,0.004892731401344396,0.005054139209531358,0.0001614078081869615,14905.980866648893,13990.277772270301,915.7030943785921,5716.73312173951,6077.125861798152,360.3927400586417,0.004047061747450596,0.004706063219649309,0.0006590014721987135,0.00142159760423697,0.001764510179847482,0.00034291257561051185,0.0,0.0,0.0,0.0,0.0,0.0,0.0,0.0,0.0
0.21300000000000002,0.052802603150455284,0.05274745441170928,5.514873874600673e-05,0.0028066351494211612,0.0033555771011642855,0.0005489419517431243,15383.3733402921,12187.76395821996,3195.60938207214,0.004628072777072005,0.004988949995992417,0.0003608772189204121,10697.298048976125,11238.772004733499,541.4739557573739,5844.094311838468,6192.547219918062,348.45290807959464,0.0025712468236241282,0.0029783910480301566,0.0004071442244060284,0.0014205297085466968,0.0016245021902351043,0.00020397248168840744,0.0,0.0,0.0,0.0,0.0,0.0,0.0,0.0,0.0
0.21400000000000002,0.05337022739044777,0.05331642191874508,5.3805471702687846e-05,0.003338045097846,0.0038623712885574295,0.0005243261907114296,13342.285045058836,11383.36709552488,1958.9179495339558,0.0037554851119091966,0.0044758642604454954,0.0007203791485362989,9304.55555008576,7664.564283166247,1639.9912669195137,4322.60283925766,3936.1149039598504,386.4879352978096,0.0025011782327738962,0.0029378936201500503,0.000436715387376154,0.0011041669084839085,0.0011656825037180104,6.151559523410186e-05,0.0,0.0,0.0,0.0,0.0,0.0,0.0,0.0,0.0
0.21500000000000002,0.05392804163044027,0.05387557975635504,5.246187408523145e-05,0.0038858537680005467,0.004396674208928354,0.0005108204409278077,14646.882090692203,13242.709043538021,1404.1730471541814,0.0038138261535352433,0.004317622523677439,0.0005037963701421959,14466.133900750545,13196.76180474061,1269.3720960099345,4208.326256186505,4211.590374564716,3.2641183782106964,0.003802604309269456,0.004273447727017883,0.00047084341774842687,0.0011311608443980027,0.0014047906227709845,0.0002736297783729818,0.0,0.0,0.0,0.0,0.0,0.0,0.0,0.0,0.0
0.21600000000000003,0.054476045870432796,0.05442492749937168,5.1118371061115164e-05,0.004539983278691982,0.005065037043362106,0.0005250537646701242,13474.990195252476,13002.442882174233,472.54731307824295,0.003442834079215517,0.004140985698580917,0.0006981516193653998,11262.333596494405,12552.22671053534,1289.893114040935,5622.982881055733,6076.030324623871,453.0474435681381,0.0029416658710687948,0.0039913826495896355,0.0010497167785208407,0.001338814973149372,0.0015723652067706302,0.0002335502336212581,0.0,0.0,0.0,0.0,0.0,0.0,0.0,0.0,0.0
0.21700000000000003,0.05501424011042533,0.05496446506384227,4.977504658305876e-05,0.005008695340490138,0.00550943112961746,0.0005007357891273221,10379.426357865446,8980.31256379504,1399.1137940704066,0.0023498213606041557,0.0022979605514934663,5.18608091106894e-05,9904.222455759376,8771.589730636186,1132.6327251231905,5498.259754194866,5338.939850873314,159.31990332155237,0.0022926906283573063,0.002238675182602729,5.4015445754577486e-05,0.001374134918839771,0.0014415043616848747,6.736944284510375e-05,0.0,0.0,0.0,0.0,0.0,0.0,0.0,0.0,0.0
0.21800000000000003,0.055542624350417895,0.05549419283946105,4.8431510956847834e-05,0.005465401688818294,0.006004838341695536,0.0005394366528772418,17423.427910664424,16653.821491511437,769.6064191529877,0.004983095868657569,0.006509031951521962,0.0015259360828643927,6203.21243131615,5541.0170997373025,662.1953315788478,3905.5421793858377,3552.307331542014,353.2348478438239,0.00163740318099101,0.0019346500552662048,0.0002972468742751947,0.0010444502133432605,0.0011865520638955683,0.00014210185055230778,0.0,0.0,0.0,0.0,0.0,0.0,0.0,0.0,0.0
0.21900000000000003,0.05606119859041046,0.056014118633009036,4.707995740142745e-05,0.006048604019117634,0.006594080334963546,0.0005454763158459124,13041.731060661305,10895.293900087137,2146.437160574167,0.003420445805230029,0.003913624593134329,0.0004931787879042999,10891.739630441896,9380.457892581544,1511.2817378603522,5137.005572817246,5396.816841598367,259.8112687811217,0.0033437416505548083,0.003321115603782099,2.2626046772709386e-05,0.0013064670559018552,0.001601758460618653,0.0002952914047167979,0.0,0.0,0.0,0.0,0.0,0.0,0.0,0.0,0.0
0.22000000000000003,0.05656996283040306,0.05652422631602984,4.573651437322218e-05,0.006525230482810746,0.007048046498415068,0.0005228160156043223,9113.919741935673,8063.750158446615,1050.169583489058,0.0022568166300959837,0.002219673966187301,3.7142663908682795e-05,8582.336454362521,8008.617242494044,573.719211868477,5762.719422028876,6074.254094898376,311.53467286950035,0.0021620203718451586,0.002163780734985428,1.7603631402695469e-06,0.001394592528552134,0.001526259135272875,0.00013166660672074104,0.0,0.0,0.0,0.0,0.0,0.0,0.0,0.0,0.0
0.22100000000000003,0.05706891707039566,0.0570245244178354,4.439265256026004e-05,0.007099667170024788,0.007612548865511829,0.000512881695487041,9144.438107775115,8422.255493330289,722.182614444826,0.002649428293481544,0.003134376934236175,0.000484948640754631,8271.83914394586,8186.498454730393,85.34068921546623,4891.552494736908,4556.913291155511,334.63920358139694,0.0021497190390049885,0.0028940849765449563,0.0007443659375399678,0.0012624858279316475,0.0014219078159235033,0.00015942198799185573,0.0,0.0,0.0,0.0,0.0,0.0,0.0,0.0,0.0
0.22200000000000003,0.057558061310388285,0.05751501164839737,4.304966199091681e-05,0.007619375539260023,0.008143005014237648,0.0005236294749776244,10539.58307433252,10758.497039522506,218.9139651899859,0.0029624947079722485,0.0036633987069732647,0.0007009039990010161,9848.19970784647,10186.422164616262,338.2224567697922,3671.4709043072176,3397.5614722842683,273.9094320229492,0.0026398055103924413,0.003325524086213044,0.0006857185758206027,0.000990634117758864,0.001140210008686506,0.00014957589092764187,0.0,0.0,0.0,0.0,0.0,0.0,0.0,0.0,0.0
0.22300000000000003,0.058037395550380934,0.057995689209144774,4.170634123615985e-05,0.007999210854594388,0.008506251274519365,0.000507040419924977,12457.317766321294,10881.694904335107,1575.6228619861868,0.003650394808877756,0.00401591432532004,0.0003655195164422838,8199.477514689697,9845.969673412501,1646.4921587228037,5671.316390853526,6074.227145529267,402.91075467574046,0.0018647358266354682,0.0024171713646497883,0.0005524355380143202,0.0013628175002167934,0.0016209254946015152,0.00025810799438472174,0.0,0.0,0.0,0.0,0.0,0.0,0.0,0.0,0.0
0.224,0.058506919790373584,0.05846655676380566,4.0363026567923066e-05,0.00850690963558232,0.009053133747911233,0.0005462241123289132,11663.774890311248,8386.896774047473,3276.878116263775,0.003242120623066974,0.002486836698322667,0.000755283924744307,7734.08522700016,7914.679526714849,180.59429971468944,5613.7818931164265,5682.715850538093,68.93395742166649,0.002309365858947561,0.0023842631219600555,7.489726301249458e-05,0.0013642488862985749,0.0015238865958774799,0.00015963770957890498,0.0,0.0,0.0,0.0,0.0,0.0,0.0,0.0,0.0
0.225,0.058966634030366255,0.05892761405260495,3.9019977761303726e-05,0.009017404668545398,0.009526132023367401,0.0005087273548220039,9117.290458981757,7014.402937541447,2102.8875214403106,0.0027196435178834396,0.0028552978240807244,0.00013565430619728478,7040.820022078757,6338.705788415234,702.114233663523,3708.3337984676996,4039.30088563333,330.96708716563035,0.001998074165486362,0.0021232298342249763,0.00012515566873861446,0.0009790188738351174,0.0013175943051282077,0.00033857543129309025,0.0,0.0,0.0,0.0,0.0,0.0,0.0,0.0,0.0
0.226,0.05941653827035894,0.059378868523307426,3.766974705151499e-05,0.00942428264991893,0.00992774633165472,0.0005034636817357902,12178.569851502918,12592.069954853765,413.500103350847,0.0032051680381051614,0.004137405625572795,0.0009322375874676338,8176.2833016819395,10060.236671194669,1883.9533695127293,4288.754900212575,4600.001566500568,311.2466662879924,0.0019961807811759895,0.0028897418018665674,0.0008935610206905779,0.0010922893694963098,0.0013185128419393782,0.0002262234724430684,0.0,0.0,0.0,0.0,0.0,0.0,0.0,0.0,0.0
0.227,0.059856632510351636,0.05982030636870909,3.6326141642548104e-05,0.009858628007698407,0.010394250422694413,0.0005356224149960058,16026.642152989478,11895.202931541613,4131.439221447865,0.0049386912969198995,0.005062441424005098,0.00012375012708519886,9294.797123540753,9819.16056033874,524.3634367979867,5831.672977695893,6419.091575008326,587.4185973124331,0.002247271579999488,0.002612139649500938,0.00036486806950145013,0.0013928192917017086,0.0016678845960159847,0.00027506530431427615,0.0,0.0,0.0,0.0,0.0,0.0,0.0,0.0,0.0
0.228,0.06028691675034434,0.06025193348137618,3.498326896815562e-05,0.010259514188947562,0.010808510327274758,0.0005489961383271964,9902.240028550465,9645.031346104573,257.2086824458911,0.0024631310069158376,0.0027097551733131883,0.00024662416639735073,9676.18500337017,9305.233578377403,370.951424992767,5435.325593133047,5374.226952950081,61.09864018296594,0.002436781338864358,0.002596421620588198,0.00015964028172383996,0.0014112393185057024,0.0017026633336754975,0.0002914240151697951,0.0,0.0,0.0,0.0,0.0,0.0,0.0,0.0,0.0
0.229,0.06070739099033707,0.06067375126538388,3.363972495318973e-05,0.010691339371362454,0.011221434119430156,0.0005300947480677016,7965.596001914299,7697.807451170989,267.7885507433102,0.002212294144122542,0.002781765388264193,0.0005694712441416511,7555.273308875091,7560.903737758494,5.630428883402601,3325.9585074306533,3279.5918706726534,46.36663675799991,0.002021211853658358,0.002657054856671506,0.000635843003013148,0.0009090202156431728,0.0011254229672738544,0.0002164027516306816,0.0,0.0,0.0,0.0,0.0,0.0,0.0,0.0,0.0
0.23,0.061118055230329794,0.06108575852852588,3.2296701803914696e-05,0.011201891863879647,0.01173582162407008,0.0005339297601904339,16226.767581450835,17238.315661677327,1011.548080226492,0.004396189693537845,0.00596713418152626,0.0015709444879884148,11869.023625369571,8798.230241407253,3070.7933839623183,5705.621674795334,6050.907936280073,345.28626148473904,0.0034315004933979125,0.0036220730311421877,0.0001905725377442753,0.0013661948694660025,0.0015905599788452432,0.00022436510937924072,0.0,0.0,0.0,0.0,0.0,0.0,0.0,0.0,0.0
0.231,0.061518909470322534,0.061487956575062695,3.095289525983924e-05,0.011570511453751367,0.0120662982370786,0.0004957867833272327,17286.400849225673,14754.495940213987,2531.904909011686,0.005193971798357268,0.00617735153262417,0.000983379734266902,8323.368802799027,8389.953475982878,66.58467318385192,6202.010335100876,6515.868709367851,313.85837426697526,0.0019610688661573896,0.0028299814511613744,0.0008689125850039848,0.0014961897480469122,0.0017603641502163413,0.0002641744021694291,0.0,0.0,0.0,0.0,0.0,0.0,0.0,0.0,0.0
0.232,0.061909953710315296,0.06188034431623359,2.9609394081704654e-05,0.011913727044425204,0.012445862560440488,0.0005321355160152839,12887.292200130625,10152.53771439963,2734.754485730995,0.0038009296093501357,0.004155936279331435,0.00035500666998129976,7798.103222452619,7364.396347285245,433.70687516737416,4062.1283084093648,3946.2838537218554,115.84445468750937,0.001889989320572563,0.0022287138969222173,0.0003387245763496543,0.0010875445044996662,0.001362363700182384,0.0002748191956827178,0.0,0.0,0.0,0.0,0.0,0.0,0.0,0.0,0.0
0.233,0.06229118795030805,0.06226292789248206,2.8260057825989227e-05,0.012262659288302002,0.012827924446112198,0.000565265157810196,13490.906626087839,11020.646453222065,2470.2601728657737,0.004037721742431657,0.004666730725087527,0.0006290089826558702,11372.657301817368,9759.834406008098,1612.8228958092695,4737.260695197072,4462.887369951137,274.3733252459351,0.0033333683546348043,0.004111316849424233,0.0007779484947894283,0.0012258483218502703,0.0013070058009611626,8.115747911089234e-05,0.0,0.0,0.0,0.0,0.0,0.0,0.0,0.0,0.0
0.234,0.06266261219030082,0.06263569542133597,2.6916768964851956e-05,0.012651026403831457,0.01318841029656944,0.0005373838927379831,10072.635830453804,8877.855416755676,1194.7804136981285,0.0028630465620387065,0.0033998882194127165,0.00053684165737401,9937.28041629139,8725.024290768293,1212.2561255230976,6840.341897804582,7082.046433971118,241.70453616653595,0.002718474020967582,0.003312607049902783,0.0005941330289352008,0.001659439156545464,0.0019344981725015389,0.0002750590159560748,0.0,0.0,0.0,0.0,0.0,0.0,0.0,0.0,0.0
0.23500000000000001,0.06302422643029362,0.06299865319819559,2.557323209803619e-05,0.013045228347479922,0.013573606893112647,0.0005283785456327243,11175.124631616736,8755.438268259824,2419.686363356912,0.0032316792147509886,0.0035748042980219418,0.0003431250832709532,11153.646659081729,8513.129511076722,2640.5171480050067,5510.361828527528,5495.527671168568,14.834157358959601,0.003186526005933024,0.0033204811884058184,0.00013395518247279452,0.0013644041171679913,0.0015699443660247517,0.00020554024885676044,0.0,0.0,0.0,0.0,0.0,0.0,0.0,0.0,0.0
0.23600000000000002,0.0633760306702864,0.06335180098915077,2.422968113562074e-05,0.013410338310593125,0.013940772429922917,0.0005304341193297923,12396.687751462856,10924.801676189238,1471.8860752736182,0.0036317470064467475,0.004390472982191377,0.0007587259757446297,6958.704673577802,6081.159002941193,877.5456706366094,3544.128998427803,3084.9473159107815,459.1816825170213,0.002067040171667702,0.002375489261901844,0.0003084490902341419,0.0009685331399758491,0.001074012895996318,0.0001054797560204689,0.0,0.0,0.0,0.0,0.0,0.0,0.0,0.0,0.0
0.23700000000000002,0.0637180249102792,0.06369513886975273,2.2886040526470808e-05,0.013709730856802209,0.014240389616187999,0.0005306587593857902,10907.910762666934,10050.721952283875,857.1888103830588,0.002877416644825503,0.0034560335217925808,0.0005786168769670776,10480.174828904303,9588.746855377776,891.4279735265263,5778.081298426707,5817.742950839458,39.66165241275121,0.002643479280824561,0.00314483939092264,0.0005013601100980793,0.0014381607139574404,0.0015658011336160383,0.00012764041965859785,0.0,0.0,0.0,0.0,0.0,0.0,0.0,0.0,0.0
0.23800000000000002,0.064050209150272,0.06402866676387872,2.154238639327788e-05,0.014057743976304792,0.014623921434766261,0.0005661774584614695,9795.627595979604,8380.286704465903,1415.3408915137006,0.0028648556747631307,0.0030334047449478516,0.00016854907018472092,9327.569412120534,8195.650627672383,1131.9187844481512,6045.291367558983,6525.098230359226,479.8068628002429,0.0026682579976410607,0.003026759409641341,0.00035850141200028047,0.0014487596943450298,0.001757516801776015,0.0003087571074309851,0.0,0.0,0.0,0.0,0.0,0.0,0.0,0.0,0.0
0.23900000000000002,0.0643725833902648,0.06435238484280865,2.0198547456148908e-05,0.01435233920547847,0.014914501382759278,0.0005621621772808078,11855.431601658798,10082.426203588755,1773.0053980700432,0.0034397792754997294,0.00400671054838923,0.0005669312728895006,10336.496057204837,9179.622489916936,1156.873567287901,3618.5177056331636,3515.8667932970584,102.6509123361052,0.0029922602945413627,0.0035127659915182414,0.0005205056969768787,0.0009232070929022911,0.001076368510367287,0.0001531614174649958,0.0,0.0,0.0,0.0,0.0,0.0,0.0,0.0,0.0
0.24000000000000002,0.06468514763025764,0.06466629721258968,1.8850417667956587e-05,0.014703388135312951,0.015230766744703084,0.0005273786093901323,8782.287989731105,6297.966929199061,2484.3210605320437,0.002613891139310858,0.002317451346132709,0.00029643979317814893,7807.785601888511,6196.946983371168,1610.838618517343,4017.2757887969087,3976.594258992736,40.6815298041729,0.002335128286616991,0.001983605697555276,0.00035152258906171515,0.0010442064980357992,0.001218206248313017,0.00017399975027721773,0.0,0.0,0.0,0.0,0.0,0.0,0.0,0.0,0.0
0.24100000000000002,0.06498790187025047,0.06497039509438807,1.7506775862402568e-05,0.014996899878251174,0.015545542404385642,0.0005486425261344678,10016.36943169008,9851.51471221118,164.85471947890073,0.002489683209721851,0.0035313249750976235,0.0010416417653757726,9636.69399777498,9440.259159496967,196.43483827801356,6224.74439050391,6726.862241832348,502.1178513284385,0.0024580355433212638,0.0034526768970980755,0.0009946413537768118,0.001494323556891645,0.0017810140200030717,0.00028669046311142663,0.0,0.0,0.0,0.0,0.0,0.0,0.0,0.0,0.0
0.24200000000000002,0.0652808461102433,0.06526468277141202,1.616333883128207e-05,0.015286161092690036,0.015818940243600987,0.000532779150910951,9076.861128440421,6937.072357394278,2139.7887710461437,0.0027769343705432185,0.0029635658283089323,0.00018663145776571383,6361.07951851768,6657.204041129848,296.1245226121673,4519.03502054661,4901.1950018936095,382.1599813469993,0.0016433148735439528,0.0020914898338932793,0.0004481749603493265,0.0010564954285668018,0.0012577124404857362,0.00020121701191893443,0.0,0.0,0.0,0.0,0.0,0.0,0.0,0.0,0.0
0.24300000000000002,0.06556398035023613,0.06554916080768368,1.4819542552446663e-05,0.015592385996515683,0.01613179867832293,0.0005394126818072456,7458.169172037832,7141.435236525731,316.7339355121012,0.0022372628664626137,0.00297064981433518,0.0007333869478725664,6736.005132945509,6143.123454693716,592.8816782517933,3781.075269448774,3297.6009376126053,483.47433183616886,0.0017378464520435531,0.0019835988150726605,0.00024575236302910733,0.0010212013190068012,0.0011450024242062001,0.00012380110519939888,0.0,0.0,0.0,0.0,0.0,0.0,0.0,0.0,0.0
0.24400000000000002,0.06583730459022898,0.06582382880489328,1.3475785335698154e-05,0.015828595875766474,0.016389630966921573,0.0005610350911550988,8327.22672414658,8529.2832927402,202.0565685936199,0.0023607196480070545,0.003597158771826884,0.0012364391238198296,8216.337540020899,8074.788468768706,141.54907125219324,5773.693347966598,5998.532754562402,224.83940659580458,0.0022362895520846725,0.0031906705305221284,0.000954380978437456,0.0014449956021588399,0.0017246884168180105,0.00027969281465917064,0.0,0.0,0.0,0.0,0.0,0.0,0.0,0.0,0.0
0.24500000000000002,0.06610081883022181,0.06608868703929902,1.2131790922798036e-05,0.016043300352888874,0.016607908891806078,0.0005646085389172037,11708.299273193436,10076.515490159029,1631.783783034407,0.003546714922760663,0.004270192395252024,0.0007234774724913609,8729.952598600976,8655.275131481505,74.67746711947075,5889.927158467112,6455.272747797045,565.3455893299324,0.0021885210055238445,0.0025706541653167294,0.00038213315979288487,0.001404658258384285,0.0017150708796057404,0.0003104126212214555,0.0,0.0,0.0,0.0,0.0,0.0,0.0,0.0,0.0
0.24600000000000002,0.06635452307021467,0.06634373498958504,1.0788080629625663e-05,0.016367265917239134,0.016924842578918534,0.0005575766616793994,9517.281399727626,8210.499829656854,1306.7815700707724,0.002619395303170476,0.002733960120353724,0.00011456481718324788,8389.622183347625,8014.744883148652,374.877300198973,4593.5457151296905,3928.082224312957,665.4634908167336,0.0022229358861767714,0.002663789050176836,0.00044085316400006456,0.0011800939631812896,0.0012154725340519394,3.537857087064977e-05,0.0,0.0,0.0,0.0,0.0,0.0,0.0,0.0,0.0
0.24700000000000003,0.06659841731020752,0.06658897310386491,9.444206342607009e-06,0.016589403504767546,0.01716574788978345,0.000576344385015904,9307.491161592332,9567.91415246694,260.4229908746074,0.002381571747062501,0.003097104406628368,0.0007155326595658668,9005.700064839992,9225.367871057808,219.66780621781618,4822.636515520757,4514.633935092184,308.0025804285724,0.0023626286404123315,0.00293381357916873,0.0005711849387563983,0.0012862188454951767,0.0014952194828520358,0.00020900063735685911,0.0,0.0,0.0,0.0,0.0,0.0,0.0,0.0,0.0
0.24800000000000003,0.06683250155020037,0.06682440470241716,8.096847783217731e-06,0.0168298411182568,0.017377479603648594,0.0005476384853917958,9296.517909133212,10277.08324930304,980.5653401698273,0.0021535254947326167,0.0026287924050194885,0.0004752669102868717,8922.479974409694,9856.226290171238,933.7463157615439,6467.254482876245,6680.014374288148,212.75989141190348,0.0021292371247246663,0.002523110688764934,0.0003938735640402675,0.0016161442053016246,0.0018795431455278329,0.0002633989402262083,0.0,0.0,0.0,0.0,0.0,0.0,0.0,0.0,0.0
0.24900000000000003,0.06705677579019324,0.06705002270719104,6.753083002200566e-06,0.017059175064137372,0.01763523301449201,0.0005760579503546366,9486.329380008,8294.519026556083,1191.810353451916,0.002858297514173496,0.0032825440409324485,0.0004242465267589525,9072.365600188366,8082.814422884114,989.5511773042526,5362.965747006633,5409.188064645861,46.222317639228095,0.002279924251915028,0.002101354315386209,0.00017856993652881886,0.001328109936942361,0.0014705581194120656,0.0001424481824697046,0.0,0.0,0.0,0.0,0.0,0.0,0.0,0.0,0.0
0.25,0.06727124003018611,0.06726585337360366,5.386656582451188e-06,0.017191045391155443,0.017771090383333334,0.0005800449921778902,16972.474053263668,12514.66608,4457.807973263667,0.0050203255684031795,0.005263527864,0.0002432022955968201,11818.507575749938,10437.945999,1380.5615767499385,4370.199474767177,3515.221692305641,854.9777824615358,0.003455316470035917,0.0039455348293,0.0004902183592640831,0.0011983106541024714,0.0012713434878200848,7.30328337176134e-05,0.0,0.0,0.0,0.0,0.0,0.0,0.0,0.0,0.0
0.251,0.06747589427017897,0.06747182867302806,4.0655971509095945e-06,0.017462134272805758,0.01803138522785962,0.0005692509550538627,17315.09833757732,12735.222887925509,4579.875449651812,0.005085539599872456,0.005382868884023414,0.0002973292841509578,7671.09781742036,8611.747983929195,940.6501665088354,5279.002653986419,5517.869385241641,238.86673125522157,0.0019935000382772885,0.002564815700090395,0.0005713156618131067,0.0013118232630994957,0.001558750420973365,0.0002469271578738692,0.0,0.0,0.0,0.0,0.0,0.0,0.0,0.0,0.0
0.252,0.06767073851017184,0.06766803968733193,2.698822839916626e-06,0.01770486677571361,0.018268721615181827,0.0005638548394682162,9711.428587250382,8918.970988829842,792.4575984205403,0.002151731389424672,0.0022909193213554594,0.00013918793193078757,9403.652331873658,8715.418592752645,688.2337391210131,5816.063187381265,6247.702411337397,431.6392239561319,0.002121811452746878,0.002167265832565539,4.545437981866079e-05,0.0013861249087917646,0.0016114090037720923,0.00022528409498032771,0.0,0.0,0.0,0.0,0.0,0.0,0.0,0.0,0.0
0.253,0.06785577275016473,0.06785439478285962,1.3779673051078634e-06,0.01778405217590525,0.018370816314959404,0.0005867641390541536,16706.053127106912,13115.48638478382,3590.5667423230916,0.004477758508566797,0.004559630001172889,8.187149260609206e-05,10350.483092444198,9141.185821101786,1209.2972713424115,4440.662312021294,4029.6700086361975,410.9923033850969,0.0028259186865838564,0.0032913223862334248,0.0004654036996495684,0.0011365761681743297,0.0011944637538590566,5.78875856847268e-05,0.0,0.0,0.0,0.0,0.0,0.0,0.0,0.0,0.0
0.254,0.06803099699015762,0.06803098599905001,1.09911076073832e-08,0.017994512110267515,0.018575257671916933,0.0005807455616494185,13033.946196053777,14074.783175533,1040.8369794792234,0.0035727248965833638,0.00515562516883594,0.0015829002722525759,12607.62016727213,13430.998421948245,823.378254676114,4328.218489680226,4365.381464868077,37.16297518785086,0.0035298830920767158,0.004798369705930821,0.0012684866138541052,0.001143882231415518,0.0013941665333448514,0.00025028430192933345,0.0,0.0,0.0,0.0,0.0,0.0,0.0,0.0,0.0
0.255,0.0681964112301505,0.06819772115811765,1.3099279671524577e-06,0.018194596906823377,0.01879306874375141,0.0005984718369280335,9627.002002715562,7568.332596629137,2058.6694060864256,0.0025849447763996586,0.002154923147392931,0.0004300216290067274,7589.067763391753,7481.075702574951,107.99206081680222,5242.3356018906925,5809.004928242157,566.6693263514644,0.0021689343018966682,0.0021168056781144997,5.212862378216852e-05,0.0012329447157613989,0.0014862560644405957,0.00025331134867919683,0.0,0.0,0.0,0.0,0.0,0.0,0.0,0.0,0.0
0.256,0.06835201547014338,0.06835467186778273,2.6563976393417787e-06,0.018336895447871798,0.018893617452120676,0.0005567220042488781,12491.02899724486,9610.530446782224,2880.4985504626366,0.0037202174466812086,0.003641679790341144,7.853765634006438e-05,9845.404169219679,9233.80714782956,611.5970213901182,5284.911524716052,5626.8270650297845,341.9155403137329,0.0026003510261466962,0.0033989106281026114,0.0007985596019559151,0.001261461060424336,0.00146664062408883,0.00020517956366449398,0.0,0.0,0.0,0.0,0.0,0.0,0.0,0.0,0.0
0.257,0.06849780971013629,0.06850183321374582,4.023503609534851e-06,0.018601645244952524,0.01914563966876077,0.0005439944238082479,19367.464246024545,18224.58200816678,1142.8822378577643,0.005351395392694806,0.006745650212789627,0.0013942548200948212,10073.27916721531,8743.156970452823,1330.1221967624879,3987.067707800944,3588.9334412709136,398.13426653003035,0.002705837173846206,0.0029031616892256076,0.0001973245153794015,0.0010843624830590168,0.0012351793202490847,0.00015081683719006794,0.0,0.0,0.0,0.0,0.0,0.0,0.0,0.0,0.0
0.258,0.06863379395012918,0.06863913808977469,5.344139645507839e-06,0.018634290925878216,0.01919983115770768,0.0005655402318294651,7717.477361482271,8099.7654132804655,382.28805179819483,0.0022970840598585795,0.0033242021564684997,0.0010271180966099202,7235.873115843451,6517.243803646981,718.62931219647,4286.563906670255,4931.592237658452,645.028330988197,0.0018858206047915383,0.0026592288109216437,0.0007734082061301053,0.0010539402342616283,0.0013562307228627338,0.0003022904886011055,0.0,0.0,0.0,0.0,0.0,0.0,0.0,0.0,0.0
0.259,0.06875996819012205,0.06876667987961511,6.711689493066331e-06,0.018665708553637146,0.019263924662565653,0.0005982161089285072,16844.759388438848,13902.504134479559,2942.255253959289,0.00452771673121861,0.004893285337027256,0.0003655686058086456,10800.816880994895,12215.769027383774,1414.9521463888796,5928.487600873513,6334.202171342513,405.71457046900014,0.002927553604213296,0.004173709494771502,0.0012461558905582058,0.0014200236658939399,0.0016415364893774854,0.00022151282348354556,0.0,0.0,0.0,0.0,0.0,0.0,0.0,0.0,0.0
0.26,0.06887633243011494,0.0688843647043026,8.032274187663724e-06,0.01888829939729207,0.01948343482450144,0.0005951354272093687,11260.74452373028,10771.060149514093,489.6843742161873,0.0033506052999112985,0.0037494321797697737,0.00039882687985847527,10670.478071854523,10435.997834081627,234.48023777289563,5236.891258439899,5121.699414989303,115.19184345059602,0.0027263740290040094,0.0033273742858913593,0.0006010002568873499,0.001369580969034967,0.0016188833175655854,0.0002493023485306183,0.0,0.0,0.0,0.0,0.0,0.0,0.0,0.0,0.0
0.261,0.06898288667010785,0.06899228673125558,9.400061147732397e-06,0.01897942250581331,0.019562487665936157,0.0005830651601228462,13277.304676625428,12118.1086677537,1159.1960088717278,0.0035515257483938107,0.004295970123803415,0.0007444443754096044,13058.501453163202,11939.823111375264,1118.6783417879378,3831.983793236671,3878.797721350281,46.81392811361002,0.0034203185970130747,0.004182593484133354,0.0007622748871202794,0.0010336078545303852,0.001237444166945714,0.00020383631241532884,0.0,0.0,0.0,0.0,0.0,0.0,0.0,0.0,0.0
0.262,0.06907963091010072,0.06909035143349705,1.0720523396332005e-05,0.01907660502709242,0.01963196215212627,0.0005553571250338507,10565.987898593565,9362.053255443006,1203.9346431505583,0.00316167670703654,0.003866741669456064,0.0007050649624195239,8164.77164003459,8414.838282753555,250.06664271896534,4832.3495551633,5415.983606364767,583.6340512014676,0.0019829716124212643,0.002086745920415791,0.00010377430799452664,0.0011204629958941302,0.0013246222014472212,0.00020415920555309102,0.0,0.0,0.0,0.0,0.0,0.0,0.0,0.0,0.0
0.263,0.06916656515009365,0.06917863134337371,1.2066193280063642e-05,0.01926214502535067,0.019827541137256315,0.0005653961119056437,15707.453277658835,14199.536571995355,1507.9167056634797,0.0041403619123376485,0.004699602140331857,0.0005592402279942085,10641.440955286465,10886.922221127606,245.48126584114107,6391.364331014308,6499.630484831726,108.26615381741794,0.0024977428050268055,0.003042623323395736,0.0005448805183689304,0.001559541645652766,0.0018069517310853325,0.0002474100854325664,0.0,0.0,0.0,0.0,0.0,0.0,0.0,0.0,0.0
0.264,0.06924368939008653,0.06925712346381188,1.343407372535188e-05,0.019207418701060335,0.019788332267193568,0.0005809135661332329,10995.211430252393,9555.522771610486,1439.6886586419078,0.0026053124584962967,0.002900149531049814,0.00029483707255351706,10651.567562719069,9235.849022060529,1415.7185406585395,4785.703423330504,4446.029270120478,339.6741532100259,0.0025647300373576928,0.0026413870655476175,7.665702818992473e-05,0.001302508322478526,0.0015377893398687567,0.0002352810173902307,0.0,0.0,0.0,0.0,0.0,0.0,0.0,0.0,0.0
0.265,0.06931100363007943,0.0693257579758214,1.4754345741968544e-05,0.01933341290857512,0.019904043956123326,0.000570631047548207,9810.528780410654,8935.192544383246,875.3362360274077,0.002710095202590393,0.0033245081041694,0.0006144129015790071,9749.22337473176,8580.810961024526,1168.412413707234,4110.608481214829,4339.422234464792,228.81375324996316,0.0027032479843839986,0.003235438651241648,0.0005321906668576495,0.0010315105049328833,0.0011709695926632885,0.00013945908773040517,0.0,0.0,0.0,0.0,0.0,0.0,0.0,0.0,0.0
0.266,0.06936850787007232,0.06938463043291108,1.6122562838769006e-05,0.019453158072572516,0.02002061976925639,0.0005674616966838755,14269.960474410236,13495.96788071252,773.9925936977161,0.0032096508011628415,0.003287098687186509,7.744788602366765e-05,13777.628949953847,12957.075377582922,820.5535723709254,5902.868023626932,6230.639642378903,327.7716187519709,0.003151626984149311,0.0030462411258470367,0.00010538585830227425,0.0014139317313218785,0.0015934986100316058,0.0001795668787097273,0.0,0.0,0.0,0.0,0.0,0.0,0.0,0.0,0.0
0.267,0.0694162021100652,0.06943364484799773,1.744273793252704e-05,0.019373246095538376,0.019940466393644732,0.0005672202981063558,13084.631995097856,11933.251532453545,1151.3804626443107,0.003283676109515042,0.0037474338422773842,0.0004637577327623421,12735.198599180912,11046.048848202381,1689.1497509785313,5719.449734356994,5667.722605387587,51.727128969407204,0.0031923265860649796,0.0032260067325992257,3.3680146534246017e-05,0.001437473662766593,0.001713166414753829,0.00027569275198723606,0.0,0.0,0.0,0.0,0.0,0.0,0.0,0.0,0.0
0.268,0.06945408635005812,0.06947289756311952,1.8811213061395438e-05,0.01946044045080363,0.02004696086281571,0.0005865204120120808,9069.47884839443,6610.537700994053,2458.9411474003773,0.0026834699496143762,0.0027157684301259938,3.2298480511617524e-05,6433.281653382062,5454.128610388889,979.1530429931736,3652.750897607942,3000.5136361423565,652.2372614655856,0.0016804709426376102,0.002045979834413742,0.00036550889177613174,0.0010194395338616374,0.0010445520359011339,2.511250203949644e-05,0.0,0.0,0.0,0.0,0.0,0.0,0.0,0.0,0.0
0.269,0.06948216059005101,0.0695022919227427,2.013133269168632e-05,0.01954497945274481,0.020132879088786765,0.0005878996360419546,10139.285648641078,9781.301449289364,357.9841993517148,0.0031240871672855624,0.0027682991270117393,0.000355788040273823,9380.696667354323,9588.466561096644,207.76989374232107,5382.502432768811,5428.986031663755,46.48359889494441,0.0022429046130994115,0.0027195509768139716,0.00047664636371456005,0.0012969974104037852,0.0014160438959414587,0.00011904648553767347,0.0,0.0,0.0,0.0,0.0,0.0,0.0,0.0,0.0
0.27,0.0695004248300439,0.06952190092550393,2.147609546003515e-05,0.019444311892558023,0.02003400869458469,0.000589696802026668,16057.642038535922,14815.104965093571,1242.5370734423504,0.004114297173870306,0.004649549533858315,0.0005352523599880098,15343.458949083739,13907.74957024692,1435.7093788368184,6441.503851617982,6613.963950843889,172.46009922590656,0.0037887525331428197,0.004145676544544041,0.00035692401140122133,0.0015907945488434062,0.0018626334384522663,0.00027183888960886004,0.0,0.0,0.0,0.0,0.0,0.0,0.0,0.0,0.0
0.271,0.06950887907003683,0.06953169926424876,2.2820194211931044e-05,0.019570457268809065,0.020147362011297968,0.0005769047424889033,11502.681740547667,14359.602760960399,2856.921020412732,0.0031290761149414797,0.005299374639602999,0.0021702985246615193,9223.971056067037,7878.866536479052,1345.1045195879851,3551.962280451461,3341.4289116843615,210.53336876709955,0.002447883809101379,0.0024790136728729756,3.112986377159675e-05,0.000945374664968804,0.0010872825767752337,0.00014190791180642966,0.0,0.0,0.0,0.0,0.0,0.0,0.0,0.0,0.0
0.272,0.06950752331002971,0.06953168792644836,2.4164616418645424e-05,0.0195357812235497,0.02012428310026887,0.0005885018767191677,9821.906237174308,10290.273278773973,468.36704159966575,0.0025731929457493033,0.0035759296587742286,0.0010027367130249253,6872.966671212622,6035.811766589695,837.1549046229266,3838.904792168267,3682.1841571573914,156.7206350108754,0.0018097617903605815,0.0018198791950386308,1.0117404678049342e-05,0.0010294427242136413,0.0011424720884041172,0.0001130293641904759,0.0,0.0,0.0,0.0,0.0,0.0,0.0,0.0,0.0
0.273,0.0694963575500226,0.06952189097755646,2.5533427533849795e-05,0.019453588222861865,0.020030253990018586,0.0005766657671567206,14014.21778160355,11856.00575950888,2158.212022094669,0.0037787169162266463,0.003813458681071236,3.47417648445896e-05,9545.228167569285,10237.7069138821,692.4787463128159,6014.970095608563,6360.952344992201,345.9822493836382,0.0021883502372677306,0.002506582315138931,0.00031823207787120026,0.0014428036767635552,0.0016566302084745736,0.0002138265317110184,0.0,0.0,0.0,0.0,0.0,0.0,0.0,0.0,0.0
0.274,0.06947538179001553,0.06950223496608074,2.6853176065211315e-05,0.01955571970239462,0.020147905745643836,0.0005921860432492147,15776.094757954204,12622.615431724142,3153.4793262300627,0.004736454332621524,0.0053095225648817045,0.0005730682322601802,11629.4884044804,12072.111291935675,442.6228874552744,4982.195821477357,5361.909982488311,379.71416101095383,0.0030284321774672876,0.003532015721038146,0.0005035835435708586,0.001242073529322752,0.0015442133475988646,0.00030213981827611255,0.0,0.0,0.0,0.0,0.0,0.0,0.0,0.0,0.0
0.275,0.06944459603000842,0.06947281836069923,2.822233069080249e-05,0.01943825398072179,0.02002192997816512,0.0005836759974433281,8820.079998661648,7027.319724953455,1792.7602737081925,0.0024261550437153093,0.0029170976083345377,0.0004909425646192284,6725.801722994465,5057.702993449039,1668.098729545426,2363.704061716447,2020.4289168106789,343.27514490576823,0.0019088003172069686,0.002087665942108577,0.0001788656249016086,0.0006766839973395039,0.0007254164751862754,4.873247784677149e-05,0.0,0.0,0.0,0.0,0.0,0.0,0.0,0.0,0.0
0.276,0.06940400027000132,0.06943354224412976,2.954197412843862e-05,0.019322965250921795,0.019928400766791247,0.0006054355158694527,11485.949414002012,11200.12873025005,285.82068375196286,0.00288837191654021,0.003362271163269636,0.00047389924672942623,11042.50573818583,10929.386545843465,113.11919234236484,4946.6432186747725,5434.880741909732,488.23752323495955,0.0028671501367884818,0.003269216256935731,0.0004020661201472493,0.0012111929609837035,0.001480516020115911,0.0002693230591322075,0.0,0.0,0.0,0.0,0.0,0.0,0.0,0.0,0.0
0.277,0.06935359450999426,0.0693844803581104,3.0885848116141146e-05,0.01941915258079615,0.020017777507838536,0.0005986249270423863,22602.36967876584,20352.37794842644,2249.9917303393995,0.006263970633417199,0.007014189910430829,0.0007502192770136307,9099.43410037021,11001.942930931073,1902.5088305608624,5834.681403990382,6308.849913608303,474.1685096179208,0.0023189507664766514,0.0034114584641378068,0.0010925076976611553,0.0014057531792671773,0.0016561169945545386,0.00025036381528736125,0.0,0.0,0.0,0.0,0.0,0.0,0.0,0.0,0.0
0.278,0.06929337874998714,0.06932560982767265,3.223107768550448e-05,0.019279240430553866,0.01988043439100184,0.0006011939604479745,6560.408439446065,6901.826681805311,341.4182423592456,0.001796692385456533,0.0025143573775226746,0.0007176649920661417,6459.921326853623,6733.643164830626,273.7218379770029,3300.0378731792484,3437.2686157734074,137.23074259415898,0.0016508015041888013,0.0017458080671316821,9.50065629428808e-05,0.0008717331065797759,0.0010307520412173772,0.00015901893463760128,0.0,0.0,0.0,0.0,0.0,0.0,0.0,0.0,0.0
0.279,0.06922335298998006,0.0692569276269484,3.3574636968347615e-05,0.01918873171020869,0.019788238182789377,0.000599506472580686,10649.032170020531,8375.390766112148,2273.641403908383,0.002538950962876711,0.0024655769088707063,7.337405400600471e-05,10425.10088006388,8132.037325691149,2293.0635543727303,4109.045336303548,3948.0005584854816,161.044777818066,0.002439241627117778,0.002199170500739335,0.000240071126378443,0.001108339368503847,0.001280353132772126,0.0001720137642682788,0.0,0.0,0.0,0.0,0.0,0.0,0.0,0.0,0.0
0.28,0.06914351722997297,0.06917846135429331,3.4944124320340775e-05,0.019162323975345417,0.01979123337919496,0.000628909403849541,17082.55239421931,16763.37354985198,319.17884436732857,0.004401550594088067,0.0051678420143338455,0.0007662914202457788,16965.873112662186,16434.25360437583,531.619508286356,5869.46008704404,6358.578702255002,489.11861521096216,0.004394930440761661,0.005099415974170556,0.0007044855334088955,0.0014387328665662628,0.0017438925525704464,0.0003051596860041835,0.0,0.0,0.0,0.0,0.0,0.0,0.0,0.0,0.0
0.281,0.06905387146996586,0.06909013490971974,3.62634397538808e-05,0.018934412413789736,0.019552539768390182,0.0006181273546004458,19403.766422173274,19861.723559862483,457.95713768920905,0.005345584352022957,0.007043236223045146,0.001697651871022189,12348.475563124815,10215.805974999827,2132.669588124989,5334.3085150986735,5428.1137539336,93.80523883492606,0.0036663711823947545,0.0035856462702361994,8.072491215855519e-05,0.0013170396642591252,0.0014522443983000237,0.00013520473404089847,0.0,0.0,0.0,0.0,0.0,0.0,0.0,0.0,0.0
0.28200000000000003,0.06895441570995879,0.06899204901769451,3.7633307735721044e-05,0.01894283370844343,0.01955798259335599,0.0006151488849125593,18118.375781069626,11991.714288658906,6126.66149241072,0.005266137962822002,0.0050152923167713775,0.00025084564605062486,5643.1972912809915,4749.648743975827,893.5485473051649,2979.5808240457945,2563.1600640331994,416.4207600125951,0.001622432664401062,0.0016431100687479105,2.0677404346848517e-05,0.0008223324390029819,0.0009066791384997213,8.43466994967394e-05,0.0,0.0,0.0,0.0,0.0,0.0,0.0,0.0,0.0
0.28300000000000003,0.06884514994995168,0.06888410249723648,3.895254728479569e-05,0.0189272837206662,0.019512907678104683,0.0005856239574384831,14149.960368428248,12294.933980253669,1855.0263881745796,0.003859271558992406,0.004081684515283297,0.00022241295629089148,13917.074499595745,12254.06571011438,1663.0087894813641,5668.802756930827,5862.347848315239,193.54509138441244,0.003636378865086285,0.003802957974857761,0.0001665791097714758,0.0014377168065499355,0.001780177355691932,0.0003424605491419966,0.0,0.0,0.0,0.0,0.0,0.0,0.0,0.0,0.0
0.28400000000000003,0.06872607418994463,0.06876636972615333,4.029553620869819e-05,0.018671094135477535,0.019266640152391178,0.000595546016913643,11834.1760653805,11936.776993439904,102.6009280594044,0.0026388416339002204,0.0033955920954103136,0.0007567504615100932,11393.8873400742,11737.13576901034,343.24842893614004,5766.5221619432605,6268.315229296303,501.7930673530427,0.0025968950381279094,0.003384784266718562,0.0007878892285906524,0.0013929130391337888,0.00165723923763232,0.00026432619849853125,0.0,0.0,0.0,0.0,0.0,0.0,0.0,0.0,0.0
0.28500000000000003,0.06859718842993753,0.06863883042933877,4.164199940123736e-05,0.01856944196115548,0.019195063100035124,0.0006256211388796437,10002.650365602232,9906.533140266743,96.11722533548891,0.0026926611901917146,0.0031746034334183817,0.00048194224322666707,9889.45880050603,9810.955877142429,78.50292336360144,4514.198824773998,4272.564284728481,241.6345400455175,0.0024813844167521537,0.002883140666860698,0.0004017562501085442,0.001147940853947434,0.0012326977422168958,8.475688826946174e-05,0.0,0.0,0.0,0.0,0.0,0.0,0.0,0.0,0.0
0.28600000000000003,0.06845849266993043,0.06850147734646504,4.2984676534615907e-05,0.01844901611488418,0.019091753083744084,0.0006427369688599034,12236.881161656645,10386.437108683629,1850.4440529730164,0.003373815010536394,0.003832346558711981,0.00045853154817558726,9677.562922747857,8188.9693270377,1488.5935957101565,4333.775442110048,3906.2485836756787,427.5268584343694,0.0028951564670680057,0.0027940414649865386,0.00010111500208146709,0.0011233030894001067,0.0012775313844842894,0.00015422829508418274,0.0,0.0,0.0,0.0,0.0,0.0,0.0,0.0,0.0
0.28700000000000003,0.06830998690992336,0.06835434173397313,4.4354824049769315e-05,0.018235340303692525,0.018854292996883546,0.000618952693191021,12091.616818068525,11706.197938710797,385.41887935772866,0.0033579870022830724,0.0038550789876895097,0.0004970919854064373,10459.6966741337,10591.647586192506,131.95091205880635,6054.316250195029,6614.418943757263,560.102693562234,0.00261316598927827,0.0029763520682734215,0.0003631860789951513,0.001476872237332473,0.0018403282730501667,0.0003634560357176936,0.0,0.0,0.0,0.0,0.0,0.0,0.0,0.0,0.0
0.28800000000000003,0.06815167114991627,0.06819734491485153,4.567376493526398e-05,0.018223985455741058,0.01883732640727938,0.0006133409515383208,9692.408455690129,9444.105827178702,248.30262851142652,0.0023384114748936373,0.0024111742861456526,7.27628112520153e-05,9517.901623264735,9151.68237644198,366.21924682275494,5021.673314995613,5329.457028690246,307.78371369463366,0.002255756832101529,0.002258209592218582,2.4527601170530773e-06,0.0012052609451501902,0.0013276377574388612,0.000122376812288671,0.0,0.0,0.0,0.0,0.0,0.0,0.0,0.0,0.0
0.28900000000000003,0.06798354538990918,0.06803058971431152,4.7044324402334414e-05,0.01798332929126498,0.018589651293869115,0.0006063220026041351,9529.266750508963,8635.807893495323,893.4588570136402,0.002550281245985351,0.0028398856623782095,0.0002896044163928583,9491.386757024069,8406.664580093875,1084.722176930194,3718.9518013194993,3314.6258777435696,404.32592357592966,0.0025477231488661603,0.0028033283160138712,0.00025560516714771093,0.0009819792542611686,0.0010886478292636036,0.00010666857500243507,0.0,0.0,0.0,0.0,0.0,0.0,0.0,0.0,0.0
0.29000000000000004,0.06780560962990212,0.06785397275057241,4.836312067028892e-05,0.01773007797869927,0.018355187072973695,0.0006251090942744238,9653.173908285773,9902.503786780133,249.32987849435995,0.002519585216886037,0.0030432411330759152,0.0005236559161898783,9615.94879617623,9739.692538461843,123.74374228561283,5139.375128911995,5074.757446485409,64.61768242658582,0.0023718774458681433,0.00266530574799732,0.0002934283021291768,0.0013394243792205916,0.001543843587050934,0.0002044192078303423,0.0,0.0,0.0,0.0,0.0,0.0,0.0,0.0,0.0
0.29100000000000004,0.06761786386989505,0.06766756897929851,4.9705109403469505e-05,0.01764756637315554,0.01828237643228581,0.0006348100591302697,7631.862373856123,9148.885453233563,1517.02307937744,0.0018212987061337388,0.00210638643440038,0.00028508772826664106,7629.173183077437,8906.46229645848,1277.2891133810426,5538.299340222161,6095.332804013717,557.0334637915557,0.001799844871661502,0.0020137705316160635,0.0002139256599545615,0.0013271789725286592,0.001530009200489191,0.00020283022796053173,0.0,0.0,0.0,0.0,0.0,0.0,0.0,0.0,0.0
0.29200000000000004,0.06742030810988797,0.06747136078644002,5.105267655204637e-05,0.017416843986692254,0.01803057418721408,0.0006137302005218281,9994.158838114528,8248.287081818757,1745.8717562957718,0.0027118302023418643,0.002763755432262005,5.192522992014063e-05,9609.56932820607,8224.34282337465,1385.2265048314184,4880.122052522774,4670.533542912529,209.58850961024473,0.0023522656857430197,0.002475936451136106,0.00012367076539308635,0.0012484439784504876,0.0013848495450528146,0.00013640556660232694,0.0,0.0,0.0,0.0,0.0,0.0,0.0,0.0,0.0
0.29300000000000004,0.06721294234988091,0.0672653369453328,5.239459545187952e-05,0.0171729014630062,0.017793004488835012,0.0006201030258288116,9527.627588521565,8393.260869798505,1134.3667187230603,0.002625129447858608,0.0026104672009599106,1.4662246898697589e-05,8930.85334531966,8233.141256715222,697.7120886044377,3847.6315892749435,3723.847165344075,123.78442393086834,0.002322674883086274,0.0025804598309933824,0.0002577849479071083,0.0010194741747814888,0.0012490235058427214,0.00022954933106123258,0.0,0.0,0.0,0.0,0.0,0.0,0.0,0.0,0.0
0.29400000000000004,0.06699576658987386,0.0670495320777539,5.376548788003921e-05,0.01703604146122751,0.017673033524760767,0.0006369920635332579,11741.373407516621,9377.638949390714,2363.7344581259076,0.0035865145891348423,0.003575239111071237,1.1275478063605456e-05,8046.165777524285,9351.289806281402,1305.1240287571172,5129.965328374413,5662.178653239267,532.2133248648543,0.0021614732552310023,0.002773265933407598,0.0006117926781765959,0.0012517970571312026,0.0014704189824579867,0.00021862192532678417,0.0,0.0,0.0,0.0,0.0,0.0,0.0,0.0,0.0
0.29500000000000004,0.0667687808298668,0.06682386479982445,5.50839699576533e-05,0.01672318474742992,0.01735745736545243,0.0006342726180225099,14773.561961466368,12038.46601869255,2735.095942773818,0.004181137285376843,0.0044898960216951675,0.00030875873631832414,7464.737053832,8022.037077911933,557.3000240799329,5447.6259063999905,5737.804873293417,290.17896689342615,0.0017100517178479959,0.002016645484439097,0.0003065937665911011,0.0013064379974388313,0.0014507802534320631,0.00014434225599323182,0.0,0.0,0.0,0.0,0.0,0.0,0.0,0.0,0.0
0.29600000000000004,0.06653198506985973,0.06658844042629916,5.645535643943045e-05,0.01656324213008364,0.017182805463546134,0.0006195633334624938,8468.862793465067,7448.702278371347,1020.1605150937194,0.0023495730240737727,0.0027912766797495853,0.0004417036556758126,8227.624390348754,7138.242417730757,1089.3819726179972,4448.46422908014,4404.932130999057,43.53209808108295,0.0023077521869227036,0.002670560082259147,0.0003628078953364436,0.0011878352257125755,0.0014909994205782734,0.0003031641948656979,0.0,0.0,0.0,0.0,0.0,0.0,0.0,0.0,0.0
0.29700000000000004,0.06628537930985268,0.0663431530090224,5.7773699169719195e-05,0.016372341320321518,0.016982667842675707,0.000610326522354189,12534.936627553423,12826.351101056167,291.41447350274393,0.00354876354698261,0.004154671320726136,0.000605907773743526,10981.406238075284,11187.145661261124,205.73942318583977,4139.2079405296345,4174.925359815573,35.71741928593838,0.0031610254370926703,0.004131594505257762,0.0009705690681650922,0.0010971729698722196,0.0012499276590592374,0.00015275468918701774,0.0,0.0,0.0,0.0,0.0,0.0,0.0,0.0,0.0
0.29800000000000004,0.06602896354984564,0.06608807857430693,5.9115024461292576e-05,0.01602199039606038,0.01661456926867725,0.000592578872616871,11026.86645554382,9254.81786110592,1772.0485944379016,0.003309570501754478,0.003797266793807168,0.0004876962920526899,9504.245171221704,9016.645249202767,487.5999220189369,5776.478628076427,6255.921215641543,479.4425875651159,0.0028388930674051126,0.0034766034184007884,0.0006377103509956758,0.0014114708617239955,0.0016316250972745706,0.0002201542355505751,0.0,0.0,0.0,0.0,0.0,0.0,0.0,0.0,0.0
0.29900000000000004,0.06576273778983859,0.06582320142901962,6.046363918103814e-05,0.01577929462383882,0.016406739218726502,0.0006274445948876821,9951.626324074894,9367.570924095586,584.0553999793083,0.0023715212583006275,0.002657303207749302,0.00028578194944867434,9546.003865706956,8953.490728250503,592.5131374564535,5147.9786237049775,5165.284332189156,17.305708484178467,0.0023457798416005858,0.0025670086271521483,0.00022122878555156256,0.0013025852456926793,0.0015190422096587985,0.00021645696396611924,0.0,0.0,0.0,0.0,0.0,0.0,0.0,0.0,0.0
0.30000000000000004,0.06548670202983155,0.06554850669566814,6.180466583659283e-05,0.015522901264848461,0.01614541559153617,0.0006225143266877092,17018.82787730444,13174.13892134687,3844.68895595757,0.005129710125008628,0.005564958147801334,0.00043524802279270615,9978.493775375307,8690.442381211886,1288.0513941634217,3742.075515707834,3701.8259211015193,40.24959460631453,0.0027720942372937755,0.0031318278662898612,0.0003597336289960858,0.0010335037943973694,0.0013101662143604987,0.0002766624199631294,0.0,0.0,0.0,0.0,0.0,0.0,0.0,0.0,0.0
0.30100000000000005,0.06520085626982451,0.06526401020840783,6.315393858331853e-05,0.015164076391309664,0.015791978165067045,0.0006279017737573812,14868.070786085269,13479.463774674075,1388.6070114111935,0.004270781315700396,0.004579421707185337,0.00030864039148494147,11088.35524535903,10162.89678975304,925.458455605989,5556.172603127746,5543.343651345246,12.828951782499644,0.0030392793276453763,0.003306259689034575,0.0002669803613891985,0.0014073140098511993,0.0014857166277674335,7.840261791623422e-05,0.0,0.0,0.0,0.0,0.0,0.0,0.0,0.0,0.0
0.30200000000000005,0.06490520050981748,0.0649696953858929,6.449487607541882e-05,0.01494167278637349,0.015565890098554032,0.0006242173121805417,11125.731863422216,8464.59175924875,2661.140104173466,0.0032954624910502624,0.0033607566513866264,6.5294160336364e-05,8255.057558017901,8233.904167319093,21.153390698807925,6090.644301752964,6280.546509970354,189.90220821739058,0.0024324626965084436,0.002328564857545597,0.00010389783896284661,0.0014644659911117548,0.0016507534026540824,0.0001862874115423276,0.0,0.0,0.0,0.0,0.0,0.0,0.0,0.0,0.0
0.30300000000000005,0.06459973474981046,0.06466560138726528,6.58666374548228e-05,0.014627777505418934,0.015252266201763698,0.0006244886963447643,16463.70546213338,14192.451489336809,2271.2539727965723,0.004705113105878577,0.005619052638449689,0.0009139395325711121,12012.179971067366,11211.306293640107,800.8736774272584,4853.626413559756,4368.5222106072,485.1042029525561,0.0035659669490358,0.004680161314893768,0.0011141943658579678,0.0012592686138327648,0.0014259504115628323,0.00016668179773006745,0.0,0.0,0.0,0.0,0.0,0.0,0.0,0.0,0.0
0.30400000000000005,0.06428445898980348,0.06435164371763341,6.718472782993312e-05,0.014315548712954086,0.01491765061608558,0.0006021019031314939,16514.449657028163,14107.339516672342,2407.1101403558205,0.004929260176609303,0.0060138863740326655,0.0010846261974233624,6435.045091438055,6136.447588316142,298.5975031219132,3464.6092599331646,3506.194695813308,41.58543588014345,0.0017474881692500777,0.001881736078901543,0.00013424790965146536,0.0009389184915683025,0.0010389514945620976,0.00010003300299379512,0.0,0.0,0.0,0.0,0.0,0.0,0.0,0.0,0.0
0.30500000000000005,0.06395937322979645,0.06402793019654043,6.855696674398781e-05,0.014049965218830146,0.014674481577662305,0.0006245163588321587,13108.440267291655,12015.506314039541,1092.9339532521135,0.003528338305420313,0.004621604504570535,0.0010932661991502222,11875.042090659865,10936.350550707353,938.6915399525114,6025.87521748034,6295.816438550704,269.941221070364,0.0035217455231352744,0.0036075372183934093,8.579169525813491e-05,0.0014722802153904696,0.0016364617845931444,0.0001641815692026748,0.0,0.0,0.0,0.0,0.0,0.0,0.0,0.0,0.0
0.30600000000000005,0.06362447746978944,0.06369435214950026,6.987467971081296e-05,0.013619009177226814,0.014233279999578047,0.0006142708223512323,10200.940841329642,8484.577369279565,1716.3634720500777,0.0028332913871940424,0.003220137177571056,0.00038684579037701365,7629.599458865923,7772.617524550711,143.01806568478787,5354.651327436826,5556.662274033194,202.01094659636783,0.002215938844464545,0.002395110385491195,0.00017917154102665023,0.0013016729611324068,0.0015580159711239235,0.00025634300999151675,0.0,0.0,0.0,0.0,0.0,0.0,0.0,0.0,0.0
0.30700000000000005,0.06327977170978245,0.06335098643202236,7.121472223990677e-05,0.013230288272013719,0.013876643929495886,0.0006463556574821672,10388.972002276229,12372.885483692466,1983.9134814162371,0.002974471972079228,0.005099532011156215,0.002125060039076987,5159.00005264799,4896.73582731955,262.26422532844026,3251.70799475554,2996.442212154812,255.26578260072802,0.0015807570588653305,0.002053160957953295,0.0004724038990879644,0.0009143615343242896,0.0010744283960168932,0.0001600668616926036,0.0,0.0,0.0,0.0,0.0,0.0,0.0,0.0,0.0
0.30800000000000005,0.06292525594977548,0.06299782084987014,7.256490009466265e-05,0.012922639598551498,0.013568976579344345,0.0006463369807928471,10762.691206534724,8754.305594113424,2008.3856124212998,0.003075462085979576,0.0028934520438580165,0.00018201004212155952,7464.31038798605,7001.1134102422875,463.19697774376255,4723.483072840837,5153.161572733332,429.678499892495,0.0016883971218937992,0.0026390632915692207,0.0009506661696754215,0.0011984959894115004,0.001412952954499837,0.00021445696508833652,0.0,0.0,0.0,0.0,0.0,0.0,0.0,0.0,0.0
0.30900000000000005,0.0625609301897685,0.06263483445434528,7.390426457679067e-05,0.012554967129354406,0.013188350039856507,0.0006333829105021008,7344.282812244077,8216.417564092051,872.1347518479743,0.0020391917775674988,0.0024306849630574335,0.00039149318548993475,7275.006143154682,7883.657922210166,608.6517790554844,5593.810888191301,6397.412015099451,803.60112690815,0.0017008095037742664,0.002403055143958401,0.0007022456401841346,0.0013210159979552645,0.001659255489130439,0.0003382394911751745,0.0,0.0,0.0,0.0,0.0,0.0,0.0,0.0,0.0
0.31,0.06218679442976152,0.06226207117565041,7.527674588889144e-05,0.012210393687782255,0.01283733933151607,0.0006269456437338148,7601.787971713544,6973.883967047685,627.9040046658592,0.0017911776624730152,0.0023844015714722974,0.0005932239089992822,7350.094597856092,6915.872560639032,434.22203721706046,3899.5005270914644,3669.1422704777297,230.35825661373474,0.0017685635552694278,0.0023816593719445324,0.0006130958166751046,0.0010043902909600817,0.0010967596370180664,9.23693460579847e-05,0.0,0.0,0.0,0.0,0.0,0.0,0.0,0.0,0.0
0.311,0.06180284866975457,0.061879443189446076,7.659451969150438e-05,0.011805494558729179,0.012460969350875005,0.000655474792145826,5551.638823992539,5967.17922678344,415.54040279090077,0.001615205431547525,0.00232957536429101,0.0007143699327434852,5493.402349617525,5928.668815141664,435.26646552413877,3592.6830467144596,3666.269068480437,73.58602176597742,0.0015511064719752885,0.0022516646188582424,0.0007005581468829539,0.0010090533768273063,0.001231179244438083,0.00022212586761077673,0.0,0.0,0.0,0.0,0.0,0.0,0.0,0.0,0.0
0.312,0.061409092909747616,0.061487060129096355,7.796721934873879e-05,0.011337371040090725,0.011993457780792402,0.0006560867407016772,9537.453548612224,8523.205434925934,1014.2481136862898,0.002625384821596949,0.0033343988063960946,0.0007090139847991455,7872.2456107970775,8006.871348146658,134.62573734958096,5848.833992560705,6504.856739664661,656.0227471039561,0.0023503169015172557,0.0031938739067064745,0.0008435570051892188,0.0014222128833675917,0.001741162740234337,0.0003189498568667453,0.0,0.0,0.0,0.0,0.0,0.0,0.0,0.0,0.0
0.313,0.061005527149740675,0.06108481193407963,7.92847843389538e-05,0.011014670500761074,0.011683188401302747,0.0006685179005416729,9581.391052000696,10038.590732865243,457.1996808645472,0.0023788192261500704,0.0031412800088632875,0.0007624607827132171,9245.43105321473,9657.78302840836,412.3519751936292,5375.443443014304,5695.837880875679,320.3944378613751,0.002329565609783233,0.0029500809401071747,0.0006205153303239417,0.001303259651291052,0.0015654501137639038,0.0002621904624728517,0.0,0.0,0.0,0.0,0.0,0.0,0.0,0.0,0.0
0.314,0.060592151389733756,0.06067277561071672,8.062422098296246e-05,0.01059264844744999,0.01123946950488295,0.00064682105743296,6124.7268528219565,5280.1711626414935,844.555690180463,0.001711922052670537,0.0022339285871633874,0.0005220065344928504,6016.546004030094,5141.980332587426,874.5656714426677,3984.403853139165,3316.514104105807,667.8897490333584,0.0016177432057301305,0.0021954652588169624,0.0005777220530868319,0.0011158120023470964,0.0011572846217326575,4.147261938556115e-05,0.0,0.0,0.0,0.0,0.0,0.0,0.0,0.0,0.0
0.315,0.06016896562972684,0.06025094064680175,8.197501707490895e-05,0.01014783156005569,0.01079065195629601,0.0006428203962403189,6701.843694197845,6910.606744474411,208.763050276566,0.0018729399682158251,0.0020257461511042404,0.00015280618288841526,6474.408168161327,6646.856164205208,172.44799604388118,5034.628748718115,5212.976966309503,178.34821759138777,0.001772752114933086,0.0019637192357280773,0.0001909671207949912,0.0012626621721833029,0.0014784748048899776,0.00021581263270667472,0.0,0.0,0.0,0.0,0.0,0.0,0.0,0.0,0.0
0.316,0.059735969869719914,0.05981928371389385,8.331384417393367e-05,0.009709918663173627,0.010377624879855624,0.0006677062166819975,11254.810964285798,9874.012535366794,1380.7984289190044,0.0033341509324358387,0.004107457118404158,0.0007733061859683194,10398.493993918713,9086.346060934988,1312.1479329837257,6580.357233942104,6923.631558933958,343.274324991854,0.0027910456981583504,0.0038615263798803135,0.0010704806817219631,0.0015876424282523854,0.0018533433207441382,0.0002657008924917528,0.0,0.0,0.0,0.0,0.0,0.0,0.0,0.0,0.0
0.317,0.05929316410971304,0.059377851332065516,8.468722235247667e-05,0.00924453566035822,0.00991528418669532,0.0006707485263371012,12000.388335721027,8852.064872980542,3148.3234627404854,0.0033966877769963885,0.0035428093056101085,0.00014612152861372,8154.409086137691,6872.878805466082,1281.530280671609,4619.093829123813,4265.182692253853,353.9111368699596,0.002379199357773226,0.0024515323992648145,7.233304149158876e-05,0.001207613138935591,0.001280157887866578,7.254474893098701e-05,0.0,0.0,0.0,0.0,0.0,0.0,0.0,0.0,0.0
0.318,0.05884054834970615,0.05892655278416194,8.600443445578448e-05,0.00883065475637156,0.009489374760550031,0.0006587200041784716,12933.268036879697,11542.094568267397,1391.1734686123,0.0037910997730924464,0.004658991155142055,0.0008678913820496085,10002.737407892519,8032.999444510091,1969.7379633824276,4221.245524824083,3801.0494671230376,420.19605770104545,0.0031275340811355566,0.003491650546103954,0.0003641164649683974,0.001185436387678392,0.001317971123933497,0.00013253473625510497,0.0,0.0,0.0,0.0,0.0,0.0,0.0,0.0,0.0
0.319,0.0583781225896993,0.05846550052420101,8.737793450171172e-05,0.008413928231307335,0.009075681251155637,0.0006617530198483011,9821.625103731525,10012.60928300542,190.98417927389528,0.0026613285692939615,0.0030837641478413916,0.0004224355785474301,9456.132264334236,9613.100116176218,156.96785184198234,5628.216880146571,6049.438059031739,421.2211788851673,0.0022976400753888086,0.0026601339748453185,0.0003624938994565099,0.001363935597009206,0.0015855192413838561,0.00022158364437465002,0.0,0.0,0.0,0.0,0.0,0.0,0.0,0.0,0.0
0.32,0.05790588682969244,0.05799458150285382,8.869467316137414e-05,0.007840639889480541,0.00850832300734175,0.0006676831178612092,9275.733049093747,8216.136590459766,1059.5964586339815,0.0025054914522665756,0.003494916094055314,0.0009894246417887385,8501.733552828382,7914.789046387559,586.9445064408228,5484.127851379541,5765.777706819841,281.6498554402997,0.002371220246844155,0.0033248572551678726,0.0009536370083237174,0.001304469681309265,0.0014611313994595811,0.00015666171815031612,0.0,0.0,0.0,0.0,0.0,0.0,0.0,0.0,0.0
0.321,0.05742384106968561,0.05751387404928629,9.003297960068213e-05,0.007397007402858093,0.008078073381821725,0.0006810659789636322,14313.47655338642,11460.907466736222,2852.5690866501973,0.0038520656738616605,0.004146917878866911,0.00029485220500525015,14035.789573296172,11345.895255265017,2689.8943180311544,3588.2694415041697,2906.7330182305827,681.5364232735869,0.003784890964449796,0.003936961333340755,0.00015207036889095926,0.0010422916360853772,0.0010653998634214254,2.310822733604819e-05,0.0,0.0,0.0,0.0,0.0,0.0,0.0,0.0,0.0
0.322,0.05693198530967879,0.05702337055340779,9.138524372900164e-05,0.006918352181184553,0.007601283095686296,0.0006829309145017434,8624.138267231863,7573.107683359231,1051.0305838726326,0.0025981448812051116,0.0025303371014477284,6.780777975738325e-05,7059.979895272573,7239.579490427864,179.59959515529044,4270.11258563789,4655.6870868829255,385.5745012450352,0.0017095828924871684,0.002096601565020244,0.0003870186725330757,0.0011112931451624003,0.0013748108037262298,0.00026351765856382956,0.0,0.0,0.0,0.0,0.0,0.0,0.0,0.0,0.0
0.323,0.05643031954967198,0.056523042708451904,9.272315877992265e-05,0.006419570053877464,0.007066494080021031,0.0006469240261435666,13781.51073016428,9992.991802203902,3788.5189279603783,0.004137132094689722,0.004165356318307471,2.8224223617748755e-05,9197.40876936646,9247.870038776184,50.46126940972317,5859.417936042698,6237.540600476816,378.1226644341177,0.0020413782184972697,0.0024430835302866522,0.00040170531178938254,0.001399132857738347,0.0015997954187466274,0.00020066256100828052,0.0,0.0,0.0,0.0,0.0,0.0,0.0,0.0,0.0
0.324,0.0559188437896652,0.05601294065712999,9.409686746479629e-05,0.005951016248218638,0.00660680309270153,0.0006557868444828918,19189.79566876787,15166.23838338958,4023.5572853782905,0.005455791819422517,0.005746767692183529,0.0002909758727610125,8466.575132070695,8132.525890264922,334.0492418057729,4237.6631496214495,4314.749705669523,77.08655604807336,0.002221208539846294,0.0025951893109233226,0.0003739807710770285,0.0010996531952854535,0.001212877712054943,0.00011322451676948949,0.0,0.0,0.0,0.0,0.0,0.0,0.0,0.0,0.0
0.325,0.05539755802965842,0.055492971522594435,9.541349293601398e-05,0.005377110117113129,0.00604141514951362,0.0006643050324004907,10507.709214226665,10023.82761652207,483.88159770459424,0.0029123248292138464,0.003671663887563324,0.0007593390583494775,10445.974482992746,9858.112066194302,587.8624167984435,3204.779887102525,3117.7336104665756,87.04627663594965,0.0027915020829863647,0.003558502886988899,0.0007670008040025341,0.000909272239478755,0.0010627679613973014,0.00015349572191854645,0.0,0.0,0.0,0.0,0.0,0.0,0.0,0.0,0.0
0.326,0.05486646226965167,0.05496324976839439,9.678749874272169e-05,0.00481339320830901,0.005493401654351881,0.0006800084460428712,10490.49011606217,9646.964926095818,843.5251899663526,0.0029763622692697256,0.003566569163673322,0.0005902068944035966,7112.980054438141,7296.377834872445,183.39778043430397,5125.25772950811,5643.7947809701645,518.5370514620545,0.0018506878921679443,0.0019788582486634423,0.00012817035649549799,0.001206576680566784,0.0014664750522347433,0.0002598983716679594,0.0,0.0,0.0,0.0,0.0,0.0,0.0,0.0,0.0
0.327,0.05432555650964493,0.05442366028019286,9.810377054793318e-05,0.004364601521076053,0.005039118744148365,0.0006745172230723118,12528.718930087378,12130.684398226738,398.0345318606396,0.003074577789623701,0.0037586182811849547,0.0006840404915612538,12448.457838821245,11968.42579196562,480.0320468556256,5651.858415140121,5992.797697841885,340.93928270176366,0.0030231398152498153,0.003467424759788259,0.00044428494453844364,0.0013834448803993664,0.001609020533691523,0.00022557565329215648,0.0,0.0,0.0,0.0,0.0,0.0,0.0,0.0,0.0
0.328,0.053774840749638224,0.05387428176748359,9.94410178453628e-05,0.003762304501513252,0.0044280326052777924,0.0006657281037645403,7973.363900678468,7288.960762571417,684.4031381070508,0.0019976575871001327,0.00205081151367652,5.315392657638746e-05,7953.133288291694,7125.543093127809,827.5901951638853,3949.345248532608,3680.446560542003,268.8986879906047,0.0019950258538817176,0.0020383042724879167,4.3278418606199076e-05,0.001115125112411254,0.0012731303876379165,0.00015800527522666255,0.0,0.0,0.0,0.0,0.0,0.0,0.0,0.0,0.0
0.329,0.05321431498963153,0.05331511054155775,0.00010079555192622075,0.0032309531437044008,0.0038741471787559576,0.0006431940350515569,13199.182153613301,11281.869100007933,1917.3130536053686,0.003911127320226542,0.004576100476956903,0.0006649731567303615,8813.594167980305,7051.528827277649,1762.0653407026566,4026.260128650901,4566.052141841641,539.7920131907399,0.0026835856628795603,0.00294548301999424,0.0002618973571146795,0.0010362028351063564,0.0013343093849658148,0.00029810654985945833,0.0,0.0,0.0,0.0,0.0,0.0,0.0,0.0,0.0
0.33,0.052643979229624854,0.05274611108289465,0.00010213185326979346,0.0027221660471724377,0.0033837067438034036,0.000661540696630966,15341.066895502385,15052.511008842856,288.5558866595293,0.004312872278931744,0.005314324356851842,0.0010014520779200982,8918.408198345925,7349.531430577848,1568.8767677680771,5633.554195169871,6095.997542741435,462.4433475715641,0.0020688066205783342,0.0021888312646876837,0.00012002464410934945,0.0013376373555786891,0.0015098435106456502,0.00017220615506696106,0.0,0.0,0.0,0.0,0.0,0.0,0.0,0.0,0.0
0.331,0.05206383346961819,0.052167302377387474,0.00010346890776928575,0.002078069935787581,0.0027182778225204643,0.0006402078867328831,15317.456402694108,14882.292750777371,435.16365191673685,0.004114689932636331,0.005313465618724754,0.0011987756860884222,11638.977898337671,10823.984798405138,814.9930999325334,5134.58778112654,5174.138974210551,39.551193084011175,0.0031500737542571318,0.003618138283185664,0.0004680645289285323,0.0013331670416992715,0.0015372049004489284,0.0002040378587496569,0.0,0.0,0.0,0.0,0.0,0.0,0.0,0.0,0.0
0.332,0.05147387770961155,0.051578701444293884,0.00010482373468233275,0.0015079095803676897,0.0021720536696631437,0.000664144089295454,12501.874221699738,11094.47280513623,1407.4014165635072,0.0037054192928201845,0.004636231587357072,0.0009308122945368875,10211.897102402634,8837.26823777189,1374.628864630744,3357.299383108536,3273.9750194904495,83.32436361808641,0.002780104629948228,0.003036191706557324,0.00025608707660909613,0.0009432975512440038,0.0011487917157395498,0.00020549416449554595,0.0,0.0,0.0,0.0,0.0,0.0,0.0,0.0,0.0
0.333,0.050874111949604936,0.05098031044384288,0.00010619849423794403,0.0008861277807235939,0.0015615061686507473,0.0006753783879271534,7801.010663461763,8449.310276805321,648.2996133435581,0.0021189082177024625,0.0027107956938883663,0.0005918874761859038,7557.714642086834,8216.344041008033,658.629398921199,5068.688829984457,5468.742378204265,400.05354821980836,0.002016571472113035,0.002030400715898426,1.3829243785391104e-05,0.0012412991844950102,0.001444008705236743,0.00020270952074173286,0.0,0.0,0.0,0.0,0.0,0.0,0.0,0.0,0.0
0.334,0.05026453618959834,0.05037205109919617,0.00010751490959783061,0.00019267810043145303,0.0008790427526218193,0.0006863646521903662,10454.525248800133,10554.380391853387,99.85514305325341,0.002536220183865764,0.0029271359823605445,0.00039091579849478064,10331.13667958723,10464.37461027577,133.23793068853956,6560.589999145602,6565.555801130666,4.96580198506399,0.0025228973507904597,0.002913960967313673,0.0003910636165232132,0.0016340332241442002,0.001804913395562107,0.00017088017141790677,0.0,0.0,0.0,0.0,0.0,0.0,0.0,0.0,0.0
0.335,0.049649433937100994,0.049755588273680755,0.00010615433657976125,-1.27139046070604e-05,0.0004700975298173805,0.0004828114344244409,73413.58158579022,43481.68349864999,29931.89808714023,0.021108524490616547,0.016785959549582403,0.004322564941034144,20397.38863533823,14208.463128057932,6188.925507280297,5933.339710199203,4784.27344977266,1149.0662604265435,0.005268220749788899,0.004759005087220296,0.0005092156625686028,0.0016049405692631653,0.0016421534225363101,3.721285327314486e-05,11.118166949814276,0.0,11.118166949814276,7.06776570026552e-05,0.0,7.06776570026552e-05,0.0001748977563295549,0.0,0.0001748977563295549
0.336,0.04907328228083651,0.04916614488083659,9.286260000008345e-05,-7.734940769022966e-05,0.0002994474109869895,0.00037679681867721916,172299.35770192026,148227.78165607498,24071.576045845286,0.049356394474252045,0.058146481711679736,0.00879008723742769,48354.76978909196,43629.7705479911,4724.999241100857,14199.662394100358,12867.6788599546,1331.9835341457583,0.012431576477136852,0.01411706003698093,0.0016854835598440771,0.0035913540840040023,0.004084380194683209,0.0004930261106792068,67.64118929220594,0.0,67.64118929220594,0.002616002963607417,0.0,0.002616002963607417,0.0001748977563295549,0.0,0.0001748977563295549
0.337,0.04860969618238793,0.04867738153964187,6.768535725393959e-05,-0.0001435536083647243,0.0001270797465681654,0.0002706333549328897,261584.4391852936,256074.29559251008,5510.143592783512,0.07576648548190063,0.10295609389784802,0.02718960841594739,66311.23410066188,62315.42031741838,3995.8137832435023,15397.097472406082,14052.384548433982,1344.7129239720998,0.017825207520923383,0.022105269174202438,0.004280061653279054,0.004321420375410993,0.005270017731099552,0.0009485973556885583,125.53602008000954,0.0,125.53602008000954,0.009010574331115927,0.0,0.009010574331115927,0.0001748977563295549,0.0,0.0001748977563295549
0.338,0.04832516527547184,0.04836088873053211,3.572345506026864e-05,-0.00017699658120973183,5.7210665088715265e-05,0.00023420724629844708,305685.9348733114,311727.86099503265,6041.926121721277,0.08781306331938227,0.12418613959120935,0.03637307627182708,83135.4332138649,81662.12854816888,1473.3046656960214,23119.59620731522,23532.398390006972,412.80218269175384,0.021475397495234094,0.027042562467882267,0.005567164972648173,0.005929792958288016,0.007651488350266239,0.001721695391978223,154.78152465791976,0.0,154.78152465791976,0.013697900349440802,0.0,0.013697900349440802,0.0001748977563295549,0.0,0.0001748977563295549
0.339,0.04825323558915446,0.048254802413413525,1.566824259065236e-06,-0.0001888131290049798,6.966179682494761e-06,0.00019577930868747455,326078.9990894702,343052.9770156237,16973.977926153515,0.0940510978898972,0.1377705911923487,0.04371949330245149,80156.04433779173,79579.71380059578,576.3305371959432,21174.686520511295,20873.02665261399,301.65986789730596,0.020859839563934363,0.026838807523120393,0.005978967959186031,0.005503833233651496,0.006941189176843837,0.0014373559431923406,165.11496314266884,0.0,165.11496314266884,0.015587936418254608,0.0,0.015587936418254608,0.0001748977563295549,0.0,0.0001748977563295549
0.34,0.04840604824971553,0.048376656966896824,2.9391282818709563e-05,-0.0001632740977243613,4.489923449331392e-05,0.00020817333221767522,299879.88974412595,317522.1479236109,17642.258179484925,0.0866348964930553,0.12729878488116858,0.04066388838811329,74628.28463321501,75869.42610280363,1241.1414695886197,18649.078559670106,19363.68521876458,714.6066590944756,0.01955130645776448,0.025596757857587686,0.006045451399823206,0.005113719393596842,0.00702255029810488,0.0019088309045080382,142.7813667936164,0.0,142.7813667936164,0.011656249417539398,0.0,0.011656249417539398,0.0001748977563295549,0.0,0.0001748977563295549
0.341,0.04876422592991515,0.048711572601684586,5.265332823056745e-05,-0.00010680606848267535,0.0001570194584281675,0.00026382552691084284,229507.78767382217,241204.0725612084,11696.284887386224,0.06585881000761,0.09591058135257105,0.03005177134496105,63645.19089460696,63206.052808538494,439.1380860684658,19114.767289680367,19618.82094742477,504.0536577444036,0.01636043064160217,0.020722545674419824,0.004362115032817655,0.004825164544604565,0.006091265482831576,0.0012661009382270109,93.40070870000353,0.0,93.40070870000353,0.004987881244871494,0.0,0.004987881244871494,0.0001748977563295549,0.0,0.0001748977563295549
0.342,0.04927576738882592,0.049208331204641576,6.743618418434544e-05,-4.898558953443655e-05,0.0002952733413978835,0.00034425893093232006,142468.39228491878,147285.06276196125,4816.670477042469,0.041271618935007796,0.05882880952947259,0.01755719059446479,35702.049050560905,36487.750425682905,785.7013751220002,8406.404455221871,8962.914529453994,556.5100742321229,0.00956713062157762,0.012576347626804178,0.0030092170052265586,0.0023966346942593305,0.003421120367787868,0.0010244856735285375,42.83734851026739,0.0,42.83734851026739,0.0010492063854337826,0.0,0.0010492063854337826,0.0001748977563295549,0.0,0.0001748977563295549
0.343,0.0498761129472211,0.04980354577095095,7.25671762701538e-05,1.5667876549961546e-05,0.0004860609680689142,0.0004703930915189527,29984.77167553207,32393.233601501604,2408.4619259695355,0.008659094757854927,0.012478273856422584,0.0038191790985676564,8949.84732803976,10173.465458490646,1223.6181304508864,4102.367580587149,3825.1128915808995,277.25468900624946,0.002436358255625916,0.0033942599261515063,0.0009579016705255905,0.0011481275598122303,0.0013554909075280622,0.00020736334771583194,0.0,0.0,0.0,0.0,0.0,0.0,0.0,0.0,0.0
0.34400000000000003,0.050492658933140755,0.05042209869599915,7.056023714160226e-05,0.0005124940573743679,0.0010238133099328118,0.0005113192525584439,11829.178137868877,17750.183231132098,5921.00509326322,0.0032434188463365634,0.007010635482497038,0.003767216636160475,10657.787128950826,11032.995394983514,375.2082660326887,4500.963023969743,3825.1924601509418,675.7705638188008,0.0028734707737179334,0.004185495948047176,0.001312025174329243,0.0012829448926431895,0.0014339762669159284,0.00015103137427273892,0.0,0.0,0.0,0.0,0.0,0.0,0.0,0.0,0.0
0.34500000000000003,0.05109975917297256,0.051031147560153006,6.861161281955519e-05,0.0010586553904206701,0.0015861895879854802,0.0005275341975648101,14265.930223917665,12308.683334666213,1957.2468892514516,0.0037962463807484745,0.004102615637415397,0.00030636925666692244,14130.00049590104,12026.469041453414,2103.531454447626,5159.425126824016,4546.301014573526,613.1241122504898,0.0036650449741004927,0.003984045517518445,0.0003190005434179524,0.0014318442425732827,0.0015310304317088378,9.918618913555511e-05,0.0,0.0,0.0,0.0,0.0,0.0,0.0,0.0,0.0
0.34600000000000003,0.05169704941280438,0.05163040470926473,6.664470353965474e-05,0.0017149860683777357,0.0022119933335435203,0.0004970072651657846,8157.95418143933,7575.805002278196,582.1491791611334,0.0024563343644981826,0.003040012275296045,0.0005836779107978624,7661.559160599217,7186.297291176231,475.2618694229859,4416.180886786394,4109.880121603406,306.30076518298756,0.0022100842422076513,0.002506660128605878,0.00029657588639822683,0.001176121555959403,0.0013724638702970165,0.0001963423143376134,0.0,0.0,0.0,0.0,0.0,0.0,0.0,0.0,0.0
0.34700000000000003,0.052284529652636226,0.05221986344965955,6.466620297667508e-05,0.0023218849293901687,0.00279321324259447,0.00047132831320430106,18909.9384002957,17078.53623815017,1831.4021621455322,0.005585031054701172,0.0066404357652960246,0.0010554047105948523,7655.038829465014,9021.752375914512,1366.7135464494977,4209.073177733524,3537.080132937291,671.9930447962329,0.0020533494856832778,0.003108623659825694,0.0010552741741424163,0.0011835486796904677,0.0012754194982314043,9.187081854093661e-05,0.0,0.0,0.0,0.0,0.0,0.0,0.0,0.0,0.0
0.34800000000000003,0.05286219989246811,0.05279947049814208,6.272939432603458e-05,0.0028365685956069746,0.003327340145868573,0.0004907715502615985,15382.681472084463,9137.836350624046,6244.845121460417,0.004296709567672307,0.0034935719999581454,0.0008031375677141615,7907.474626561839,6916.1681802197145,991.3064463421242,3695.925098570625,3380.1669744175283,315.75812415309656,0.0020708355333403485,0.0021426550756637793,7.181954232343083e-05,0.0010494343127671324,0.0011504934635847186,0.0001010591508175862,0.0,0.0,0.0,0.0,0.0,0.0,0.0,0.0,0.0
0.34900000000000003,0.05343006013229999,0.05336929740438166,6.076272791832871e-05,0.003464882133744872,0.003991157264427686,0.0005262751306828141,9621.408319087743,12001.065250368038,2379.656931280295,0.002325905727780247,0.004083183860393361,0.0017572781326131142,9460.35235823456,10669.839955604755,1209.4875973701946,3922.847789620628,4046.401429972564,123.55364035193588,0.002173209491141666,0.0038169278784056914,0.0016437183872640253,0.0010368716948817498,0.0013054710052743392,0.00026859931039258946,0.0,0.0,0.0,0.0,0.0,0.0,0.0,0.0,0.0
0.35000000000000003,0.0539881103721319,0.05392929575996186,5.8814612170041136e-05,0.003983368733896306,0.004482578411107691,0.0004992096772113855,8005.888712199581,12641.958845443085,4636.070133243504,0.0021026811129665744,0.0051947158156964695,0.003092034702729895,7952.031867796211,9166.968021190478,1214.9361533942665,3881.3316982725355,3479.949437551951,401.3822607205843,0.0019948126428626944,0.003903283883103186,0.0019084712402404917,0.001065032945962471,0.001194040287331737,0.00012900734136926596,0.0,0.0,0.0,0.0,0.0,0.0,0.0,0.0,0.0
0.35100000000000003,0.054536350611963824,0.05447950162918376,5.6848982780063895e-05,0.004540532595916483,0.005063113163979187,0.0005225805680627044,10137.582639867778,8843.44133374633,1294.141306121448,0.00260366462216446,0.0030209861194386615,0.00041732149727420143,9344.452162913773,7007.903827259286,2336.5483356544864,3841.775724868313,3770.270384127879,71.5053407404339,0.002518903225408968,0.00222402678921818,0.0002948764361907878,0.0011080804184285039,0.0013101297567658043,0.00020204933833730039,0.0,0.0,0.0,0.0,0.0,0.0,0.0,0.0,0.0
0.35200000000000004,0.055074780851795783,0.055019881433360014,5.489941843576929e-05,0.005127112402050405,0.005603447430265064,0.0004763350282146594,12672.532978889114,13567.381979995007,894.849001105893,0.0037377001950553365,0.004776556440404246,0.001038856245348909,12416.451071208068,12296.590483479624,119.86058772844444,3605.6439763083577,4010.4979602087524,404.8539839003947,0.003439170542631691,0.003755522850289483,0.00031635230765779225,0.0010059140858157392,0.0013214836358317493,0.0003155695500160101,0.0,0.0,0.0,0.0,0.0,0.0,0.0,0.0,0.0
0.35300000000000004,0.055603401091627744,0.0555504675850042,5.293350662354673e-05,0.0055749266434022855,0.006070510749134149,0.0004955841057318637,8097.175834904598,10697.501245291944,2600.325410387346,0.0024337489729686595,0.0042758690779392435,0.001842120104970584,8021.807360155293,8395.087719491996,373.28035933670253,2944.15043873317,4005.6212741693316,1061.4708354361615,0.002337514366839705,0.0031765248754053507,0.0008390105085656456,0.0007924777195773046,0.001303773607800386,0.0005112958882230814,0.0,0.0,0.0,0.0,0.0,0.0,0.0,0.0,0.0
0.35400000000000004,0.05612221133145973,0.056071255709357136,5.0955622102596965e-05,0.006047774932112379,0.006586166077996652,0.0005383911458842726,18183.478279184157,12615.04609344299,5568.432185741167,0.005250982883510784,0.005111359709723849,0.00013962317378693467,7251.00915771881,10469.500645959863,3218.491488241053,3414.312664910091,3576.3205565915046,162.00789168141364,0.0022892562271362277,0.0040569578232193225,0.0017677015960830948,0.001007673983926566,0.0013543490993034588,0.0003466751153768928,0.0,0.0,0.0,0.0,0.0,0.0,0.0,0.0,0.0
0.35500000000000004,0.056631211571291744,0.056582192952711635,4.901861858010864e-05,0.006600970223494412,0.007157817223721765,0.0005568470002273538,22045.32137315901,11422.322663005174,10622.998710153837,0.006225093927304673,0.004503686714095512,0.0017214072132091616,14883.980655576706,11218.176148314044,3665.804507262663,3917.642130834734,3802.284374836489,115.35775599824501,0.004534860558493307,0.002889162125507796,0.0016456984329855113,0.0010865763734583527,0.001329812394308236,0.0002432360208498832,0.0,0.0,0.0,0.0,0.0,0.0,0.0,0.0,0.0
0.35600000000000004,0.05713040181112375,0.05708334900510241,4.705280602133877e-05,0.007091303948179365,0.0075986420856831655,0.0005073381375038004,12000.90304876976,10643.116532727217,1357.7865160425426,0.0035446113894507677,0.0035885661423465925,4.3954752895824806e-05,7364.609969331921,10005.989587646942,2641.3796183150207,3518.5521963553483,4131.459906185936,612.9077098305879,0.0019286594567350336,0.0032914814186889916,0.001362821961953958,0.0008898951278837199,0.0012571413575069705,0.00036724622962325054,0.0,0.0,0.0,0.0,0.0,0.0,0.0,0.0,0.0
0.35700000000000004,0.05761978205095578,0.05757467971040033,4.510234055545015e-05,0.007623618669888976,0.00814506519216865,0.0005214465222796744,10395.986696741038,8380.916055360392,2015.0706413806456,0.0028294354255211057,0.003547496329748288,0.0007180609042271822,10355.228692965,6746.22685884076,3609.0018341242403,3808.0899657220475,4380.570864192703,572.4808984706556,0.002787285646441761,0.002695391130342545,9.18945160992158e-05,0.0010302797630088385,0.001435604501297055,0.00040532473828821646,0.0,0.0,0.0,0.0,0.0,0.0,0.0,0.0,0.0
0.35800000000000004,0.05809935229078781,0.0580562148298805,4.3137460907310965e-05,0.008136031999260605,0.008615472841506912,0.0004794408422463068,13028.920676071126,12239.52056733839,789.400108732736,0.003639481349109686,0.004386143173419321,0.0007466618243096349,12219.068326625982,12034.21544096305,184.85288566293275,3853.9373149813887,3527.530318521939,326.4069964594496,0.003292421677580482,0.004251327412415863,0.0009589057348353808,0.0010695713854048943,0.0013138526626940024,0.0002442812772891082,0.0,0.0,0.0,0.0,0.0,0.0,0.0,0.0,0.0
0.35900000000000004,0.05856911253061989,0.058527925317501714,4.118721311817397e-05,0.008530373647411757,0.009071472603184786,0.0005410989557730287,6844.550336575235,6298.3691199527875,546.1812166224472,0.0019824080987346526,0.0025007152201699584,0.0005183071214353058,6740.556994684047,6266.247088553103,474.309906130944,4446.530545451328,3993.749701368222,452.78084408310633,0.0017881205764653087,0.0021959151865712993,0.00040779461010599064,0.001125635324947057,0.0012136551628027855,8.801983785572853e-05,0.0,0.0,0.0,0.0,0.0,0.0,0.0,0.0,0.0
0.36000000000000004,0.05902906277045195,0.05898983989222532,3.922287822663573e-05,0.009022360789157517,0.00957990704705014,0.000557546257892623,11792.551971210629,10884.739463952099,907.8125072585299,0.0031659426996213215,0.0032946581888132795,0.00012871548919195794,11512.656590666496,10436.974775847473,1075.6818148190232,4767.172667462297,4224.04495938349,543.1277080788068,0.003034531366248353,0.0031114852835982475,7.695391734989466e-05,0.001291068084199478,0.0013772539900196205,8.618590582014254e-05,0.0,0.0,0.0,0.0,0.0,0.0,0.0,0.0,0.0
0.36100000000000004,0.05947920301028404,0.059441944634646054,3.725837563798434e-05,0.009485467345505308,0.01000296401817166,0.0005174966726663524,10248.410815563106,7709.235878099224,2539.174937463882,0.002848648825722565,0.0031451566245882154,0.0002965077988656504,9910.992931838366,6451.33473921312,3459.6581926252456,4588.449805517306,4056.3838370556446,532.0659684616617,0.0027900111799691873,0.002551833421234858,0.00023817775873432928,0.0012746709932010486,0.0014339287861811672,0.00015925779298011852,0.0,0.0,0.0,0.0,0.0,0.0,0.0,0.0,0.0
0.36200000000000004,0.05991953325011615,0.059884225924885175,3.530732523097241e-05,0.009919783139877835,0.010406772846826626,0.00048698970694879135,12029.78101272978,9251.394033336954,2778.386979392826,0.0034131317294794268,0.0036185843217425564,0.00020545259226312966,10374.638450958722,8746.828230487466,1627.810220471256,3858.915636709721,3684.0621601372186,174.8534765725026,0.0026083934148591016,0.003309358785537118,0.0007009653706780165,0.0010353873198702354,0.0012770247065466251,0.00024163738667638975,0.0,0.0,0.0,0.0,0.0,0.0,0.0,0.0,0.0
0.36300000000000004,0.060350053489948256,0.06031672473298238,3.3328756965878004e-05,0.01035683832122137,0.010890294628016339,0.0005334563067949678,12359.828457240754,7736.811990211104,4623.01646702965,0.0035023346891408704,0.0032432220748004246,0.00025911261434044585,10548.643871658529,6817.037946894128,3731.6059247644007,4640.300110979542,4349.575794513548,290.724316465994,0.0029191532313773026,0.002141262417850195,0.0007778908135271075,0.0011863794347545496,0.0013363742200416145,0.00014999478528706484,0.0,0.0,0.0,0.0,0.0,0.0,0.0,0.0,0.0
0.36400000000000005,0.06077076372978037,0.0607393716645373,3.1392065243066036e-05,0.010763704036401669,0.011309799957165287,0.000546095920763618,14346.024684305276,10836.822861244429,3509.2018230608464,0.004122988373549496,0.004445677823337479,0.00032268944978798304,8019.776737126159,7932.523970808885,87.25276631727411,4865.233846023704,4434.915948087693,430.3178979360109,0.0023982783397361053,0.00326782291126328,0.0008695445715271749,0.0013387657991961064,0.001515492903986664,0.00017672710479055753,0.0,0.0,0.0,0.0,0.0,0.0,0.0,0.0,0.0
0.36500000000000005,0.06118166396961252,0.06115223580572069,2.9428163891828674e-05,0.011101740700843495,0.011716176925180233,0.0006144362243367379,19678.666963329026,14341.066535407163,5337.600427921863,0.005683268500344531,0.005965703151881805,0.0002824346515372736,18720.80938122792,7824.478987964505,10896.330393263413,3975.3191584666624,3417.3455829044296,557.9735755622328,0.005582649684904348,0.0028970605490537048,0.002685589135850643,0.0011369696123823061,0.0013026678229507982,0.00016569821056849204,0.0,0.0,0.0,0.0,0.0,0.0,0.0,0.0,0.0
0.36600000000000005,0.061582754209444646,0.061555278060639804,2.747614880484195e-05,0.011558255921379537,0.01213800689804882,0.000579750976669284,14245.637403312923,9476.035691204632,4769.601712108291,0.004298712373734393,0.0038176407595674863,0.0004810716141669066,10811.062934116086,6360.00008255542,4451.062851560666,3894.5426532066276,3516.071811277543,378.4708419290846,0.003143054615774666,0.0026012773625735067,0.0005417772532011591,0.0010255746424025919,0.0011017288283792972,7.615418597670533e-05,0.0,0.0,0.0,0.0,0.0,0.0,0.0,0.0,0.0
0.36700000000000005,0.061974034449276814,0.06194852214381982,2.5512305456991402e-05,0.01196036763502347,0.01247173368019206,0.0005113660451685886,11317.858460901749,10902.25648820751,415.6019726942395,0.003087674159024075,0.0042315368666950275,0.0011438627076709525,10750.70449528325,9753.386030761152,997.3184645220972,3964.4887888245366,4416.020548065347,451.53175924081006,0.002903900321800976,0.003847690839846484,0.0009437905180455079,0.0011050659239334737,0.0013602710083286673,0.0002552050843951936,0.0,0.0,0.0,0.0,0.0,0.0,0.0,0.0,0.0
0.36800000000000005,0.062355504689108984,0.062331956204055385,2.3548485053599688e-05,0.0123885600827487,0.012909595476388145,0.0005210353936394452,18969.031910945494,15581.725068604872,3387.306842340622,0.00547643058069861,0.006306626896173924,0.0008301963154753143,11219.502760529826,6135.408025428747,5084.094735101078,3615.2365068952067,3384.0388324246896,231.1976744705171,0.0032995695761308774,0.0026122962397786813,0.0006872733363521961,0.0010694155047297422,0.0011835148572566269,0.00011409935252688474,0.0,0.0,0.0,0.0,0.0,0.0,0.0,0.0,0.0
0.36900000000000005,0.06272716492894116,0.0627055689149667,2.1596013974459205e-05,0.012759780450698515,0.013299427295508145,0.0005396468448096298,10127.666696638695,11605.985525378373,1478.3188287396788,0.0028689030640171695,0.004432661756323061,0.0015637586923058912,6676.516238147737,5249.44591806121,1427.0703200865264,3063.286440126878,2543.6089835604985,519.6774565663795,0.0019809716054706244,0.0021953197263708956,0.0002143481209002712,0.0008156120525686702,0.0008940809208360192,7.846886826734902e-05,0.0,0.0,0.0,0.0,0.0,0.0,0.0,0.0,0.0
0.37000000000000005,0.06308901516877335,0.06306939858824506,1.9616580528292182e-05,0.013098922797112535,0.013656894992896722,0.0005579721957841878,8341.143236731328,15475.41159032023,7134.268353588901,0.0025033678379026156,0.006325095236548427,0.0038217273986458113,7040.195882327279,8103.712110604328,1063.5162282770489,4500.541224200673,4097.933097826938,402.6081263737351,0.0018414413566283172,0.0024069632705579153,0.000565521913929598,0.0011512780813607416,0.0011923602638312662,4.1082182470524595e-05,0.0,0.0,0.0,0.0,0.0,0.0,0.0,0.0,0.0
0.37100000000000005,0.06344105540860553,0.06342337534880495,1.7680059800587178e-05,0.013406502303291563,0.013991157756643923,0.0005846554533523608,10115.624412937977,7853.996901957978,2261.62751098,0.002772927927108045,0.003305720116419181,0.000532792189311136,8916.109821847447,7048.660131002283,1867.4496908451638,4052.3168642768346,4572.445902729236,520.1290384524013,0.0026048930022738036,0.0027858687099074765,0.0001809757076336729,0.0011083667379555638,0.0014009363477648995,0.00029256960980933574,0.0,0.0,0.0,0.0,0.0,0.0,0.0,0.0,0.0
0.37200000000000005,0.06378328564843774,0.06376756914629099,1.5716502146753686e-05,0.013787308416104486,0.014340142397040144,0.0005528339809356582,6802.222432540924,7592.573972706328,790.351540165404,0.0019716357715459623,0.0031188897900893383,0.001147254018543376,4623.226459152444,6110.574653562227,1487.348194409783,2616.663971164071,2901.5456610833266,284.8816899192557,0.0013377810525859587,0.0024723156798265988,0.00113453462724064,0.0007547560409288713,0.0010926288827309732,0.0003378728418021019,0.0,0.0,0.0,0.0,0.0,0.0,0.0,0.0,0.0
0.37300000000000005,0.06411570588826997,0.06410194238722135,1.3763501048619231e-05,0.014110837417377023,0.014643677499864846,0.0005328400824878236,16453.229178558962,15000.537250879257,1452.6919276797053,0.0047607214513640675,0.006028478747222612,0.0012677572958585447,7990.816018577054,7644.701627816408,346.1143907606456,4872.680899781254,4355.686704071836,516.9941957094179,0.001937840172661606,0.0031525216145895664,0.0012146814419279604,0.0013010561056149865,0.0014687034388369807,0.0001676473332219942,0.0,0.0,0.0,0.0,0.0,0.0,0.0,0.0,0.0
0.37400000000000005,0.06443831612810215,0.06442651551354292,1.1800614559229206e-05,0.014449050540211443,0.015034995601768795,0.0005859450615573521,14317.301003115832,13450.882785131596,866.4182179842355,0.004200504140860853,0.0055306202794207955,0.0013301161385599423,8519.038386760467,9491.62080231251,972.5824155520422,4815.182806715532,5078.564384717638,263.3815780021059,0.002306999562019067,0.003095271839362519,0.000788272277343452,0.001341600289082965,0.001707398494231938,0.0003657982051489732,0.0,0.0,0.0,0.0,0.0,0.0,0.0,0.0,0.0
0.37500000000000006,0.06475111636793437,0.06474127877324935,9.8375946850221e-06,0.014734365870564491,0.015299387276521493,0.0005650214059570013,6900.473071169416,7301.675081429472,401.20201026005634,0.0019493090287024967,0.002612469342327041,0.0006631603136245442,6708.970626832706,7017.418074532483,308.4474476997766,4023.4997890052205,4570.5755412926055,547.0757522873851,0.0019097966011139712,0.0023516628671477356,0.0004418662660337644,0.0011464003213465875,0.0015782460053922834,0.0004318456840456959,0.0,0.0,0.0,0.0,0.0,0.0,0.0,0.0,0.0
0.37600000000000006,0.06505410660776662,0.06504622248410799,7.884123658624675e-06,0.015056592144354255,0.01563507362722087,0.0005784814828666135,10806.774795936652,7216.276539850304,3590.4982560863473,0.0031972369937489893,0.003032700392228664,0.00016453660152032515,10673.314868359572,6254.513757770848,4418.8011105887235,4677.585338913462,4003.824581623092,673.7607572903698,0.003055142293927792,0.0025407662647394897,0.0005143760291883024,0.001258618178892603,0.001461491528533328,0.00020287334964072513,0.0,0.0,0.0,0.0,0.0,0.0,0.0,0.0,0.0
0.37700000000000006,0.06534728684759883,0.06534138298561336,5.90386198547066e-06,0.0153726830153291,0.01592191130174805,0.0005492282864189499,12040.590219025058,10815.654966964194,1224.9352520608645,0.0035254919174458944,0.004543117161269747,0.0010176252438238525,9771.508854300682,7493.960626721817,2277.5482275788654,5051.125272087977,5158.230822385806,107.10555029782972,0.0028790462405233496,0.0029982497222023055,0.00011920348167895585,0.0013677133534073982,0.0017171622753904745,0.0003494489219830763,0.0,0.0,0.0,0.0,0.0,0.0,0.0,0.0,0.0
0.37800000000000006,0.0656306570874311,0.06562668946453538,3.967622895714729e-06,0.015686130000848734,0.0162076814912284,0.000521551490379666,17993.687213737147,12777.742183097651,5215.945030639496,0.005239550223639683,0.005140952917215478,9.85973064242052e-05,17532.86807993658,12285.715481585668,5247.152598350911,4091.219010162587,4619.6815896627595,528.4625795001725,0.005153845549925788,0.004818175953783432,0.0003356695961423562,0.0011405289827482964,0.0015784563600382358,0.00043792737728993937,0.0,0.0,0.0,0.0,0.0,0.0,0.0,0.0,0.0
0.379,0.06590421732726333,0.06590221222413632,2.0051031270063024e-06,0.015946608731795486,0.01647273464220687,0.000526125910411384,18632.037264536655,11756.2548703626,6875.782394174055,0.005515683930207774,0.00500848229465553,0.0005072016355522442,12308.089746954165,8184.263586138277,4123.826160815888,3590.394655645177,2946.8481487535,643.5465068916769,0.003578708140935713,0.0033844124257542702,0.00019429571518144286,0.0009737654640426492,0.0010380260826069487,6.426061856429951e-05,0.0,0.0,0.0,0.0,0.0,0.0,0.0,0.0,0.0
0.38,0.06616796756709559,0.06616791666605848,5.0901037107475844e-08,0.016163753410939993,0.016749288668243812,0.0005855352573038188,9230.244200895084,7953.127220038441,1277.1169808566428,0.0025485420165517535,0.0030660813337191123,0.0005175393171673588,7693.415599079398,7907.9243576062845,214.5087585268866,4675.868176110898,4477.904034273921,197.96414183697743,0.0020553561081142003,0.002601094781263904,0.0005457386731497036,0.001237817275353243,0.0014409196102578487,0.0002031023349046057,0.0,0.0,0.0,0.0,0.0,0.0,0.0,0.0,0.0
0.381,0.06642190780692783,0.06642381917135087,1.911364423040629e-06,0.01639600981128961,0.016962634562729933,0.0005666247514403214,8014.611627527206,7183.098180565144,831.5134469620625,0.0023024891449536086,0.002538963918274149,0.0002364747733205404,7853.771495205564,6859.228575574234,994.5429196313298,4656.528103776739,4642.521162558307,14.006941218432075,0.0022793985399135715,0.0022765140746475957,2.8844652659757927e-06,0.001265653488194747,0.0014764464822285422,0.00021079299403379517,0.0,0.0,0.0,0.0,0.0,0.0,0.0,0.0,0.0
0.382,0.06666603804676009,0.0666699113561574,3.873309397300906e-06,0.016684199206448595,0.01727449684384595,0.0005902976373973537,5734.825437272277,7870.936595274741,2136.1111580024644,0.001731376216913647,0.0026421954311483856,0.0009108192142347387,5296.866761745385,7829.339402476328,2532.4726407309436,3348.63566921009,2922.597590220328,426.03807898976174,0.0014795624261379652,0.0025525481537070896,0.0010729857275691243,0.0009045384578957946,0.000987102455140929,8.256399724513436e-05,0.0,0.0,0.0,0.0,0.0,0.0,0.0,0.0,0.0
0.383,0.06690035828659235,0.06690618640756592,5.828120973563888e-06,0.016933485974329674,0.017471740451103016,0.0005382544767733415,9187.114544549479,6314.0905426001555,2873.024001949323,0.0027371564266842332,0.0020830378966429693,0.0006541185300412639,7401.017542022699,6270.916783979799,1130.1007580428995,4436.449775271708,3326.0875536956287,1110.3622215760793,0.0019880204953107955,0.0017301387553763938,0.0002578817399344017,0.0011918901214334617,0.0011369578925738625,5.493222885959918e-05,0.0,0.0,0.0,0.0,0.0,0.0,0.0,0.0,0.0
0.384,0.06712486852642463,0.06713267761328191,7.809086857282765e-06,0.017159024680850402,0.01770038791460442,0.0005413632337540192,13533.17026676899,9802.838788342866,3730.331478426124,0.003940349790411552,0.0029740954764272544,0.0009662543139842979,9606.087430677604,9365.234207404152,240.8532232734524,4241.951592087523,4328.3782139385,86.42662185097743,0.0025750705943768763,0.002846568998893736,0.00027149840451685947,0.0011567328568109748,0.0014099191217579001,0.00025318626494692537,0.0,0.0,0.0,0.0,0.0,0.0,0.0,0.0,0.0
0.385,0.0673395687662569,0.06734931370397755,9.744937720657099e-06,0.01737332361639296,0.017941408936669966,0.0005680853202770057,5083.2509968013455,12387.340396013635,7304.089399212289,0.0013840418005686827,0.004735564493536662,0.00335152269296798,4451.284316420176,6728.0086892781255,2276.7243728579497,2406.5480948729723,3510.479982976664,1103.9318881036916,0.0011765331338846891,0.002457991327065256,0.0012814581931805669,0.0006540814147219513,0.0010898650341340686,0.0004357836194121173,0.0,0.0,0.0,0.0,0.0,0.0,0.0,0.0,0.0
0.386,0.06754445900608919,0.06755616551163754,1.1706505548353396e-05,0.017514197672596994,0.018114404222206875,0.0006002065496098809,8269.728518262626,8696.519149204756,426.7906309421305,0.002257729633153604,0.0033084727958991884,0.0010507431627455842,8023.312616138909,8027.440154231652,4.127538092742725,4203.452818766566,3066.140613915177,1137.3122048513897,0.0021122644842315606,0.0028253408813828963,0.0007130763971513357,0.0011502356998538915,0.0011484371530698432,1.798546784048281e-06,0.0,0.0,0.0,0.0,0.0,0.0,0.0,0.0,0.0
0.387,0.06773953924592147,0.06775320113247368,1.3661886552218672e-05,0.017748253623407737,0.018307444689691657,0.0005591910662839199,9574.588454517887,7912.858485683865,1661.7299688340217,0.0027259374069006797,0.0030461468072724364,0.0003202094003717567,8822.077384767537,7635.817687091402,1186.2596976761351,4734.220279689634,4023.342272334418,710.8780073552157,0.0024576440302568362,0.0029661502212703604,0.0005085061910135242,0.0013337859070541355,0.0014571448540855875,0.00012335894703145202,0.0,0.0,0.0,0.0,0.0,0.0,0.0,0.0,0.0
0.388,0.06792480948575373,0.06794043268789993,1.5623202146194948e-05,0.01795975527516114,0.018515082761485186,0.0005553274863240448,11095.77435806196,12152.736485702886,1056.9621276409252,0.0033353999239792804,0.005100972197284485,0.0017655722733052048,8025.884213710375,8216.598409595663,190.71419588528806,3929.0263364442426,4473.464116596165,544.4377801519222,0.0022648491545636156,0.00347484839577768,0.0012099992412140646,0.0011002304682086155,0.001441600228872576,0.0003413697606639604,0.0,0.0,0.0,0.0,0.0,0.0,0.0,0.0,0.0
0.389,0.06810026972558603,0.06811785408623455,1.7584360648525976e-05,0.018116413202816373,0.018650755322036874,0.0005343421192205017,12213.705111417898,8073.703867082818,4140.00124433508,0.0035083756386335807,0.0031270655010827778,0.00038131013755080293,10544.788248846975,7628.100001836963,2916.6882470100118,3797.2234067191375,3735.206713595089,62.01669312404874,0.003169898084175041,0.0026389920393014112,0.0005309060448736298,0.0010511661797597245,0.001223152879251542,0.0001719866994918174,0.0,0.0,0.0,0.0,0.0,0.0,0.0,0.0,0.0
0.39,0.06826591996541831,0.06828546014474027,1.9540179321958506e-05,0.018276738911118206,0.018876457296369595,0.0005997183852513889,9427.339232986424,11053.973760068153,1626.6345270817292,0.002491597676636778,0.004413160601092331,0.0019215629244555524,7548.9589121156505,10805.388224708302,3256.4293125926515,4388.938136000132,3702.230298280371,686.7078377197608,0.0021024606647279376,0.004021692803636008,0.0019192321389080703,0.0011865373468250698,0.0013410231103675016,0.00015448576354243175,0.0,0.0,0.0,0.0,0.0,0.0,0.0,0.0,0.0
0.391,0.06842176020525059,0.06844326125157821,2.1501046327615514e-05,0.018415982731651997,0.019049645727443488,0.000633662995791491,17635.497342299743,16551.067219435623,1084.4301228641198,0.005251720881975956,0.006782222759829713,0.0015305018778537568,10143.924357312455,8085.339805524989,2058.584551787466,4339.426516511621,4615.551236029229,276.12471951760745,0.0030640568273255274,0.0028682511180448877,0.00019580570928063971,0.0011751010586508535,0.001554933353350825,0.00037983229469997154,0.0,0.0,0.0,0.0,0.0,0.0,0.0,0.0,0.0
0.392,0.06856779044508288,0.06859124775440484,2.345730932196144e-05,0.01848540032576279,0.019111884986840605,0.0006264846610778141,17368.24057085772,12617.646809619442,4750.593761238279,0.004886619703904526,0.005336010541552336,0.0004493908376478105,16208.165901251983,7522.4229938169265,8685.742907435057,3830.2326766592737,3867.1529902503016,36.920313591027934,0.004871211104888466,0.0028160315538786292,0.002055179551009837,0.0010314608114511503,0.0012052277032751487,0.00017376689182399844,0.0,0.0,0.0,0.0,0.0,0.0,0.0,0.0,0.0
0.393,0.06870401068491516,0.06872942858274449,2.5417897829324576e-05,0.018703986396793083,0.019285417660766444,0.0005814312639733608,12264.741768531616,15292.65929173681,3027.917523205195,0.003357948412416643,0.006408183635128928,0.0030502352227122853,11117.053135446293,12165.172403767176,1048.1192683208828,4163.940950158878,3257.1656264459098,906.7753237129682,0.0029728912864585917,0.004251150792815205,0.0012782595063566137,0.0011393593280485514,0.001133299280174188,6.060047874363334e-06,0.0,0.0,0.0,0.0,0.0,0.0,0.0,0.0,0.0
0.394,0.06883042092474746,0.06885779546912356,2.7374544376096432e-05,0.01880919926120928,0.019377724897682715,0.0005685256364734367,11349.856900091294,19234.66516369399,7884.808263602696,0.003110276211562414,0.007686844479173314,0.0045765682676109,11327.875156467997,9033.93613061082,2293.9390258571766,4547.849011403596,4001.202735929051,546.6462754745448,0.003073066796876214,0.0038057913729251302,0.0007327245760489162,0.0012220615561578977,0.0013580416352132845,0.00013598007905538676,0.0,0.0,0.0,0.0,0.0,0.0,0.0,0.0,0.0
0.395,0.06894702116457975,0.06897635612480642,2.9334960226667928e-05,0.018907134237158216,0.019494358769896074,0.0005872245327378581,7443.589322907005,7394.711372345771,48.877950561233774,0.0019219529680418624,0.003130140947898501,0.0012081879798566386,7241.684618711617,6968.073819539904,273.61079917171264,3937.164638919287,4415.329447696141,478.164808776854,0.0018534738689771162,0.0021477564867123924,0.0002942826177352762,0.00104778112351154,0.0013194905352151359,0.0002717094117035959,0.0,0.0,0.0,0.0,0.0,0.0,0.0,0.0,0.0
0.396,0.06905381140441204,0.0690851033458717,3.1291941459662964e-05,0.019034470311094166,0.01966313773791184,0.0006286674268176744,15711.289877752659,12172.730509745075,3538.5593680075835,0.00442359584278649,0.0046924137722327295,0.0002688179294462398,8778.053182437125,7730.2060856794005,1047.847096757724,4807.345465390344,4424.024336662735,383.321128727609,0.0024644987304428285,0.002173458514641787,0.0002910402158010413,0.0013151475960090082,0.0014712496968425856,0.00015610210083357736,0.0,0.0,0.0,0.0,0.0,0.0,0.0,0.0,0.0
0.397,0.06915079164424434,0.06918404384676893,3.325220252459182e-05,0.019107650879440673,0.01973588957215811,0.0006282386927174352,14006.227525545743,10739.653100280388,3266.574425265355,0.004152409021040972,0.004534502026750121,0.0003820930057091493,13003.130196566177,8490.434986504519,4512.695210061658,5219.73979368436,4370.843753618894,848.896040065466,0.0037670341061640453,0.0032271905989787898,0.0005398435071852555,0.0014522912910906874,0.001586466154541864,0.00013417486345117659,0.0,0.0,0.0,0.0,0.0,0.0,0.0,0.0,0.0
0.398,0.06923796188407663,0.06927317406404596,3.521217996932391e-05,0.01917552469767298,0.01978495981881095,0.0006094351211379696,9261.348890379613,9433.339068476185,171.99017809657198,0.002514928940272305,0.003933921851807461,0.0014189929115351564,8854.303506553579,8417.934917783963,436.3685887696156,3672.5645519799277,4177.375382729201,504.81083074927346,0.0021769312275523663,0.002817493632249013,0.0006405624046966468,0.0010214167421218397,0.0013827912151022565,0.0003613744729804168,0.0,0.0,0.0,0.0,0.0,0.0,0.0,0.0,0.0
0.399,0.06931532212390894,0.06935249172485489,3.7169600945949344e-05,0.019357007434600938,0.019963958306050123,0.0006069508714491856,12377.18857924197,9046.40435539662,3330.7842238453504,0.0033487754538903567,0.0034621849039974794,0.00011340945010712266,12122.527278972733,8931.705461400417,3190.821817572316,3933.1281300348955,3994.5091719297334,61.381041894837836,0.0033185538193508477,0.0028947814799116125,0.0004237723394392352,0.001039030701124055,0.0012446921284126526,0.00020566142728859773,0.0,0.0,0.0,0.0,0.0,0.0,0.0,0.0,0.0
0.4,0.06938287236374122,0.06942200175980222,3.91293960610023e-05,0.019342035946931985,0.019953993927576064,0.0006119579806440796,8979.465117576843,8907.710444867495,71.7546727093486,0.002609413471254014,0.003372829161683124,0.0007634156904291096,8877.786149756337,6972.200775635698,1905.5853741206392,4713.866061460542,4165.472671553868,548.3933899066742,0.002340491883439593,0.002135671483723879,0.00020482039971571374,0.0012673197301720693,0.0014495851051117136,0.00018226537493964425,0.0,0.0,0.0,0.0,0.0,0.0,0.0,0.0,0.0
0.401,0.06944061260357352,0.06948169976970796,4.108716613443475e-05,0.01939246466581782,0.02004740831730509,0.000654943651487272,12848.937666086083,5995.710065025679,6853.227601060405,0.0036858822425320705,0.0023349748581887693,0.0013509073843433013,8571.846653669092,5940.358750847601,2631.487902821491,3706.2662396383553,3718.3870210953583,12.120781457002977,0.002525774070954195,0.002112556416263387,0.0004132176546908081,0.001041060590113678,0.0013223956603088186,0.00028133507019514046,0.0,0.0,0.0,0.0,0.0,0.0,0.0,0.0,0.0
0.402,0.06948854284340582,0.06953158958801652,4.304674461069746e-05,0.019474701604477927,0.020107005355033583,0.0006323037505556565,22011.93533902193,13056.991295005279,8954.94404401665,0.0062112617379698545,0.0042336495269702625,0.001977612210999592,13745.023749619768,7760.666277841581,5984.357471778187,4133.000652986765,3976.2813837554886,156.71926923127648,0.004106892571536798,0.0021759233656647205,0.0019309692058720775,0.0011206720587353613,0.0012727818341236488,0.00015210977538828753,0.0,0.0,0.0,0.0,0.0,0.0,0.0,0.0,0.0
0.403,0.06952666308323813,0.06957166798302726,4.500489978913336e-05,0.019487802572488274,0.020104113954558394,0.0006163113820701199,8883.01123990969,10619.140884466979,1736.129644557288,0.002197276943328256,0.003234973672491615,0.0010376967291633589,8788.138495287627,10448.979308149916,1660.8408128622887,4134.888477411483,3953.733198416398,181.15527899508515,0.0021922418562522403,0.0030245231692140892,0.000832281312961849,0.0011547615616090974,0.001281430155742749,0.0001266685941336517,0.0,0.0,0.0,0.0,0.0,0.0,0.0,0.0,0.0
0.404,0.06955497332307044,0.06960193759867254,4.696427560210714e-05,0.01957967343861785,0.02016963640382215,0.0005899629652043013,11636.187693842005,6739.058689214717,4897.129004627288,0.0034494074440099237,0.002864528578414102,0.0005848788655958216,8071.919466934378,6678.310953947496,1393.6085129868816,3115.0038455154463,3793.433356939138,678.4295114236916,0.0024814419435666185,0.0026503797540685173,0.00016893781050189875,0.0009119045537213811,0.0013354847831614257,0.00042358022944004466,0.0,0.0,0.0,0.0,0.0,0.0,0.0,0.0,0.0
0.405,0.06957347356290272,0.06962239696102537,4.892339812265223e-05,0.01965725253971433,0.0202607502965678,0.0006034977568534702,16719.179140903096,13907.18237069489,2811.996770208205,0.0048080913163753005,0.00495595138836477,0.0001478600719894696,14383.546366023409,7449.13374212766,6934.412623895749,3506.8206116734864,3543.590389006263,36.76977733277681,0.004312994191365618,0.002569358393064902,0.0017436357983007162,0.0009493280070397225,0.0012264138706074986,0.00027708586356777615,0.0,0.0,0.0,0.0,0.0,0.0,0.0,0.0,0.0
0.406,0.06958216380273503,0.06963304576266387,5.088195992883349e-05,0.019551085460884535,0.02016941379675646,0.0006183283358719253,11981.47642503078,9920.00798666039,2061.46843837039,0.0032423927135342557,0.003969757368083658,0.0007273646545494024,8828.753666191058,9785.75344760518,956.9997814141225,4371.7341243665605,4350.554075456668,21.18004890989232,0.0020969049581778193,0.0026427051754372268,0.0005458002172594074,0.0011660798469303188,0.0013714575450684136,0.00020537769813809472,0.0,0.0,0.0,0.0,0.0,0.0,0.0,0.0,0.0
0.40700000000000003,0.06958104404256732,0.06963388491172968,5.284086916236552e-05,0.019588320803882286,0.02025700741829912,0.000668686614416835,10065.662900688732,11627.90893292943,1562.2460322406969,0.002630582651649706,0.004018868401953627,0.001388285750303921,10001.346125810165,9259.356212514183,741.9899132959818,4155.145498318585,4399.850137365326,244.70463904674125,0.0026185789033268555,0.0028867506592851464,0.00026817175595829097,0.0011579335874687122,0.0014554369414967374,0.00029750335402802517,0.0,0.0,0.0,0.0,0.0,0.0,0.0,0.0,0.0
0.40800000000000003,0.06957011428239963,0.0696249140788829,5.47997964832625e-05,0.01960614097270019,0.020222327314731874,0.0006161863420316854,9411.142055756896,8509.236137729195,901.9059180277018,0.0025738988551420286,0.003373633139518749,0.0007997342843767204,9352.287996379038,8374.099846698247,978.188149680791,3002.869337163848,3627.2724603330507,624.4031231692029,0.0025632632128962034,0.0031944292256925397,0.0006311660127963363,0.0008275520779128181,0.0012327952160265281,0.00040524313811371004,0.0,0.0,0.0,0.0,0.0,0.0,0.0,0.0,0.0
0.40900000000000003,0.06954937452223195,0.06960613303310034,5.675851086839323e-05,0.019539234189390763,0.020159491228632517,0.0006202570392417547,11895.108299011668,17002.05475024249,5106.9464512308205,0.0032356573396528925,0.006096046585762675,0.002860389246109783,8244.578554247031,9773.140732552176,1528.5621783051447,4875.513366428624,4531.627063833479,343.886302595145,0.0020932538820134417,0.0029711651222198124,0.0008779112402063707,0.0012538694161371507,0.0014711486393880887,0.00021727922325093805,0.0,0.0,0.0,0.0,0.0,0.0,0.0,0.0,0.0
0.41000000000000003,0.06951882476206425,0.06957754257660702,5.871781454276637e-05,0.019591289544227158,0.020185009842841665,0.0005937202986145071,17556.18487505522,12116.577002859533,5439.607872195687,0.004834306096496518,0.00398870606888067,0.0008456000276158481,9171.478963719794,8043.840241357064,1127.6387223627298,5024.35379648447,4481.179256536585,543.174539947885,0.002645156462556046,0.003288850660684485,0.0006436941981284388,0.0013517549686223175,0.001401291458902618,4.95364902803005e-05,0.0,0.0,0.0,0.0,0.0,0.0,0.0,0.0,0.0
0.41100000000000003,0.06947846500189654,0.06953914131781089,6.067631591434586e-05,0.019510518516128693,0.020130717418135075,0.0006201989020063817,7821.9028401972255,12380.15694026662,4558.254100069394,0.0021926723071800033,0.004819068698671572,0.002626396391491569,7820.0876124866245,8243.549077644142,423.4614651575175,3849.846601204456,4021.027568089956,171.18096688549986,0.002097108358014016,0.0026226192857633467,0.0005255109277493308,0.0010616116115046547,0.0014309008207026228,0.00036928920919796805,0.0,0.0,0.0,0.0,0.0,0.0,0.0,0.0,0.0
0.41200000000000003,0.06942829524172886,0.06949092981450185,6.263457277298767e-05,0.019384379300068626,0.02003073001939204,0.0006463507193234137,14992.76815222098,11369.60256078078,3623.1655914402,0.004125420447448262,0.004106776463800128,1.864398364813391e-05,14789.264472708232,11332.207793751819,3457.0566789564127,4924.858772518601,4070.263736983637,854.5950355349637,0.0038878206665973664,0.003864930216129435,2.2890450467931422e-05,0.0012949579740668797,0.001332264794007748,3.730681994086821e-05,0.0,0.0,0.0,0.0,0.0,0.0,0.0,0.0,0.0
0.41300000000000003,0.06936831548156117,0.06943290977242635,6.459429086518031e-05,0.019405318468274153,0.020054726621623043,0.0006494081533488898,14083.476846205847,13234.837662995462,848.6391832103855,0.003851602396146036,0.004386780451748657,0.0005351780556026213,13068.043233350401,12959.339678603397,108.70355474700409,4668.706984027955,4407.059221644598,261.64776238335617,0.003388296901711913,0.004048327791854947,0.0006600308901430342,0.0012459336217685703,0.0013997968292844868,0.00015386320751591652,0.0,0.0,0.0,0.0,0.0,0.0,0.0,0.0,0.0
0.41400000000000003,0.06929852572139346,0.06936507805388625,6.655233249279469e-05,0.01933872285073903,0.01991154923965362,0.00057282638891459,18881.622024126314,18174.702874383,706.919149743313,0.005322325553990257,0.0070127429475954385,0.001690417393605182,10122.120898051167,7209.059419626087,2913.06147842508,3296.1436755612044,3369.3383211728133,73.19464561160885,0.0029078858309708982,0.0030382842382743165,0.0001303984073034183,0.0009545876503686266,0.001157891680092009,0.00020330402972338246,0.0,0.0,0.0,0.0,0.0,0.0,0.0,0.0,0.0
0.41500000000000004,0.06921892596122578,0.06928743838052163,6.851241929585472e-05,0.019234568036297195,0.019831510642473217,0.0005969426061760222,22665.431517730754,15687.455534509223,6977.975983221531,0.006549220868207266,0.0061483021369516085,0.0004009187312556577,14983.952282524535,5073.8828370769525,9910.069445447582,4015.3662176153093,3028.948290229314,986.4179273859954,0.004491712055852458,0.001769422350521265,0.002722289705331193,0.0010973398330723222,0.0010795403854589607,1.7799447613361507e-05,0.0,0.0,0.0,0.0,0.0,0.0,0.0,0.0,0.0
0.41600000000000004,0.06912951620105806,0.06919998646011374,7.047025905568272e-05,0.019236661600154567,0.01983406014717619,0.0005973985470216214,18528.62498139159,12931.87300940536,5596.751971986228,0.00524400760592301,0.004844911529789388,0.0003990960761336218,11889.545695129595,9314.05402327412,2575.491671855474,4680.949098544096,3806.74872804394,874.2003705001562,0.0033835785005151917,0.0028879387350625465,0.0004956397654526453,0.0012562334184943286,0.001193670422572708,6.256299592162073e-05,0.0,0.0,0.0,0.0,0.0,0.0,0.0,0.0,0.0
0.41700000000000004,0.0690302964408904,0.069102727133979,7.243069308859873e-05,0.019028037737230923,0.019671432158534913,0.0006433944213039902,10904.75357548131,12144.77109663101,1240.017521149699,0.003048254245092044,0.004443997808444507,0.0013957435633524633,9025.553349535256,10925.719519749835,1900.1661702145793,3585.646079449497,3856.044463414533,270.3983839650359,0.002629987870646652,0.004275685204237761,0.001645697333591109,0.001012439400055762,0.0012166027011920046,0.00020416330113624272,0.0,0.0,0.0,0.0,0.0,0.0,0.0,0.0,0.0
0.41800000000000004,0.06892126668072271,0.06899565500570778,7.43883249850752e-05,0.01890082312149779,0.01956437383925597,0.0006635507177581781,11577.91716232774,9708.198113429913,1869.7190488978267,0.003059846729331305,0.003596762131657852,0.0005369154023265469,11399.469270623957,8439.685669731973,2959.783600891984,3641.6594903215137,2750.294874890512,891.3646154310018,0.003021532504450337,0.0029186684457021984,0.00010286405874813855,0.001043544823384754,0.000986831625787436,5.671319759731797e-05,0.0,0.0,0.0,0.0,0.0,0.0,0.0,0.0,0.0
0.41900000000000004,0.06880242692055502,0.06887877266084791,7.634574029288799e-05,0.01882958700752465,0.019452881069323674,0.0006232940617990242,9093.134483942365,8377.64981661011,715.4846673322554,0.0021877843809867516,0.003381304948776009,0.0011935205677892574,8970.381675362956,8112.752412091125,857.6292632718314,4222.1824780145935,3666.112848353165,556.0696296614283,0.0021495606112553233,0.0023640237912008494,0.00021446317994552617,0.0011385740295179146,0.001223200449705421,8.462642018750629e-05,0.0,0.0,0.0,0.0,0.0,0.0,0.0,0.0,0.0
0.42000000000000004,0.06867377716038733,0.06875208380424169,7.830664385435893e-05,0.01865170467029169,0.019254942887891587,0.0006032382175998989,12373.643896413869,16928.67041567452,4555.026519260653,0.003618403994351762,0.006147541596184997,0.0025291376018332346,10331.018825197832,11363.436697535453,1032.4178723376208,4402.970787618858,4031.221446188383,371.7493414304745,0.0025069304814831442,0.0043847007389642605,0.0018777702574811162,0.0011902920551765106,0.0013041716487578244,0.00011387959358131377,0.0,0.0,0.0,0.0,0.0,0.0,0.0,0.0,0.0
0.42100000000000004,0.06853531740021965,0.06861558125470339,8.026385448374473e-05,0.01850484446267823,0.01916160254102939,0.0006567580783511627,6665.813437329086,7552.3382699844915,886.5248326554056,0.0018972761131414728,0.0031002704833627184,0.0012029943702212456,6277.501622549989,5795.436109025149,482.06551352484075,3619.8761333299108,3891.9159220975894,272.0397887676786,0.0017272727117907173,0.0022871073678952117,0.0005598346561044945,0.0009895696933706994,0.0013072861703362889,0.0003177164769655894,0.0,0.0,0.0,0.0,0.0,0.0,0.0,0.0,0.0
0.42200000000000004,0.06838704764005198,0.06846927273449942,8.22250944474412e-05,0.018416896669789337,0.01907095920996641,0.0006540625401770736,12347.831646923698,9985.436858259587,2362.394788664111,0.003601918090208242,0.0037753446575076455,0.0001734265672994036,9806.739548541405,9675.146757580686,131.59279096071987,4044.023531285613,3872.432696057614,171.59083522799892,0.0024264205996000175,0.0026299984945399473,0.0002035778949399298,0.0010878729069983613,0.00132018664877787,0.00023231374177950874,0.0,0.0,0.0,0.0,0.0,0.0,0.0,0.0,0.0
0.42300000000000004,0.06822896787988428,0.0683131499655737,8.418208568941599e-05,0.018160322378877033,0.018824039371225433,0.0006637169923483996,13907.865062605308,11594.243819651907,2313.6212429534007,0.004168145232438945,0.004973974153356876,0.0008058289209179311,11190.72750623687,8992.215486060766,2198.5120201761038,4696.99540846636,4361.815707259961,335.17970120639893,0.0029058723957517112,0.0026245194530814878,0.00028135294267022347,0.0012511063759716374,0.001371549956750623,0.0001204435807789857,0.0,0.0,0.0,0.0,0.0,0.0,0.0,0.0,0.0
0.42400000000000004,0.0680610781197166,0.06814722188577385,8.614376605725615e-05,0.018072421477466218,0.018724898183358343,0.0006524767058921251,7118.97061138941,10611.250702911557,3492.280091522147,0.0017528356798957694,0.003899288783846086,0.0021464531039503167,7068.595642839988,7925.645690913681,857.0500480736937,3759.3862520759153,4604.6404299738115,845.2541778978962,0.0017028971189370508,0.002570501390693396,0.000867604271756345,0.0010501020783595996,0.001538129327283885,0.0004880272489242853,0.0,0.0,0.0,0.0,0.0,0.0,0.0,0.0,0.0
0.42500000000000004,0.06788337835954893,0.06797147890243671,8.810054288778402e-05,0.017926536733072918,0.018532954014673215,0.0006064172816002966,14950.629168683705,11988.768893363835,2961.86027531987,0.00404051622025486,0.004528251903840161,0.00048773568358530077,14638.738601421956,11901.425067647811,2737.313533774144,4509.164525357658,4053.217480745519,455.94704461213905,0.003993705402907301,0.004439633824183207,0.00044592842127590647,0.0012547888364984295,0.0014535843795325137,0.00019879554303408415,0.0,0.0,0.0,0.0,0.0,0.0,0.0,0.0,0.0
0.42600000000000005,0.06769586859938125,0.06778592558502089,9.005698563964437e-05,0.01767133091398642,0.018332377709846498,0.0006610467958600777,13698.304061107523,10092.522722035003,3605.7813390725205,0.0036868955037340856,0.0026891768854191284,0.0009977186183149573,10347.275911479572,10001.371835130194,345.90407634937765,4441.549519054808,4222.193296399878,219.3562226549302,0.0028398751893487636,0.0026595087051109988,0.00018036648423776485,0.001210963361036695,0.0014680744557934893,0.0002571110947567944,0.0,0.0,0.0,0.0,0.0,0.0,0.0,0.0,0.0
0.42700000000000005,0.06749854883921358,0.06759056787032765,9.20190311140684e-05,0.017455628674025236,0.018156598638011796,0.0007009699639865599,12535.99917822009,8948.06693899757,3587.9322392225204,0.003708686514187462,0.003245338014015918,0.00046334850017154365,7982.278998990361,8376.409548158605,394.1305491682433,3834.1171412868916,4733.138327567866,899.0211862809747,0.0021330410078104823,0.003062363100498104,0.0009293220926876217,0.0010345770030986685,0.0015336303134703634,0.0004990533103716949,0.0,0.0,0.0,0.0,0.0,0.0,0.0,0.0,0.0
0.42800000000000005,0.06729141907904593,0.06738539439779838,9.397531875245113e-05,0.017235226191894413,0.017930008562896834,0.0006947823710024212,21101.41441798623,9336.985194889774,11764.429223096457,0.006262594364033718,0.0039134792020618986,0.0023491151619718193,20182.013598986916,8300.97106898819,11881.042529998726,4647.338213241355,4731.162461380335,83.82424813897978,0.00581674778970341,0.003537467027855047,0.002279280761848363,0.0012680469128809888,0.0016389556343940057,0.00037090872151301696,0.0,0.0,0.0,0.0,0.0,0.0,0.0,0.0,0.0
0.42900000000000005,0.06707447931887825,0.06717041710590728,9.593778702902955e-05,0.016961943777856606,0.017654688401330013,0.0006927446234734069,22469.525983601015,19705.44172964973,2764.084253951285,0.006367459189994244,0.007733758975836193,0.0013662997858419493,12642.553109876608,8901.68223393831,3740.870875938297,4650.023130749562,4102.238438661507,547.7846920880556,0.0037802001481384985,0.003137865647365587,0.0006423345007729115,0.0012617625136365643,0.001478167508490131,0.00021640499485356662,0.0,0.0,0.0,0.0,0.0,0.0,0.0,0.0,0.0
0.43000000000000005,0.06684772955871057,0.06694562350533108,9.789394662050588e-05,0.016862612562317122,0.017543255994760778,0.0006806434324436554,10292.58992094225,7822.072347972598,2470.517572969651,0.0024066340520296835,0.0027803158072510067,0.00037368175522132325,10021.789223731354,7676.669640951596,2345.1195827797574,4349.172910223432,4423.164538953602,73.9916287301694,0.0023034108840876907,0.002272619358124248,3.079152596344257e-05,0.0011572163995919266,0.001414417650488948,0.00025720125089702135,0.0,0.0,0.0,0.0,0.0,0.0,0.0,0.0,0.0
0.43100000000000005,0.06661116979854291,0.06671102659215322,9.985679361031174e-05,0.016634994505716365,0.017280244436558168,0.0006452499308418035,10835.384329525508,8179.898498550321,2655.485830975187,0.002981654827679151,0.0034624147954015654,0.00048075996772241423,9333.191478218489,7939.76570571175,1393.4257725067382,5069.932875794848,4899.613577375676,170.3192984191719,0.0025108615664899176,0.003037806806763077,0.0005269452402731595,0.0013263495647293524,0.0015392206422096284,0.000212871077480276,0.0,0.0,0.0,0.0,0.0,0.0,0.0,0.0,0.0
0.43200000000000005,0.06636480003837526,0.06646661289587948,0.0001018128575042132,0.016335043661184538,0.01704855267562551,0.0007135090144409703,10155.802398676698,10031.02844736112,124.77395131557932,0.0030136736919678547,0.004058217029061224,0.0010445433370933695,8853.176217300068,8764.999980087343,88.17623721272503,4628.099167256437,4568.9373662980615,59.16180095837535,0.0023911420569750104,0.0035156165004809293,0.001124474443505919,0.0012466138809592543,0.0015611226652340882,0.0003145087842748339,0.0,0.0,0.0,0.0,0.0,0.0,0.0,0.0,0.0
0.43300000000000005,0.06610862027820763,0.0662123887932034,0.00010376851499577233,0.01610293968962145,0.016791703090114837,0.0006887634004933869,10580.902341364423,11035.678717092023,454.7763757276007,0.003086613066727531,0.004086190216034286,0.000999577149306755,7602.6424342965365,9402.069286079479,1799.4268517829423,4894.007704095178,3647.0902931676083,1246.91741092757,0.0022421788156462177,0.003228902786559368,0.0009867239709131503,0.001282810018829139,0.00129113809117264,8.32807234350092e-06,0.0,0.0,0.0,0.0,0.0,0.0,0.0,0.0,0.0
0.43400000000000005,0.06584263051803997,0.06594836223115866,0.0001057317131186869,0.015826179775096677,0.01650678615804797,0.0006806063829512925,9111.834417270677,8620.141795665562,491.69262160511425,0.0024289097138094256,0.003156557869912957,0.0007276481561035316,9090.918907887408,7660.069178705518,1430.8497291818894,4607.542999324467,4211.579882469253,395.96311685521414,0.002238682861889547,0.002968877287486941,0.0007301944255973941,0.0012165701263563307,0.0013335643929184662,0.00011699426656213547,0.0,0.0,0.0,0.0,0.0,0.0,0.0,0.0,0.0
0.43500000000000005,0.06556683075787233,0.06567451777140246,0.00010768701353013055,0.015549133275449314,0.01621663349204847,0.000667500216599155,12917.431131024718,17375.446960818896,4458.015829794178,0.003761367659036019,0.007356647931057185,0.003595280272021166,7444.649870810654,11406.436473185067,3961.7866023744136,4584.349807187095,4685.127787449348,100.77798026225264,0.001869067204985132,0.004515807646177971,0.0026467404411928386,0.001224268438568038,0.0015156511158018523,0.00029138267723381435,0.0,0.0,0.0,0.0,0.0,0.0,0.0,0.0,0.0
0.43600000000000005,0.0652812209977047,0.06539087173167832,0.0001096507339736208,0.015326489298238648,0.015986609340580434,0.0006601200423417865,11596.32104423978,8495.430407706,3100.890636533779,0.0032296278166494582,0.003617413773171942,0.0003877859565224839,8624.247775802203,5815.68258831816,2808.5651874840432,3735.0569959675026,3481.032735890506,254.0242600769966,0.002593345162956995,0.0018337889401163028,0.0007595562228406923,0.0010102903562436711,0.0011946210902664305,0.00018433073402275937,0.0,0.0,0.0,0.0,0.0,0.0,0.0,0.0,0.0
0.43700000000000006,0.06498580123753707,0.06509740732998304,0.00011160609244596775,0.014980456585233653,0.015643679798214256,0.0006632232129806029,6468.162845950566,8284.567837992327,1816.4049920417601,0.0018508341317601932,0.0032804336417993993,0.0014295995100392061,5834.113770668614,8157.113976831239,2323.0002061626246,3081.1402008314135,3354.7042141245693,273.56401329315577,0.0014874204195043353,0.0027365858957020266,0.0012491654761976913,0.000804069580424546,0.001104730818113467,0.0003006612376889209,0.0,0.0,0.0,0.0,0.0,0.0,0.0,0.0,0.0
0.43800000000000006,0.06468057147736946,0.06479414150477869,0.00011357002740923494,0.01462705261213336,0.01537460949750361,0.000747556885370251,12645.84127464912,9321.932192294522,3323.9090823545976,0.003690894927510666,0.0036646354581534807,2.6259469357185327e-05,11930.004399284911,7370.290380657164,4559.7140186277475,4842.4847331381,4755.116991155607,87.36774198249259,0.003435410880151496,0.002878954124282722,0.0005564567558687737,0.0012603553528015515,0.0014914756906653887,0.0002311203378638372,0.0,0.0,0.0,0.0,0.0,0.0,0.0,0.0,0.0
0.43900000000000006,0.06436553171720183,0.06448105699841085,0.00011552528120901961,0.014364906749743485,0.015065368258495668,0.0007004615087521839,15379.877280469838,7989.037410234456,7390.8398702353825,0.004364254477380826,0.003238441903588918,0.0011258125737919084,10591.146454348209,7157.4661487546155,3433.6803055935934,4141.459892112256,4049.7844345297954,91.6754575824607,0.002929632228246072,0.0027304439447264936,0.00019918828351957836,0.0011155355651199037,0.0012775505371122964,0.00016201497199239264,0.0,0.0,0.0,0.0,0.0,0.0,0.0,0.0,0.0
0.44000000000000006,0.06404068195703422,0.0641581620314341,0.00011748007439987829,0.014028535702407741,0.014718929206092543,0.0006903935036848014,4576.651792423967,11245.532711943157,6668.88091951919,0.0014113672803800603,0.004275305187671266,0.0028639379072912053,4505.345894760178,7803.739082553746,3298.3931877935674,2976.0800670030853,3408.187960094152,432.10789309106667,0.0013500612938019516,0.0032802514294521376,0.001930190135650186,0.0008031094037272824,0.0011487572618802209,0.0003456478581529385,0.0,0.0,0.0,0.0,0.0,0.0,0.0,0.0,0.0
0.44100000000000006,0.06370602219686661,0.06382546676042186,0.00011944456355525435,0.013731193818236105,0.014382599301037543,0.0006514054828014385,17096.085066412084,13388.307112859668,3707.777953552417,0.004931251116941225,0.005546495880648674,0.0006152447637074489,10844.163883876734,8757.544311141279,2086.619572735455,4836.271560866711,4452.395927569091,383.87563329761997,0.0033005279620508454,0.002884117747324096,0.00041641021472674927,0.0012805902751398077,0.0014375345097662824,0.00015694423462647472,0.0,0.0,0.0,0.0,0.0,0.0,0.0,0.0,0.0
0.44200000000000006,0.06336155243669903,0.0634829516862606,0.000121399249561574,0.013421461452580328,0.014063067684978043,0.0006416062323977151,16355.880802939413,8421.296345325994,7934.584457613419,0.004764773070481068,0.003569563487617587,0.001195209582863481,12783.186850052565,7162.705224828898,5620.481625223667,4961.244967551907,5148.299186408708,187.05421885680062,0.0037430113122944803,0.002960480164916262,0.0007825311473782181,0.0012940407114043423,0.001646281929172934,0.00035224121776859167,0.0,0.0,0.0,0.0,0.0,0.0,0.0,0.0,0.0
0.44300000000000006,0.06300727267653142,0.06313063705417699,0.0001233643776455684,0.013042151628731003,0.01371172808880075,0.000669576460069746,11141.685258918771,11035.185186408937,106.50007250983435,0.0031045434695985124,0.004247927713642109,0.0011433842440435969,9090.023338419414,9927.590414354772,837.5670759353579,3840.307739552017,3401.3397791532097,438.96796039880746,0.0025443866400815954,0.004025040980042557,0.0014806543399609618,0.0010324689164329852,0.0011825246390104016,0.00015005572257741637,0.0,0.0,0.0,0.0,0.0,0.0,0.0,0.0,0.0
0.44400000000000006,0.06264318291636382,0.06276850175996576,0.00012531884360193757,0.012651035284412809,0.013358526067469026,0.000707490783056217,11151.924884295398,11558.56487151067,406.6399872152724,0.0031527887440369953,0.0044622500252223226,0.0013094612811853272,10437.432872253605,10023.137697967648,414.2951742859568,5334.9712804418305,4303.155176459542,1031.816103982288,0.0029288562689505676,0.003726739893181537,0.0007978836242309695,0.0013943760551847907,0.0014343738657476986,3.9997810562907975e-05,0.0,0.0,0.0,0.0,0.0,0.0,0.0,0.0,0.0
0.44500000000000006,0.06226928315619625,0.06239656720126526,0.00012728404506900937,0.012330452931208085,0.012983724210693822,0.000653271279485737,11279.16889601765,9039.76044438521,2239.40845163244,0.003300948409824505,0.003186584987938091,0.00011436342188641396,8480.735078408909,8784.339545720426,303.6044673115175,5433.599125985309,5551.749407601239,118.15028161593,0.0023011368391176587,0.002810679569136774,0.0005095427300191155,0.0014523103618955947,0.0018097200181633583,0.0003574096562677636,0.0,0.0,0.0,0.0,0.0,0.0,0.0,0.0,0.0
0.44600000000000006,0.06188557339602871,0.06201481156419563,0.00012923816816692163,0.011898187569937454,0.01257474175069655,0.0006765541807590963,13412.435926373131,9664.91761283328,3747.518313539851,0.0039821354328239,0.0040837226608488545,0.00010158722802495416,8736.62391921674,6214.176392822295,2522.447526394444,4730.79430886027,4180.319380869036,550.4749279912339,0.002638538892654903,0.002592757560803521,4.5781331851381824e-05,0.0012779970440009905,0.0013768553598465668,9.885831584557632e-05,0.0,0.0,0.0,0.0,0.0,0.0,0.0,0.0,0.0
0.44700000000000006,0.06149205363586115,0.061623245451672026,0.00013119181581087297,0.011512799113417417,0.012205166947208539,0.0006923678337911222,10818.677243402464,8204.942696987566,2613.7345464148984,0.0033151789462136645,0.0034096707027818276,9.449175656816309e-05,8583.169888498773,6259.116195794513,2324.0536927042594,4461.748899374684,3111.5754430265088,1350.173456348175,0.002234114225996795,0.002248199429346087,1.4085203349291885e-05,0.0012243247807513357,0.0011632504627057812,6.107431804555446e-05,0.0,0.0,0.0,0.0,0.0,0.0,0.0,0.0,0.0
0.448,0.06108872387569362,0.06122188119666107,0.00013315732096744887,0.01110514070034117,0.011814065222125063,0.0007089245217838935,11545.081074264152,11669.800256374927,124.71918211077536,0.003324884529491914,0.004800845164297945,0.0014759606348060308,10626.93485394736,8314.842056210962,2312.092797736397,5626.318146334601,5433.612023455602,192.70612287899894,0.00303258545612656,0.0034053576578948683,0.00037277220176830817,0.0015114205946261349,0.0018596220751731693,0.0003482014805470345,0.0,0.0,0.0,0.0,0.0,0.0,0.0,0.0,0.0
0.449,0.06067558411552608,0.060810695683827944,0.00013511156830186416,0.010674189707791727,0.01140207084453084,0.0007278811367391128,11226.30428417999,7883.0567908456005,3343.24749333439,0.0031365931925137376,0.0029158381690075346,0.00022075502350620306,10941.263961785424,7620.17386615215,3321.0900956332734,4673.4725016517405,4411.705567019987,261.76693463175343,0.0030507750205306912,0.0026405339914484685,0.00041024102908222273,0.001247949053849479,0.001410496112561341,0.00016254705871186184,0.0,0.0,0.0,0.0,0.0,0.0,0.0,0.0,0.0
0.45,0.06025263435535856,0.060389711452592275,0.00013707709723371347,0.010249819277226997,0.01093599551081102,0.0006861762335840238,6579.469529275628,6301.491696599738,277.97783267588966,0.0016664044875955009,0.0017907128008057753,0.0001243083132102744,6543.053093030844,6223.9350273232,319.11806570764384,3111.2842126003434,2686.386412633061,424.8977999672825,0.001506507438242924,0.0015709284020198196,6.442096377689568e-05,0.0008415168713194061,0.0008838470666474609,4.2330195328054766e-05,0.0,0.0,0.0,0.0,0.0,0.0,0.0,0.0,0.0
0.451,0.05981987459519107,0.05995890528626261,0.0001390306910715386,0.009898370074225792,0.010547186685343097,0.0006488166111173043,19674.85668552613,7487.75108513539,12187.10560039074,0.005586410394581267,0.002498008280239974,0.003088402114341293,10689.554309786938,7201.261304615892,3488.2930051710455,4782.0503369097705,4258.088345604818,523.9619913049528,0.003102727920773305,0.0022948222512889473,0.0008079056694843575,0.0012714657919999392,0.0014281198076327656,0.0001566540156328264,0.0,0.0,0.0,0.0,0.0,0.0,0.0,0.0,0.0
0.452,0.05937730483502357,0.05951830174139543,0.0001409969063718569,0.009400630672685859,0.010086362199398345,0.0006857315267124863,21257.685950921354,8920.029857300318,12337.656093621035,0.006177438513887577,0.00344767690560298,0.002729761608284597,12838.634068424331,8650.708219237576,4187.925849186755,4670.485704179594,4974.882844561636,304.3971403820424,0.0037865855989558848,0.003420263199182292,0.0003663223997735928,0.0012050266658779568,0.0015339482945605832,0.0003289216286826264,0.0,0.0,0.0,0.0,0.0,0.0,0.0,0.0,0.0
0.453,0.0589249250748561,0.05906787515250553,0.00014295007764943135,0.008934398726105238,0.009658446272797098,0.0007240475466918604,11105.035290624586,10984.509418773632,120.52587185095399,0.003109895200575021,0.0044846899009572,0.0013747947003821793,5732.440783838068,7773.097969812622,2040.6571859745545,2753.9604792058153,3480.507160245158,726.5466810393427,0.001596080592825224,0.0028291215082263967,0.0012330409154011727,0.0007451669511685525,0.0011590391019567696,0.0004138721507882171,0.0,0.0,0.0,0.0,0.0,0.0,0.0,0.0,0.0
0.454,0.058462735314688624,0.05860765228668624,0.00014491697199761622,0.00843998764653853,0.009170221313634102,0.0007302336670955718,10622.95454248391,7544.679106594818,3078.2754358890925,0.0031168261578987714,0.002344168518834375,0.0007726576390643964,10182.498826400728,7298.773968981512,2883.7248574192163,4667.934028484714,3635.5982171237074,1032.3358113610066,0.002432836886590362,0.002289232390895077,0.00014360449569528503,0.0012287769240403046,0.0012286008952496152,1.760287906894028e-07,0.0,0.0,0.0,0.0,0.0,0.0,0.0,0.0,0.0
0.455,0.057990735554521174,0.05813760587518406,0.00014687032066288547,0.007930522102494487,0.008673079273389863,0.0007425571708953756,15146.049797196843,15306.202998636662,160.15320143981808,0.00455746742219041,0.006480473080383778,0.001923005658193368,11262.177260423761,7423.8120792717755,3838.365181151986,4895.923437890294,5195.8575570437115,299.93411915341767,0.0031888969815313957,0.0028563061120923518,0.000332590869439044,0.0012778667992294972,0.0016457016729864488,0.0003678348737569516,0.0,0.0,0.0,0.0,0.0,0.0,0.0,0.0,0.0
0.456,0.05750892579435374,0.05765774890344232,0.0001488231090885847,0.007488978774928937,0.008181585788534342,0.0006926070136054046,8751.10624809301,10165.491133553136,1414.3848854601256,0.002563822161522897,0.004053287454867455,0.0014894652933445584,6145.307720092142,8998.95644570206,2853.648725609919,3582.7200314873917,4365.537367060521,782.8173355731296,0.0017618507243220985,0.0036366220981019436,0.001874771373779845,0.0009350441448194869,0.0013589251315399063,0.0004238809867204194,0.0,0.0,0.0,0.0,0.0,0.0,0.0,0.0,0.0
0.457,0.057017306034186324,0.05716809633401096,0.0001507902998246352,0.007071925143104382,0.007781750490343531,0.0007098253472391488,11248.684865003679,8376.589609311848,2872.095255691831,0.0031111992610519585,0.0034068852245865014,0.0002956859635345429,9687.977416559612,8282.391734190858,1405.5856823687536,4726.657925031826,3956.8787864412952,769.7791385905311,0.002830410566828204,0.00250895623438107,0.00032145433244713415,0.0012886681348546396,0.0014152597201629168,0.00012659158530827722,0.0,0.0,0.0,0.0,0.0,0.0,0.0,0.0,0.0
0.458,0.056515876274018904,0.05666861949456675,0.00015274322054784767,0.00647976282756106,0.0072125950029827204,0.0007328321754216608,10227.368492469353,14255.784914179001,4028.4164217096477,0.0028333477752260578,0.005247863878008439,0.002414516102782381,9695.8379346292,12766.96515133491,3071.1272167057105,5011.694741504637,5001.584482999159,10.11025850547776,0.0026243095719888005,0.0044874905897717265,0.001863181017782926,0.0013304719168406626,0.0017079406175731055,0.00037746870073244294,0.0,0.0,0.0,0.0,0.0,0.0,0.0,0.0,0.0
0.459,0.05600463651385152,0.056159346824718334,0.0001547103108668138,0.005961169941159335,0.006712961971274814,0.000751792030115479,12995.172827036478,12569.154740698503,426.01808633797555,0.0038836860692770697,0.005320636211311422,0.001436950142034352,12405.328628813035,7385.377176651546,5019.951452161489,4129.089225968803,5065.722296686727,936.633070717924,0.0036807973600251147,0.0030477611936549714,0.0006330361663701434,0.0010678502114869217,0.0015001024892562832,0.0004322522777693615,0.0,0.0,0.0,0.0,0.0,0.0,0.0,0.0,0.0
0.46,0.05548358675368414,0.055640249826663955,0.00015666307297981796,0.0054473537373006045,0.006173594658770777,0.0007262409214701723,15572.994099922846,16128.668737253598,555.6746373307524,0.004611982112759923,0.006659490397136242,0.0020475082843763193,9139.636499583057,6914.805571448279,2224.8309281347783,4355.920781258893,3741.1219577515417,614.7988235073512,0.0024922440788312187,0.0019214662672239256,0.000570777811607293,0.001173198762941595,0.001201558558432991,2.8359795491396e-05,0.0,0.0,0.0,0.0,0.0,0.0,0.0,0.0,0.0
0.461,0.05495272699351678,0.05511135837013541,0.00015863137661862453,0.004898203196462966,0.005628196736919632,0.0007299935404566664,11338.708505044067,19750.212187943678,8411.50368289961,0.0034611095772634215,0.007952711763429245,0.004491602186165823,9933.365203423295,14205.96621791125,4272.601014487955,4980.212064511379,4282.009715546773,698.2023489646062,0.002737298149175481,0.005513324370174184,0.002776026220998703,0.0013462578095453572,0.0015337350310091647,0.0001874772214638075,0.0,0.0,0.0,0.0,0.0,0.0,0.0,0.0,0.0
0.462,0.054412057233349444,0.05457264084030881,0.00016058360695936358,0.004436440198264422,0.0051274751170303015,0.0006910349187658794,10993.8840290526,8029.880896369004,2964.003132683596,0.0032850333992949362,0.0029582165281625715,0.00032681687113236477,9565.757586743004,7665.419498164805,1900.338088578199,5115.654530315601,4833.471929493824,282.18260082177676,0.002702121784513941,0.002938573959774094,0.00023645217526015302,0.0013387448129864124,0.0015842310096272996,0.0002454861966408872,0.0,0.0,0.0,0.0,0.0,0.0,0.0,0.0,0.0
0.463,0.05386157747318213,0.05402411286062007,0.00016253538743793428,0.0038928178733899817,0.004627321124291176,0.000734503250901194,7515.357890065255,8614.575058786555,1099.2171687213004,0.001983083292846678,0.0028096889250244124,0.0008266056321777344,7512.669146375245,8436.6522757846,923.9831294093547,3862.890442369899,4094.7428232181655,231.85238084826642,0.0019594484663449656,0.0021140905596829787,0.00015464209333801307,0.0009878987210493644,0.0011599414148516969,0.0001720426938023325,0.0,0.0,0.0,0.0,0.0,0.0,0.0,0.0,0.0
0.464,0.05330128771301483,0.05346579214570894,0.00016450443269411252,0.003239824033489106,0.0039918782740387335,0.0007520542405496274,14997.926062038623,13474.20674450872,1523.7193175299035,0.004462765638778742,0.005455977966383413,0.000993212327604671,11116.41368900047,13216.344712583576,2099.9310235831053,4847.224204464526,4281.522686678046,565.7015177864805,0.0029955351795655214,0.004213915005628265,0.0012183798260627433,0.0013015809795914963,0.0014580167214211788,0.00015643574182968244,0.0,0.0,0.0,0.0,0.0,0.0,0.0,0.0,0.0
0.465,0.05273118795284755,0.05289764519563532,0.00016645724278777085,0.0027090275773130543,0.003488595514472044,0.0007795679371589898,26583.58201231833,15285.95298010831,11297.62903221002,0.007714553400598745,0.005939058867206105,0.0017754945333926398,10555.732701601497,8689.6446960791,1866.088005522397,4488.4558671839095,4175.047969413463,313.40789777044665,0.00303517578946581,0.0029826520452911533,5.252374417465686e-05,0.0012018143454288104,0.001404791201024161,0.00020297685559535054,0.0,0.0,0.0,0.0,0.0,0.0,0.0,0.0,0.0
0.466,0.052151278192680305,0.05231970429932883,0.00016842610664852264,0.0021394354123764198,0.002882724831198005,0.0007432894188215853,11848.172080055916,10895.69632909216,952.4757509637566,0.0033908697115572805,0.004593354285276719,0.0012024845737194385,9240.381669333528,5942.986278682879,3297.3953906506495,4135.713137028378,4098.857714169492,36.855422858885504,0.002772968456973609,0.002115253590251473,0.0006577148667221361,0.001060935430809183,0.0012003716152309068,0.0001394361844217237,0.0,0.0,0.0,0.0,0.0,0.0,0.0,0.0,0.0
0.467,0.05156155843251306,0.05173193548386216,0.00017037705134909792,0.0015029908225763673,0.0022420117712241374,0.0007390209486477701,11566.296931945775,13188.971886948375,1622.6749550025997,0.0029942257953457906,0.005186219695595653,0.0021919939002498622,11188.129944042696,10179.625992848261,1008.5039511944342,5060.849727057986,3727.4312417561655,1333.41848530182,0.0028625700819026375,0.00259936520221823,0.0002632048796844073,0.001367469891923143,0.0012212743892508965,0.0001461955026722465,0.0,0.0,0.0,0.0,0.0,0.0,0.0,0.0,0.0
0.468,0.05096202867234585,0.051134374280331234,0.00017234560798538162,0.0009892524282243062,0.0017032152559167983,0.0007139628276924921,12878.564790587456,8881.56737082658,3996.9974197608753,0.0036156758553682763,0.0035105821435285475,0.00010509371183972877,12531.12668368001,8851.559837922543,3679.5668457574666,4689.63021267724,4377.970448121562,311.6597645556776,0.003285755528177464,0.002928995437835136,0.00035676009034232804,0.0012685667874002078,0.0015993542605459961,0.0003307874731457883,0.0,0.0,0.0,0.0,0.0,0.0,0.0,0.0,0.0
0.46900000000000003,0.05035268891217865,0.05052698595610785,0.00017429704392919743,0.0003260747950262731,0.0010823494926233469,0.0007562746975970738,9150.035252971062,7476.222022806109,1673.813230164953,0.0025386539150134804,0.003110971417713017,0.0005723175026995366,5839.485698683784,6157.335083142474,317.8493844586901,3486.200756125517,3782.0374291437056,295.8366730181888,0.0017196597450249054,0.0024046109885779,0.0006849512435529944,0.0009237662632502585,0.0012667510365055447,0.00034298477325528614,0.0,0.0,0.0,0.0,0.0,0.0,0.0,0.0,0.0
0.47000000000000003,0.04973558731113157,0.04991016842093608,0.00017458110980451275,-3.170825494562893e-05,0.0005018911012006095,0.0005335993561462384,63610.65234236268,22716.165550939026,40894.48679142365,0.018502286244635673,0.009347736836551325,0.009154549408084347,12087.655090058577,8370.366390338002,3717.288699720575,6107.713000845078,4050.8215559338346,2056.891444911243,0.0033947840410702415,0.0022980045228244463,0.0010967795182457952,0.0016625970415502216,0.0012463754365725772,0.0004162216049776444,27.72851323558006,0.0,27.72851323558006,0.00043961138346850924,0.0,0.00043961138346850924,0.0001748977563295549,0.0,0.0001748977563295549
0.47100000000000003,0.04915203289286286,0.049310990277954755,0.0001589573850918971,-0.00010211478355302145,0.00033357795250550323,0.0004356927360585247,152957.0482071104,119573.64343395724,33383.40477315316,0.04377875642076333,0.04656653521340993,0.002787778792646599,39541.779936012965,34344.35889925149,5197.421036761472,12512.85824436174,10466.547180816262,2046.3110635454777,0.01021892815361235,0.010818165112115773,0.000599236958503422,0.0032724702254404857,0.003417103217870321,0.00014463299242983537,89.29823265750792,0.0,89.29823265750792,0.004559334849744387,0.0,0.004559334849744387,0.0001748977563295549,0.0,0.0001748977563295549
0.47200000000000003,0.04867127842177842,0.04879387597023883,0.00012259754846040416,-0.00015980392336726462,0.0001740633404445406,0.00033386726381180525,243423.40048706322,230414.33269869836,13009.06778836486,0.0700482527459547,0.09197229718125724,0.021924044435302534,57302.754506326084,52841.42578418202,4461.328722144062,18303.125399506145,16940.661912721534,1362.4634867846107,0.014977032683337332,0.017560809761568784,0.0025837770782314515,0.004725966753243243,0.005486123914699485,0.0007601571614562425,139.74673824797355,0.0,139.74673824797355,0.011166038524902177,0.0,0.011166038524902177,0.0001748977563295549,0.0,0.0001748977563295549
0.47300000000000003,0.04835744740758361,0.04842904869182697,7.160128424336248e-05,-0.00019011942613232635,5.1756583085881496e-05,0.00024187600921820785,317315.5152585163,319688.3238493366,2372.808590820292,0.09188173351399836,0.12909021323443087,0.03720847972043251,65400.07695823572,64704.07718780783,695.9997704278867,18126.058056889233,17395.91527648193,730.1427804073028,0.01737097207027427,0.02237397084794173,0.00500299877766746,0.004944746817169686,0.00644317895922194,0.0014984321420522537,166.25730532603214,0.0,166.25730532603214,0.015804371739446096,0.0,0.015804371739446096,0.0001748977563295549,0.0,0.0001748977563295549
0.47400000000000003,0.04825685473349374,0.048270506535373466,1.3651801879725756e-05,-0.0001688673544687977,4.199972381418532e-05,0.00021086707828298301,323878.82623606874,338523.90665972774,14645.080423659005,0.09310238262103294,0.1351312816709563,0.042028899049923366,78800.78708314839,79966.99944411719,1166.2123609687987,24149.018713622554,24481.095658071477,332.0769444489233,0.020071328895479336,0.025764283756011475,0.005692954860532139,0.006133099627590637,0.007850415448497678,0.0017173158209070408,147.67260706950177,0.0,147.67260706950177,0.012468541241668516,0.0,0.012468541241668516,0.0001748977563295549,0.0,0.0001748977563295549
0.47500000000000003,0.04837755607261336,0.048335031967076066,4.25241055372963e-05,-0.00013768263905440323,3.7224518257820016e-05,0.00017490715731222325,313784.86416046834,329919.97357551276,16135.109415044426,0.09084682158897742,0.13256368613805267,0.04171686454907525,70577.96600138616,74057.4131850776,3479.4471836914454,19526.994956397848,20027.425017588037,500.430061190189,0.018583228761949115,0.025060302371109976,0.0064770736091608605,0.005154196093072583,0.0067448260373573895,0.0015906299442848063,120.40192328073537,0.0,120.40192328073537,0.008288627272258719,0.0,0.008288627272258719,0.0001748977563295549,0.0,0.0001748977563295549
0.47600000000000003,0.048706442532685204,0.04861684645344825,8.959607923695462e-05,-9.265650488582064e-05,0.00010962797922906558,0.0002022844841148862,256286.77883468504,266888.9006095187,10602.12177483365,0.0746645320762041,0.10709026763865731,0.032425735562453206,55835.50895747117,62812.31624072774,6976.807283256574,16001.935853581714,16678.644132320256,676.7082787385425,0.015154592048094162,0.022148675003432507,0.006994082955338345,0.0043762764933030504,0.006083405568254258,0.0017071290749512075,81.02707406934236,0.0,81.02707406934236,0.0037538427421948857,0.0,0.0037538427421948857,0.0001748977563295549,0.0,0.0001748977563295549
0.47700000000000004,0.049200332300597234,0.04907779746058047,0.000122534840016765,-3.837214655982857e-05,0.00026596148502503755,0.0003043336315848661,149685.19604873972,157987.5042075406,8302.308158800879,0.043031239718912845,0.06199048062383473,0.018959240904921883,43462.940260296695,49545.24555631308,6082.305296016384,13635.997990282005,14958.1848005736,1322.1868102915942,0.011238136459680068,0.01663550353832895,0.005397367078648883,0.0033822634533956517,0.004553789952578213,0.0011715264991825616,33.55601169431433,0.0,33.55601169431433,0.0006438080993487754,0.0,0.0006438080993487754,0.0001748977563295549,0.0,0.0001748977563295549
0.47800000000000004,0.04978928513413636,0.04965108959847077,0.00013819553566558895,6.928611548693425e-06,0.00041964864293147174,0.0004127200313827783,45387.97436217096,56379.444771179566,10991.470409008609,0.013194274659221407,0.022123044528408332,0.008928769869186925,14641.677380221652,19593.375565750983,4951.698185529331,5337.711089445952,5540.432483147122,202.7213937011702,0.0038436445664807037,0.007026875579817434,0.00318323101333673,0.0013832347662210917,0.001899012512364628,0.0005157777461435363,0.0,0.0,0.0,0.0,0.0,0.0,0.0,0.0,0.0
0.47900000000000004,0.05040302123826865,0.05026589282442651,0.00013712841384213442,0.000341578755201407,0.0007410909098040425,0.00039951215460263547,15682.942151571728,17600.562018596684,1917.619867024956,0.003979744949560887,0.00615626850947136,0.0021765235599104735,15276.084936940211,10426.34225067749,4849.742686262722,5955.895252280819,4790.637881792691,1165.257370488128,0.0036067893185069955,0.0030764264892826102,0.0005303628292243853,0.0015683722717470213,0.0016327866754649745,6.441440371795322e-05,0.0,0.0,0.0,0.0,0.0,0.0,0.0,0.0,0.0
0.48000000000000004,0.051007918063047344,0.05087461969290753,0.0001332983701398116,0.0011317672731103734,0.001539393091135099,0.00040762581802472565,21260.632376153117,14261.732661709777,6998.89971444334,0.005743656076954078,0.004455359185444692,0.0012882968915093867,12352.817229850456,14097.370738080244,1744.5535082297883,6462.986299521989,5647.276949431311,815.7093500906785,0.003218284485967444,0.004201127346675913,0.0009828428607084687,0.0016619527033080014,0.0018853448505819056,0.00022339214727390422,0.0,0.0,0.0,0.0,0.0,0.0,0.0,0.0,0.0
0.48100000000000004,0.05160300488782606,0.05147357132840805,0.00012943355941800322,0.0015764701041314326,0.0020170110373015867,0.0004405409331701541,8656.30805554614,9462.564229938343,806.2561743922033,0.0024957777504557624,0.003236140985601377,0.0007403632351456147,7565.1427207385705,9365.466496575074,1800.323775836504,5149.397229389727,4741.03715349209,408.3600758976372,0.0018295703221393768,0.0030119739726098592,0.0011824036504704824,0.001333778110182766,0.0016136002445917004,0.0002798221344089344,0.0,0.0,0.0,0.0,0.0,0.0,0.0,0.0,0.0
0.48200000000000004,0.052188281712604784,0.0520626959277623,0.00012558578484248711,0.0021529335593640335,0.0026472637410623404,0.0004943301816983069,13151.647270401692,14565.747695284292,1414.1004248825993,0.003219890745043677,0.005235735910972393,0.002015845165928716,12754.910825103309,8155.820803888147,4599.090021215162,6139.445015592671,5285.631269969156,853.8137456235145,0.0031362875300660524,0.0028854301173854443,0.00025085741268060817,0.0016094493449597112,0.0017438213508164044,0.00013437200585669318,0.0,0.0,0.0,0.0,0.0,0.0,0.0,0.0,0.0
0.48300000000000004,0.05276374853738355,0.052642026649478896,0.00012172188790465083,0.0027994365933394667,0.003252150982325923,0.0004527143889864562,14058.561455493445,13410.480120214153,648.081335279292,0.003846056912895578,0.004671186470010517,0.0008251295571149392,13119.399684292603,13323.796742963237,204.39705867063458,5886.983818260659,5806.57210370203,80.41171455862877,0.0034653746263372965,0.003856259671455786,0.00039088504511848934,0.0015126959217360413,0.0018829285033933071,0.0003702325816572658,0.0,0.0,0.0,0.0,0.0,0.0,0.0,0.0,0.0
0.48400000000000004,0.05332940536216233,0.053211547816666364,0.00011785754549596683,0.003348069593583209,0.0037832934169209466,0.0004352238233377376,10497.444863015528,13572.22611926636,3074.7812562508316,0.003132314609585131,0.004100093671021099,0.0009677790614359681,7930.521927592626,13270.398540936701,5339.876613344076,5292.7056221233,5549.637927354026,256.93230523072634,0.001846476259044313,0.004036512589826689,0.002190036330782376,0.0013132681873571257,0.0017807214531353698,0.0004674532657782441,0.0,0.0,0.0,0.0,0.0,0.0,0.0,0.0,0.0
0.48500000000000004,0.05388525218694112,0.0537712430592419,0.0001140091276992175,0.003892665132927336,0.004335063481378182,0.0004423983484508464,13610.323937469833,10491.979040499336,3118.344896970497,0.004070760632232717,0.004008948953817455,6.181167841526249e-05,13370.524695652397,10479.278372785073,2891.246322867324,6190.604724877895,5359.271360164786,831.3333647131094,0.0035790329001454467,0.003172611555776405,0.00040642134436904166,0.0016339786303813607,0.0017673926380459993,0.00013341400766463856,0.0,0.0,0.0,0.0,0.0,0.0,0.0,0.0,0.0
0.48600000000000004,0.054431289011719924,0.054321144423460074,0.00011014458825985007,0.004544808206534745,0.004989240316715443,0.0004444321101806977,16850.83274154171,22405.050158497415,5554.217416955704,0.004430174210961384,0.007433558153327812,0.003003383942366428,14474.941852940614,14011.7649008146,463.17695212601393,5497.015407628853,6286.702100247578,789.6866926187249,0.003532644133477112,0.004279407367420522,0.0007467632339434099,0.0014563652078016256,0.002102913035080747,0.0006465478272791214,0.0,0.0,0.0,0.0,0.0,0.0,0.0,0.0,0.0
0.48700000000000004,0.05496751583649876,0.054861219144174606,0.00010629669232415512,0.004914494967009162,0.005359393767270978,0.000444898800261816,13344.686121596706,15249.073909024875,1904.3877874281698,0.002999176714547648,0.006204190238147753,0.003205013523600105,12825.96774128641,13265.0594519921,439.0917107056903,4867.264704416327,5273.844651847013,406.57994743068593,0.002913386295448235,0.003457226361725468,0.0005438400662772331,0.0011689895546933243,0.00168299578934558,0.0005140062346522558,0.0,0.0,0.0,0.0,0.0,0.0,0.0,0.0,0.0
0.48800000000000004,0.05549393266127761,0.05539149951029235,0.00010243315098526495,0.005490257677112576,0.005987412488258002,0.0004971548111454257,19600.270814407097,11821.85770927124,7778.413105135856,0.0056706813821436166,0.004880140058962376,0.000790541323181241,8214.293124931626,8515.935427148896,301.6423022172694,6034.074475915299,5034.376503831612,999.6979720836871,0.002436003088139127,0.002799905029203729,0.0003639019410646019,0.0015179214771080972,0.0017053902639510277,0.00018746878684293053,0.0,0.0,0.0,0.0,0.0,0.0,0.0,0.0,0.0
0.48900000000000005,0.056010539486056464,0.05591195480151237,9.85846845440938e-05,0.006065287908480198,0.0065087651965699345,0.0004434772880897364,13027.45473194806,11667.49374485837,1359.9609870896911,0.003659312425471559,0.004235516840989047,0.0005762044155174883,10130.248625234817,11466.986853157987,1336.7382279231697,5326.746518565067,5633.761050439484,307.0145318744171,0.0026113374032118854,0.003970947023524869,0.001359609620312984,0.0014057452315180431,0.001854324315446067,0.00044857908392802377,0.0,0.0,0.0,0.0,0.0,0.0,0.0,0.0,0.0
0.49000000000000005,0.05651733631083535,0.056422615465204114,9.472084563123817e-05,0.006542330510296986,0.006990427416893194,0.0004480969065962081,19030.953887549025,16736.69540367932,2294.258483869704,0.005711215557568696,0.005532518832772427,0.0001786967247962689,15415.90103054227,15666.831825996758,250.93079545448745,4883.24178237254,5374.385216653192,491.1434342806524,0.004111689438331231,0.004936198062910583,0.0008245086245793525,0.0012640417268551002,0.001864504095014514,0.0006004623681594137,0.0,0.0,0.0,0.0,0.0,0.0,0.0,0.0,0.0
0.49100000000000005,0.05701432313561425,0.056923466379911844,9.08567557024037e-05,0.007063144372362501,0.007532065254321639,0.0004689208819591388,15024.712237877347,14542.725956559765,481.9862813175823,0.004427521831529634,0.006193622086662285,0.0017661002551326516,12697.43705267252,10941.388795126195,1756.0482575463247,5902.956727128098,4952.148779054402,950.8079480736951,0.003717636804807831,0.004448544484841576,0.0007309076800337453,0.001439603321552937,0.0015712813597777188,0.00013167803822478172,0.0,0.0,0.0,0.0,0.0,0.0,0.0,0.0,0.0
0.49200000000000005,0.05750149996039315,0.057414492099258314,8.70078611348371e-05,0.007503091180573606,0.00802344912209246,0.0005203579415188533,15925.036804849642,13621.435194307523,2303.6016105421186,0.0044834682756798,0.005667459848695959,0.0011839915730161585,15096.382331948718,11786.956873340238,3309.4254586084808,6005.8781975239035,5395.266849607793,610.6113479161104,0.004229270770344777,0.004502215763518729,0.0002729449931739517,0.001551444832545983,0.001887077103549534,0.00033563227100355097,0.0,0.0,0.0,0.0,0.0,0.0,0.0,0.0,0.0
0.49300000000000005,0.05797886678517209,0.0578957224148325,8.31443703395926e-05,0.00787697491254716,0.008398550667695563,0.0005215757551484037,24629.10754473206,15714.348867254597,8914.758677477465,0.0071591434874065845,0.006263171618976091,0.0008959718684304931,14935.66585731162,12443.107947605655,2492.5579097059654,5039.533965602549,4767.054421388818,272.47954421373106,0.004325075807564623,0.004903481354525413,0.0005784055469607897,0.0014033347975443392,0.0016873563519953535,0.00028402155445101437,0.0,0.0,0.0,0.0,0.0,0.0,0.0,0.0,0.0
0.49400000000000005,0.05844642360995103,0.05836712876571921,7.929484423182392e-05,0.008452910502787856,0.008960308939449827,0.0005073984366619714,9563.400958201159,11264.828687834439,1701.4277296332803,0.0028848477856257457,0.004684291684410633,0.0017994438987848876,8006.078183868491,10393.769812933358,2387.691629064868,5197.375042354877,4398.130168850035,799.244873504842,0.0019824035871999417,0.0035352952538326497,0.001552891666632708,0.0013190715544956764,0.0014004116409918766,8.134008649620023e-05,0.0,0.0,0.0,0.0,0.0,0.0,0.0,0.0,0.0
0.49500000000000005,0.05890417043472999,0.05882873894647722,7.543148825276541e-05,0.008985545727469381,0.009389196758881451,0.0004036510314120705,21046.0171188093,7132.851242186234,13913.165876623067,0.006324166805874214,0.0027403615570217267,0.003583805248852487,9473.089294892328,6606.532389665355,2866.556905226973,6538.5232271050045,4949.6574384248925,1588.865788680112,0.0025060548111899357,0.0024933153370307413,1.273947415919444e-05,0.0016437658044225444,0.0015765700273179248,6.719577710461951e-05,0.0,0.0,0.0,0.0,0.0,0.0,0.0,0.0,0.0
0.49600000000000005,0.05935210725950897,0.05928052553447618,7.158172503279187e-05,0.009360008720078531,0.00981461217422698,0.00045460345414844935,12811.244830652524,12608.161716875667,203.0831137768564,0.003830871502934093,0.004422658393121599,0.0005917868901875061,11854.081591910204,12484.115000620455,630.033408710251,4969.929384214261,4766.7397717870535,203.18961242720707,0.0032226235016477086,0.004166414931060115,0.0009437914294124061,0.0013493133945663939,0.0016905585128407976,0.00034124511827440373,0.0,0.0,0.0,0.0,0.0,0.0,0.0,0.0,0.0
0.49700000000000005,0.05979023408428794,0.059722515405627306,6.771867866063597e-05,0.009799187446884183,0.010329709724481828,0.0005305222775976448,7093.393082053089,11063.062310675898,3969.669228622809,0.0021172677695573865,0.0038302294065688516,0.001712961637011465,6524.399587968296,7314.784691335126,790.3851033668298,3852.208747687207,3707.458024802796,144.75072288441106,0.0017546328103287712,0.002585974227894386,0.0008313414175656149,0.000976567517870505,0.0013104906018449663,0.00033392308397446136,0.0,0.0,0.0,0.0,0.0,0.0,0.0,0.0,0.0
0.49800000000000005,0.060218550909066935,0.060154694623282275,6.385628578466085e-05,0.010136482538388555,0.010701455354900566,0.0005649728165120112,18968.851818885898,7223.304084237699,11745.5477346482,0.005301566541317277,0.002852600709198787,0.00244896583211849,12418.303715828319,6932.417267839644,5485.886447988674,6819.484222379473,4665.191287567501,2154.2929348119724,0.003605101105677892,0.0026954876205979236,0.0009096134850799685,0.0016861341215028717,0.0014877856473333598,0.00019834847416951192,0.0,0.0,0.0,0.0,0.0,0.0,0.0,0.0,0.0
0.49900000000000005,0.060637057733845943,0.06057705149802832,6.000623581762371e-05,0.010604916092434934,0.011103499605926775,0.0004985835134918414,14693.462339258045,18177.78117117558,3484.3188319175333,0.0042157185629112266,0.007475692967550516,0.0032599744046392896,10422.272938650907,7989.641134456182,2432.631804194725,5562.912561612824,5111.89871217321,451.0138494396142,0.0031236561823699454,0.003037595203899277,8.606097847066842e-05,0.0014093950118435543,0.0017120698345617941,0.00030267482271823984,0.0,0.0,0.0,0.0,0.0,0.0,0.0,0.0,0.0
0.5,0.061045754558624946,0.060989626040007336,5.61285186176097e-05,0.011084740622660951,0.011538531011666667,0.0004537903890057156,13148.69762147468,13044.73736,103.96026147468001,0.0037676632867116974,0.005482869733,0.0017152064462883023,7018.204383921054,11977.5579845,4959.353600578946,3794.7516087853946,3776.8132416952817,17.938367090112934,0.002110780408086162,0.0045784333836000005,0.0024676529755138384,0.0010475783390135863,0.001393684704575429,0.00034610636556184284,0.0,0.0,0.0,0.0,0.0,0.0,0.0,0.0,0.0
0.501,0.061444641383403976,0.06139234778430469,5.229359909928594e-05,0.011507402369232126,0.011928194098780272,0.0004207917295481461,19820.22595068813,8628.028602578226,11192.197348109905,0.0056680213865070075,0.0036223259246704973,0.00204569546183651,14819.626388579638,7252.302359878664,7567.324028700974,6495.322438569919,5233.6117725363665,1261.7106660335521,0.004483495420726676,0.002430958594161092,0.0020525368265655844,0.001608590094413343,0.001763411629838904,0.00015482153542556096,0.0,0.0,0.0,0.0,0.0,0.0,0.0,0.0,0.0
0.502,0.06183371820818303,0.061785286986575705,4.8431221607324326e-05,0.011783650170316259,0.012319155625496434,0.0005355054551801752,15527.067903276908,13500.367038897304,2026.7008643796034,0.004219561578604913,0.004905139315834562,0.0006855777372296486,9705.945019737308,13437.21265267043,3731.2676329331225,6940.097307167726,6111.670701557347,828.4266056103797,0.002597055072620018,0.004889101571241361,0.0022920464986213433,0.0017362513539581612,0.0020620089014303836,0.0003257575474722224,0.0,0.0,0.0,0.0,0.0,0.0,0.0,0.0,0.0
0.503,0.062212985032962076,0.06216841621459085,4.4568818371226726e-05,0.01219938559999277,0.012774701449814409,0.0005753158498216383,14788.370303154197,9225.82050555222,5562.549797601978,0.004408929055833629,0.0035943671463795164,0.0008145619094541128,11818.042302173433,9208.743431286302,2609.2988708871308,5299.730716913728,5427.6739032756805,127.94318636195203,0.003401131316872875,0.0033775698483677176,2.356146850515748e-05,0.0014181088842158303,0.0018746739990398767,0.00045656511482404646,0.0,0.0,0.0,0.0,0.0,0.0,0.0,0.0,0.0
0.504,0.06258244185774113,0.06254173962391692,4.070223382421356e-05,0.012528751221633792,0.013052799821198627,0.0005240485995648345,11052.153060987697,9093.157623893947,1958.9954370937503,0.0031665374630430996,0.0035769045316816537,0.00041036706863855407,10874.011549880363,8388.682671428965,2485.328878451397,6180.533878772552,5279.609063920418,900.9248148521347,0.0030850624205971382,0.0033876900538166504,0.00030262763321951217,0.0016239793185076387,0.0018947287027135512,0.00027074938420591256,0.0,0.0,0.0,0.0,0.0,0.0,0.0,0.0,0.0
0.505,0.06294208868252017,0.06290524820585672,3.6840476663455024e-05,0.01298225571491747,0.013470689931579858,0.0004884342166623871,11032.207742619952,11189.719905600095,157.51216298014333,0.0028035879776010996,0.004730155550859051,0.0019265675732579512,10814.19502049788,9307.07276045101,1507.12226004687,7598.6735492838625,6813.315794523262,785.3577547606001,0.0027239854883544527,0.003918508691079518,0.0011945232027250649,0.0018811757565409316,0.002157990045793912,0.0002768142892529803,0.0,0.0,0.0,0.0,0.0,0.0,0.0,0.0,0.0
0.506,0.06329192550729927,0.06325892016338829,3.300534391098564e-05,0.013300617274577715,0.013814255129327026,0.0005136378547493103,14727.540140815163,16389.73413364556,1662.1939928303982,0.004441820443152584,0.0055301894789785986,0.0010883690358260145,12230.916909182006,14652.084269867193,2421.1673606851873,6595.303759649159,6238.727975353168,356.57578429599016,0.0034954240961458855,0.005488086351332709,0.0019926622551868236,0.001702689982268221,0.0020308912455741894,0.00032820126330596836,0.0,0.0,0.0,0.0,0.0,0.0,0.0,0.0,0.0
0.507,0.06363195233207833,0.06360280866368886,2.914366838946414e-05,0.013652788955520447,0.014188080793210208,0.0005352918376897615,12151.5386636889,11978.042330760323,173.49633292857652,0.0037290469289300884,0.00501351099040078,0.0012844640614706917,6776.912116525225,8713.483144960286,1936.5710284350607,5152.747836698913,4674.1828659125,478.56497078641223,0.0019544697891137907,0.0027621724833825773,0.0008077026942687865,0.0013621733238107828,0.0016394213218713222,0.0002772479980605394,0.0,0.0,0.0,0.0,0.0,0.0,0.0,0.0,0.0
0.508,0.06396216915685742,0.0639368935863987,2.5275570458713204e-05,0.013897797937631021,0.014473757897296565,0.0005759599596655441,16313.246116945787,11483.000474373928,4830.245642571859,0.004651820921866519,0.004374084929088794,0.0002777359927777249,11987.056764810264,11100.076888332842,886.9798764774223,7234.7432898207335,6282.91977354169,951.8235162790434,0.0035788212326803644,0.0037754886596713033,0.0001966674269909389,0.0018570503557331257,0.002121435989282546,0.0002643856335494204,0.0,0.0,0.0,0.0,0.0,0.0,0.0,0.0,0.0
0.509,0.06428257598163652,0.06426116185789288,2.1414123743637714e-05,0.014296849231835329,0.014838700905200314,0.0005418516733649847,12767.805814091917,9065.117815659181,3702.687998432735,0.0037542260675669506,0.0035915724699248264,0.00016265359764212417,11934.353392604939,8629.459032441882,3304.8943601630563,6636.6133463861715,6364.809483449062,271.80386293710944,0.003186163785793519,0.003259731667208451,7.3567881414932e-05,0.0016580851893228637,0.00193436466672592,0.00027627947740305626,0.0,0.0,0.0,0.0,0.0,0.0,0.0,0.0,0.0
0.51,0.06459317280641562,0.06457559350789367,1.757929852194695e-05,0.014591279021551933,0.015085376780113699,0.0004940977585617661,9975.986378624115,13051.630001526397,3075.643622902282,0.0024949149534772876,0.004541661281538644,0.002046746328061356,8251.999649715408,9905.64273120075,1653.643081485343,4033.09190643706,4319.948572480598,286.8566660435381,0.001983843429683167,0.0035260748404213147,0.0015422314107381477,0.0010360933476923732,0.0013323559413637243,0.00029626259367135106,0.0,0.0,0.0,0.0,0.0,0.0,0.0,0.0,0.0
0.511,0.06489395963119471,0.0648802416024312,1.3718028763515244e-05,0.0149067776447572,0.015471922365628752,0.0005651447208715518,12724.821894673456,14150.167608499094,1425.345713825638,0.0037286683339105564,0.005140834507387297,0.0014121661734767402,12316.870860153123,12158.338111870064,158.53274828305985,6488.891078895402,5018.111394648921,1470.7796842464804,0.003463671365052935,0.004122816035939149,0.0006591446708862137,0.0016692794913349838,0.001645156188538036,2.4123302796947915e-05,0.0,0.0,0.0,0.0,0.0,0.0,0.0,0.0,0.0
0.512,0.06518493645597384,0.0651750791344085,9.8573215653458e-06,0.015137329052974116,0.01573102384227909,0.0005936947893049743,13591.274567506593,11584.138684713129,2007.1358827934637,0.0038914088370189657,0.004746120516136263,0.0008547116791172969,10004.243890583017,8495.319335503666,1508.9245550793512,6575.112072069388,6395.498901704023,179.61317036536457,0.002493287771293881,0.00341636211851002,0.0009230743472161389,0.0016302607191236685,0.00208907007330873,0.0004588093541850614,0.0,0.0,0.0,0.0,0.0,0.0,0.0,0.0,0.0
0.513,0.06546610328075296,0.06546011610062093,5.987180132033254e-06,0.015427041825152107,0.016042861234918854,0.0006158194097667467,22562.410382396156,10403.549550507409,12158.860831888747,0.006775246261677996,0.004330584501338696,0.0024446617603392992,9061.634429709138,9424.7990158107,363.16458610156224,4698.989901723854,5110.208222568854,411.21832084499965,0.0023443378835303745,0.003456235216240919,0.0011118973327105446,0.0012224948524156454,0.001619552737762385,0.00039705788534673964,0.0,0.0,0.0,0.0,0.0,0.0,0.0,0.0,0.0
0.514,0.0657374601055321,0.0657353339165558,2.1261889762980157e-06,0.015625355761210727,0.016249515280747813,0.0006241595195370861,27244.62050411404,13390.092913453725,13854.527590660313,0.007731528724807423,0.005259203404275395,0.002472325320532028,14455.767999584255,8053.156165244271,6402.611834339985,4445.948880638282,4416.09676475675,29.852115881531972,0.004248067074329702,0.0031928391126895632,0.0010552279616401383,0.001240826999099627,0.0015349749412619511,0.0002941479421623241,0.0,0.0,0.0,0.0,0.0,0.0,0.0,0.0,0.0
0.515,0.06599900693031122,0.06600071540999512,1.7084796839067495e-06,0.01599561161083861,0.01658208710348149,0.0005864754926428808,8423.992572989353,12476.750876461905,4052.758303472552,0.001993021173442598,0.004194042712824056,0.002201021539381458,8176.840951376999,12127.778650671886,3950.9376992948864,5858.716754411731,6187.575842298494,328.8590878867626,0.0019444819646954681,0.004033649951460607,0.0020891679867651386,0.0014752476748776863,0.002041458584468413,0.0005662109095907265,0.0,0.0,0.0,0.0,0.0,0.0,0.0,0.0,0.0
0.516,0.06625074375509035,0.0662563128673257,5.5691122353429545e-06,0.016289109031727925,0.016808428779160913,0.0005193197474329878,15904.493661213148,8350.70047736247,7553.793183850677,0.004625302921761306,0.0032428732930617345,0.0013824296286995713,12808.83436575143,7519.8811938678355,5288.953171883595,5573.225349507556,5811.079261676739,237.8539121691838,0.003860427155523644,0.0028678805758058663,0.0009925465797177777,0.00138337277958286,0.0019127930256216303,0.0005294202460387704,0.0,0.0,0.0,0.0,0.0,0.0,0.0,0.0,0.0
0.517,0.0664926705798695,0.06650209987443952,9.429294570012514e-06,0.016519179748813288,0.017099069119735855,0.0005798893709225671,12832.965826199908,12386.910258903321,446.05556729658747,0.003862762562019722,0.004898474369646592,0.0010357118076268698,12508.771131386196,11624.061035039565,884.710096346631,4403.641493585488,4355.8102020293245,47.831291556163706,0.003446802785507319,0.004236741094322316,0.000789938308814997,0.0012210464617504447,0.0016116481155678045,0.0003906016538173598,0.0,0.0,0.0,0.0,0.0,0.0,0.0,0.0,0.0
0.518,0.06672478740464864,0.06673808845969727,1.3301055048625665e-05,0.016748775217975916,0.01731457312553673,0.0005657979075608145,13509.652084145247,13350.44952143297,159.20256271227663,0.00374702923073326,0.005354007212413536,0.0016069779816802756,13468.649503632018,11716.492087595912,1752.1574160361051,5469.393244846134,5603.896390803931,134.50314595779764,0.0035878320147871598,0.004704029302181258,0.0011161972873940979,0.0014251892338719874,0.0019031657885690406,0.00047797655469705323,0.0,0.0,0.0,0.0,0.0,0.0,0.0,0.0,0.0
0.519,0.06694709422942777,0.06696422946878974,1.713523936197614e-05,0.016921402740896995,0.017540271378266373,0.0006188686373693776,15243.283133729072,14679.440486652093,563.8426470769791,0.0045592075446225415,0.00597899468225043,0.0014197871376278887,13688.679764288456,10420.149432957493,3268.5303313309632,5973.670963517543,5508.999889846011,464.6710736715322,0.004044642298583061,0.0041456443878200135,0.00010100208923695224,0.0014880172961787917,0.0017410117396303906,0.0002529944434515989,0.0,0.0,0.0,0.0,0.0,0.0,0.0,0.0,0.0
0.52,0.06715959105420695,0.06718058646896406,2.0995414757113418e-05,0.017119996040428596,0.017729992470116956,0.0006099964296883593,10281.304702687754,10142.550988795698,138.7537138920561,0.0027599395320603635,0.004174103307321903,0.0014141637752615398,7116.678059091678,8345.612190777965,1228.9341316862874,4615.911811780294,4458.881395418666,157.03041636162743,0.0017302063836105803,0.003117372204204173,0.0013871658205935925,0.0012140249432110457,0.001501328697171981,0.0002873037539609354,0.0,0.0,0.0,0.0,0.0,0.0,0.0,0.0,0.0
0.521,0.06736227787898612,0.0673871330300029,2.4855151016786592e-05,0.0174509671485801,0.018005226769169668,0.0005542596205895672,20904.052647547218,13127.752009196338,7776.30063835088,0.0061007294774631056,0.004907880698816135,0.0011928487786469705,9222.971139138397,12872.232919955228,3649.2617808168307,5407.260224294565,4728.425259996657,678.8349642979083,0.002358313843573275,0.0046086299016419845,0.0022503160580687096,0.0014623879236650788,0.0017416315355028571,0.00027924361183777834,0.0,0.0,0.0,0.0,0.0,0.0,0.0,0.0,0.0
0.522,0.06755515470376526,0.06758388342086499,2.872871709973246e-05,0.017622509264101187,0.018166748637493905,0.000544239373392718,16400.566697178972,10571.571987666483,5828.99470951249,0.00482684680606427,0.0037142530565373137,0.0011125937495269564,13248.53509337518,10460.473171248315,2788.0619221268644,5635.384187834879,5588.908022856533,46.47616497834679,0.003783936820030922,0.003523478719847738,0.0002604581001831841,0.0014362850210861444,0.0018589072651299502,0.0004226222440438059,0.0,0.0,0.0,0.0,0.0,0.0,0.0,0.0,0.0
0.523,0.06773822152854443,0.06777080998351766,3.258845497322582e-05,0.017705290005493552,0.018359923136547978,0.0006546331310544259,11322.31350374742,14266.107943054947,2943.7944393075268,0.0029945708699157902,0.005768554253639615,0.0027739833837238247,10065.375420579676,8099.152597909113,1966.222822670563,5234.1403407741955,4685.277653656915,548.8626871172801,0.0024193827059173474,0.0024684438589680636,4.906115305071618e-05,0.001314060484206836,0.0015695757795036176,0.0002555152952967816,0.0,0.0,0.0,0.0,0.0,0.0,0.0,0.0,0.0
0.524,0.06791147835332362,0.0679479006329896,3.642227966597911e-05,0.017943244756622376,0.018564831767655176,0.0006215870110327995,18503.61066923407,11167.63670829969,7335.97396093438,0.004793707750495749,0.003927302328663764,0.0008664054218319849,18266.218403520757,10839.25149356074,7426.966909960018,5980.572409035878,4226.155865062135,1754.4165439737435,0.00477608279648561,0.003756296612488909,0.001019786183996701,0.0015964756380852814,0.00155245836871982,4.4017269365461504e-05,0.0,0.0,0.0,0.0,0.0,0.0,0.0,0.0,0.0
0.525,0.06807492517810276,0.0681152070127168,4.0281834614033785e-05,0.018055954133757986,0.018667274828435634,0.0006113206946776473,13061.993354134222,11049.375149291052,2012.6182048431692,0.003120895076298096,0.004144305569567163,0.0010234104932690664,12664.51121751381,10882.402064904418,1782.1091526093915,4991.281684264156,5154.362645506272,163.08096124211625,0.0030733632227850504,0.004093548489697278,0.0010201852669122278,0.0012518259715034688,0.0017376497485254668,0.000485823777021998,0.0,0.0,0.0,0.0,0.0,0.0,0.0,0.0,0.0
0.526,0.06822856200288194,0.06827270296847072,4.414096558878755e-05,0.01831652532349715,0.018844053367974668,0.0005275280444775182,26281.894164804493,10116.64444462573,16165.249720178763,0.007630781940453182,0.0039141112157111005,0.0037166707247420815,9866.193890334273,7895.479190038811,1970.7147002954616,5447.834350411337,4482.052544042695,965.7818063686418,0.002389159456597115,0.002779167707659805,0.00039000825106269,0.0013582231636483895,0.0013531763526653355,5.046810983054019e-06,0.0,0.0,0.0,0.0,0.0,0.0,0.0,0.0,0.0
0.527,0.06837238882766111,0.06842040533304186,4.8016505380749086e-05,0.0185048996989861,0.01900183344769216,0.0004969337487060604,31935.8548756946,14851.907059364821,17083.94781632978,0.009066360954994288,0.0060891476616813,0.002977213293312988,13719.530626014011,9764.500027425327,3955.0305985886844,5615.039938767965,4699.703988606255,915.3359501617106,0.0031923076520459226,0.0032007486752253394,8.44102317941681e-06,0.0014844973596145642,0.0015969128869780071,0.00011241552736344289,0.0,0.0,0.0,0.0,0.0,0.0,0.0,0.0,0.0
0.528,0.06850640565244027,0.0685582812578191,5.18756053788233e-05,0.018511357827775295,0.01911668686815118,0.0006053290403758849,12272.586753793044,18303.805750598953,6031.218996805908,0.0032845525915421382,0.007021201943077512,0.003736649351535374,10902.818949721477,13427.994115433403,2525.1751657119257,5275.196224654033,4900.275371839827,374.9208528142062,0.002843639701460738,0.005357603536503797,0.002513963835043059,0.0013901486656288755,0.0017304988201265208,0.00034035015449764526,0.0,0.0,0.0,0.0,0.0,0.0,0.0,0.0,0.0
0.529,0.06863061247721945,0.06868632159402314,5.5709116803692726e-05,0.018555550685076232,0.01925235553860044,0.0006968048535242084,14975.045620660647,11600.119264835226,3374.9263558254206,0.004214710811090972,0.00486046344368609,0.0006457526325951181,12731.87212664061,8393.407980111973,4338.464146528637,5320.182885627143,4786.054475353493,534.1284102736499,0.002935145755621336,0.0032884498607865654,0.0003533041051652294,0.0013623786563846743,0.0014853331261421901,0.00012295446975751586,0.0,0.0,0.0,0.0,0.0,0.0,0.0,0.0,0.0
0.53,0.06874500930199864,0.06880457718092249,5.956787892384685e-05,0.01878705313730788,0.019415088583132373,0.0006280354458244944,15774.619938308622,11350.485597167259,4424.134341141364,0.0036708235007680274,0.0030511012901433578,0.0006197222106246697,15239.069855646507,10911.762902082108,4327.306953564399,6010.518164682771,4453.556668644133,1556.961496038638,0.0035964088298732866,0.0030164890675113435,0.000579919762361943,0.001527748754986117,0.0014295137379236559,9.823501706246116e-05,0.0,0.0,0.0,0.0,0.0,0.0,0.0,0.0,0.0
0.531,0.06884959612677784,0.06891302246540597,6.342633862813085e-05,0.018794545422891256,0.01941259528787274,0.0006180498649814847,13923.79150513749,10677.868998691905,3245.922506445584,0.003438260968640209,0.004579339574915032,0.0011410786062748231,13595.116496497996,10527.812114699209,3067.3043817987873,5448.131636044927,5096.635394587686,351.496241457241,0.0034059242324380326,0.0033037802301521873,0.00010214400228584532,0.0014377289033222166,0.0018451011858932101,0.00040737228257099354,0.0,0.0,0.0,0.0,0.0,0.0,0.0,0.0,0.0
0.532,0.068944372951557,0.06901167669337502,6.730374181801446e-05,0.019015634576666624,0.019610134845273137,0.0005945002686065133,14591.019790564424,14093.916645040697,497.1031455237262,0.004244829050382255,0.0059267667136328195,0.0016819376632505644,11099.67791214262,8082.849028251647,3016.828883890974,4744.074911051468,4650.6146936076,93.4602174438678,0.002804506170959136,0.0024795640344506455,0.00032494213650849065,0.0012498502879653309,0.0015567791019324216,0.0003069288139670907,0.0,0.0,0.0,0.0,0.0,0.0,0.0,0.0,0.0
0.533,0.06902933977633618,0.06910047685002517,7.113707368898436e-05,0.019020856825092653,0.01965093389977041,0.0006300770746777568,12134.587109669252,8160.426932675714,3974.160176993538,0.0028955004068586137,0.002291653713915468,0.0006038466929431459,11532.942594854381,8054.551232194807,3478.391362659574,5002.360647955598,4682.035126099362,320.32552185623626,0.0027569914127736853,0.0021524339476153903,0.000604557465158295,0.0012898414738717098,0.0013727888348452348,8.294736097352504e-05,0.0,0.0,0.0,0.0,0.0,0.0,0.0,0.0,0.0
0.534,0.06910449660111537,0.06917949206157635,7.499546046098315e-05,0.019009795719206544,0.019706967561774258,0.0006971718425677134,22438.296592144856,17337.858263746344,5100.438328398512,0.006499255660144952,0.006076564061208674,0.0004226915989362784,16192.949706753547,14607.197791420973,1585.7519153325738,6153.268331539014,5116.33646702292,1036.9318645160938,0.004243388404347833,0.004192740771795963,5.064763255186941e-05,0.0016056630536921822,0.0016464063236243218,4.074326993213956e-05,0.0,0.0,0.0,0.0,0.0,0.0,0.0,0.0,0.0
0.535,0.06916984342589455,0.06924869690759809,7.88534817035419e-05,0.01914935266378249,0.019778505879321152,0.0006291532155386637,12723.175517005579,16037.696884216111,3314.521367210533,0.003778100624643708,0.0064516240306903205,0.0026735234060466127,11556.215861298833,14524.920662141187,2968.7048008423535,5151.449239654934,5332.056422146033,180.60718249109868,0.003009653678781117,0.004572903686644059,0.001563250007862942,0.0013818409349848418,0.0017970050245404707,0.00041516408955562896,0.0,0.0,0.0,0.0,0.0,0.0,0.0,0.0,0.0
0.536,0.06922538025067373,0.06930811274549002,8.27324948162872e-05,0.019293116329648148,0.019866604782652744,0.0005734884530045961,10959.752753800325,14336.214780489337,3376.4620266890124,0.002596138914452862,0.006032545815141117,0.0034364069006882552,10694.635421386884,10718.771258356264,24.13583696938076,4722.006962116161,4961.922650012584,239.91568789642315,0.0024744855706466287,0.004149075424462244,0.0016745898538156156,0.0012664814194595652,0.00164752486810705,0.0003810434486474848,0.0,0.0,0.0,0.0,0.0,0.0,0.0,0.0,0.0
0.537,0.06927110707545292,0.06935769761096494,8.659053551202112e-05,0.019207099439135594,0.01984916536331643,0.0006420659241808367,24799.38333660385,16794.293407870362,8005.089928733487,0.0061561282047339705,0.006841669627171883,0.0006855414224379124,24065.147187968854,14759.359891247257,9305.787296721597,6292.539546465442,6036.633721964172,255.90582450127022,0.006130911085110231,0.004225657769529483,0.0019052533155807473,0.0016446372636610511,0.00200037876356212,0.0003557414999010688,0.0,0.0,0.0,0.0,0.0,0.0,0.0,0.0,0.0
0.538,0.06930702390023212,0.06939744743327365,9.042353304153372e-05,0.019352488062774162,0.020039112470783788,0.0006866244080096263,15061.870173874191,16049.833880628252,987.9637067540607,0.0033524708171878614,0.005110213580959916,0.0017577427637720548,14552.888442950347,14790.716731682885,237.82828873253857,5131.5068748550875,5845.73744701838,714.2305721632929,0.0033077422134393055,0.0043752369182632886,0.001067494704823983,0.0013324083472579231,0.0019180710662189094,0.0005856627189609863,0.0,0.0,0.0,0.0,0.0,0.0,0.0,0.0,0.0
0.539,0.06933313072501131,0.06942741196065429,9.428123564297897e-05,0.019237130691685395,0.01995481796188296,0.0007176872701975638,23797.95249742487,10425.484127718672,13372.4683697062,0.00689327977842209,0.0037261909349933977,0.0031670888434286925,8427.720069505222,10397.183497255772,1969.4634277505502,4291.247913354257,5159.807855031486,868.5599416772284,0.002494264526994043,0.003392969037436417,0.0008987045104423739,0.0011593415944841203,0.0017227219843682872,0.0005633803898841669,0.0,0.0,0.0,0.0,0.0,0.0,0.0,0.0,0.0
0.54,0.06934942754979051,0.06944756613661035,9.813858681984033e-05,0.019244209917928926,0.01998021568324881,0.0007360057653198852,28391.051099310054,12938.303582889404,15452.74751642065,0.008051961211321774,0.004708172996818496,0.0033437882145032783,15278.086686629478,12718.053638082918,2560.03304854656,5565.818375659441,5290.510831462498,275.3075441969431,0.0035524515183506227,0.0034804978346999705,7.195368365065218e-05,0.0015020283547592238,0.0017742363578170622,0.0002722080030578384,0.0,0.0,0.0,0.0,0.0,0.0,0.0,0.0,0.0
0.541,0.0693559143745697,0.06945793392367945,0.00010201954910975253,0.01937341783313209,0.020005184255735248,0.0006317664226031562,15702.328167666952,16203.179826861286,500.8516591943335,0.004079168311696128,0.006015438359217377,0.0019362700475212486,15588.861301763296,15836.191733581421,247.33043181812536,5518.96550155604,5665.492860967343,146.52735941130322,0.0039015556123282755,0.004874833859240066,0.0009732782469117902,0.001418659665013711,0.001919578407503372,0.000500918742489661,0.0,0.0,0.0,0.0,0.0,0.0,0.0,0.0,0.0
0.542,0.06935259119934889,0.06945844358780948,0.00010585238846058664,0.019354006226124123,0.01998996428295165,0.0006359580568275278,18584.595061834363,11493.320785948938,7091.274275885426,0.005525210872987744,0.0048521862611671735,0.0006730246118205703,14306.593548239927,10260.5598866068,4046.033661633128,4104.26718080253,4267.949728685259,163.68254788272952,0.004238664849248646,0.0044016353569236374,0.00016297050767499158,0.0010946665799561291,0.0014591344821996072,0.0003644679022434781,0.0,0.0,0.0,0.0,0.0,0.0,0.0,0.0,0.0
0.543,0.06933945802412807,0.06944916772603421,0.00010970970190614382,0.019313705009273614,0.019966392346277558,0.0006526873370039446,15869.56800760257,13276.737299569379,2592.8307080331906,0.004802941082600978,0.005572905945747773,0.0007699648631467951,15467.995595607008,11126.658309864422,4341.337285742586,4520.82495123255,4281.53223620257,239.29271502998017,0.004190460071108848,0.003738126630216592,0.00045233344089225594,0.0012694394989908498,0.0014416006255699736,0.0001721611265791238,0.0,0.0,0.0,0.0,0.0,0.0,0.0,0.0,0.0
0.544,0.06931651484890725,0.06943008147739885,0.00011356662849160148,0.01937108989137489,0.020047727847739297,0.0006766379563644051,15088.82981394662,12386.63124166894,2702.198572277681,0.0037451237367302284,0.004633142290688778,0.00088801855395855,14725.525314360113,12257.013471420716,2468.511842939397,5958.402866619138,5493.613798510415,464.78906810872286,0.003650898617207606,0.004017798608702023,0.00036689999149441734,0.0015634254329925544,0.001863198417493329,0.00029977298450077454,0.0,0.0,0.0,0.0,0.0,0.0,0.0,0.0,0.0
0.545,0.06928376167368645,0.06940118494912875,0.00011742327544229936,0.019188942704260626,0.019899262069002784,0.0007103193647421575,18140.46736098784,10689.22238150125,7451.244979486592,0.00537413712085214,0.0035038009707696535,0.0018703361500824866,9809.599726241117,10143.469930887893,333.870204646777,5201.049449279273,4299.633881493241,901.4155677860326,0.002360236383546576,0.0032627539970281018,0.0009025176134815258,0.0013768219776135108,0.0014642586766581464,8.743669904463553e-05,0.0,0.0,0.0,0.0,0.0,0.0,0.0,0.0,0.0
0.546,0.06924119849846565,0.06936250463562335,0.00012130613715770344,0.019207847500298227,0.01993998704435763,0.0007321395440594049,5880.198423038055,8282.34065595086,2402.1422329128054,0.0016707296112743143,0.003207772430383943,0.0015370428191096288,5849.922088922502,6433.369945131944,583.4478562094428,3604.7625615354427,2570.074212252926,1034.6883492825168,0.0015565766025877445,0.0021013104019905523,0.0005447337994028078,0.0010240778069824667,0.0008770481786891294,0.0001470296282933373,0.0,0.0,0.0,0.0,0.0,0.0,0.0,0.0,0.0
0.547,0.06918882532324484,0.06931396393541167,0.00012513861216682798,0.019274964720474977,0.01991630957651002,0.0006413448560350435,19060.39083729276,12350.302082592216,6710.088754700546,0.005370370166105648,0.004459738542649367,0.0009106316234562808,12610.866280328606,10536.651832852946,2074.2144474756606,5730.008130226715,4561.225123728154,1168.783006498561,0.003259196715366358,0.0036716155442620786,0.0004124188288957206,0.0015265868607997695,0.0015647353037769678,3.814844297719833e-05,0.0,0.0,0.0,0.0,0.0,0.0,0.0,0.0,0.0
0.548,0.06912664214802404,0.06925563737061365,0.00012899522258960627,0.019112624797004638,0.019804399867904644,0.0006917750709000067,12056.238464257905,12455.2315093546,398.9930450966949,0.003616670515437013,0.0045415209130110394,0.0009248503975740263,11762.036466678688,10967.111902904968,794.9245637737204,5314.209058819235,4941.037423953301,373.1716348659338,0.0030488268218007786,0.003328651155860184,0.00027982433405940527,0.0013365445744871567,0.0015861965707656088,0.00024965199627845214,0.0,0.0,0.0,0.0,0.0,0.0,0.0,0.0,0.0
0.549,0.06905464897280324,0.06918750044251573,0.0001328514697124944,0.0190819047691171,0.019783686996364375,0.0007017822272472746,7383.792938744629,10559.536755657335,3175.7438169127054,0.0020981491477685735,0.004264330161339197,0.002166181013570624,6995.472558288511,10098.090220314449,3102.6176620259375,3854.0680889786427,3386.9803311965416,467.0877577821011,0.001917665914804002,0.004022703963590355,0.002105038048786353,0.0010534236633260913,0.0012475853939231188,0.00019416173059702752,0.0,0.0,0.0,0.0,0.0,0.0,0.0,0.0,0.0
0.55,0.06897284579758244,0.06910958180639276,0.00013673600881032588,0.018972147823389473,0.01971726776452887,0.000745119941139398,14767.591955808228,10461.211364475377,4306.380591332851,0.0040909979612912695,0.004368073625485137,0.00027707566419386733,14295.909272209763,10100.602783251126,4195.306488958637,5212.146483576718,4284.131397000119,928.0150865765991,0.0036822353473467827,0.003363167449129218,0.0003190678982175647,0.0014519570423632046,0.0015633463384241704,0.00011138929606096582,0.0,0.0,0.0,0.0,0.0,0.0,0.0,0.0,0.0
0.551,0.06888123262236164,0.06902182491815376,0.00014059229579212185,0.018835375495733685,0.019560267417188963,0.0007248919214552785,9472.373413235606,14183.90792261667,4711.534509381065,0.00254056780061976,0.004835709307781963,0.002295141507162203,9220.436466484156,13953.134227959297,4732.697761475141,5535.413509853107,5143.165502480525,392.2480073725819,0.002269844915027386,0.004809072872134597,0.0025392279571072114,0.0013928836165311212,0.0017707064711735161,0.00037782285464239493,0.0,0.0,0.0,0.0,0.0,0.0,0.0,0.0,0.0
0.552,0.06877980944714085,0.0689242339299106,0.00014442448276974496,0.018853761696372616,0.01952935780717132,0.0006755961107987041,17184.599819192692,8304.140620025679,8880.459199167013,0.005034495590576585,0.003449263273204175,0.0015852323173724098,8019.5850552721895,8269.285608707502,249.70055343531203,4724.660287153464,4107.659099393266,617.0011877601983,0.0018089225708771348,0.0030295709051428006,0.0012206483342656659,0.0011955540701584194,0.0013859614622666679,0.0001904073921082485,0.0,0.0,0.0,0.0,0.0,0.0,0.0,0.0,0.0
0.553,0.06866857627192004,0.06881685674088656,0.00014828046896651903,0.018771388818272807,0.019409425920942105,0.0006380371026692977,24821.80364033551,8593.165025139164,16228.638615196347,0.0068612514515666205,0.003115284737923285,0.0037459667136433357,9534.287588901543,7339.199423741211,2195.088165160332,5262.369826521789,4479.338659078399,783.0311674433897,0.0022866677431574714,0.002998334789785866,0.0007116670466283948,0.0014499126173504802,0.0016377650090539306,0.00018785239170345035,0.0,0.0,0.0,0.0,0.0,0.0,0.0,0.0,0.0
0.554,0.06854753309669925,0.06869966917424353,0.00015213607754427372,0.018481258424633565,0.019230704806237627,0.0007494463816040617,14579.241239039935,14763.09298029658,183.85174125664525,0.004126342704504986,0.005646736031000802,0.0015203933264958157,12105.135657893374,10232.39366500168,1872.7419928916934,5084.1379218477905,5128.91466098958,44.77673914178922,0.0028606265588355696,0.004184811738939425,0.0013241851801038557,0.0013330200982451053,0.0017259427642506975,0.00039292266600559223,0.0,0.0,0.0,0.0,0.0,0.0,0.0,0.0,0.0
0.555,0.06841667992147846,0.06857270249069705,0.0001560225692185946,0.018423398680847455,0.019200704657590516,0.0007773059767430604,15924.936846735447,16579.792212434804,654.8553656993572,0.0047846656977036306,0.00698278192904896,0.002198116231345329,13461.328234260243,14492.18544797884,1030.8572137185965,6130.821252451555,4826.9528920893035,1303.8683603622512,0.0040371412625871675,0.005021322504770605,0.0009841812421834371,0.001548765074463307,0.0015261337316050656,2.2631342858241317e-05,0.0,0.0,0.0,0.0,0.0,0.0,0.0,0.0,0.0
0.556,0.06827601674625765,0.06843587136905993,0.0001598546228022829,0.018218696677089617,0.018984110774132368,0.0007654140970427513,9989.45930121875,9900.483017372331,88.97628384641939,0.002825142166910477,0.0040186060580421415,0.0011934638911316646,9740.043629101969,8785.624146416474,954.4194826854946,5373.722224474205,4417.767825845467,955.9543986287381,0.0026520162221185897,0.0035247244119465905,0.0008727081898280008,0.0014037884403146838,0.0014177258738734475,1.393743355876365e-05,0.0,0.0,0.0,0.0,0.0,0.0,0.0,0.0,0.0
0.557,0.06812554357103688,0.06828925380194639,0.0001637102309095112,0.018156110509050936,0.018848873886309528,0.0006927633772585914,17961.393811419803,17019.353362063055,942.0404493567476,0.004534770821564287,0.005523317958563131,0.000988547136998844,17538.895687290682,16685.195228386787,853.7004589038952,5233.656057034205,5114.774687060312,118.88136997389302,0.004432449462544894,0.0051254761194352155,0.0006930266568903219,0.0014169153809195736,0.0017349771911173632,0.0003180618101977896,0.0,0.0,0.0,0.0,0.0,0.0,0.0,0.0,0.0
0.558,0.06796526039581607,0.06813282585910285,0.00016756546328677846,0.01805248580562122,0.018723479687495534,0.0006709938818743148,20888.090520977832,16052.488298447523,4835.6022225303095,0.005984991862388612,0.0041911957581014705,0.0017937961042871417,13648.407605989665,15466.767365520927,1818.3597595312622,6301.794353285848,4997.677952065594,1304.1164012202544,0.003026398337355955,0.004054768699379666,0.0010283703620237116,0.001560526903574445,0.0016358381941502305,7.531129057578544e-05,0.0,0.0,0.0,0.0,0.0,0.0,0.0,0.0,0.0
0.559,0.0677951672205953,0.06796662075596713,0.00017145353537183217,0.017811404768435193,0.01854995274648697,0.0007385479780517776,9336.519538246615,12412.82351768415,3076.3039794375345,0.0020927065029351876,0.004925147008063987,0.0028324405051287998,9016.00928032298,10249.750854420578,1233.7415740975975,5906.886349828134,5103.002740819025,803.883609009109,0.002064405285963889,0.0036951338840613356,0.0016307285980974467,0.0015375317240534454,0.0017059775590731428,0.0001684458350196974,0.0,0.0,0.0,0.0,0.0,0.0,0.0,0.0,0.0
0.56,0.06761526404537452,0.06779057271756135,0.000175308672186833,0.017519996463477287,0.018322252397881884,0.0008022559344045971,22240.853542251218,19712.881444907536,2527.9720973436815,0.0062531046197341926,0.007897659423897231,0.0016445548041630386,12336.456725150925,7634.516610558812,4701.940114592113,5726.9988701449865,5337.419987117373,389.5788830276133,0.0034540153068925556,0.0027522291679813273,0.0007017861389112283,0.0015912976675865277,0.0019186093655380683,0.0003273116979515406,0.0,0.0,0.0,0.0,0.0,0.0,0.0,0.0,0.0
0.561,0.06742555087015373,0.06760469125540373,0.00017914038525000675,0.017458607050421696,0.01821093685111802,0.0007523298006963247,17180.190593633975,15475.906603745214,1704.2839898887614,0.0042274284201940515,0.004842414977846292,0.0006149865576522409,17036.641511212118,14536.064008142312,2500.577503069806,4901.5274496071115,4930.766243392261,29.238793785149028,0.004132808296413123,0.004385458365641133,0.0002526500692280097,0.0012883778810796479,0.0017381127761173958,0.00044973489503774794,0.0,0.0,0.0,0.0,0.0,0.0,0.0,0.0,0.0
0.562,0.06722602769493297,0.06740902301003002,0.00018299531509705091,0.01721505318594728,0.017901182070454418,0.0006861288845071388,10902.0116235632,14811.697740592876,3909.686117029676,0.0032277154868818048,0.005165694431475717,0.0019379789445939126,10511.957063652615,9199.675257313382,1312.2818063392333,5829.013851116257,4919.33762638376,909.6762247324968,0.003011515474509435,0.0033847276400142713,0.00037321216550483633,0.0014280541792450131,0.0015176062248936563,8.955204564864319e-05,0.0,0.0,0.0,0.0,0.0,0.0,0.0,0.0,0.0
0.5630000000000001,0.06701669451971218,0.06720354427737583,0.00018684975766365686,0.01710543038880286,0.0177938799923191,0.0006884496035162412,21909.87199896692,12514.658633952367,9395.213365014552,0.006419092854535921,0.005180480980795857,0.0012386118737400635,14821.97885622887,11174.249223291656,3647.729632937215,6211.689008303474,5419.808688319758,791.8803199837157,0.004415194470983148,0.0042103319801825995,0.00020486249080054874,0.0016396243492587806,0.0018017118447278904,0.00016208749546910975,0.0,0.0,0.0,0.0,0.0,0.0,0.0,0.0,0.0
0.5640000000000001,0.06679755134449143,0.06698829106970429,0.00019073972521285731,0.016825735935551353,0.01757009570541473,0.0007443597698633779,12282.326991115584,16480.560387401085,4198.233396285501,0.00353764094857916,0.005955196805999142,0.002417555857419982,10577.50366411555,10371.079604083345,206.42406003220458,4765.015636562306,5070.533059361708,305.5174227994021,0.002696014323810637,0.003987553432461828,0.0012915391086511909,0.0013291720138898788,0.0018041914466389657,0.0004750194327490869,0.0,0.0,0.0,0.0,0.0,0.0,0.0,0.0,0.0
0.5650000000000001,0.06656859816927063,0.06676319224687245,0.00019459407760182013,0.016539526703689588,0.017343736872261768,0.0008042101685721802,9209.654877301915,13014.069785487429,3804.414908185514,0.0024498805683817932,0.0037363229689147373,0.001286442400532944,9037.506930959542,12571.16806437715,3533.6611334176087,5612.74596666216,4480.72747173068,1132.0184949314798,0.00240843676795066,0.0033628692617118485,0.0009544324937611885,0.0014171534549635427,0.0014236040249311606,6.450569967617883e-06,0.0,0.0,0.0,0.0,0.0,0.0,0.0,0.0,0.0
0.5660000000000001,0.06632983499404989,0.06652826042099626,0.00019842542694636922,0.016296320280050174,0.017067861470721556,0.000771541190671382,17389.471024418326,8721.404187999418,8668.066836418908,0.005069775190166219,0.0030647791530246955,0.0020049960371415236,9106.021902318307,8115.088075908634,990.9338264096732,6675.985881831988,5398.67437614485,1277.3115056871384,0.002140119891086943,0.002697594718453674,0.0005574748273667308,0.001688450453898181,0.0016132000692246323,7.525038467354867e-05,0.0,0.0,0.0,0.0,0.0,0.0,0.0,0.0,0.0
0.5670000000000001,0.06608126181882915,0.06628354133939951,0.00020227952057036425,0.01612560856063932,0.016862859787888804,0.0007372512272494844,11181.254898650655,8491.390954991644,2689.863943659011,0.0030219837807957018,0.003003616215528801,1.8367565266900598e-05,10357.312416834526,8338.759276983052,2018.553139851474,4230.966057565523,5286.685423971839,1055.7193664063152,0.002853254110219753,0.0027253074193211366,0.0001279466908986164,0.0011530570673122906,0.001743932648551274,0.0005908755812389834,0.0,0.0,0.0,0.0,0.0,0.0,0.0,0.0,0.0
0.5680000000000001,0.06582287864360838,0.0660290120026676,0.00020613335905922403,0.01582177700533956,0.01653533379422141,0.0007135567888818493,17203.746492341772,10056.45951511604,7147.286977225733,0.005106316857175043,0.00353312181648975,0.0015731950406852931,12703.02228814246,7998.973796484681,4704.048491657779,4791.225944163271,4943.270046092046,152.04410192877458,0.003821447541571802,0.0032619958955320797,0.0005594516460397225,0.0012809717879503843,0.0016906227904060845,0.00040965100245570017,0.0,0.0,0.0,0.0,0.0,0.0,0.0,0.0,0.0
0.5690000000000001,0.06555468546838764,0.0657647108480586,0.0002100253796709639,0.015604166607365712,0.01636958984875701,0.000765423241391297,10886.680520377593,8962.924563430404,1923.7559569471887,0.00311023717054791,0.0031109452559740514,7.08085426141293e-07,8655.657377929921,8818.857609537587,163.20023160766505,6087.326288768998,5529.642279499174,557.684009269824,0.002595662950629231,0.0029037077864203743,0.00030804483579114326,0.0015411464353661042,0.0017533618381872457,0.00021221540282114143,0.0,0.0,0.0,0.0,0.0,0.0,0.0,0.0,0.0
0.5700000000000001,0.06527668229316688,0.06549053861790859,0.00021385632474170413,0.015244034936970598,0.016036111295072153,0.0007920763581015546,10337.36918211621,12824.3365871095,2486.967404993289,0.002599324919242751,0.004424206931757991,0.00182488201251524,9949.5022577474,12656.189351268056,2706.687093520657,5248.183878506597,5662.550552443457,414.36667393686,0.0025014495728928237,0.004357851017342765,0.001856401444449941,0.0013911754423940068,0.0019202533138079378,0.000529077871413931,0.0,0.0,0.0,0.0,0.0,0.0,0.0,0.0,0.0
0.5710000000000001,0.06498886911794616,0.06520657922359271,0.0002177101056465569,0.01494185694700187,0.015760356610165612,0.000818499663163743,14600.36240827923,12737.559378986554,1862.803029292676,0.0042729680862212535,0.0052847063456037645,0.001011738259382511,11610.814376574805,11652.305717905581,41.49134133077678,4522.860459964538,4821.35089638994,298.49043642540255,0.003433209354311558,0.003416267687375813,1.694166693574483e-05,0.0012155847223195475,0.0017270989534988485,0.000511514231179301,0.0,0.0,0.0,0.0,0.0,0.0,0.0,0.0,0.0
0.5720000000000001,0.06469124594272542,0.06491280936064792,0.00022156341792249623,0.014670404560115764,0.015456470165756355,0.0007860656056405905,9717.0331911544,14903.363316239956,5186.330125085557,0.0029182722823757417,0.006277885348344045,0.0033596130659683033,8202.283586146514,12868.476877651448,4666.193291504935,5025.669401537228,4940.20903912081,85.46036241641741,0.002482431999540196,0.004598978423892177,0.0021165464243519806,0.0013194230231617391,0.0017102342363541456,0.00039081121319240646,0.0,0.0,0.0,0.0,0.0,0.0,0.0,0.0,0.0
0.5730000000000001,0.0643838127675047,0.06460926956754909,0.00022545680004439073,0.014384924896809197,0.015166303896541455,0.000781378999732258,11188.172763500968,15614.821573075393,4426.648809574424,0.0033780571972135,0.006600370243997262,0.003222313046783762,8885.80486580666,9834.465865963928,948.6610001572681,6967.598958366552,6053.932753372701,913.6662049938514,0.0025572609481057064,0.0040370344204554605,0.0014797734723497541,0.001816241240902299,0.0020373160264362676,0.00022107478553396852,0.0,0.0,0.0,0.0,0.0,0.0,0.0,0.0,0.0
0.5740000000000001,0.06406656959228398,0.06429587973525208,0.00022931014296810603,0.014079541181826489,0.014822585832795773,0.0007430446509692837,8117.2614170809875,8835.658752211713,718.3973351307259,0.0023214299483708296,0.0034889417333344953,0.0011675117849636657,8099.049148056878,8717.74033326682,618.691185209942,4755.915893181421,4979.537228427807,223.62133524638648,0.0022469019369594735,0.003189170557739589,0.0009422686207801157,0.0013121418580557653,0.0018881578423418338,0.0005760159842860685,0.0,0.0,0.0,0.0,0.0,0.0,0.0,0.0,0.0
0.5750000000000001,0.06373951641706325,0.06397265712927093,0.00023314071220767452,0.013707464299158874,0.014520775295633039,0.0008133109964741647,13201.767861276041,9043.7320975652,4158.035763710841,0.004000613271178647,0.003364173042069999,0.0006364402291086481,7654.165031540771,7812.7333546539285,158.56832311315702,4649.992160480418,4436.2965979097535,213.69556257066415,0.0020993950943677927,0.002683885791251697,0.0005844906968839043,0.0012738803197590038,0.0016220688505922053,0.00034818853083320154,0.0,0.0,0.0,0.0,0.0,0.0,0.0,0.0,0.0
0.5760000000000001,0.06340265324184256,0.0636396471944083,0.0002369939525657394,0.013327237609812494,0.014162429865575277,0.0008351922557627827,21351.70844313675,9458.546976202088,11893.161466934664,0.0063688827123008235,0.0037839083563097884,0.002584974355991035,12829.829021461182,9370.588633687403,3459.2403877737797,6909.4347842452125,5584.960366610305,1324.4744176349077,0.0037645023461226447,0.0035640911639887897,0.00020041118213385504,0.0018074902409482253,0.0018540984707572348,4.660822980900956e-05,0.0,0.0,0.0,0.0,0.0,0.0,0.0,0.0,0.0
0.5770000000000001,0.06305598006662187,0.06329682656885564,0.00024084650223377135,0.013002499395271396,0.013856432871297645,0.0008539334760262491,17185.99356555362,7790.267709286502,9395.72585626712,0.004984959800048366,0.003149679676152003,0.0018352801238963627,13618.212336860639,7174.07642248809,6444.1359143725485,4996.145189396142,4487.2839045071505,508.8612848889916,0.004044757909071694,0.0029359616941144946,0.0011087962149571996,0.0012816851194393498,0.0015546752951226576,0.0002729901756833078,0.0,0.0,0.0,0.0,0.0,0.0,0.0,0.0,0.0
0.5780000000000001,0.0626994968914012,0.06294423883435232,0.0002447419429511266,0.012704212435891213,0.013515392309726197,0.000811179873834984,13139.60753412322,10894.157352664855,2245.4501814583655,0.0036813236196020023,0.004397860754188611,0.0007165371345866085,11765.791164085602,6403.538210132819,5362.252953952783,3703.1879167438447,2789.889678271731,913.2982384721136,0.0032411865987748557,0.002710364725281632,0.0005308218734932238,0.0009765069106953526,0.0010082639740982048,3.175706340285218e-05,0.0,0.0,0.0,0.0,0.0,0.0,0.0,0.0,0.0
0.5790000000000001,0.06233320371618052,0.06258177632438948,0.0002485726082089579,0.012336357214642917,0.013141184313253427,0.0008048270986105097,11717.404571531388,11159.417061931881,557.9875095995067,0.0035259551927324384,0.004545021556450185,0.0010190663637177468,8864.00785229121,7595.348283873461,1268.6595684177491,6473.642011040944,4469.54924138515,2004.0927696557947,0.002456000770369852,0.0032084578064763055,0.0007524570361064535,0.0016707441613817852,0.0013740396179134772,0.00029670454346830796,0.0,0.0,0.0,0.0,0.0,0.0,0.0,0.0,0.0
0.5800000000000001,0.06195710054095984,0.062209525609903046,0.0002524250689432059,0.011973260260863367,0.012781598185827489,0.0008083379249641219,10894.316840527043,7361.08591395493,3533.2309265721124,0.0032766644769449908,0.0027189349844374687,0.000557729492507522,9741.011320964273,7178.252569193241,2562.7587517710326,5602.720141765954,4980.056065737613,622.6640760283417,0.002441082366034747,0.002454524235527243,1.3441869492496119e-05,0.0014179156655059443,0.0016231538513651182,0.00020523818585917392,0.0,0.0,0.0,0.0,0.0,0.0,0.0,0.0,0.0
0.5810000000000001,0.06157118736573918,0.06182746472113773,0.00025627735539855007,0.011474386305574132,0.012362246923107079,0.0008878606175329474,23160.165210054274,12153.946261268698,11006.218948785576,0.006378294511843719,0.00521028853459374,0.0011680059772499786,8738.601367191199,7944.79790095003,793.8034662411683,4384.098808199692,3783.9413663395217,600.1574418601704,0.002620377632971691,0.0029006109870032136,0.0002802333540315228,0.0011339145130184712,0.0013273900657769326,0.00019347555275846143,0.0,0.0,0.0,0.0,0.0,0.0,0.0,0.0,0.0
0.5820000000000001,0.06117546419051854,0.061435593706514836,0.0002601295159962991,0.011179508431986963,0.012005784469180332,0.000826276037193369,9897.274751738629,10712.08570773396,814.8109559953318,0.002700787545878156,0.004097626001005225,0.0013968384551270685,9677.224885860585,8862.953989126403,814.2708967341823,5105.36799060953,3992.881864982953,1112.4861256265772,0.0024194016412176127,0.003520101061751,0.0011006994205333873,0.0013109579643149267,0.001376029492507009,6.50715281920824e-05,0.0,0.0,0.0,0.0,0.0,0.0,0.0,0.0,0.0
0.5830000000000001,0.06076993101529791,0.06103395776286801,0.0002640267475701036,0.010810144654436162,0.011577529657747478,0.0007673850033113154,12575.451040644004,8865.022434738901,3710.428605905103,0.0037528543468106947,0.003676143103621185,7.671124318950947e-05,9510.979892834805,8768.79483027752,742.1850625572843,6092.0853600303235,5674.247217195209,417.8381428351149,0.002753082637451096,0.0035042294993849923,0.0007511468619338965,0.001584199038601147,0.0018286673542107763,0.00024446831560962943,0.0,0.0,0.0,0.0,0.0,0.0,0.0,0.0,0.0
0.5840000000000001,0.060354587840077266,0.06062244449904807,0.00026785665897080535,0.010432070226503286,0.011188882511399274,0.0007568122848959878,25068.31218020643,9577.63379191537,15490.67838829106,0.007421330010297571,0.004126639088147031,0.0032946909221505402,9078.032060388585,7597.8951309690965,1480.1369294194883,5481.110892000089,5261.2685722032265,219.84231979686228,0.0023899772311222925,0.002855338340950391,0.0004653611098280985,0.0013874525949428404,0.0018230427206354731,0.00043559012569263276,0.0,0.0,0.0,0.0,0.0,0.0,0.0,0.0,0.0
0.5850000000000001,0.05992943466485665,0.06020114283974241,0.00027170817488575416,0.009938006832066363,0.010772693820393737,0.0008346869883273742,9544.742032659766,11349.592985403595,1804.850952743829,0.002424314931825256,0.004765743992337494,0.0023414290605122375,9528.207667950548,8136.615491386036,1391.5921765645116,4541.799545846859,4445.854836466147,95.94470938071117,0.0023913122884345163,0.0030976503036272258,0.0007063380151927094,0.0012105595769435645,0.0015062829676729134,0.00029572339072934896,0.0,0.0,0.0,0.0,0.0,0.0,0.0,0.0,0.0
0.5860000000000001,0.05949447148963606,0.0597700311272148,0.0002755596375787414,0.009451332787865896,0.010374061958627952,0.0009227291707620561,22449.842899744446,16977.903151879822,5471.939747864624,0.006754892665651512,0.006472225140819969,0.00028266752483154314,9123.588033293647,10361.357237028576,1237.7692037349298,6624.333179500487,5956.400692554324,667.9324869461625,0.002309483715340904,0.004184046987670819,0.0018745632723299148,0.001719845878196876,0.0019541642337617127,0.00023431835556483676,0.0,0.0,0.0,0.0,0.0,0.0,0.0,0.0,0.0
0.5870000000000001,0.05904969831441547,0.05932915685717325,0.0002794585427577795,0.008937618516660119,0.009865387447584141,0.0009277689309240226,20022.283241549074,11850.273428738039,8172.009812811035,0.005760786485991482,0.004931893840155814,0.0008288926458356674,11355.199054461897,8859.19979561889,2495.999258843007,6064.018085402485,5938.553046334788,125.46503906769703,0.002611200012145977,0.0035672376136918166,0.0009560376015458395,0.0015551867484159018,0.0019308326322023445,0.00037564588378644266,0.0,0.0,0.0,0.0,0.0,0.0,0.0,0.0,0.0
0.5880000000000001,0.058595115139194895,0.05887842496976586,0.00028330983057096165,0.008686120970277605,0.009484618023445308,0.0007984970531677033,14501.220466291117,15439.90872427429,938.6882579831727,0.0037686583214067396,0.005426847437199535,0.001658189115792795,13656.07790452059,13223.179209494507,432.89869502608417,5130.211564935382,4905.160543312874,225.0510216225075,0.0036252478024557688,0.004392723327671597,0.000767475525215828,0.0013930878761378132,0.0016997261064070509,0.0003066382302692376,0.0,0.0,0.0,0.0,0.0,0.0,0.0,0.0,0.0
0.5890000000000001,0.05813072196397433,0.058417862089216475,0.0002871401252421482,0.008178693386440056,0.008942389625278825,0.0007636962388387694,23232.87458681864,11485.255926407493,11747.618660411148,0.006947784775132867,0.0035125664299039848,0.0034352183452288822,13128.846719510642,11157.473311814894,1971.373407695748,6215.379467692875,5798.077844073303,417.3016236195717,0.003629030633314269,0.0032142742457758225,0.0004147563875384467,0.0016390233078410106,0.0018494548929135753,0.0002104315850725647,0.0,0.0,0.0,0.0,0.0,0.0,0.0,0.0,0.0
0.5900000000000001,0.057656518788753774,0.05794750958812909,0.00029099079937531386,0.007722920550800184,0.008551282364357468,0.0008283618135572837,23049.95153705466,16583.00907911198,6466.942457942681,0.006711859965611905,0.00590954356300841,0.0008023164026034956,7759.149204527081,10199.603361397283,2440.4541568702025,5692.399537867831,5683.01428012484,9.385257742990689,0.0017999604933436556,0.0031373010365666914,0.0013373405432230358,0.001435820402176707,0.001839758187355112,0.000403937785178405,0.0,0.0,0.0,0.0,0.0,0.0,0.0,0.0,0.0
0.5910000000000001,0.05717250561353325,0.05746734772346674,0.0002948421099334894,0.007203503214538975,0.008066928073413642,0.0008634248588746674,12025.85829371174,14333.249617474357,2307.3913237626166,0.002893703048125357,0.005363310337172587,0.00246960728904723,11906.183796176354,10761.18029074867,1145.0035054276832,5848.151545788942,5483.227311371861,364.9242344170807,0.0027773351501123363,0.004466799565935629,0.0016894644158232924,0.001456861830508014,0.0018211126506482165,0.0003642508201402025,0.0,0.0,0.0,0.0,0.0,0.0,0.0,0.0,0.0
0.5920000000000001,0.056678682438312714,0.05697742558868622,0.0002987431503735094,0.0066756453811645175,0.007566274704284939,0.0008906293231204215,18897.58772405042,17793.48721158102,1104.1005124693984,0.005208457834989725,0.006774247932287262,0.0015657900972975373,10315.899792670481,10357.698750367228,41.798957696746584,5656.1728263971945,5261.995262401378,394.17756399581685,0.0027439430495366716,0.0034178889392628593,0.0006739458897261877,0.0015286372898032944,0.0017898022265029458,0.00026116493669965136,0.0,0.0,0.0,0.0,0.0,0.0,0.0,0.0,0.0
0.5930000000000001,0.05617504926309222,0.05647762240206066,0.00030257313896844135,0.006186022709121221,0.007020541426570982,0.0008345187174497604,9105.340013314373,9801.304913141026,695.964899826653,0.002697885031292223,0.002878351890064123,0.00018046685877190017,7683.165450805145,9487.177975872035,1804.0125250668898,5250.648762291448,5739.685222842218,489.03646055076933,0.0024453385233483577,0.002759368473112108,0.00031402994976375024,0.0013614715586400463,0.0017828846384790433,0.000421413079838997,0.0,0.0,0.0,0.0,0.0,0.0,0.0,0.0,0.0
0.5940000000000001,0.05566160608787173,0.055968030278916926,0.00030642419104519314,0.005767816457801136,0.006593220039006961,0.0008254035812058254,19083.93162299519,10362.686506817452,8721.245116177739,0.0051989536843407656,0.003349425826169602,0.0018495278581711636,10704.421857463527,10264.678107992548,439.7437494709793,5765.042626511521,5471.347935092066,293.694691419455,0.002463177361731161,0.0032399970131827788,0.0007768196514516177,0.0014718490806805138,0.0017430615888057457,0.00027121250812523184,0.0,0.0,0.0,0.0,0.0,0.0,0.0,0.0,0.0
0.5950000000000001,0.05513835291265127,0.05544862737280093,0.0003102744601496607,0.005091368306537102,0.005981381987006399,0.0008900136804692975,14903.950112688017,12053.314859886153,2850.6352528018633,0.0035779628940552687,0.0038673996984222407,0.000289436804366972,14459.67471534969,10763.714341152872,3695.9603741968185,5110.103711937163,5230.014437927808,119.910725990645,0.0035087715806772653,0.0033076150605043184,0.0002011565201729469,0.0014000643327990914,0.0017498311887041366,0.00034976685590504524,0.0,0.0,0.0,0.0,0.0,0.0,0.0,0.0,0.0
0.5960000000000001,0.05460528973743081,0.054919414719150184,0.0003141249817193714,0.004606410418497022,0.0055506210432619395,0.0009442106247649178,12164.306128851313,13103.76068340638,939.4545545550682,0.0035345268408359786,0.004903731504481179,0.0013692046636452002,10505.008823302553,11196.430027433396,691.4212041308438,4816.5590386612585,5135.8263171592735,319.267278498015,0.002925896134059924,0.0042066466316578255,0.0012807504975979015,0.0014086883904064111,0.0018779635177384624,0.00046927512733205127,0.0,0.0,0.0,0.0,0.0,0.0,0.0,0.0,0.0
0.5970000000000001,0.05406241656221038,0.05438044418053503,0.00031802761832465387,0.004058082917885165,0.004950110658675892,0.0008920277407907275,14522.493184903771,8489.623735937981,6032.86944896579,0.004243236080583716,0.0034697346249860607,0.0007735014555976553,14133.495936801099,8092.729992466255,6040.765944334844,5485.248906327855,5087.3078017667,397.94110456115504,0.004185144221740625,0.0033920217416235363,0.0007931224801170887,0.0014186752111935664,0.0016885369319303062,0.00026986172073673975,0.0,0.0,0.0,0.0,0.0,0.0,0.0,0.0,0.0
0.5980000000000001,0.053509733386989944,0.05383159023681156,0.00032185684982161816,0.003467436906455259,0.0043646557665665605,0.0008972188601113016,13112.53444576813,11617.62011983964,1494.9143259284901,0.003074692108343594,0.004808895992022172,0.0017342038836785784,12580.549368142309,9358.896464352527,3221.6529037897817,5118.927438616541,4398.750061984421,720.1773766321194,0.002998703023309899,0.0027999188100581774,0.00019878421325172143,0.0013023445588619816,0.0014007547732174668,9.841021435548513e-05,0.0,0.0,0.0,0.0,0.0,0.0,0.0,0.0,0.0
0.5990000000000001,0.05294724021176955,0.05327294609253655,0.0003257058807669966,0.0030107729639174616,0.003843919629218687,0.0008331466653012255,17480.024952500018,17378.43764511929,101.587307380727,0.00500458060243119,0.006355327888540608,0.0013507472861094185,12578.536829285076,9024.683646740274,3553.8531825448026,4564.69623652205,4611.168919341778,46.47268281972811,0.003053338609506028,0.003722065618355661,0.0006687270088496329,0.0012670068870812804,0.0015796676676658851,0.00031266078058460474,0.0,0.0,0.0,0.0,0.0,0.0,0.0,0.0,0.0
0.6000000000000001,0.05237493703654918,0.05270449223661561,0.0003295552000664309,0.0024273544820122214,0.0032825999522370823,0.0008552454702248609,11444.325217582142,7813.431854693332,3630.89336288881,0.0033499791166714567,0.0029155556295130617,0.000434423487158395,6703.245285699658,7765.230549857681,1061.9852641580228,4631.79302795917,4322.150829117788,309.6421988413822,0.0018283096115708167,0.0027884127436338156,0.0009601031320629989,0.0012065383419826573,0.001518439061849186,0.00031190071986652874,0.0,0.0,0.0,0.0,0.0,0.0,0.0,0.0,0.0
0.6010000000000001,0.05179282386132882,0.0521262832301602,0.0003334593688313764,0.0017257524266031318,0.0026175406182144343,0.0008917881916113025,17309.523885753497,8625.839894316847,8683.68399143665,0.004442703897811583,0.003350196166535369,0.001092507731276214,9702.662118634707,8592.161132225272,1110.5009864094354,5086.099319990256,4593.713184125449,492.38613586480733,0.0025153436333483765,0.0026055632099088043,9.021957656042776e-05,0.0012554916370634385,0.0015438544847689963,0.0002883628477055578,0.0,0.0,0.0,0.0,0.0,0.0,0.0,0.0,0.0
0.6020000000000001,0.05120090068610848,0.05153819026943196,0.00033728958332347736,0.0011980818318261602,0.0021192525511996934,0.0009211707193735332,15744.876082874449,15076.416931243082,668.4591516313667,0.004118740661220692,0.005390093333685141,0.0012713526724644486,15296.505571978596,14686.561264963464,609.9443070151319,5571.422175799756,4460.127311243204,1111.294864556552,0.004079545118772709,0.005165065556476925,0.0010855204377042162,0.0015073503356784839,0.0015718901584955678,6.453982281708396e-05,0.0,0.0,0.0,0.0,0.0,0.0,0.0,0.0,0.0
0.6030000000000001,0.050599167510888166,0.050940306011178216,0.0003411385002900502,0.00056276374733168,0.001465425630728226,0.0009026618833965459,10803.285039334287,9363.277704458018,1440.007334876269,0.003153404240173801,0.003743190966438597,0.0005897867262647963,10098.644913555148,7935.14465807602,2163.500255479128,3131.2960720986084,3739.8174948820288,608.5214227834203,0.002856827746077093,0.0027860353858375144,7.07923602395787e-05,0.0009368037887775647,0.0014304805991252607,0.000493676810347696,0.0,0.0,0.0,0.0,0.0,0.0,0.0,0.0,0.0
0.6040000000000001,0.04998793143800116,0.05033261216437963,0.0003446807263784643,-4.367749085743e-06,0.0008593394293051438,0.0008637071783908868,21737.46023408126,14048.847079873281,7688.613154207978,0.006543948912491636,0.0058581933945112425,0.0006857555179803935,18410.142906885187,6582.328765021214,11827.814141863972,4539.86982021348,4517.718021246051,22.151798967429386,0.004625925611821804,0.002266580791702693,0.002359344820119111,0.001132675946343765,0.0015647051089127035,0.00043202916256893857,3.819547576534577,0.0,3.819547576534577,8.341412717680395e-06,0.0,8.341412717680395e-06,0.0001748977563295549,0.0,0.0001748977563295549
0.6050000000000001,0.049387284265073425,0.04971822706606812,0.0003309428009946949,-4.364058212946373e-05,0.0004676947263889261,0.0005113353085183898,114560.39462941026,45033.035860024094,69527.35876938616,0.03249310603777467,0.017186034486556263,0.01530707155121841,29568.518482562777,23530.17608960434,6038.342392958435,11112.875557583115,6645.012797318994,4467.862760264121,0.00687131789724589,0.008801830726305363,0.0019305128290594735,0.0028527959624084663,0.0023069492592189605,0.0005458467031895058,38.16319949679438,0.0,38.16319949679438,0.0008327321209814818,0.0,0.0008327321209814818,0.0001748977563295549,0.0,0.0001748977563295549
0.6060000000000001,0.04885646878007946,0.049134526092942776,0.0002780573128633168,-8.704937515476019e-05,0.0002681563190315033,0.00035520569418626347,224822.59103248102,169648.86532826046,55173.72570422056,0.06521846550309868,0.06799534291895348,0.002776877415854806,47707.25624767004,32263.077124759096,15444.179122910944,14320.742098237242,10816.442859358322,3504.2992388789207,0.012658208695340768,0.010684709657783899,0.001973499037556869,0.0038146272795395015,0.00369979748762962,0.0001148297919098813,76.1237020222863,0.0,76.1237020222863,0.003313260347753588,0.0,0.003313260347753588,0.0001748977563295549,0.0,0.0001748977563295549
0.6070000000000001,0.04847017019330157,0.048659257110354924,0.0001890869170533549,-0.00012028981897500846,0.00013077900467951627,0.0002510688236545247,296150.5755719999,268563.0328536499,27587.542718350014,0.08565867158146255,0.1078680133299689,0.022209341748506348,72968.53062525939,56132.62515723675,16835.90546802264,20348.245004259526,17871.972108755,2476.2728955045277,0.019335797166310568,0.018834377120565182,0.0005014200457453856,0.00552273321113478,0.006168812929515346,0.0006460797183805659,105.1920972400865,0.0,105.1920972400865,0.006326769167305745,0.0,0.006326769167305745,0.0001748977563295549,0.0,0.0001748977563295549
0.6080000000000001,0.048279624157630076,0.04835557182089313,7.594766326305541e-05,-0.00014595078925033061,4.6304370037961396e-05,0.000192255159288292,323386.1007579097,324437.25820398744,1051.1574460777338,0.09316493841232631,0.13036879209383734,0.03720385368151102,86997.6898454736,71864.51219434377,15133.177651129823,24323.70483843319,21775.38887937927,2548.3159590539217,0.022777315398360067,0.023798481173342743,0.0010211657749826762,0.0061866154108885085,0.007259795364715119,0.0010731799538266102,127.63232787205273,0.0,127.63232787205273,0.009314019493391534,0.0,0.009314019493391534,0.0001748977563295549,0.0,0.0001748977563295549
0.6090000000000001,0.048308350388772264,0.048265079096535324,4.3271292236940484e-05,-0.00016385742587774962,4.558978911937668e-06,0.0001684164047896873,316762.9990166294,341201.6322023377,24438.633185708313,0.09146277162307927,0.1372138415867776,0.045751069963698335,80535.91853021234,74204.40055125911,6331.517978953227,21273.467026325507,21360.859987102493,87.392960776986,0.021225288491824406,0.024747415580553465,0.0035221270887290587,0.005724819111308146,0.007342206341585199,0.0016173872302770531,143.29148071977377,0.0,143.29148071977377,0.011739686590476662,0.0,0.011739686590476662,0.0001748977563295549,0.0,0.0001748977563295549
0.6100000000000001,0.04855458801876253,0.04840100067341474,0.00015358734534778873,-0.0001600750340319014,3.178843897863029e-05,0.0001918634730105317,275325.09848538553,311044.507042764,35719.408557378454,0.07968657760514772,0.12483385156646722,0.0451472739613195,62891.175963726244,70601.3123878132,7710.136424086959,17484.100141587234,20518.751444286136,3034.6513026989014,0.016750314881459262,0.02404773275050982,0.007297417869050558,0.004576703089771306,0.006726513857434073,0.002149810767662767,139.9838214827835,0.0,139.9838214827835,0.01120395749388609,0.0,0.01120395749388609,0.0001748977563295549,0.0,0.0001748977563295549
0.6110000000000001,0.04898618078931764,0.048745310321997574,0.00024087046732006873,-0.00011591198468762984,0.00014342010195791602,0.00025933208664554586,175582.71457654785,229886.680498233,54303.96592168516,0.050335086024959695,0.09142524248182372,0.04109015645686403,47535.14088912316,57803.87744656382,10268.736557440658,16755.345770128886,17696.251486990528,940.9057168616418,0.011966512440011437,0.019693034987519314,0.007726522547507877,0.004386798439178018,0.006242911537600703,0.0018561130984226853,101.36373026786092,0.0,101.36373026786092,0.005874635575344667,0.0,0.005874635575344667,0.0001748977563295549,0.0,0.0001748977563295549
0.6120000000000001,0.04954065083294913,0.049248819939785284,0.0002918308931638483,-6.982093103011927e-05,0.00027062684873289434,0.0003404477797630136,96313.52267318062,144176.01904829458,47862.49637511396,0.02834249598058508,0.05780522366037595,0.02946272767979087,6100.729280634813,25847.689197264695,19746.959916629883,5669.002903525171,8229.071754505148,2560.0688509799775,0.001848274746348733,0.009499776001330824,0.007651501254982091,0.0016420938489175932,0.0027845510559712703,0.001142457207053677,61.057620910042296,0.0,61.057620910042296,0.0021315499692116154,0.0,0.0021315499692116154,0.0001748977563295549,0.0,0.0001748977563295549
0.6130000000000001,0.050150848804175314,0.049845252995353466,0.00030559580882184856,0.00010029243200277566,0.0004849731279216421,0.00038468069591886646,21949.27563511051,23141.81082626876,1192.535191158251,0.006190501835525235,0.00821239827813127,0.0020218964426060356,21811.905324088362,10542.223865862761,11269.681458225601,5848.496002087537,5286.698367369458,561.7976347180793,0.006123098379905566,0.0028353697069336157,0.00328772867297195,0.001591563871043844,0.001632173992048437,4.0610121004593016e-05,0.0,0.0,0.0,0.0,0.0,0.0,0.0,0.0,0.0
0.6140000000000001,0.050756578107284185,0.05045849415410023,0.000298083953183953,0.0007938856535559813,0.0010421481570302366,0.0002482625034742553,18791.252243150277,24789.015105616065,5997.762862465788,0.005457544792948962,0.010462178766292091,0.00500463397334313,9967.821504388341,13621.482546609457,3653.661042221116,5855.089940598882,6416.459203469553,561.3692628706713,0.002842465158023342,0.004959482824585474,0.002117017666562132,0.0015233218453779,0.0021050865623950424,0.0005817647170171423,0.0,0.0,0.0,0.0,0.0,0.0,0.0,0.0,0.0
0.6150000000000001,0.05135249741039304,0.05106219148899489,0.00029030592139814987,0.001351435324214556,0.0016467004460318797,0.00029526512181732366,8884.374860681679,10830.186704385147,1945.8118437034682,0.002725364009684398,0.004530835429752096,0.0018054714200676984,8822.148749967193,10270.032754578162,1447.884004610969,4498.294335743765,5834.520457602816,1336.226121859051,0.002419676910319222,0.0041405002924489055,0.0017208233821296836,0.0012980971368775499,0.0019370948346240989,0.000638997697746549,0.0,0.0,0.0,0.0,0.0,0.0,0.0,0.0,0.0
0.6160000000000001,0.05193860671350195,0.05165605840265529,0.00028254831084666143,0.0019100363596309955,0.002146738512384357,0.0002367021527533617,10573.130705823074,19526.050555125592,8952.919849302518,0.003024402123570555,0.008028301078525204,0.005003898954954648,10486.781193132172,12229.842666594073,1743.0614734619012,5414.672472050714,5370.7187128980095,43.95375915270415,0.002951266061028644,0.004033093210942922,0.0010818271499142777,0.0015152123713290293,0.001909708730010485,0.00039449635868145567,0.0,0.0,0.0,0.0,0.0,0.0,0.0,0.0,0.0
0.6170000000000001,0.05251490601661087,0.052240143315235354,0.000274762701375518,0.0025584689478629213,0.002769114429451799,0.00021064548158887747,21520.483291884542,20499.598286638535,1020.8850052460075,0.005892206371719887,0.00860374051727939,0.0027115341455595026,21053.840136568375,9397.058251180435,11656.78188538794,6534.535137399212,6441.345602494707,93.1895349045044,0.005772031757954558,0.0037044232516853645,0.0020676085062691935,0.0017533993129918311,0.0019699946916126912,0.00021659537862086012,0.0,0.0,0.0,0.0,0.0,0.0,0.0,0.0,0.0
0.6180000000000001,0.05308139531971982,0.05281441924581821,0.00026697607390160916,0.0030693519227164186,0.0033276325514288285,0.0002582806287124099,11504.856815826864,12792.413184600511,1287.5563687736467,0.0031318450488660625,0.0047885537882228785,0.001656708739356816,11368.406938765269,12275.637459569607,907.2305208043381,5217.988796874024,5849.162845646926,631.1740487729021,0.002829733919175705,0.004692248537193656,0.0018625146180179515,0.0014259497868981648,0.0019083073788476689,0.00048235759194950405,0.0,0.0,0.0,0.0,0.0,0.0,0.0,0.0,0.0
0.6190000000000001,0.053638074622828776,0.053378884708392894,0.00025918991443588113,0.003601099327234021,0.003963041378712423,0.0003619420514784019,7507.831799322165,13263.029033830633,5755.197234508468,0.0020528123423489116,0.004971052772903333,0.002918240430554421,6626.767267018235,13221.53502495831,6594.767757940075,3863.5296833443713,4858.53987735917,995.0101940147983,0.0019440402596785566,0.004338231885822584,0.0023941916261440276,0.0011168543690365385,0.00178960411267522,0.0006727497436386815,0.0,0.0,0.0,0.0,0.0,0.0,0.0,0.0,0.0
0.62,0.05418494392593776,0.05393353500715731,0.00025140891878045607,0.004230447937851895,0.004465362458922084,0.00023491452107018886,17907.901914656668,22020.51046488953,4112.608550232861,0.004946474843691323,0.008982541513109137,0.004036066669417814,16151.848925707334,10312.821543803211,5839.027381904123,7525.6198224753125,4788.629159960388,2736.990662514924,0.004420658349022313,0.00357589837094376,0.0008447599780785527,0.001996364641085277,0.001597516820453915,0.0003988478206313618,0.0,0.0,0.0,0.0,0.0,0.0,0.0,0.0,0.0
0.621,0.05472200322904677,0.05447835256570419,0.0002436506633425803,0.004609612895887528,0.005003673852945263,0.00039406095705773504,19581.18441288796,20052.596347302053,471.4119344140927,0.005531817671145975,0.008504066395356159,0.0029722487242101834,16584.071645660268,12597.980380987505,3986.091264672763,5651.916178907761,6014.383518350269,362.4673394425081,0.004647099437163998,0.005272058422461047,0.0006249589852970489,0.0015189925897587432,0.0019095578487956979,0.0003905652590369547,0.0,0.0,0.0,0.0,0.0,0.0,0.0,0.0,0.0
0.622,0.05524925253215579,0.05501338764701164,0.00023586488514414777,0.005220696054050716,0.005536653120227033,0.0003159570661763174,8844.325778244725,18153.192677218067,9308.866898973341,0.002472055966219719,0.007473936116301656,0.005001880150081937,8016.35238341153,14921.976284394623,6905.623900983092,4838.589698502752,4584.5782814084305,254.0114170943216,0.0022818206168103298,0.006302789293966061,0.004020968677155731,0.0013479985424845297,0.0015556957467556475,0.00020769720427111778,0.0,0.0,0.0,0.0,0.0,0.0,0.0,0.0,0.0
0.623,0.05576669183526483,0.055538612846009375,0.00022807898925545494,0.005821017072961782,0.006125397347153129,0.00030438027419134664,15700.665492710557,11357.899555151742,4342.7659375588155,0.004019111526258289,0.00483444894286553,0.0008153374166072411,15250.0116891759,6932.825276836882,8317.186412339019,6846.468978543116,3529.8253402876408,3316.643638255475,0.0037982822765876842,0.0031136493790015567,0.0006846328975861275,0.001856781680512957,0.001286908909869714,0.0005698727706432429,0.0,0.0,0.0,0.0,0.0,0.0,0.0,0.0,0.0
0.624,0.0562743211383739,0.05605402467055312,0.00022029646782077694,0.006321564470968948,0.0066251311738705606,0.0003035667029016127,20863.778898593693,16860.89459821565,4002.884300378042,0.005494139834180631,0.006743127182357277,0.0012489873481766455,15120.35264269378,12848.67224878128,2271.6803939125,6946.691847946561,5857.95193978443,1088.7399081621315,0.003919591725340266,0.005033518279403255,0.0011139265540629885,0.0017889134337237375,0.0019197021573313573,0.00013078872360761974,0.0,0.0,0.0,0.0,0.0,0.0,0.0,0.0,0.0
0.625,0.05677214044148296,0.05655962883298944,0.00021251160849351802,0.006764599377043563,0.007121981742166666,0.00035738236512310347,9375.978993946546,14411.22627,5035.247276053453,0.0026855988133694464,0.006022937038,0.0033373382246305533,9143.730702701623,8641.18979235,502.5409103516231,5314.456813749612,5405.987384369224,91.53057061961226,0.002622154324185162,0.0031123014422999996,0.0004901471181148376,0.001395819921273253,0.0017319237734337589,0.00033610385216050593,0.0,0.0,0.0,0.0,0.0,0.0,0.0,0.0,0.0
0.626,0.05726014974459204,0.0570553957805525,0.00020475396403953766,0.0073330978427689555,0.0076110110668472265,0.000277913224078271,14107.330732878409,9736.850086943858,4370.480645934551,0.0039584848112050154,0.0040374977780096525,7.901296680463705e-05,14063.586484674794,5601.311699203365,8462.274785471429,7410.527014524742,3052.613118880392,4357.91389564435,0.003924741557291175,0.0022948075296687458,0.001629934027622429,0.002001092213934103,0.0011588481575071335,0.0008422440564269695,0.0,0.0,0.0,0.0,0.0,0.0,0.0,0.0,0.0
0.627,0.057738349047701136,0.057541379799147634,0.0001969692485535024,0.007675503943899228,0.008047564483603232,0.00037206053970400416,16732.395322761065,22335.93920887338,5603.543886112315,0.00425503531631383,0.009031749437456885,0.004776714121143055,16313.30803307143,9612.404443896394,6700.903589175035,6708.868792151831,5239.184860796333,1469.6839313554983,0.004107798076707738,0.003996622121352705,0.00011117595535503361,0.0017900365592472618,0.0016886322412231662,0.00010140431802409559,0.0,0.0,0.0,0.0,0.0,0.0,0.0,0.0,0.0
0.628,0.05820673835081027,0.0580175538322719,0.00018918451853837392,0.008308055476942687,0.008585171384349048,0.0002771159074063615,23728.0531198318,10509.356963294089,13218.69615653771,0.006539619405012298,0.0034349068353606224,0.0031047125696516756,12176.66970138383,10117.176222996653,2059.493478387176,5551.693039873011,5235.646454238277,316.0465856347337,0.003223364882477994,0.0032698620497226723,4.649716724467812e-05,0.001414371749240801,0.0015534337451266888,0.00013906199588588786,0.0,0.0,0.0,0.0,0.0,0.0,0.0,0.0,0.0
0.629,0.05866531765391939,0.058483917373144435,0.00018140028077495707,0.008688713083731736,0.009067446433160093,0.00037873334942835693,10712.90663605701,16003.89746395676,5290.99082789975,0.002834060477825647,0.006629178347528843,0.003795117869703196,10526.075451862125,8433.102091369257,2092.973360492868,6649.173654857652,4594.9434786226075,2054.2301762350444,0.0027880909458540917,0.0030585919882954032,0.00027050104244131156,0.0017511928870389813,0.001481335210871231,0.00026985767616775035,0.0,0.0,0.0,0.0,0.0,0.0,0.0,0.0,0.0
0.63,0.05911408695702855,0.05894044342594847,0.00017364353108007685,0.009018988219513285,0.009517020138179485,0.0004980319186661999,23609.630439129847,16583.924514857532,7025.705924272315,0.006920495107452197,0.006602193518110411,0.0003183015893417863,14846.361324360732,8785.573512205636,6060.787812155097,7667.83213163083,5471.895866915271,2195.9362647155594,0.0038121194634139224,0.003645240320412888,0.00016687914300103418,0.00210690721640661,0.001995347875467111,0.00011155934093949908,0.0,0.0,0.0,0.0,0.0,0.0,0.0,0.0,0.0
0.631,0.0595530462601377,0.05938718762259341,0.00016585863754429303,0.009456309894140962,0.009936053804671866,0.00047974391053090364,24064.421075004724,10705.125597682261,13359.295477322463,0.006962376411593507,0.004353292431369102,0.002609083980224405,15366.212935043608,9611.529472015078,5754.68346302853,6549.174807206601,5962.077599370756,587.0972078358454,0.004405267015453878,0.003922494268314831,0.00048277274713904705,0.0017631856033431428,0.0018309066167531483,6.77210134100055e-05,0.0,0.0,0.0,0.0,0.0,0.0,0.0,0.0,0.0
0.632,0.059982195563246875,0.05982412091927893,0.00015807464396794257,0.010063827467039838,0.010403375323702247,0.0003395478566624085,14904.711463547561,17634.03956913848,2729.328105590919,0.0037754430128542015,0.007238003390147582,0.00346256037729338,14389.050623620582,17367.33298453147,2978.2823609108873,4373.2197761413,5692.205075006517,1318.9852988652174,0.0036156087405273874,0.005532871494863764,0.0019172627543363762,0.0011619073397260997,0.0017321663047664205,0.0005702589650403208,0.0,0.0,0.0,0.0,0.0,0.0,0.0,0.0,0.0
0.633,0.06040153486635606,0.06025124478139821,0.00015029008495785062,0.010437278560855327,0.010743438786287179,0.00030616022543185177,24094.904905286465,15308.15226209984,8786.752643186624,0.007212712846542585,0.006302154312559394,0.0009105585339831907,11584.839925851626,14893.47038128049,3308.6304554288636,8125.481209147533,4487.08802584321,3638.3931833043234,0.0034270317760089256,0.004384439762873751,0.0009574079868648251,0.0021767574829986767,0.0015855375748608884,0.0005912199081377883,0.0,0.0,0.0,0.0,0.0,0.0,0.0,0.0,0.0
0.634,0.06081106416946525,0.06066856062194393,0.0001425035475213221,0.010970446024667317,0.011301494975313037,0.0003310489506457206,34607.296164104846,27876.584249569412,6730.711914535434,0.0098672580761824,0.01084919931099074,0.0009819412348083412,9262.870223664326,10890.792746977682,1627.9225233133566,5785.690190594713,6432.737216546443,647.0470259517297,0.002499085239951743,0.00450457638384912,0.002005491143897377,0.0015454843886277307,0.0022353637246027066,0.0006898793359749759,0.0,0.0,0.0,0.0,0.0,0.0,0.0,0.0,0.0
0.635,0.06121078347257448,0.061076036533478775,0.00013474693909570207,0.011191881487987262,0.011656123970784997,0.0004642424827977342,10993.02396675199,27036.149430676844,16043.125463924853,0.002908911791023298,0.010949442951754844,0.008040531160731546,10925.839822988426,14729.574124719335,3803.7343017309086,4354.765631820751,6695.592501246183,2340.826869425432,0.0028922036509388665,0.005979433256810304,0.0030872296058714376,0.001208168681498292,0.002139308596767467,0.000931139915269175,0.0,0.0,0.0,0.0,0.0,0.0,0.0,0.0,0.0
0.636,0.06160069277568369,0.06147373020201972,0.0001269625736639718,0.01149451776793308,0.012046910723954623,0.0005523929560215437,22784.799876023808,15758.000903896711,7026.798972127097,0.006726936158976664,0.004669539608951399,0.0020573965500252644,14925.980221390744,15242.070637786459,316.0904163957148,6384.901622767857,4873.971503503177,1510.93011926468,0.00398645623331867,0.004579196503806386,0.000592740270487716,0.001691973638864838,0.001597167439238174,9.480619962666395e-05,0.0,0.0,0.0,0.0,0.0,0.0,0.0,0.0,0.0
0.637,0.061980792078792916,0.06186161339577957,0.00011917868301334483,0.011968123191468878,0.012401874761443893,0.0004337515699750147,12968.129874294353,18784.922298694717,5816.792424400364,0.003835078561514336,0.007604169487540253,0.003769090926025917,10467.46846392617,14324.659556417108,3857.191092490937,6963.591300289699,6492.055041768954,471.5362585207449,0.0030355525698129112,0.0058469050494328635,0.0028113524796199523,0.001868649997458646,0.0021027450641596,0.00023409506670095392,0.0,0.0,0.0,0.0,0.0,0.0,0.0,0.0,0.0
0.638,0.06235108138190215,0.06223969067479695,0.00011139070710520366,0.012373944365037514,0.012798801950119112,0.00042485758508159846,17332.497553092504,18260.69279649281,928.1952434003069,0.005040892607669301,0.007660597605451501,0.0026197049977822002,9656.945645172607,12292.678700500195,2635.733055327588,4083.4724399075085,6594.891324871232,2511.418884963724,0.0024139398489391277,0.004468828330737099,0.0020548884817979717,0.0010900986455163342,0.002224007769743141,0.0011339091242268066,0.0,0.0,0.0,0.0,0.0,0.0,0.0,0.0,0.0
0.639,0.0627115606850114,0.06260792702254397,0.00010363366246742001,0.012648638292608158,0.013113827054092891,0.00046518876148473297,18322.72176639865,10899.542127134038,7423.17963926461,0.004854832519145406,0.003398660844820522,0.0014561716743248842,18246.512788844375,10719.142131870083,7527.370656974292,5451.097841189635,5560.840786918972,109.7429457293374,0.0047258349676972304,0.003192182813288633,0.0015336521544085974,0.001507553240392088,0.0018396842826952742,0.0003321310423031862,0.0,0.0,0.0,0.0,0.0,0.0,0.0,0.0,0.0
0.64,0.06306222998812067,0.06296638014944636,9.584983867430563e-05,0.013117678918156859,0.013642481432289012,0.0005248025141321531,22347.818841097713,31704.490744627452,9356.67190352974,0.0062159265464849095,0.011930928982595805,0.005715002436110896,13119.464350103524,14464.293827016172,1344.8294769126478,6738.093291345769,4967.847599177929,1770.2456921678404,0.0036158166809348424,0.003903849512283123,0.0002880328313482807,0.0018387705982959616,0.001778227732510436,6.054286578552554e-05,0.0,0.0,0.0,0.0,0.0,0.0,0.0,0.0,0.0
0.641,0.06340308929122994,0.0633150228635101,8.806642771984341e-05,0.013390503722690197,0.013842121618701938,0.00045161789601174014,16918.619860045605,10970.918528237376,5947.701331808228,0.004852724991336726,0.003419270435706884,0.0014334545556298423,9626.527057840844,10699.981250960976,1073.454193120133,4668.205574486193,5679.257835701697,1011.0522612155046,0.0029605511658586346,0.003292756352335728,0.00033220518647709323,0.0012948144158932864,0.0017409725588111368,0.0004461581429178504,0.0,0.0,0.0,0.0,0.0,0.0,0.0,0.0,0.0
0.642,0.0637341385943392,0.06365385549011282,8.028310422637797e-05,0.013704295544957903,0.014182478415520033,0.00047818287056212994,10719.998847537765,12629.169511914071,1909.1706643763064,0.0027080483390179125,0.005300309173998307,0.002592260834980394,10392.661408745184,9724.868850890105,667.7925578550785,5285.977829850346,5950.659378045223,664.681548194877,0.0026490953658873137,0.003992602531980266,0.0013435071660929522,0.0014370756633992929,0.0017630573331631823,0.00032598166976388946,0.0,0.0,0.0,0.0,0.0,0.0,0.0,0.0,0.0
0.643,0.06405537789744849,0.06398288482643687,7.249307101162006e-05,0.014116612974233007,0.014517489137097375,0.0004008761628643675,13093.991572448487,16991.726490446228,3897.734917997741,0.003675200237697938,0.0071702082131958255,0.0034950079754978874,13087.293778278037,11250.536165212245,1836.7576130657926,6610.626090343163,5902.9986228390235,707.6274675041395,0.003373580107449936,0.00372461661181889,0.00035103650436895404,0.0017986157041701535,0.002058485105590722,0.00025986940142056847,0.0,0.0,0.0,0.0,0.0,0.0,0.0,0.0,0.0
0.644,0.06436680720055775,0.06430207070178343,6.473649877432319e-05,0.014307268253292952,0.014842786312107123,0.000535518058814171,18370.38977301181,17629.9491839259,740.4405890859125,0.005387106785344436,0.006784955619034827,0.0013978488336903912,18361.075190671465,9393.706332746548,8967.368857924917,5795.4194566643555,4911.805862414073,883.6135942502824,0.005051979600124469,0.003223252565903575,0.001828727034220894,0.00155012004007433,0.0017124921140415643,0.00016237207396723428,0.0,0.0,0.0,0.0,0.0,0.0,0.0,0.0,0.0
0.645,0.06466842650366707,0.0646114731496287,5.6953354038366544e-05,0.014617359748803602,0.015164653918207621,0.0005472941694040188,11148.99120539995,18711.074749171385,7562.083543771434,0.003095257745337858,0.007868597657549641,0.004773339912211783,11065.855885319103,11026.495956023273,39.359929295829716,3997.5486099800546,5308.115994400243,1310.5673844201883,0.0030002195037570614,0.0033863363704646787,0.0003861168667076173,0.0011135141073837268,0.001693326464100053,0.0005798123567163263,0.0,0.0,0.0,0.0,0.0,0.0,0.0,0.0,0.0
0.646,0.06496023580677635,0.0649110653962594,4.917041051694104e-05,0.014993126778263173,0.015535401513225971,0.0005422747349627978,14709.244354724573,13238.215018255041,1471.0293364695317,0.004079586211738127,0.005065733416730388,0.0009861472049922616,12958.792075027555,13136.152451602367,177.3603765748121,7061.944773503943,4363.406779873747,2698.537993630196,0.0035755658090919442,0.003847688501969516,0.0002721226928775718,0.0019466970886623876,0.0013650942546942916,0.000581602833968096,0.0,0.0,0.0,0.0,0.0,0.0,0.0,0.0,0.0
0.647,0.06524223510988567,0.0652008470298183,4.1388080067358834e-05,0.015196748203872752,0.01564372952124504,0.00044698131737228725,13384.548235390272,24364.443244992493,10979.895009602222,0.0036637210212522595,0.009509330349074486,0.005845609327822227,12992.25853151205,15273.73335545489,2281.474823942839,5761.582456483773,5175.319843925744,586.2626125580291,0.0033044662479927694,0.00596687274699414,0.0026624064990013706,0.0015740595291517416,0.0019075456742844409,0.0003334861451326993,0.0,0.0,0.0,0.0,0.0,0.0,0.0,0.0,0.0
0.648,0.06551442441299497,0.06548082831199256,3.3596101002411616e-05,0.015466949649718165,0.016005538022481614,0.0005385883727634481,16082.472641830822,22671.75127127045,6589.2786294396265,0.0043459309885371415,0.009459169970760767,0.005113238982223625,11524.594153454582,16064.853965365139,4540.259811910557,4599.679792006777,5334.310225612685,734.6304336059084,0.0030319687539886787,0.006553298217739636,0.0035213294637509575,0.0011992242446997583,0.0018384448668020761,0.0006392206221023178,0.0,0.0,0.0,0.0,0.0,0.0,0.0,0.0,0.0
0.649,0.0657768037161043,0.06575096398927867,2.5839726825627185e-05,0.015879368023794235,0.016316269909022255,0.0004369018852280193,19134.53425219929,9737.376854498809,9397.157397700481,0.005380222898155668,0.0030039007297593496,0.0023763221683963187,18993.483419587516,9372.58011698188,9620.903302605635,6493.253211107004,4623.711534240705,1869.541676866299,0.005377792991804981,0.0024542066496258137,0.0029235863421791675,0.0017608668510720748,0.0014280925865835978,0.000332774264488477,0.0,0.0,0.0,0.0,0.0,0.0,0.0,0.0,0.0
0.65,0.06602937301921362,0.06601131597104229,1.8057048171329915e-05,0.01597435908231582,0.0165151069580823,0.0005407478757664778,10910.238461101586,18336.718414769843,7426.479953668257,0.003256210459038314,0.006521586415242661,0.0032653759562043467,10543.873725816515,17953.01069661582,7409.136970799305,7018.19795860396,5492.183030825807,1526.014927778153,0.003140730475434595,0.006210763240424716,0.003070032764990121,0.001900242732407993,0.001865518510692783,3.4724221715210076e-05,0.0,0.0,0.0,0.0,0.0,0.0,0.0,0.0,0.0
0.651,0.06627213232232294,0.06626185753379926,1.0274788523681466e-05,0.016294155819649273,0.016839583322454013,0.0005454275028047399,13879.26696593254,12362.916487244158,1516.3504786883823,0.003707361530818635,0.00476407909588939,0.0010567175650707554,13839.20732356347,11784.955203565256,2054.2521199982148,5134.7253387509545,5294.551877948306,159.82653919735185,0.0036050280518395072,0.00429723980463667,0.000692211752797163,0.001384283009865395,0.0018753858630385996,0.0004911028531732046,0.0,0.0,0.0,0.0,0.0,0.0,0.0,0.0,0.0
0.652,0.0665050816254323,0.06650260048370375,2.4811417285441895e-06,0.01648340283266336,0.01704483138406042,0.0005614285513970592,14641.277866352406,11002.635566851226,3638.64229950118,0.003508993585570366,0.004607303123491428,0.0010983095379210623,12515.77192187709,9612.029063883321,2903.7428579937696,6560.733265365245,4196.115091330826,2364.618174034419,0.0031890984131922235,0.002717068184072092,0.0004720302291201313,0.001722109415587186,0.0013344210527544312,0.0003876883628327549,0.0,0.0,0.0,0.0,0.0,0.0,0.0,0.0,0.0
0.653,0.06672822092854162,0.06673349584489455,5.274916352923653e-06,0.016673621267497975,0.01719635724300116,0.000522735975503185,14247.505020743685,23271.741591101294,9024.236570357609,0.0039761121099833275,0.009297881905674286,0.005321769795690959,14132.111516696408,11753.497907488902,2378.6136092075067,7596.102187584001,6289.463658923021,1306.6385286609793,0.003974109795460017,0.0032585690171812276,0.0007155407782787897,0.0020378204397176634,0.0020856280185430655,4.7807578825402076e-05,0.0,0.0,0.0,0.0,0.0,0.0,0.0,0.0,0.0
0.654,0.06694155023165096,0.06695460740491142,1.305717326045841e-05,0.016986481276182037,0.0175444648980646,0.0005579836218825643,21899.182070277544,14245.722047160774,7653.46002311677,0.0065719646348057345,0.005085088003293297,0.0014868766315124377,11143.94568251679,13685.117183259075,2541.1715007422845,5915.74040979859,5073.037943206417,842.7024665921726,0.00309798346250917,0.004953653856491376,0.0018556703939822056,0.0016546780828530616,0.0017208721010133804,6.619401816031884e-05,0.0,0.0,0.0,0.0,0.0,0.0,0.0,0.0,0.0
0.655,0.06714506953476032,0.06716590846612334,2.0838931363023616e-05,0.01729479277553372,0.017750572571153277,0.00045577979561955625,25112.239367610433,16964.760347977066,8147.479019633367,0.007175571111888206,0.006629165109411365,0.0005464060024768409,12300.315711472322,9399.306266233212,2901.0094452391095,5228.06046274511,3853.0866014068224,1374.9738613382879,0.003041416353470568,0.003599421627365833,0.0005580052738952653,0.0014084970191620952,0.0012240130875295892,0.000184483931632506,0.0,0.0,0.0,0.0,0.0,0.0,0.0,0.0,0.0
0.656,0.06733877883786966,0.0673673992761172,2.8620438247542457e-05,0.01722839822497976,0.017857109208776662,0.0006287109837969027,17858.832259952287,20437.860929757495,2579.0286698052078,0.0045208872892883376,0.00618148378934628,0.0016605965000579424,12146.642589359937,19857.01261855812,7710.370029198184,6779.480525700722,5162.465036818782,1617.0154888819397,0.002928056851405546,0.00597405018114171,0.003045993329736164,0.0018204826652027462,0.001676724573193468,0.00014375809200927814,0.0,0.0,0.0,0.0,0.0,0.0,0.0,0.0,0.0
0.657,0.06752267814097901,0.06755909418412083,3.64160431418209e-05,0.017520114021863105,0.018157358098382065,0.0006372440765189599,20572.667676754176,15373.724545997089,5198.943130757087,0.006206962701650645,0.005695297360892491,0.000511665340758154,16350.156111516746,11939.253071696014,4410.903039820732,6769.540129549332,4956.64554100016,1812.894588549172,0.004277051533074718,0.003916165931489399,0.0003608856015853189,0.0018203878365812163,0.0017154988642117783,0.00010488897236943804,0.0,0.0,0.0,0.0,0.0,0.0,0.0,0.0,0.0
0.658,0.06769676744408837,0.06774093938273192,4.4171938643547404e-05,0.017647645490245344,0.018186189660196465,0.0005385441699511211,15984.28230106666,33400.078691002665,17415.796389936004,0.00435136817697166,0.01365397300950058,0.00930260483252892,14791.465227537186,7080.16810993431,7711.297117602876,5136.53819351829,4514.9108547325,621.62733878579,0.004069065867979159,0.0023214143480716483,0.001747651519907511,0.0014079302984818067,0.0015697876876709586,0.00016185738918915189,0.0,0.0,0.0,0.0,0.0,0.0,0.0,0.0,0.0
0.659,0.06786104674719773,0.06791300014343286,5.1953396235135396e-05,0.017877432563670016,0.0184084263041829,0.0005309937405128841,19696.37445583607,17498.21908173367,2198.1553741024,0.0056415999220810085,0.007245359524189931,0.0016037596021089224,15202.758288697827,11691.607332138039,3511.150956559788,6771.542545977304,4091.029003291877,2680.513542685427,0.0036247906765483062,0.003578357474498146,4.643320205016026e-05,0.0018211007356023084,0.001379998548480837,0.0004411021871214714,0.0,0.0,0.0,0.0,0.0,0.0,0.0,0.0,0.0
0.66,0.06801551605030709,0.06807525059640875,5.973454610165574e-05,0.01810463482183488,0.01867141217995884,0.000566777358123962,22024.405063243074,16729.924859064606,5294.480204178468,0.006375645848346953,0.006462032744637418,8.638689629046539e-05,9987.051529761913,16248.192001681004,6261.1404719190905,6514.941447130516,5459.380381643154,1055.5610654873626,0.0028897231689224154,0.004411461850493696,0.0015217386815712802,0.0017708192158738248,0.00184597771055313,7.51584946793052e-05,0.0,0.0,0.0,0.0,0.0,0.0,0.0,0.0,0.0
0.661,0.06816017535341645,0.06822769072608412,6.751537266766472e-05,0.018173015227278065,0.01879152844774734,0.0006185132204692759,10860.835794140201,25112.82506956895,14251.989275428748,0.0029483053693103874,0.01016540286991442,0.007217097500604033,9147.724979762603,13537.58811992513,4389.863140162528,5468.4422898743205,5248.526107746573,219.91618212774756,0.0022646729328647105,0.005435734473512295,0.003171061540647584,0.0014304982088710098,0.0017502659071852067,0.00031976769831419693,0.0,0.0,0.0,0.0,0.0,0.0,0.0,0.0,0.0
0.662,0.06829502465652582,0.0683703121472755,7.528749074968422e-05,0.01813839484643488,0.018889708494359638,0.000751313647924759,22800.718634869223,7285.9949254711755,15514.723709398048,0.006428856312780356,0.003007411591138481,0.0034214447216418748,16509.57844271203,7073.160481171264,9436.417961540767,6270.7195780928605,4148.728243290635,2121.9913348022255,0.004036989180448451,0.002928707674755293,0.001108281505693158,0.0016487643609752653,0.001457999318086073,0.00019076504288919227,0.0,0.0,0.0,0.0,0.0,0.0,0.0,0.0,0.0
0.663,0.0684200639596352,0.06850313230855848,8.306834892328474e-05,0.018488051210234096,0.019119482380563865,0.0006314311703297694,17425.46292279894,23673.591861567955,6248.128938769016,0.004524257108901874,0.007606798703028703,0.0030825415941268287,17285.96170564794,23155.847338124036,5869.885632476096,6119.833506569705,5683.356806406291,436.4767001634136,0.004397340836483547,0.007525288393920935,0.0031279475574373878,0.0017003644324112915,0.001959512790104224,0.0002591483576929324,0.0,0.0,0.0,0.0,0.0,0.0,0.0,0.0,0.0
0.664,0.06853529326274455,0.06862614226456827,9.084900182372568e-05,0.018553369204242096,0.01905408711316178,0.0005007179089196838,21944.803934501386,25531.585788020115,3586.781853518729,0.0064006035258824655,0.009763688890969919,0.0033630853650874534,8253.209188265442,15287.723789407839,7034.514601142397,4842.946484921561,5330.936094013419,487.98960909185826,0.002347545409679351,0.004414946509462095,0.002067401099782744,0.0013626755238054942,0.0017957721219162006,0.00043309659811070636,0.0,0.0,0.0,0.0,0.0,0.0,0.0,0.0,0.0
0.665,0.0686407125658539,0.06873934193060403,9.862936475013573e-05,0.018670739570753665,0.019325803794065233,0.0006550642233115675,19350.974378993164,10570.966192966598,8780.008186026565,0.0051511538389924765,0.004316706644460171,0.0008344471945323055,12207.565148469645,9725.485185128842,2482.0799633408024,5906.874664556092,5102.321877255236,804.5527873008559,0.003766179604037697,0.002539712213422687,0.0012264673906150101,0.0015573009748691316,0.0015765687048715736,1.926773000244207e-05,0.0,0.0,0.0,0.0,0.0,0.0,0.0,0.0,0.0
0.666,0.06873632186896328,0.06884275035516417,0.00010642848620089074,0.018803044027814436,0.019434352235387167,0.0006313082075727304,17224.693575258654,22565.92035759684,5341.226782338184,0.004556370224049789,0.008778708457011803,0.004222338232962014,16843.9960388116,12662.705419877657,4181.290618933945,5900.044603790818,6833.168674408558,933.1240706177405,0.0044407433055943316,0.0037030666782405792,0.0007376766273537523,0.0016454287397343619,0.0022370737564866806,0.0005916450167523187,0.0,0.0,0.0,0.0,0.0,0.0,0.0,0.0,0.0
0.667,0.06882212117207266,0.068936304878345,0.0001141837062723361,0.018781524067109687,0.019468044986902227,0.0006865209197925402,15951.683165777273,20822.825077415448,4871.141911638175,0.00471413104506406,0.006866688506989221,0.0021525574619251607,9942.123427960336,20479.483695217976,10537.36026725764,4621.076427320167,5976.681929981405,1355.6055026612385,0.002971341994365541,0.006758005597582286,0.003786663603216745,0.001392680683303708,0.0020553990386211834,0.0006627183553174754,0.0,0.0,0.0,0.0,0.0,0.0,0.0,0.0,0.0
0.668,0.06889811047518205,0.06902007454033565,0.00012196406515360692,0.018873419255405456,0.01955208668047324,0.0006786674250677839,16061.881785946136,12833.483073653562,3228.3987122925737,0.004292950968880752,0.005361289781728483,0.0010683388128477312,15834.74867326036,10703.582326238711,5131.166347021648,5081.173917918412,5596.5242628270125,515.3503449086002,0.004115711182131476,0.00376824076202627,0.00034747042010520573,0.0013627643626773513,0.0018294077290628057,0.0004666433663854544,0.0,0.0,0.0,0.0,0.0,0.0,0.0,0.0,0.0
0.669,0.0689642897782914,0.06909403384532864,0.00012974406703723795,0.019050556974546592,0.019681223563983306,0.0006306665894367132,12775.070235358595,18711.77972725215,5936.7094918935545,0.003319878658104296,0.006099533048527968,0.002779654390423672,10099.337177100348,18042.148381249142,7942.811204148795,6171.101560117101,5884.480240746496,286.6213193706053,0.002619405398654799,0.005834454782215683,0.003215049383560884,0.0016706334815313872,0.0019899122312772113,0.0003192787497458241,0.0,0.0,0.0,0.0,0.0,0.0,0.0,0.0,0.0
0.67,0.06902065908140081,0.06915818288822917,0.00013752380682835463,0.018974755396586978,0.019650287434539598,0.0006755320379526197,19258.887458703517,14906.370577507552,4352.516881195965,0.0060072576136340405,0.0046407999988082715,0.001366457614825769,15971.206059341213,14833.009098335038,1138.1969610061751,4903.927470567472,5424.41605166727,520.4885810997985,0.004391227824658995,0.004215698498241164,0.00017552932641783092,0.0014440855782425607,0.0018742108013413378,0.00043012522309877703,0.0,0.0,0.0,0.0,0.0,0.0,0.0,0.0,0.0
0.671,0.06906721838451017,0.06921254323478464,0.00014532485027446418,0.019043778346883318,0.019900887235331375,0.000857108888448057,11482.285632160772,37590.41083222824,26108.12520006747,0.0034504991899881915,0.014738603279805128,0.011288104089816937,10731.997739820505,12060.8133147603,1328.8155749397956,4867.882825501491,5515.55331192475,647.6704864232588,0.0028539394964181256,0.004404530192212434,0.0015505906957943081,0.001341538738566981,0.0019080605911395805,0.0005665218525725995,0.0,0.0,0.0,0.0,0.0,0.0,0.0,0.0,0.0
0.672,0.06910396768761955,0.06925704745509793,0.0001530797674783868,0.019182244162126928,0.019825159393574158,0.0006429152314472303,19766.355724571094,20500.635030385336,734.2793058142415,0.005108288192053248,0.008332702769532893,0.003224414577479645,19486.28145713108,7797.782159153988,11688.499297977094,5690.193738210027,4440.872364916752,1249.3213732932745,0.005078330292464771,0.002384220556581374,0.002694109735883397,0.0015326573612323125,0.001434962510353082,9.769485087923052e-05,0.0,0.0,0.0,0.0,0.0,0.0,0.0,0.0,0.0
0.673,0.06913090699072894,0.06929176645952453,0.00016085946879559887,0.019090230113881855,0.019787415667611056,0.0006971855537292009,11619.050654642431,11753.62260359723,134.57194895479915,0.0030316249239772538,0.004856019667796155,0.001824394743818901,11369.868796970744,11545.491585637144,175.62278866640008,6235.458037512769,5480.431985578187,755.026051934582,0.002860582620438565,0.0032523850357805842,0.00039180241534201915,0.0017494409941286254,0.0017588041842748017,9.363190146176228e-06,0.0,0.0,0.0,0.0,0.0,0.0,0.0,0.0,0.0
0.674,0.06914803629383834,0.06931667504576276,0.00016863875192442424,0.019210828770510016,0.019864399470023678,0.0006535706995136614,14825.895524290887,17998.711574919478,3172.8160506285913,0.004510083178334521,0.007563428185505759,0.0030533450071712374,9495.958731381661,13307.242421770552,3811.283690388891,3993.125333965643,5798.832521487416,1805.7071875217725,0.002940552627261322,0.005037170440075837,0.0020966178128145156,0.0012054530322123539,0.0018144990359350147,0.0006090460037226609,0.0,0.0,0.0,0.0,0.0,0.0,0.0,0.0,0.0
0.675,0.0691553555969477,0.0693317970070933,0.00017644141014559744,0.019193019370804382,0.019867963670252304,0.0006749442994479216,20840.982626471374,6866.945879532519,13974.036746938855,0.005303338383460328,0.0024768454118958075,0.0028264929715645206,20325.912260520774,6598.445868345516,13727.466392175258,5974.326297293393,4256.5929797424815,1717.7333175509111,0.005250643497851785,0.0020607473698569774,0.0031898961279948077,0.001591126929103105,0.0014058503985749013,0.00018527653052820368,0.0,0.0,0.0,0.0,0.0,0.0,0.0,0.0,0.0
0.676,0.06915286490005709,0.06933706109766923,0.00018419619761213257,0.01910061970801665,0.019862625363201405,0.0007620056551847533,13608.156460183272,17402.53140337369,3794.374943190418,0.0035752314021223618,0.007064263475647784,0.003489032073525422,13303.547248688825,13980.08408869592,676.5368400070947,5608.413482022463,5247.6726734373915,360.74080858507114,0.0035213527763506896,0.005364601450002457,0.0018432486736517676,0.0015372671954473067,0.001789821530802585,0.00025255433535527837,0.0,0.0,0.0,0.0,0.0,0.0,0.0,0.0,0.0
0.677,0.06914056420316649,0.06933253966422678,0.00019197546106029806,0.01909350825948268,0.019950197964443646,0.0008566897049609654,18165.20278864586,21836.52423944487,3671.3214507990087,0.005298937581840414,0.007181156087791423,0.0018822185059510091,10889.307305411494,11357.040455675884,467.73315026439013,5354.69109407265,4562.769227450574,791.9218666220759,0.00328582029800243,0.004154122368926405,0.0008683020709239746,0.0015472700151118839,0.0015747174787881545,2.744746367627066e-05,0.0,0.0,0.0,0.0,0.0,0.0,0.0,0.0,0.0
0.678,0.06911845350627585,0.06931820787051667,0.0001997543642408145,0.019090812111535946,0.019805607204750924,0.0007147950932149781,20330.202451780977,11048.902481337529,9281.299970443448,0.006095053314230647,0.004448272049339277,0.00164678126489137,12907.046633033353,7661.351962653363,5245.6946703799895,6325.026731048389,3899.8341582476933,2425.1925728006954,0.003368200921796553,0.0019253789844401329,0.0014428219373564203,0.0017574294309342239,0.001112165800639504,0.0006452636302947199,0.0,0.0,0.0,0.0,0.0,0.0,0.0,0.0,0.0
0.679,0.06908653280938525,0.06929406580842228,0.00020753299903703004,0.018942704841886624,0.019793143311983757,0.0008504384700971333,19651.938339317774,22091.532581599553,2439.594242281779,0.005085229756682597,0.009104677375876204,0.004019447619193607,19357.621595328583,9007.33838972964,10350.283205598942,5237.694667468244,5261.901517941527,24.20685047328334,0.004945778073208596,0.0029199582926000478,0.002025819780608548,0.0014253173357317846,0.0017204667988435932,0.00029514946311180864,0.0,0.0,0.0,0.0,0.0,0.0,0.0,0.0,0.0
0.68,0.06904480211249464,0.06926013972291996,0.0002153376104253174,0.019148369854125838,0.019851875552396002,0.000703505698270164,20506.813022161943,11635.226150879082,8871.586871282861,0.005629639334210357,0.003422485365673275,0.002207153968537082,11264.585610255639,11095.7239410967,168.86166915893955,5475.282471775133,4615.201613237603,860.0808585375298,0.003551042732371399,0.0031627998611299542,0.0003882428712414449,0.0015246826667818462,0.0015973822013683847,7.269953458653852e-05,0.0,0.0,0.0,0.0,0.0,0.0,0.0,0.0,0.0
0.681,0.06899326141560402,0.06921635344938148,0.00022309203377746112,0.019059838438963684,0.0197262246553032,0.0006663862163395172,23905.726452665294,16869.950780425926,7035.775672239368,0.006999210926373402,0.007202867061303285,0.00020365613492988321,12746.48791726933,15088.716065899447,2342.2281486301163,6231.7064010184595,4580.550908348858,1651.1554926696017,0.003591803243383707,0.005306124060716264,0.0017143208173325572,0.001712070659211242,0.0014236225797765161,0.0002884480794347259,0.0,0.0,0.0,0.0,0.0,0.0,0.0,0.0,0.0
0.682,0.06893191071871342,0.06916278135513752,0.000230870636424102,0.01894922927372148,0.019723376965909815,0.0007741476921883338,14865.790184691234,15408.650571650312,542.8603869590788,0.0038338240614563986,0.0059009785694897005,0.002067154508033302,14611.150915551922,15253.457545140867,642.3066295889457,6393.490143173793,5310.636037995305,1082.8541051784878,0.0036652949653312138,0.0056720099338691335,0.0020067149685379197,0.0017668210228314594,0.0016869016054614316,7.991941737002777e-05,0.0,0.0,0.0,0.0,0.0,0.0,0.0,0.0,0.0
0.683,0.0688607500218228,0.06909939889768854,0.00023864887586573513,0.018804825593657586,0.019619311419280427,0.0008144858256228411,22625.88857926336,13762.714522523684,8863.174056739676,0.006612595402179673,0.005301006669000669,0.0013115887331790043,14804.172517545405,12996.784898723969,1807.3876188214363,4976.66270481883,4770.534373604434,206.12833121439598,0.0037591221074435143,0.004531970876833646,0.0007728487693901319,0.0014581418617435743,0.001634118257946896,0.00017597639620332167,0.0,0.0,0.0,0.0,0.0,0.0,0.0,0.0,0.0
0.684,0.0687797793249322,0.06902620613756204,0.00024642681262983246,0.018706745631591134,0.019476560160751846,0.0007698145291607124,22540.829848187095,35205.628665860044,12664.798817672949,0.006765194170033453,0.014403173145228518,0.0076379789751950655,9400.603607466497,12024.428200162809,2623.824592696312,5791.241284655694,4523.700993406884,1267.5402912488098,0.0028752278208438306,0.004099871641672931,0.0012246438208291,0.0015493682067391943,0.0014734676834081578,7.590052333103655e-05,0.0,0.0,0.0,0.0,0.0,0.0,0.0,0.0,0.0
0.685,0.0686889986280416,0.06894320808765167,0.0002542094596100636,0.01859031769861424,0.019433910276897746,0.0008435925782835051,18263.236034455644,24894.901345545728,6631.665311090084,0.004710113680230604,0.010330103437813392,0.005619989757582788,18013.106950825357,9086.991846678078,8926.115104147279,6626.878208333247,5270.59538131905,1356.2828270141972,0.004645852811819506,0.0031985812014239494,0.001447271610395557,0.0016955031052854933,0.0016154704210648019,8.003268422069145e-05,0.0,0.0,0.0,0.0,0.0,0.0,0.0,0.0,0.0
0.686,0.06858840793115098,0.06885039545594285,0.00026198752479186793,0.018697351414086277,0.01942562010848603,0.0007282686943997536,17225.056349931838,13363.240954588315,3861.815395343523,0.004261812086806396,0.004374740512362682,0.00011292842555628638,16907.64519521939,13141.524961573072,3766.1202336463175,6248.1040818281945,6018.170481802477,229.93360002571717,0.0042593948559181485,0.003888754628455147,0.00037064022746300133,0.0017617420090891482,0.0019332416622303912,0.000171499653141243,0.0,0.0,0.0,0.0,0.0,0.0,0.0,0.0,0.0
0.687,0.06847800723426038,0.06874777248649094,0.000269765252230561,0.01842764664998696,0.019235080710311533,0.0008074340603245744,8603.129208730546,21622.70671943699,13019.577510706442,0.002508178096704776,0.007302564555923513,0.004794386459218737,8122.3439743664885,21058.773159401397,12936.429185034907,4603.185246362589,5322.9767527706,719.7915064080107,0.0023971430596341032,0.006664918252174929,0.004267775192540826,0.0013664362141029083,0.0019002549796820587,0.0005338187655791503,0.0,0.0,0.0,0.0,0.0,0.0,0.0,0.0,0.0
0.6880000000000001,0.0683577965373698,0.06863533928275921,0.0002775427453894086,0.018319106243521625,0.01922224392594423,0.0009031376824226063,12601.053587686487,9872.305140689656,2728.7484469968313,0.0038489501513634494,0.002338277230197642,0.0015106729211658075,10994.960575080066,9699.665944372462,1295.2946307076036,7167.256967256046,5421.786563421676,1745.4704038343698,0.003198094424736327,0.002182055556627832,0.0010160388681084952,0.0018410381950021797,0.0015930400383434792,0.0002479981566587005,0.0,0.0,0.0,0.0,0.0,0.0,0.0,0.0,0.0
0.6890000000000001,0.06822777584047919,0.06851312664273587,0.0002853508022566814,0.01824564308906571,0.018987538550497625,0.0007418954614319163,13467.667549236003,21031.14919326258,7563.481644026577,0.0036546617036857542,0.008468470572238889,0.004813808868553135,13130.72897652182,12209.884372393659,920.8446041281604,5196.147102177683,6649.761736177387,1453.614633999704,0.003346634788515968,0.0036460170279900067,0.00029938223947403864,0.001381738419615621,0.0022348210015928826,0.0008530825819772615,0.0,0.0,0.0,0.0,0.0,0.0,0.0,0.0,0.0
0.6900000000000001,0.06808794514358861,0.06838104984294534,0.00029310469935672767,0.018155758116457078,0.018871406790855142,0.0007156486743980645,17332.514199224137,21529.01309265071,4196.498893426575,0.004815481146181891,0.00899269340932871,0.004177212263146818,16401.213318338243,8888.739515469291,7512.473802868952,4597.0496439034705,6058.217261165729,1461.1676172622583,0.004619881789178131,0.0033407381966100943,0.0012791435925680367,0.0014384906234710748,0.002186978575701202,0.0007484879522301272,0.0,0.0,0.0,0.0,0.0,0.0,0.0,0.0,0.0
0.6910000000000001,0.067938304446698,0.06823918659074082,0.00030088214404282165,0.017974998917586964,0.018750081574040695,0.0007750826564537315,21873.662063416814,12625.86113466624,9247.800928750574,0.006295313918307173,0.004883487754001173,0.001411826164306,14298.559766416392,12539.102884956646,1759.456881459746,6137.726313151955,4774.633933052176,1363.092380099779,0.004118688531777751,0.004809120221220338,0.0006904316894425873,0.001718537661410767,0.0016533380287256565,6.519963268511062e-05,0.0,0.0,0.0,0.0,0.0,0.0,0.0,0.0,0.0
0.6920000000000001,0.06777885374980742,0.06808751290820247,0.00030865915839504987,0.01782837097757582,0.018658519842084168,0.0008301488645083496,9066.835604458618,20224.781341288515,11157.945736829897,0.0025903718672100015,0.007870918600069186,0.005280546732859185,9048.47909610034,13092.609526603972,4044.130430503632,5603.477562591948,6999.857943940555,1396.3803813486065,0.0025783402828964586,0.004041629886431702,0.0014632896035352435,0.0014645844766006497,0.0020740656679721194,0.0006094811913714697,0.0,0.0,0.0,0.0,0.0,0.0,0.0,0.0,0.0
0.6930000000000001,0.06760959305291682,0.06792602906336472,0.0003164360104478958,0.017501572847996985,0.018423374969484634,0.0009218021214876491,17397.807657842754,11850.44461631907,5547.363041523684,0.005147292864013389,0.004107836507887323,0.0010394563561260664,13361.9881006799,11005.065423603295,2356.9226770766054,4484.837441662501,5780.70758344571,1295.870141783209,0.0038576855642017574,0.0039096435109073025,5.1957946705545165e-05,0.001318716634990948,0.0017867328843628751,0.0004680162493719271,0.0,0.0,0.0,0.0,0.0,0.0,0.0,0.0,0.0
0.6940000000000001,0.06743052235602623,0.06775476832199577,0.00032424596596954125,0.017413440268907805,0.018324710365645484,0.0009112700967376791,16569.422066833347,15805.655083724765,763.7669831085823,0.004548560670185858,0.005845756206486273,0.0012971955363004148,16558.388009596823,15711.760916179617,846.6270934172062,5319.116603274443,4839.135971486113,479.98063178833036,0.004433020933822702,0.00557802303238664,0.0011450020985639383,0.0015328287585752679,0.0018201046558522635,0.00028727589727699557,0.0,0.0,0.0,0.0,0.0,0.0,0.0,0.0,0.0
0.6950000000000001,0.06724164165913567,0.06757364111410188,0.00033199945496621697,0.01730694608382749,0.01804040233909776,0.0007334562552702706,13782.154567773752,17902.95951283318,4120.804945059426,0.0036749040907398025,0.007265837833380906,0.0035909337426411033,11445.10598527132,10925.44674585999,519.6592394113304,6217.272763634056,6264.458097835774,47.18533420171843,0.003360208832859671,0.003904801054126027,0.0005445922212663559,0.0016173012787863473,0.002024024827854187,0.0004067235490678395,0.0,0.0,0.0,0.0,0.0,0.0,0.0,0.0,0.0
0.6960000000000001,0.06704295096224508,0.06738272714337976,0.00033977618113467667,0.017062478202746298,0.01795504709114914,0.0008925688884028407,14707.606279958423,10667.700052614106,4039.906227344318,0.004404999151874056,0.0028050942634533175,0.001599904888420738,8397.347139378235,7385.369498655069,1011.9776407231657,3882.502210573155,5788.990021066381,1906.4878104932259,0.002397071294153697,0.0024830784549324633,8.600716077876653e-05,0.001166673459396661,0.0017827354312806483,0.0006160619718839873,0.0,0.0,0.0,0.0,0.0,0.0,0.0,0.0,0.0
0.6970000000000001,0.06683445026535452,0.06718200284185806,0.0003475525765035403,0.016862347815995635,0.017767914724186835,0.0009055669081911993,9277.489176148329,28880.481790730413,19602.992614582086,0.0024754799659916526,0.011988667391233526,0.009513187425241874,8637.573128685852,11455.05695185647,2817.483823170618,5354.514569972563,4988.519817778476,365.9947521940867,0.0024619097685133246,0.0042470486445750225,0.001785138876061698,0.0015828238065933693,0.001651411802506102,6.858799591273265e-05,0.0,0.0,0.0,0.0,0.0,0.0,0.0,0.0,0.0
0.6980000000000001,0.06661613956846395,0.06697146822059337,0.0003553286521294219,0.016640955189736496,0.01756256898693243,0.0009216137971959325,15024.536672846683,23612.834050018035,8588.297377171351,0.004127765824428983,0.009198087738148161,0.0050703219137191785,14910.06026682409,11143.264114858805,3766.7961519652854,5555.650718077335,4523.263790065602,1032.3869280117333,0.003969442104632022,0.004463827209342518,0.0004943851047104963,0.001490310320814613,0.001557630044460749,6.7319723646136e-05,0.0,0.0,0.0,0.0,0.0,0.0,0.0,0.0,0.0
0.6990000000000001,0.06638801887157338,0.06675113644244156,0.0003631175708681822,0.01639141125492907,0.01725083832955178,0.0008594270746227102,13631.958635076498,12032.396482037162,1599.5621530393364,0.003563159369616457,0.005089996334185869,0.0015268369645694124,13083.283937038721,11446.45010425015,1636.8338327885704,5639.020772642658,6285.843322560266,646.8225499176078,0.00345263295504037,0.0044185609369217374,0.0009659279818813675,0.001530186824352496,0.0019244692051956782,0.0003942823808431822,0.0,0.0,0.0,0.0,0.0,0.0,0.0,0.0,0.0
0.7000000000000001,0.0661500881746828,0.06652098197977886,0.0003708938050960564,0.01618893027122606,0.017053752655131316,0.000864822383905256,11607.85658155758,14647.269967733982,3039.413386176402,0.003525370492030452,0.006125296160888394,0.0025999256688579424,7519.212945219087,13658.680042302944,6139.467097083857,3565.622921640972,6011.108791981027,2445.485870340055,0.0022775152654486886,0.005164227251416974,0.002886711985968285,0.0011317282873145671,0.0020145053673727674,0.0008827770800582003,0.0,0.0,0.0,0.0,0.0,0.0,0.0,0.0,0.0
0.7010000000000001,0.06590234747779225,0.06628101719440761,0.0003786697166153624,0.01595736658597253,0.016802776247051968,0.0008454096610794361,19483.600072465408,7309.229217978813,12174.370854486595,0.005689267492981788,0.0030348741824267503,0.0026543933105550375,12307.82346812883,6115.792577876995,6192.030890251835,6617.5965588231,3719.7096868181793,2897.886872004921,0.0036222585127625288,0.002264450215776939,0.0013578082969855896,0.0018010028935420092,0.0013040378410053483,0.0004969650525366608,0.0,0.0,0.0,0.0,0.0,0.0,0.0,0.0,0.0
0.7020000000000001,0.06564479678090171,0.06603124218992111,0.00038644540901940083,0.015581812116190604,0.016633137998979034,0.0010513258827884297,20287.257708577796,24799.037064656306,4511.77935607851,0.005454285743733591,0.009911620452910462,0.004457334709176871,19990.298913562274,12161.990382778262,7828.308530784012,5207.98032662032,5868.219344688192,660.2390180678722,0.005238765771974088,0.004601975511829715,0.000636790260144373,0.0013949821613781573,0.0019243786071462825,0.0005293964457681252,0.0,0.0,0.0,0.0,0.0,0.0,0.0,0.0,0.0
0.7030000000000001,0.06537743608401116,0.06577169508097282,0.00039425899696166056,0.015378048555001887,0.01633694772753361,0.0009588991725317242,12531.677697990517,22198.213767842535,9666.536069852018,0.003748106473632352,0.009064468279846239,0.005316361806213888,10338.252409821354,10291.696783951988,46.55562586936685,4154.913228606779,5969.675683978312,1814.7624553715332,0.0026017577545676567,0.0029366164564958285,0.0003348587019281718,0.0012816680797910268,0.0020017422618036312,0.0007200741820126044,0.0,0.0,0.0,0.0,0.0,0.0,0.0,0.0,0.0
0.7040000000000001,0.06510026538712063,0.06550227738895988,0.00040201200183924424,0.01502264506083037,0.016025624838100994,0.001002979777270624,23551.8839394621,7988.472988088339,15563.41095137376,0.007074099270233235,0.0030295315637029136,0.004044567706530321,12739.891072545832,7907.843052697404,4832.048019848427,6486.349688212153,4045.040709737771,2441.3089784743815,0.0036126989250937916,0.0028503591417414578,0.0007623397833523339,0.0017837004689602986,0.0014703622708115266,0.00031333819814877194,0.0,0.0,0.0,0.0,0.0,0.0,0.0,0.0,0.0
0.7050000000000001,0.06481328469023008,0.06522307212130181,0.00040978743107172866,0.014766161630562089,0.015718002263161807,0.0009518406325997181,17419.635360973367,23459.739106394736,6040.103745421369,0.005168622598865147,0.009795164129378022,0.0046265415305128755,9923.562166778522,10472.928920440681,549.3667536621597,5694.311975228033,5468.991198626315,225.32077660171763,0.0024946430715811095,0.0038427009674123977,0.0013480578958312882,0.0014958556511014656,0.0018641374491391736,0.000368281798037708,0.0,0.0,0.0,0.0,0.0,0.0,0.0,0.0,0.0
0.7060000000000001,0.06451649399333956,0.06493405665703238,0.00041756266369281925,0.014514932192016302,0.015465427363817171,0.0009504951718008695,15858.941987124877,8606.305332447302,7252.636654677575,0.004486938690358703,0.003453334611869663,0.0010336040784890395,15684.827580958716,8303.112026060027,7381.715554898688,4936.238131067745,5385.322489609336,449.0843585415914,0.004265102742114654,0.003336826785533883,0.0009282759565807713,0.0014592466724162746,0.0016337215103613344,0.0001744748379450599,0.0,0.0,0.0,0.0,0.0,0.0,0.0,0.0,0.0
0.7070000000000001,0.06420989329644904,0.06463523102811837,0.0004253377316693341,0.014320726664315818,0.015208982853672576,0.0008882561893567582,27438.33337374812,24332.61043096734,3105.7229427807797,0.007787862544001768,0.008937887563854044,0.001150025019852276,9402.25857039736,9774.64977681167,372.39120641430964,5350.739913719461,4540.576604349664,810.1633093697965,0.0023209503553588955,0.004263188896495835,0.0019422385411369397,0.0015938579606504166,0.00149837339592684,9.548456472357656e-05,0.0,0.0,0.0,0.0,0.0,0.0,0.0,0.0,0.0
0.7080000000000001,0.06389348259955852,0.06432663576731361,0.00043315316775509316,0.013897221214025339,0.014875382454975774,0.000978161240950435,11826.939184667244,22433.403681181906,10606.464496514662,0.003559961664553675,0.009323115831234867,0.005763154166681193,11819.009691070305,14213.42704469593,2394.4173536256258,6983.319794650975,3776.9597251246796,3206.360069526296,0.0034687302743214967,0.005104171726075554,0.0016354414517540574,0.001806817632427749,0.0014026620637798584,0.0004041555686478905,0.0,0.0,0.0,0.0,0.0,0.0,0.0,0.0,0.0
0.7090000000000001,0.063567261902668,0.06400816766686429,0.0004409057641962949,0.013589802898740372,0.014546951082894112,0.0009571481841537405,11069.6162863781,6736.543873076247,4333.072413301852,0.003099852764614701,0.0022401996863490375,0.0008596530782656636,10413.679587712202,6388.298677330436,4025.3809103817666,5389.081283154381,4546.901177247434,842.1801059069467,0.0029749761482782055,0.00206081986073677,0.0009141562875414357,0.0014410454722274277,0.0014331707598790478,7.874712348379881e-06,0.0,0.0,0.0,0.0,0.0,0.0,0.0,0.0,0.0
0.7100000000000001,0.06323123120577749,0.06367991201246942,0.00044868080669192845,0.013114864295851923,0.014172928424051077,0.0010580641281991536,18838.260990495557,22836.44606015175,3998.1850696561924,0.005506817505055527,0.009584049655384352,0.004077232150328825,11835.1737372471,9963.741275446027,1871.4324618010723,5827.6646945088805,5247.906502730571,579.7581917783091,0.003301129973413306,0.0036182840324497085,0.00031715405903640255,0.0017552236240998202,0.0016672505005651264,8.797312353469385e-05,0.0,0.0,0.0,0.0,0.0,0.0,0.0,0.0,0.0
0.7110000000000001,0.06288539050888702,0.06334184582942416,0.0004564553205371469,0.012862631232924797,0.013870215254541352,0.0010075840216165546,15806.435141541202,13959.31412083653,1847.1210207046715,0.004362231351133407,0.005913619076887678,0.0015513877257542705,9825.971876322534,10265.260833042988,439.28895672045473,6617.890011174723,3627.427596883306,2990.4624142914176,0.002775386890967931,0.0041742295584164596,0.0013988426674485287,0.001806790522803475,0.001277631963103845,0.00052915855969963,0.0,0.0,0.0,0.0,0.0,0.0,0.0,0.0,0.0
0.7120000000000001,0.06252973981199651,0.0629939693785156,0.0004642295665190921,0.012550195799723603,0.013531250323837755,0.0009810545241141517,11570.280886073666,11402.740078199793,167.54080787387284,0.0028212077437858637,0.004785830436692092,0.001964622692906228,11294.090890969353,10865.683709391222,428.4071815781317,6469.1147835519605,4985.935318535467,1483.1794650164939,0.002688581647634049,0.004013910723075201,0.0013253290754411521,0.0016462611818847074,0.0015838589583817124,6.2402223502995e-05,0.0,0.0,0.0,0.0,0.0,0.0,0.0,0.0,0.0
0.7130000000000001,0.06216427911510603,0.06263630416187756,0.00047202504677152507,0.012219840296931773,0.013209426074086466,0.0009895857771546925,11914.046073581738,18060.69975152652,6146.653677944783,0.0030286570459084343,0.0071455175062453006,0.004116860460336866,11100.164898928495,11643.952586715219,543.7876877867238,4470.18159142557,6038.5551207454755,1568.3735293199052,0.0028513596072410933,0.004014142135144507,0.0011627825279034135,0.0014236631262162407,0.0019888444770303063,0.0005651813508140656,0.0,0.0,0.0,0.0,0.0,0.0,0.0,0.0,0.0
0.7140000000000001,0.061789008418215594,0.062268807821909654,0.0004797994036940603,0.011717169274361087,0.012745495060285467,0.0010283257859243795,26371.46205037728,9966.003722564259,16405.45832781302,0.007688917697641333,0.0031312310852508107,0.004557686612390522,15151.522742594198,9894.996468887439,5256.526273706759,6500.53605707936,4566.1650752429105,1934.3709818364496,0.004179970958293917,0.003089887378592192,0.0010900835797017254,0.0018886700212266802,0.0016055612752524056,0.00028310874597427455,0.0,0.0,0.0,0.0,0.0,0.0,0.0,0.0,0.0
0.7150000000000001,0.06140392772132513,0.061891501168129304,0.0004875734468041751,0.011425515357587526,0.012432883077264128,0.0010073677196766016,25532.822987994918,17664.19547880889,7868.627509186026,0.007439080720093325,0.007309430726210644,0.00012964999388268093,9613.321067494751,14750.41894745969,5137.097879964938,6173.854165710633,5207.494656612019,966.3595090986146,0.0027262319953593834,0.004826634508281016,0.0021004025129216326,0.001633731376862753,0.0017810588429480452,0.00014732746608529215,0.0,0.0,0.0,0.0,0.0,0.0,0.0,0.0,0.0
0.7160000000000001,0.06100903702443467,0.06150438415885522,0.0004953471344205512,0.011013530929809506,0.011971834322029456,0.0009583033922199499,8164.268049578776,19698.937957058228,11534.669907479452,0.002457324697099592,0.008113144024324396,0.005655819327224804,7946.477265589122,9100.40589348659,1153.9286278974678,3890.6310379979104,6257.764390015908,2367.133352017998,0.0020646367119766295,0.0027646790972732944,0.0007000423852966649,0.0011276886748270033,0.0019310739671035684,0.0008033852922765651,0.0,0.0,0.0,0.0,0.0,0.0,0.0,0.0,0.0
0.7170000000000001,0.06060433632754424,0.06110750244975191,0.0005031661222076669,0.010660838540817433,0.011645124917449531,0.000984286376632098,27020.9671016449,9488.883062841596,17532.084038803303,0.007357518877570958,0.0033560678757678167,0.0040014510018031415,13507.951287171225,9356.631445578181,4151.319841593044,5630.890883195708,6046.947874011698,416.0569908159905,0.003989453448335984,0.0028991789526084683,0.001090274495727516,0.0017243276357207563,0.0019125237250507822,0.00018819608933002586,0.0,0.0,0.0,0.0,0.0,0.0,0.0,0.0,0.0
0.7180000000000001,0.06018982563065383,0.060700744056342855,0.0005109184256890248,0.010166926570335905,0.011234971087693448,0.0010680445173575429,12440.76400815823,20753.683800942214,8312.919792783983,0.003697555381255445,0.008055178208539559,0.004357622827284113,11406.231196179446,16522.53495444498,5116.303758265532,5365.226880578437,6216.253308516496,851.026427938059,0.0032673206501133713,0.00581186695169955,0.0025445463015861783,0.0015207484499699623,0.0021966086756555554,0.0006758602256855932,0.0,0.0,0.0,0.0,0.0,0.0,0.0,0.0,0.0
0.7190000000000001,0.05976550493376341,0.060284197300234196,0.0005186923664707854,0.009686791517858616,0.010832244857131046,0.0011454533392724307,18884.83637862859,10485.6233710943,8399.213007534292,0.005584143062810125,0.0038571363937988483,0.0017270066690112766,8812.63696546511,10249.815441521607,1437.178476056497,4471.617607342493,5334.873044579672,863.2554372371787,0.0020317109828878817,0.0035936136007966007,0.001561902617908719,0.0012674755833916617,0.0017289763566978194,0.0004615007733061577,0.0,0.0,0.0,0.0,0.0,0.0,0.0,0.0,0.0
0.7200000000000001,0.05933137423687301,0.05985784021120994,0.0005264659743369343,0.009254636475289587,0.010308786846974163,0.0010541503716845757,18858.11470954759,25949.09715660016,7090.982447052571,0.0052303576653950756,0.010256279725526805,0.00502592206013173,12126.890985600397,9478.058548013842,2648.832437586556,3729.2897441568157,5887.114576244773,2157.8248320879575,0.0036975570695996535,0.0035879190469775115,0.00010963802262214202,0.0012881970108884425,0.0019021878224760533,0.0006139908115876107,0.0,0.0,0.0,0.0,0.0,0.0,0.0,0.0,0.0
0.7210000000000001,0.058887433539982624,0.059421672768800074,0.00053423922881745,0.008958180576851908,0.009948172285493568,0.00098999170864166,13933.018182953492,25078.764459706956,11145.746276753463,0.0038239079188439715,0.0105320119574823,0.006708104038638328,12948.552194878232,16582.401050471162,3633.8488555929307,5325.983499926244,5833.502648570184,507.51914864393984,0.003532282323027218,0.005656409948812259,0.002124127625785041,0.0014975734701507895,0.0019552097497845876,0.0004576362796337981,0.0,0.0,0.0,0.0,0.0,0.0,0.0,0.0,0.0
0.7220000000000001,0.05843368284309224,0.05897572105612736,0.000542038213035119,0.008485176214061634,0.009413424544722621,0.0009282483306609877,16915.25620353428,16862.513582702657,52.74262083162466,0.0048587168805719365,0.00606469846569831,0.0012059815851263736,6886.688460178656,16181.809670312521,9295.121210133864,5076.701910997357,4715.39242140872,361.309489588637,0.0018769482461042548,0.00597240538579637,0.004095457139692115,0.0013600829558919228,0.0016587118610319608,0.000298628905140038,0.0,0.0,0.0,0.0,0.0,0.0,0.0,0.0,0.0
0.7230000000000001,0.05797012214620188,0.05851993374709668,0.0005498116008947965,0.007965273695883604,0.009077828519453096,0.001112554823569492,9628.196065517144,16995.634388961113,7367.438323443968,0.0024352338984419465,0.006937379656438825,0.004502145757996878,9273.170445529824,12575.477789010658,3302.307343480834,5012.1697416392235,5891.607163637266,879.4374219980427,0.002343787324463773,0.004130938034141735,0.0017871507096779622,0.0015067951808819566,0.001973147930316126,0.0004663527494341694,0.0,0.0,0.0,0.0,0.0,0.0,0.0,0.0,0.0
0.7240000000000001,0.057496751449311545,0.05805433606796356,0.0005575846186520184,0.007452611783773136,0.00858644101492305,0.0011338292311499146,15417.371702538125,10520.982589302077,4896.389113236048,0.004694686387467404,0.0032860054433942183,0.0014086809440731853,10947.95038456181,9996.20845829506,951.7419262667499,4835.4665592707715,5423.148712657485,587.6821533867133,0.0028791165427104436,0.0031390634280077843,0.0002599468852973407,0.0014690180244726003,0.001718616859814191,0.0002495988353415908,0.0,0.0,0.0,0.0,0.0,0.0,0.0,0.0,0.0
0.7250000000000001,0.05701357075242122,0.057578927508951536,0.0005653567565303136,0.00694115046431208,0.008067527137037199,0.0011263766727251188,23093.302004760073,17702.772678758465,5390.529326001608,0.006732041755410297,0.007393994472016508,0.0006619527166062114,10515.00499671462,14166.084553822908,3651.079557108287,4411.860266610524,4722.697411821794,310.83714521126967,0.0028264075606646696,0.004805773770737138,0.0019793662100724687,0.0012141192708485257,0.0015128303244361814,0.0002987110535876557,0.0,0.0,0.0,0.0,0.0,0.0,0.0,0.0,0.0
0.7260000000000001,0.0565205800555309,0.05709375938820712,0.00057317933267622,0.006528101642478561,0.007563771150148952,0.0010356695076703904,17480.06485415565,24088.580112594012,6608.515258438361,0.0047531808045446185,0.00995360126411376,0.005200420459569141,15871.222133131474,9111.418936376132,6759.803196755342,3480.6801570847583,5210.589827060108,1729.90966997535,0.004247420336667511,0.003184361932123939,0.0010630584045435718,0.0011611464257754356,0.0017931295619763353,0.0006319831362008998,0.0,0.0,0.0,0.0,0.0,0.0,0.0,0.0,0.0
0.7270000000000001,0.056017779358640614,0.05659871081033803,0.0005809314516974154,0.006066277259673186,0.007156444200858695,0.001090166941185509,20457.375022479122,7427.557758231735,13029.817264247387,0.006076325597566109,0.0026411381712964444,0.0034351874262696647,11485.64353998834,7270.0393093290295,4215.60423065931,5204.113709818073,4665.960101339303,538.1536084787704,0.0032541100560305072,0.0023874881860010523,0.0008666218700294549,0.0015690020477548403,0.001556804336084912,1.2197711669928316e-05,0.0,0.0,0.0,0.0,0.0,0.0,0.0,0.0,0.0
0.7280000000000001,0.055505168661750336,0.056093872244545685,0.0005887035827953496,0.005547451187220604,0.006613060157868937,0.0010656089706483334,19681.55846551984,18703.859195619425,977.699269900415,0.005912435620043087,0.007971800416590619,0.002059364796547532,14367.023168993604,15494.989582174774,1127.9664131811696,5147.678371941879,5074.832807380563,72.84556456131577,0.0039949724776737,0.00481282992250503,0.0008178574448313297,0.001407427582975562,0.001694949521552171,0.000287521938576609,0.0,0.0,0.0,0.0,0.0,0.0,0.0,0.0,0.0
0.7290000000000001,0.05498274796486007,0.05557922404714541,0.0005964760822853368,0.0049935997316924614,0.006177467357964585,0.0011838676262721235,7436.144842637722,23219.172774272793,15783.027931635072,0.0022828917697980166,0.008222066587205184,0.005939174817407167,6286.57713057277,10595.758731483766,4309.181600910995,3444.558510582283,3413.9899653577986,30.568545224484296,0.002012406502333308,0.0027714768715322554,0.0007590703691989472,0.0010583268473334843,0.001189533923037988,0.0001312070757045038,0.0,0.0,0.0,0.0,0.0,0.0,0.0,0.0,0.0
0.7300000000000001,0.05445051726796982,0.055054765309594966,0.0006042480416251494,0.004505507180037071,0.0055555345157468,0.0010500273357097294,25323.422732274637,10558.205108894324,14765.217623380313,0.006582996166903391,0.004410389473424012,0.0021726066934793795,24696.427663388444,6621.16058092779,18075.267082460654,4151.594973235348,3341.1021495454165,810.4928236899318,0.006519156638518003,0.002483293289003631,0.004035863349514372,0.0014726645509621126,0.0011683762815491191,0.00030428826941299343,0.0,0.0,0.0,0.0,0.0,0.0,0.0,0.0,0.0
0.7310000000000001,0.05390847657107959,0.054520549317788165,0.0006120727467085751,0.0038545546578693766,0.004966670105416192,0.001112115447546815,15635.104217455431,29343.865764309983,13708.761546854552,0.0043343375563654595,0.011590218252391635,0.007255880696026175,10889.390393146623,12307.16116891283,1417.7707757662065,5312.8058709944535,5399.620449569957,86.81457857550322,0.0033179972217035713,0.005074747802758813,0.0017567505810552413,0.0014443926925512022,0.0018197369351184295,0.00037534424256722727,0.0,0.0,0.0,0.0,0.0,0.0,0.0,0.0,0.0
0.7320000000000001,0.053356625874189385,0.05397645063925977,0.000619824765070387,0.003373414574983427,0.004509071600993363,0.0011356570260099355,9756.527474106077,10288.28863416582,531.7611600597429,0.002884898650755786,0.003525313475059839,0.0006404148243040531,9209.59182728274,10085.942792659796,876.3509653770561,5575.324262606051,3987.2343866846877,1588.0898759213633,0.0028098721557087733,0.0033138266219725643,0.0005039544662637911,0.0014663306357903037,0.0012852079906284682,0.00018112264516183555,0.0,0.0,0.0,0.0,0.0,0.0,0.0,0.0,0.0
0.7330000000000001,0.05279496517729919,0.05342256199626174,0.0006275968189625517,0.002800039652020657,0.00397515067668966,0.0011751110246690033,13184.536232271517,20619.057011456367,7434.52077918485,0.003976243850453556,0.007982970467602575,0.00400672661714902,12657.799015939268,8968.353854286712,3689.4451616525566,5403.268500138935,3576.752646358355,1826.5158537805805,0.003289511504859257,0.003305363243377218,1.585173851796108e-05,0.0016350406260543754,0.0013289547035930406,0.00030608592246133474,0.0,0.0,0.0,0.0,0.0,0.0,0.0,0.0,0.0
0.7340000000000001,0.05222349448040903,0.052858862434819576,0.0006353679544105484,0.002277448270281854,0.0034148806711947347,0.0011374324009128809,17851.533715047604,26140.254823051553,8288.721108003949,0.004577435609174061,0.010825385401313465,0.006247949792139404,17723.745184373598,12287.363543499898,5436.3816408737,5357.285199069338,4782.1083758621735,575.1768232071645,0.004482399644389877,0.00447944561503618,2.954029353696881e-06,0.0016032108250584088,0.0015718540039107174,3.135682114769147e-05,0.0,0.0,0.0,0.0,0.0,0.0,0.0,0.0,0.0
0.7350000000000001,0.05164221378351888,0.052285352322168,0.0006431385386491198,0.0016291868419470966,0.0028579102429916385,0.001228723401044542,10485.130137419732,13397.559080450697,2912.4289430309655,0.002627238252561585,0.004398845512715038,0.0017716072601534532,10452.69265061335,11233.707196543171,781.0145459298219,6489.925615441861,4731.93761469372,1757.9880007481406,0.002372491843200097,0.003064906713780318,0.0006924148705802209,0.0017003352180480185,0.0014418163911930992,0.0002585188268549193,0.0,0.0,0.0,0.0,0.0,0.0,0.0,0.0,0.0
0.7360000000000001,0.05105112308662877,0.05170206698554712,0.0006509438989183505,0.0010782970585223248,0.0022103096601170046,0.0011320126015946798,11332.714859142396,13574.522977227001,2241.8081180846057,0.002823780700226305,0.0051912194605937085,0.0023674387603674035,10802.77338245861,13306.967573558275,2504.1941910996647,5710.870145814161,4685.085399867687,1025.7847459464747,0.0026999167317722566,0.004939418265568522,0.0022395015337962655,0.0015631359966327967,0.0015511144901228363,1.2021506509960356e-05,0.0,0.0,0.0,0.0,0.0,0.0,0.0,0.0,0.0
0.7370000000000001,0.05045022238973866,0.051108937049888906,0.0006587146601502447,0.0004031516212112292,0.0016177648134001708,0.0012146131921889416,15373.180164941881,13496.691970505337,1876.4881944365443,0.004006155043741802,0.0040276604352923705,2.1505391550568666e-05,14556.376385238178,13208.804050230097,1347.5723350080807,5467.619098776106,3960.2087203880337,1507.4103783880719,0.0036813911999622057,0.0036647390048909403,1.6652195071265377e-05,0.0016478331245906078,0.0014712711690640277,0.00017656195552658016,0.0,0.0,0.0,0.0,0.0,0.0,0.0,0.0,0.0
0.7380000000000001,0.04983956425949212,0.050505997416469814,0.0006664331569776957,-4.1556474316861713e-05,0.00112063348466355,0.0011621899589804117,21125.543956182126,24564.005470014577,3438.4615138324516,0.006236552831962097,0.008183610994230268,0.0019470581622681718,13982.248271127002,11905.627127811038,2076.621143315964,5786.239394610203,5134.3937506211405,651.8456439890624,0.004112812445343409,0.004262061791989371,0.00014924934664596167,0.0015990676081005573,0.0017206374435269158,0.00012156983542635849,36.340670594929435,0.0,36.340670594929435,0.0007550950721178583,0.0,0.0007550950721178583,0.0001748977563295549,0.0,0.0001748977563295549
0.7390000000000001,0.04924852243875802,0.049893670782962536,0.0006451483442045172,-0.00010009679600760102,0.0004556550319304443,0.0005557518279380453,131338.59611915355,40796.28490815444,90542.3112109991,0.037846013082930265,0.01699840778460935,0.020847605298320915,39642.74277951269,14061.990910943032,25580.751868569663,10637.879207985397,6124.246634795536,4513.632573189861,0.010130863061150235,0.004710804594832082,0.005420058466318153,0.002838188529792397,0.002043103962628842,0.000795084567163555,87.53352518753283,0.0,87.53352518753283,0.00438091270726134,0.0,0.00438091270726134,0.0001748977563295549,0.0,0.0001748977563295549
0.7400000000000001,0.048749023834794916,0.04929975150301441,0.0005507276682194945,-0.0001334091641912831,0.0003005383184898053,0.0004339474826810884,221327.0546115448,134461.03075645844,86866.02385508636,0.06389047622778872,0.05291946040017169,0.010971015827617031,59754.143750794196,29620.77959929264,30133.364151501555,17299.071175583453,11254.86681811983,6044.204357463623,0.015570931613055485,0.00906920287301902,0.006501728740036464,0.004642681704907418,0.003926064015379571,0.0007166176895278473,116.66481745428307,0.0,116.66481745428307,0.007782077893552258,0.0,0.007782077893552258,0.0001748977563295549,0.0,0.0001748977563295549
0.7410000000000001,0.048406391474188334,0.0487895513055717,0.0003831598313833659,-0.00015045868302508356,0.00012907093554033542,0.000279529618565419,305387.05947980884,233409.14847904936,71977.91100075949,0.0883613870736378,0.09298137365680134,0.004619986583163538,75130.200339219,59101.94090399091,16028.259435228087,19488.87335926751,18107.527762988764,1381.3455962787448,0.020035175814940142,0.01949010914617654,0.0005450666687636004,0.005198535440276686,0.005580068705591929,0.00038153326531524274,131.574430406934,0.0,131.574430406934,0.0098982577594014,0.0,0.0098982577594014,0.0001748977563295549,0.0,0.0001748977563295549
0.7420000000000001,0.048268661788991765,0.04843227926650765,0.0001636174775158858,-0.00014153564645988034,1.142419618996166e-05,0.000152959842649842,332825.0136423778,296416.00068036566,36409.012962012144,0.09613307905432722,0.11883487148119275,0.022701792426865527,80091.8928735528,78371.26248089325,1720.6303926595574,22954.26926062716,21129.364446582957,1824.9048140442028,0.021059679183975073,0.026941447636091173,0.0058817684521161005,0.006044032359858586,0.007950507357969205,0.0019064749981106193,123.77133503243091,0.0,123.77133503243091,0.008759027958508771,0.0,0.008759027958508771,0.0001748977563295549,0.0,0.0001748977563295549
0.7430000000000001,0.048352269306503604,0.04827921449169338,7.305481481022225e-05,-0.0001268457310965379,-4.3561483580533146e-05,8.328424751600476e-05,320748.20184996654,323013.49725036783,2265.2954004012863,0.09284324989075159,0.12938617380379724,0.03654292391304566,69596.25610336856,82372.51641910507,12776.260315736508,19940.196138703,22498.03320232154,2557.8370636185427,0.01829029861129033,0.027749601366994957,0.009459302755704627,0.00532545638629965,0.007023712123610425,0.001698255737310775,110.92516884383265,11.022231509500457,99.9029373343322,0.00703519206950143,0.00019276185360908013,0.00684243021589235,0.0001748977563295549,7.251131500751962e-05,0.00010238644132203528
0.7440000000000001,0.04864700081969774,0.0483501501420858,0.00029685067761194006,-0.00010555304744647165,-1.4706871674631856e-05,9.08461757718398e-05,267443.89057052997,305274.0224374858,37830.13186695584,0.07711817556639597,0.12107455406891236,0.043956378502516394,62793.70830243849,85617.60274335954,22823.894440921053,17400.51615794638,23394.007694636395,5993.491536690017,0.016276075998407646,0.027468302323622483,0.011192226325214837,0.00469998085335904,0.007878589253517736,0.0031786084001586964,92.30495586067472,2.1513355680226542,90.15362029265206,0.004871534692753135,1.3305374237045428e-05,0.004858229318516089,0.0001748977563295549,4.3869163839605114e-05,0.00013102859248994978
0.7450000000000001,0.04911391358065548,0.04863341599804435,0.00048049758261112935,-7.71929390807162e-05,3.508883753361083e-05,0.00011228177661432704,165731.76737735892,268666.0171053109,102934.249727952,0.04784203106523314,0.10841435912523749,0.06057232806000435,40657.070482688636,57820.06795602037,17162.997473331736,13681.513530889946,14224.912093606494,543.3985627165475,0.010559567277291732,0.020323505474665618,0.009763938197373886,0.00364987119592748,0.005087405364903735,0.0014375341689762556,67.50435924850639,0.010432899038969712,67.49392634946742,0.0026054299455763675,6.143044623729677e-08,0.0026053685151301302,0.0001748977563295549,2.165241937704412e-07,0.00017468123213578446
0.7460000000000001,0.04968859874229021,0.04909598120338587,0.0005926175389043414,-4.8962770535378175e-05,0.00023826219236738227,0.00028722496290276044,60487.391613623484,157298.1508080375,96810.75919441401,0.01770938470958293,0.061466656330491996,0.04375727162090907,6891.869641059995,46017.72675413527,39125.857113075275,4632.174176286294,16512.71881807956,11880.544641793265,0.0021227148839577732,0.014355897706011481,0.012233182822053709,0.0014556579115217309,0.00533626872023225,0.0038806108087105187,42.81739355158241,0.0,42.81739355158241,0.0010482291076945554,0.0,0.0010482291076945554,0.0001748977563295549,0.0,0.0001748977563295549
0.7470000000000001,0.050299106962598414,0.049666187567615296,0.0006329193949831183,0.00024217891371769093,0.00038862737360595895,0.00014644845988826802,9944.68026044076,71321.43995958193,61376.75969914117,0.0030157553171268124,0.027933679758045976,0.024917924440919163,9236.31176575466,17442.719063039356,8206.407297284695,5048.923557531013,7093.891652676521,2044.9680951455075,0.002767719401427201,0.00628358322506907,0.003515863823641869,0.0015609834587387247,0.0025390124117125167,0.000978028952973792,0.0,0.0,0.0,0.0,0.0,0.0,0.0,0.0,0.0
0.7480000000000001,0.050902530628738216,0.05027423309503509,0.0006282975337031232,0.0009594143123777057,0.0006896903647516906,0.0002697239476260151,12618.500280008997,18351.41805432288,5732.917774313883,0.0035669993710290906,0.0065836670210729885,0.003016667650043898,10554.54720337366,16523.49274152003,5968.945538146369,4624.799584135735,6872.426491576068,2247.6269074403326,0.002642380660937547,0.0053388186789048424,0.0026964380179672954,0.0012759221480633848,0.0022845980022644383,0.0010086758542010535,0.0,0.0,0.0,0.0,0.0,0.0,0.0,0.0,0.0
0.7490000000000001,0.051496144294878046,0.05087472930383527,0.0006214149910427763,0.0015565409593363312,0.00136560626967515,0.00019093468966118127,8530.879287757007,11354.052376872254,2823.1730891152474,0.002786002175181429,0.004788841326167368,0.0020028391509859388,8323.25175917083,10548.947798328321,2225.696039157492,4792.772633277491,6340.907282645425,1548.134649367934,0.002481747713128431,0.003982346746844057,0.0015005990337156262,0.0013649592620143807,0.0019044501157886823,0.0005394908537743016,0.0,0.0,0.0,0.0,0.0,0.0,0.0,0.0,0.0
0.7500000000000001,0.0520799479610179,0.05146539050518534,0.0006145574558325609,0.002050271359722154,0.001948691474907952,0.00010157988481420224,9273.595432265554,11141.112733739401,1867.5173014738466,0.0023727968149291254,0.00476832185159113,0.0023955250366620045,9091.021037302458,8182.373273634952,908.6477636675063,4480.489168620686,5533.629488431096,1053.1403198104108,0.002260095535314975,0.0029589169511266833,0.0006988214158117085,0.0014965574310930696,0.001913932396780697,0.0004173749656876274,0.0,0.0,0.0,0.0,0.0,0.0,0.0,0.0,0.0
0.7510000000000001,0.05265394162715776,0.0520462771020675,0.0006076645250902568,0.0026533616829064605,0.0025200121565313103,0.00013334952637515012,11647.151162300386,28641.684654558216,16994.53349225783,0.0035428662746408335,0.010672866072079113,0.00712999979743828,9375.29842649203,13641.945873522447,4266.6474470304165,5830.701122199635,6608.155272198888,777.4541499992529,0.002821137540915845,0.0038419282236787336,0.0010207906827628885,0.0016629206713666457,0.0023590341444491123,0.0006961134730824666,0.0,0.0,0.0,0.0,0.0,0.0,0.0,0.0,0.0
0.7520000000000001,0.05321812529329767,0.05261735324147812,0.0006007720518195481,0.003116666027770828,0.0031562473437093583,3.958131593853045e-05,20624.32222322012,14111.966842757305,6512.355380462814,0.005812519944913154,0.004344269524294409,0.0014682504206187455,7082.062697380052,13476.652957721404,6394.590260341352,3450.0798286711447,5827.785857877256,2377.706029206111,0.0017790950532292791,0.004178465451364544,0.002399370398135265,0.0009772761335638273,0.0017884065917310602,0.0008111304581672329,0.0,0.0,0.0,0.0,0.0,0.0,0.0,0.0,0.0
0.7530000000000001,0.05377249895943759,0.0531786198308265,0.0005938791286110856,0.0037556310669175537,0.003668206680929482,8.742438598807181e-05,9171.011055296523,15720.261514473203,6549.250459176679,0.002610758751113295,0.00649014928999808,0.003879390538884785,9006.165265603353,11116.951930290537,2110.7866646871844,4430.870086421853,6675.602534305337,2244.7324478834844,0.002480579677106305,0.0037933306360301844,0.0013127509589238792,0.0014533703403241658,0.0022032811034224044,0.0007499107630982386,0.0,0.0,0.0,0.0,0.0,0.0,0.0,0.0,0.0
0.7540000000000001,0.05431706262557752,0.05373007160422232,0.0005869910213551974,0.0044000964688630725,0.00418670800211819,0.00021338846674488245,14804.429653593723,16616.36478810715,1811.9351345134255,0.00406554350439838,0.006852544215257425,0.002787000710859045,8453.980808974253,12578.922648308884,4124.941839334631,5663.961574951381,7138.620113751518,1474.6585388001367,0.0025617806011417944,0.004189029554123669,0.0016272489529818748,0.0016542346221392022,0.0025194300256045207,0.0008651954034653185,0.0,0.0,0.0,0.0,0.0,0.0,0.0,0.0,0.0
0.7550000000000001,0.05485181629171745,0.05427169002807627,0.0005801262636411855,0.004856836026229673,0.004876258626981944,1.9422600752271556e-05,14815.531045462647,22895.971531788688,8080.440486326041,0.00428481923704822,0.007329911715331442,0.003045092478283222,14789.228065932239,15774.860143478727,985.6320775464883,5447.612389018071,6192.497912350602,744.8855233325312,0.004053483815710607,0.004607269855643384,0.0005537860399327773,0.0014227869009303562,0.0019992352105117177,0.0005764483095813614,0.0,0.0,0.0,0.0,0.0,0.0,0.0,0.0,0.0
0.7560000000000001,0.05537675995785743,0.054803526482414065,0.0005732334754433646,0.005356631297701725,0.00524539730153053,0.00011123399617119466,14278.620693834268,9750.782031058932,4527.838662775335,0.003715666161548813,0.0036318438660928047,8.382229545600807e-05,11630.073420917839,9434.807806009763,2195.265614908076,3894.487782797202,6690.383460302375,2795.8956775051734,0.0030973306723432827,0.0033880360140911905,0.0002907053417479078,0.0012661256129345762,0.0020343047572781107,0.0007681791443435344,0.0,0.0,0.0,0.0,0.0,0.0,0.0,0.0,0.0
0.7570000000000001,0.05589189362399741,0.05532555245053554,0.0005663411734618679,0.005929875334080178,0.0057801075958136905,0.0001497677382664873,12426.803899381535,14808.012721013209,2381.2088216316733,0.0035451360112837347,0.006097705543971699,0.0025525695326879647,12173.069969015865,12846.670770427905,673.6008014120398,4318.405852371211,8285.762441078825,3967.356588707614,0.0034545569199359552,0.004772844384218068,0.0013182874642821128,0.0014337115923041864,0.0028293047568534414,0.001395593164549255,0.0,0.0,0.0,0.0,0.0,0.0,0.0,0.0,0.0
0.758,0.056397217290137414,0.055837767861166225,0.0005594494289711885,0.006292718664756858,0.0062501889867160165,4.2529678040841706e-05,25157.527156104767,20683.947880531236,4473.579275573531,0.00715960408978393,0.008629764650551881,0.001470160560767951,8992.33911372126,14124.729455229508,5132.390341508248,6220.217131113462,7082.806102353848,862.588971240386,0.0024294052898273044,0.004137441578230017,0.0017080362884027128,0.0016701928432951013,0.0025293301344926854,0.0008591372911975841,0.0,0.0,0.0,0.0,0.0,0.0,0.0,0.0,0.0
0.759,0.05689273095627743,0.05634014294666708,0.0005525880096103469,0.006879327904263091,0.006813562418809514,6.576548545357639e-05,10704.915022441728,14175.61991601226,3470.7048935705316,0.00316685100397916,0.0037470703940449494,0.0005802193900657894,10060.33777975785,13461.221544515003,3400.8837647571527,3512.251333357927,6906.635690985144,3394.384357627217,0.0030184397932501547,0.0036673736712740965,0.0006489338780239417,0.0010367729846258531,0.002026333998327369,0.000989561013701516,0.0,0.0,0.0,0.0,0.0,0.0,0.0,0.0,0.0
0.76,0.057378434622417464,0.05683273851402891,0.0005456961083885534,0.0073783592557282,0.007319927544061687,5.843171166651333e-05,16747.32962303218,12458.009331896796,4289.320291135384,0.004524480553318605,0.004811254273780948,0.0002867737204623423,15807.730160981666,12395.977557689735,3411.7526032919304,4558.071175022533,8311.148145142868,3753.0769701203353,0.00426409787147818,0.004720953490008422,0.0004568556185302417,0.0015168554746080862,0.0026443979608588987,0.0011275424862508124,0.0,0.0,0.0,0.0,0.0,0.0,0.0,0.0,0.0
0.761,0.05785432828855753,0.057315523992819056,0.0005388042957384723,0.007823856597365987,0.007901115652991317,7.725905562533039e-05,16650.887775939187,28616.87920566766,11965.991429728474,0.004577549611574456,0.01074501431486563,0.0061674647032911745,15939.973375544761,11876.608482737229,4063.3648928075327,5005.392497919404,7716.698553083154,2711.30605516375,0.004367242598160221,0.0047232877386659405,0.0003560451405057192,0.001495006682757064,0.002680183466627176,0.001185176783870112,0.0,0.0,0.0,0.0,0.0,0.0,0.0,0.0,0.0
0.762,0.05832041195469758,0.05778849963997911,0.000531912314718469,0.00835134935565458,0.008211827336228907,0.00013952201942567244,8207.381456360847,16130.228875359684,7922.847418998837,0.002420082581417538,0.006148669863726838,0.0037285872823093003,6991.707951038524,15835.286072976895,8843.578121938372,5682.828511607609,6823.95522813964,1141.1267165320314,0.002079745073394128,0.005983670465193592,0.003903925391799464,0.001529770583210799,0.0023369944842877096,0.0008072239010769105,0.0,0.0,0.0,0.0,0.0,0.0,0.0,0.0,0.0
0.763,0.058776685620837654,0.058251664524267915,0.0005250210965697388,0.008776401152788231,0.00876822154247831,8.179610309921176e-06,12803.677837227186,9940.293585948577,2863.3842512786086,0.0038575191883063946,0.0035752702003998735,0.00028224898790652105,9332.921661609997,9160.390166054323,172.53149555567325,3881.0212479260035,8133.355991511215,4252.334743585211,0.002606211629778897,0.0032157983858181966,0.0006095867560392994,0.0012982810768619607,0.0022724924082870583,0.0009742113314250977,0.0,0.0,0.0,0.0,0.0,0.0,0.0,0.0,0.0
0.764,0.05922314928697775,0.058704992534204935,0.0005181567527728151,0.009100314871594083,0.009119195773740188,1.888090214610498e-05,19591.479123184658,14338.52477875593,5252.954344428728,0.005555699460047519,0.0057445930479812935,0.00018889358793377446,15256.315137435528,14287.5031153703,968.8120220652272,5205.66909492751,8567.72936484579,3362.060269918281,0.004532037989159538,0.005525743142542748,0.0009937051533832099,0.0015959456972461357,0.0026995076305252044,0.0011035619332790687,0.0,0.0,0.0,0.0,0.0,0.0,0.0,0.0,0.0
0.765,0.05965980295311785,0.05914853770996073,0.0005112652431571232,0.009709682843715296,0.009592640866083017,0.00011704197763227897,15623.600237966404,18466.467725969535,2842.8674880031303,0.004297874089278652,0.007744044827465919,0.0034461707381872667,14917.570420184662,14430.610688595005,486.95973158965717,5491.985740320351,6444.476181288506,952.4904409681549,0.004130052410928044,0.005076722886166977,0.0009466704752389334,0.001448686697971589,0.0023373583760223898,0.0008886716780508008,0.0,0.0,0.0,0.0,0.0,0.0,0.0,0.0,0.0
0.766,0.06008664661925797,0.05958227255695844,0.0005043740622995285,0.010130025924995437,0.009963556393428403,0.00016646953156703413,14272.778447231456,20475.845155725172,6203.066708493716,0.0040176181762867046,0.007846347084280714,0.00382872890799401,7639.631269470861,20401.07567665092,12761.444407180057,3947.0564116427918,7781.457582695706,3834.4011710529144,0.0023229020722222906,0.007648709291799366,0.005325807219577075,0.001231539505956492,0.0024906979338174913,0.0012591584278609993,0.0,0.0,0.0,0.0,0.0,0.0,0.0,0.0,0.0
0.767,0.06050368028539808,0.060006197568280795,0.0004974827171172827,0.010510579792932965,0.010486706597626783,2.3873195306181594e-05,13189.964597640861,13877.815523520152,687.850925879291,0.003691235103105737,0.004385472139129584,0.0006942370360238474,13150.717855387931,13310.832010636765,160.1141552488334,4402.829797852069,8361.885138137588,3959.0553402855194,0.003336547623595429,0.0037179347331175155,0.00038138710952208667,0.0014576741182404545,0.002579994252413539,0.0011223201341730843,0.0,0.0,0.0,0.0,0.0,0.0,0.0,0.0,0.0
0.768,0.060910903951538246,0.06042031442197169,0.0004905895295665569,0.010925214519119661,0.010887708323787052,3.750619533260911e-05,20117.2942302894,11254.59552800033,8862.69870228907,0.005458711538711064,0.004646704329466172,0.0008120072092448923,9542.90462064282,11093.608453502195,1550.7038328593753,5460.048479972444,6638.612972377032,1178.5644924045882,0.0027659677698163875,0.004503432756742204,0.0017374649869258169,0.0014966216347598363,0.002026285159696064,0.0005296635249362278,0.0,0.0,0.0,0.0,0.0,0.0,0.0,0.0,0.0
0.769,0.061308317617678396,0.06082459142100316,0.0004837261966752354,0.011224177525680312,0.01136714814974898,0.00014297062406866748,17573.144122464775,11912.271920312898,5660.872202151877,0.004898895262589958,0.004231841534467368,0.0006670537281225899,8396.745657923531,11659.639218404087,3262.8935604805556,4853.926908220242,6424.816292800077,1570.8893845798348,0.002282281146070214,0.004085495517379251,0.0018032143713090374,0.0013586751334638042,0.0022519782440479936,0.0008933031105841894,0.0,0.0,0.0,0.0,0.0,0.0,0.0,0.0,0.0
0.77,0.06169592128381856,0.06121908547020326,0.000476835813615302,0.011648568411523582,0.01165433025964974,5.761848126157806e-06,11282.685009372364,15442.295522176471,4159.610512804107,0.003055238719395989,0.006175063484529186,0.0031198247651331966,6996.302488533251,14699.677576296239,7703.375087762988,3774.8969487436334,8469.174544572848,4694.277595829215,0.0022245651886469045,0.005845442045942565,0.0036208768572956605,0.0013022612626384165,0.0025786126952413385,0.001276351432602922,0.0,0.0,0.0,0.0,0.0,0.0,0.0,0.0,0.0
0.771,0.062073714949958725,0.06160377024753299,0.00046994470242573555,0.01218841960773491,0.012071063844778091,0.00011735576295681879,14706.356530621191,14889.535090198753,183.17855957756183,0.004418544704622803,0.006283854656724175,0.0018653099521013725,12516.676625458469,11515.913852743935,1000.7627727145336,6043.416149542861,7167.440185055248,1124.024035512387,0.0034627162080818788,0.0035980640429335536,0.00013534783485167484,0.001726350268169919,0.0023578801739643825,0.0006315299057944636,0.0,0.0,0.0,0.0,0.0,0.0,0.0,0.0,0.0
0.772,0.062441698616098905,0.061978644102650284,0.00046305451344862136,0.012447218931111566,0.012403747774533585,4.347115657798127e-05,10704.746602784915,22490.887386994378,11786.140784209463,0.002980607882811596,0.009521068304366847,0.0065404604215552505,10539.462691249217,7563.222431404317,2976.2402598449,4636.395409979533,4580.192821889738,56.20258808979452,0.0027779813380589963,0.0024993391664191534,0.0002786421716398429,0.0012372567342793246,0.0014596536317926312,0.00022239689751330665,0.0,0.0,0.0,0.0,0.0,0.0,0.0,0.0,0.0
0.773,0.06279987228223911,0.06234368587383095,0.0004561864084081657,0.012782245583015647,0.012815800635558011,3.3555052542363906e-05,10176.7788132711,13473.255761077015,3296.476947805915,0.0027557071948343588,0.005553133113424683,0.002797425918590324,10133.668283372355,10755.795652573097,622.1273692007417,4690.72416579486,7461.498359815605,2770.774194020745,0.0026387766210847897,0.0034449505075466328,0.000806173886461843,0.0014611606048906699,0.0024585078565163817,0.0009973472516257118,0.0,0.0,0.0,0.0,0.0,0.0,0.0,0.0,0.0
0.774,0.0631482359483793,0.06269893984913404,0.0004492960992452666,0.013225887122505126,0.013130159603464772,9.572751904035441e-05,10423.245476378146,13319.777381121457,2896.5319047433113,0.0029245593087344314,0.005337954567054837,0.0024133952583204055,10254.519630969113,13170.377023465951,2915.8573924968387,5874.734098937862,7479.609995871836,1604.8758969339742,0.0028837303733845673,0.005088768770784908,0.0022050383974003404,0.001710489936017579,0.002380733680217873,0.0006702437442002939,0.0,0.0,0.0,0.0,0.0,0.0,0.0,0.0,0.0
0.775,0.06348678961451952,0.06304438347885599,0.0004424061356635284,0.013510333841232257,0.013449778708897327,6.0555132334929804e-05,14655.05491171768,15165.06234038962,510.00742867194094,0.0042751770986278635,0.006380634815130261,0.002105457716502397,14280.931021701548,10770.6434781722,3510.287543529348,5529.07479178582,5091.967151969846,437.1076398159739,0.004103213379486159,0.0038441879798118174,0.00025902539967434177,0.0014462339016726217,0.001814370613747526,0.0003681367120749043,0.0,0.0,0.0,0.0,0.0,0.0,0.0,0.0,0.0
0.776,0.06381553328065974,0.06338001687860204,0.0004355164020577035,0.013882132109554118,0.013844700877502246,3.743123205187174e-05,17108.600531513337,11456.774166139556,5651.826365373781,0.004744338396758653,0.004475981804719818,0.0002683565920388346,9641.02770599595,8891.375198281532,749.6525077144179,4086.213794326533,5662.942187668824,1576.728393342291,0.0029000199620328815,0.003445976673761991,0.0005459567117291095,0.0012253541753810006,0.0019062035705224994,0.0006808493951414988,0.0,0.0,0.0,0.0,0.0,0.0,0.0,0.0,0.0
0.777,0.06413446694679996,0.06370584715971148,0.0004286197870884828,0.014127640826392368,0.014201522957191286,7.388213079891764e-05,8040.758344845364,11819.78556992919,3779.027225083826,0.002375201525750775,0.004901322271540415,0.00252612074578964,7828.608279010193,11696.804872427412,3868.1965934172194,5852.867120336132,7752.448310644058,1899.5811903079266,0.0022957081486961743,0.004221437721820803,0.001925729573124629,0.0017650021745528287,0.002444595747828869,0.0006795935732760404,0.0,0.0,0.0,0.0,0.0,0.0,0.0,0.0,0.0
0.778,0.0644435906129402,0.06402183398792177,0.00042175662501842126,0.014304155834206186,0.014477789071301896,0.00017363323709571055,27536.063095457295,14018.581818422199,13517.481277035096,0.008051937965994394,0.00540305002762119,0.0026488879383732046,10432.243217424837,12942.623055413744,2510.3798379889067,5952.739869327656,6259.783203361555,307.04333403389865,0.0025028397367426584,0.0043895215029967,0.0018866817662540418,0.0016246583810357444,0.0019333061787598492,0.0003086477977241049,0.0,0.0,0.0,0.0,0.0,0.0,0.0,0.0,0.0
0.779,0.06474290427908042,0.06432803711100521,0.00041486716807520585,0.014710082381710414,0.01476924662478992,5.916424307950488e-05,14353.11180422597,16251.20810176981,1898.0962975438397,0.004393844378924483,0.005594781079945458,0.0012009367010209753,9281.830449892372,15280.274318624837,5998.4438687324655,4332.8466369490425,5052.79396068475,719.9473237357079,0.002615183103223638,0.005210379113556955,0.002595196010333317,0.001170103425857895,0.0017218351259840677,0.0005517317001261727,0.0,0.0,0.0,0.0,0.0,0.0,0.0,0.0,0.0
0.78,0.06503240794522068,0.06462443015432645,0.0004079777908942289,0.015127114567419265,0.015050605019712086,7.650954770717887e-05,13812.151508985311,11213.369621437021,2598.78188754829,0.003964761602243441,0.0038622335057942004,0.00010252809644924026,10486.161851052964,11011.974815734357,525.8129646813923,4809.957481886725,7514.565520753996,2704.608038867271,0.0029293628876000182,0.0034401790740371313,0.000510816186437113,0.0014751710944128215,0.002418237621141822,0.0009430665267290007,0.0,0.0,0.0,0.0,0.0,0.0,0.0,0.0,0.0
0.781,0.0653121016113609,0.0649110128846641,0.00040108872669680773,0.01532644822338744,0.015304184169250869,2.2264054136571232e-05,21246.717041344946,11445.638130736745,9801.078910608201,0.006314305143546981,0.004102003684244439,0.002212301459302542,12205.720459559676,10924.367914030181,1281.3525455294948,5506.581242213627,6917.137991272478,1410.556749058851,0.0034335265219041294,0.003501774237247184,6.824771534305477e-05,0.0016617243153973043,0.0021491164700752872,0.000487392154677983,0.0,0.0,0.0,0.0,0.0,0.0,0.0,0.0,0.0
0.782,0.06558198527750117,0.06518778517174845,0.00039420010575272335,0.01567084323169254,0.015710048736980807,3.920550528826658e-05,20838.46676239962,24920.480727379287,4082.0139649796656,0.006041838512618373,0.007854853478553189,0.0018130149659348156,13497.892408759519,10990.166019842613,2507.726388916906,5480.501378068617,6494.7789214716895,1014.2775434030727,0.0039883317610584935,0.003940638547931521,4.769321312697236e-05,0.001432596284645614,0.002146244911429565,0.000713648626783951,0.0,0.0,0.0,0.0,0.0,0.0,0.0,0.0,0.0
0.783,0.06584205894364142,0.06545473161045522,0.0003873273331862076,0.015840808769377348,0.01583089512666144,9.913642715908555e-06,8078.483542380715,17323.231202011826,9244.74765963111,0.002037295172419678,0.005567691125124974,0.003530395952705296,7675.084953953303,16981.950597275336,9306.865643322033,4007.055865607072,6674.28981788503,2667.233952277958,0.0018769371433131352,0.0052959214456930505,0.0034189843023799153,0.0011824132957305468,0.0021193071277283804,0.0009368938319978335,0.0,0.0,0.0,0.0,0.0,0.0,0.0,0.0,0.0
0.784,0.0660923226097817,0.0657118841951273,0.00038043841465440487,0.016033874339811096,0.016121413757956952,8.753941814585581e-05,21021.092493864377,12757.651371006736,8263.441122857641,0.005876962254571479,0.004675473254495609,0.00120148900007587,16372.17907113352,12256.690970629435,4115.488100504084,5612.432173656483,7306.414354140399,1693.9821804839157,0.004968638166319012,0.004523098969789316,0.00044553919652969617,0.001658459539348764,0.0023388428745689956,0.0006803833352202317,0.0,0.0,0.0,0.0,0.0,0.0,0.0,0.0,0.0
0.785,0.06633277627592196,0.06595922643568486,0.0003735498402371029,0.016327423797812816,0.016395495647375698,6.807184956288126e-05,12664.836259615908,15503.905218410315,2839.068958794407,0.0038302970971450232,0.005522759351105203,0.0016924622539601802,10052.479285435888,15404.282911088078,5351.80362565219,5170.161632977401,7155.155617296668,1984.9939843192678,0.0030073923781998783,0.004698668824300517,0.0016912764461006389,0.0013966847465959622,0.0024209330806406783,0.001024248334044716,0.0,0.0,0.0,0.0,0.0,0.0,0.0,0.0,0.0
0.786,0.06656341994206225,0.06619675852596835,0.0003666614160938997,0.01655176432307771,0.016662647318939607,0.00011088299586189607,10313.949446221623,15632.078003671082,5318.12855744946,0.002708178613888739,0.005457783712014348,0.0027496050981256092,10257.391117657016,15354.17218021305,5096.781062556034,4565.318844954138,7419.494068830835,2854.1752238766976,0.0026484283950966945,0.004864486184430487,0.0022160577893337923,0.0013165168884005755,0.0024906862424560893,0.0011741693540555137,0.0,0.0,0.0,0.0,0.0,0.0,0.0,0.0,0.0
0.787,0.0667842536082025,0.0664244668410034,0.0003597867671991106,0.016725017776545007,0.01685122328040854,0.00012620550386353152,18978.491059849373,15130.339790170889,3848.151269678485,0.004933971545261694,0.0065034147427553,0.001569443197493606,18749.31834582595,12985.929505963548,5763.3888398624,5626.003593974357,7339.777442195827,1713.77384822147,0.004757487528226946,0.004090328136969157,0.0006671593912577888,0.0016631943870747065,0.002224670671741076,0.0005614762846663697,0.0,0.0,0.0,0.0,0.0,0.0,0.0,0.0,0.0
0.788,0.06699527727434278,0.06664237880278123,0.0003528984715615441,0.017067133999358736,0.017154013403466287,8.687940410755102e-05,19192.936194132042,16768.842733042133,2424.0934610899094,0.00562305568441995,0.00539983541442902,0.00022322026999092946,10593.144572105719,14530.826186559772,3937.6816144540535,5659.738979887613,7272.124017813269,1612.3850379256564,0.002779017721458533,0.003922452824736099,0.0011434351032775657,0.0015444056325854547,0.002207053610034811,0.0006626479774493562,0.0,0.0,0.0,0.0,0.0,0.0,0.0,0.0,0.0
0.789,0.06719649094048309,0.06685048066697989,0.0003460102735032,0.0171740606847215,0.01714277548012898,3.128520459251896e-05,9017.517487331432,25184.89173247492,16167.374245143488,0.0026791948551497173,0.008414446483734447,0.00573525162858473,9003.749515690255,24863.28239854199,15859.532882851734,4930.305878454608,6950.716238781152,2020.410360326544,0.0026532562881599565,0.008050613605510779,0.005397357317350822,0.0013335967031041487,0.002506097463146474,0.0011725007600423252,0.0,0.0,0.0,0.0,0.0,0.0,0.0,0.0,0.0
0.79,0.0673878946066234,0.06704877228941072,0.00033912231721267005,0.0173444551306898,0.01750092431500917,0.00015646918431936815,11625.953645216288,13498.876350535531,1872.9227053192426,0.0034392260108688792,0.005430001717035931,0.0019907757061670517,9116.809028715703,13196.676211918713,4079.8671832030104,4933.7392817097,7538.569637265903,2604.8303555562034,0.0025642975932330505,0.004938881820020285,0.0023745842267872347,0.001472174062458208,0.0025486230822338606,0.0010764490197756526,0.0,0.0,0.0,0.0,0.0,0.0,0.0,0.0,0.0
0.791,0.06756948827276366,0.06723726827904439,0.00033221999371926825,0.01758219932657961,0.017628405205788573,4.620587920896313e-05,20447.05439716668,15776.302779910242,4670.751617256439,0.005495210797286405,0.006721757247207372,0.001226546449920967,19949.0477130739,12534.129771827109,7414.917941246789,6015.610934934642,7026.863975453316,1011.2530405186744,0.00509793974469315,0.00452566490290505,0.0005722748417881004,0.0017112572082953134,0.0021023005988308305,0.0003910433905355171,0.0,0.0,0.0,0.0,0.0,0.0,0.0,0.0,0.0
0.792,0.06774127193890397,0.06741591422150978,0.00032535771739419794,0.01774250832111334,0.017780201793351942,3.7693472238600756e-05,12736.992369873755,19224.768179309736,6487.7758094359815,0.0032841092339217187,0.006498877974214474,0.0032147687402927553,9703.200077400455,15236.189284415455,5532.989207015,4879.1155998621725,7651.318255346326,2772.202655484153,0.0029214732635530366,0.004414432969116013,0.0014929597055629768,0.0013025179838322982,0.0024471691129866894,0.0011446511291543912,0.0,0.0,0.0,0.0,0.0,0.0,0.0,0.0,0.0
0.793,0.06790324560504428,0.06758477574957476,0.00031846985546951645,0.017890995368386363,0.017995818842657843,0.00010482347427148014,9699.285282659599,29154.05257593001,19454.76729327041,0.002933153994423503,0.010421230010116753,0.00748807601569325,9143.521979636133,28829.710484685405,19686.18850504927,4667.7040987694,6412.198579633407,1744.4944808640066,0.0027793794275091832,0.009763391129954849,0.006984011702445666,0.0014191831074162108,0.002300980156447458,0.0008817970490312473,0.0,0.0,0.0,0.0,0.0,0.0,0.0,0.0,0.0
0.794,0.06805540927118457,0.06774382690186513,0.00031158236931944083,0.01807368299497077,0.01824278403014348,0.00016910103517270986,13331.11443669218,12571.232894245837,759.8815424463428,0.0036942138023608397,0.004137382868101217,0.0004431690657403773,13132.917561350025,10205.529535679598,2927.388025670427,5766.81495574563,6570.444377704516,803.6294219588863,0.00366238274043149,0.003974557486414831,0.0003121747459833412,0.0016913048432714874,0.002229404541373118,0.0005380996981016308,0.0,0.0,0.0,0.0,0.0,0.0,0.0,0.0,0.0
0.795,0.06819776293732487,0.06789306778806181,0.00030469514926305397,0.018090872039058934,0.01824517442542589,0.00015430238636695431,17929.53519062646,14100.571111701085,3828.9640789253735,0.0051374054736286765,0.0060995777481847755,0.0009621722745560991,12237.501843214612,13829.733980100755,1592.232136886143,5375.197061875783,7974.014541439196,2598.817479563413,0.003547885561740257,0.005578516105060646,0.0020306305433203894,0.0014477781763717918,0.002490090418234738,0.0010423122418629462,0.0,0.0,0.0,0.0,0.0,0.0,0.0,0.0,0.0
0.796,0.06833030660346516,0.06803249853469888,0.00029780806876628096,0.0182919571698379,0.018530281047417874,0.00023832387757997606,8553.763838036779,17683.124280575765,9129.360442538986,0.002503072201825337,0.005878316288175239,0.0033752440863499015,7448.019160623406,17119.43437639637,9671.415215772964,4248.999363202464,6499.6304654857395,2250.631102283275,0.0022936178508560063,0.004766652847961902,0.0024730349971058955,0.0011932886855560826,0.0021614646287599305,0.0009681759432038479,0.0,0.0,0.0,0.0,0.0,0.0,0.0,0.0,0.0
0.797,0.06845304026960547,0.06816211133705245,0.00029092893255301677,0.018517257829364742,0.018489918236075917,2.7339593288825542e-05,12907.669280407672,19466.891237495944,6559.221957088272,0.00349505128052978,0.007331762209587806,0.003836710929058026,12839.178780149283,18688.31643315996,5849.137653010675,5826.517271384029,5029.622746170709,796.8945252133199,0.003307864043706443,0.006799145419967158,0.0034912813762607146,0.0016764311341568776,0.0018370639441792733,0.0001606328100223957,0.0,0.0,0.0,0.0,0.0,0.0,0.0,0.0,0.0
0.798,0.06856596393574578,0.06828192219065322,0.00028404174509255586,0.018551243140438607,0.018622545611277054,7.130247083844687e-05,11590.7010946972,24735.133741626563,13144.432646929363,0.0030932808679810164,0.009723436353196706,0.00663015548521569,11358.03893860585,14620.64765361248,3262.6087150066287,5855.45967128573,6617.047531928574,761.5878606428441,0.003067472255881449,0.005048478540927474,0.001981006285046025,0.001609172192710125,0.0022072200779937354,0.0005980478852836103,0.0,0.0,0.0,0.0,0.0,0.0,0.0,0.0,0.0
0.799,0.06866907760188609,0.0683919227388483,0.0002771548630377957,0.018620742757961842,0.018854757732049057,0.0002340149740872148,13987.270233062654,15465.775086471958,1478.504853409304,0.004162750100260775,0.006041657921184133,0.001878907820923358,5872.388613737278,13966.226890174754,8093.8382764374755,3020.5757878383565,8179.768953036977,5159.193165198621,0.0016473151404271936,0.00460261687804004,0.0029553017376128467,0.0008956057866758578,0.0026688606183608013,0.0017732548316849435,0.0,0.0,0.0,0.0,0.0,0.0,0.0,0.0,0.0
0.8,0.06876238126802642,0.06849211299141013,0.0002702682766162895,0.018755292299436344,0.01889360341064481,0.00013831111120846812,10557.28774381376,15339.700053964949,4782.412310151189,0.003088815897880447,0.004969484705089254,0.001880668807208807,9790.003225838893,15292.573827588962,5502.570601750069,5940.650800296981,4521.737637902239,1418.9131623947424,0.0027598422153688874,0.004440955626279268,0.0016811134109103805,0.0016711548615688842,0.001567537579770131,0.00010361728179875324,0.0,0.0,0.0,0.0,0.0,0.0,0.0,0.0,0.0
0.801,0.06884587493416672,0.06858248763803929,0.00026338729612743195,0.018852031110875547,0.018954902169107387,0.0001028710582318404,14836.33719744341,18967.36462420654,4131.02742676313,0.004408398572231986,0.007646599499223322,0.0032382009269913362,11563.401746666283,9558.938303864667,2004.463442801616,6171.81234826675,5168.298213665426,1003.5141346013233,0.003566930926513585,0.0028881553686978113,0.0006787755578157736,0.0017179401932570417,0.0017761897729358812,5.824957967883945e-05,0.0,0.0,0.0,0.0,0.0,0.0,0.0,0.0,0.0
0.802,0.06891955860030703,0.06866305805537323,0.00025650054493379926,0.019010965321676437,0.01917846598294901,0.0001675006612725724,25830.614067205795,29063.522933967346,3232.9088667615506,0.007698674124902709,0.009748830573012146,0.0020501564481094376,12121.865138885178,19898.41351414423,7776.5483752590535,4560.028445863425,7678.50014590948,3118.471700046055,0.0035754781798684266,0.006314140330369226,0.0027386621505007995,0.0012635872469867117,0.002586083474653639,0.0013224962276669275,0.0,0.0,0.0,0.0,0.0,0.0,0.0,0.0,0.0
0.803,0.06898343226644735,0.06873381819721612,0.0002496140692312271,0.01904251802550419,0.019130486256196608,8.796823069241733e-05,11889.287509891354,11413.181381885552,476.106128005802,0.0034804529483402737,0.0040530209915190995,0.0005725680431788258,5370.385675358242,11093.13550670496,5722.749831346719,3992.6609297127766,6590.209812312017,2597.54888259924,0.0016990501589698793,0.0029990707425107195,0.0013000205835408403,0.0011889165915288658,0.0022369105519402547,0.001047993960411389,0.0,0.0,0.0,0.0,0.0,0.0,0.0,0.0,0.0
0.804,0.06903749593258769,0.0687947681179652,0.0002427278146224926,0.01892403591668498,0.019209205719840885,0.0002851698031559047,21338.661756404494,14441.316586092642,6897.345170311852,0.006058179907960203,0.0056155027999895725,0.00044267710797063053,12229.645177924376,8051.26163396843,4178.383543955946,6224.782852739902,3941.7518709319115,2283.030981807991,0.0031922937344704646,0.0029243796722085427,0.0002679140622619219,0.001777496000021215,0.0013295140758725237,0.00044798192414869124,0.0,0.0,0.0,0.0,0.0,0.0,0.0,0.0,0.0
0.805,0.06908174959872798,0.06884590773985479,0.0002358418588731953,0.019051783821709318,0.019287679718537228,0.0002358958968279104,18681.27711849851,12439.515716080057,6241.761402418453,0.00544354935490117,0.0043291087261282096,0.0011144406287729603,12937.21927664205,11710.094915268639,1227.1243613734114,5398.9298710632565,7195.813566559325,1796.8836954960689,0.0038691789271632143,0.003928962039243106,5.978311207989213e-05,0.0014570896280386232,0.0024099496811167405,0.0009528600530781172,0.0,0.0,0.0,0.0,0.0,0.0,0.0,0.0,0.0
0.806,0.0691161932648683,0.06888723471087839,0.00022895855398991083,0.019162247221255403,0.01913925357901579,2.2993642239614587e-05,11792.50780492472,27709.87318125255,15917.36537632783,0.00344875291133593,0.010162742211759987,0.006713989300424057,11616.85773793482,21855.083181912254,10238.225443977433,4250.293427072461,7328.916356210739,3078.622929138278,0.003240083929611527,0.006765441094394439,0.003525357164782912,0.0012167968072857786,0.00244669168388229,0.0012298948765965116,0.0,0.0,0.0,0.0,0.0,0.0,0.0,0.0,0.0
0.807,0.06914082693100863,0.06891875447524747,0.00022207245576116863,0.01918481352746799,0.019336658391043704,0.0001518448635757126,18380.350404177516,7468.330464392227,10912.019939785288,0.005227632904705061,0.002642231733015598,0.002585401171689463,13669.785663274555,7210.488090112956,6459.297573161599,6009.48616037567,4271.736020346082,1737.7501400295878,0.003485796356219398,0.0023434668099272396,0.0011423295462921583,0.0017443131057328614,0.0014143282592582094,0.00032998484647465205,0.0,0.0,0.0,0.0,0.0,0.0,0.0,0.0,0.0
0.808,0.06915565059714894,0.06894046396575967,0.00021518663138926641,0.019207610729483134,0.019413962649073833,0.00020635191959069918,19590.226026016593,23665.62811855901,4075.4020925424156,0.005775934402705993,0.008632102998045633,0.0028561685953396405,15279.54557899038,13144.600779962073,2134.944799028308,5529.857253935668,6579.46815704853,1049.6109031128617,0.004348463025127389,0.005307585257870784,0.0009591222327433946,0.0015139859999805524,0.0022753428114695943,0.0007613568114890419,0.0,0.0,0.0,0.0,0.0,0.0,0.0,0.0,0.0
0.809,0.06916066426328928,0.06895236311030184,0.00020830115298743623,0.019183067598580416,0.01934746937044509,0.0001644017718646744,8855.978345588748,20252.315789263626,11396.337443674878,0.002119312319338059,0.006769780523560481,0.004650468204222422,8590.391167759532,17095.069797935757,8504.678630176226,4878.206070727324,8268.798420605242,3390.5923498779184,0.0019784404037882174,0.005715327054296561,0.003736886650508344,0.0012829539169812267,0.0027501387018131884,0.0014671847848319616,0.0,0.0,0.0,0.0,0.0,0.0,0.0,0.0,0.0
0.81,0.06915586792942961,0.06895445200417505,0.00020141592525456387,0.019084216900419386,0.019369363915441137,0.0002851470150217507,17641.196208605543,20712.34736627558,3071.151157670036,0.005094704005610183,0.0062267118888968956,0.0011320078832867128,11918.22257502797,19637.17431488426,7718.951739856291,5576.20949867105,5396.9891944220035,179.22030424904642,0.0032564886759010704,0.0059585295931307595,0.002702040917229689,0.0016240242561986818,0.0016901476087302061,6.612335253152433e-05,0.0,0.0,0.0,0.0,0.0,0.0,0.0,0.0,0.0
0.811,0.06914126159556994,0.06894673132863635,0.00019453026693358466,0.019203811929634322,0.019385637587749822,0.00018182565811549964,22569.76939538951,14412.264410580156,8157.504984809355,0.00636165658198278,0.004744528739610879,0.0016171278423719009,16759.080934424845,14100.501781871755,2658.5791525530894,6254.042229206516,6535.890298815092,281.8480696085762,0.004184388981241212,0.004409288436663935,0.00022489945542272273,0.001774052179137001,0.002119810014078605,0.00034575783494160384,0.0,0.0,0.0,0.0,0.0,0.0,0.0,0.0,0.0
0.812,0.06911684526171027,0.06892920035783046,0.00018764490387981891,0.019132203143995948,0.019225183016642725,9.297987264677773e-05,11260.32246949898,17325.758428640685,6065.435959141705,0.0033775287555797614,0.006519784044718588,0.0031422552891388266,7502.339868002918,14604.639087115485,7102.299219112568,4423.799706879376,8374.623765465763,3950.8240585863878,0.0022551814830217556,0.005419264412006262,0.003164082928984506,0.001163269171942867,0.002871905684011071,0.001708636512068204,0.0,0.0,0.0,0.0,0.0,0.0,0.0,0.0,0.0
0.8130000000000001,0.06908261892785059,0.0689018591944589,0.00018075973339168327,0.01907415434097108,0.019407735195790376,0.0003335808548192952,10904.224451335198,17581.62212276526,6677.3976714300625,0.0029942502683816723,0.0062093125410609545,0.0032150622726792822,10464.375697486934,16287.087610913644,5822.71191342671,5614.347315350756,7413.639904453063,1799.292589102307,0.0029338785441181806,0.0051891354036591964,0.002255256859541016,0.0016303766252640192,0.002498733116233273,0.0008683564909692538,0.0,0.0,0.0,0.0,0.0,0.0,0.0,0.0,0.0
0.8140000000000001,0.0690385825939909,0.06886470772837525,0.00017387486561565302,0.019089341802411314,0.019206833817990862,0.00011749201557954836,19867.075715031042,14606.635209181692,5260.44050584935,0.005735845539154422,0.0045333910210723395,0.0012024545180820828,10972.561465664858,14416.014588712185,3443.4531230473276,5958.86288455748,6634.809301603308,675.9464170458277,0.003182820639526594,0.004028069345935815,0.0008452487064092213,0.0017280381779124889,0.0020033031955801594,0.0002752650176676705,0.0,0.0,0.0,0.0,0.0,0.0,0.0,0.0,0.0
0.8150000000000001,0.06898473626013123,0.06881774887072035,0.000166987389410872,0.019017897782899477,0.019167165304218213,0.00014926752131873625,12936.05273472683,20790.448672191895,7854.395937465064,0.0033045413138662275,0.006888006205197136,0.003583464891330908,12622.843303826776,18978.53873183176,6355.695428004983,6068.715189506672,8281.883342446035,2213.1681529393636,0.003122685668141312,0.0059078770949464905,0.0027851914268051787,0.001651567535057661,0.0026253184156156697,0.0009737508805580087,0.0,0.0,0.0,0.0,0.0,0.0,0.0,0.0,0.0
0.8160000000000001,0.06892107992627157,0.06876097750612205,0.00016010242014952158,0.018865589875730972,0.019188648167797962,0.0003230582920669897,10270.032360743886,22565.565617298253,12295.533256554367,0.002605502492204683,0.0072826632363609265,0.004677160744156243,6936.6527283788455,17369.796238008264,10433.143509629419,4345.045087872329,7425.017299198013,3079.972211325684,0.0017836649252201521,0.004883198526374732,0.00309953360115458,0.0012005673336361598,0.002406590981364413,0.0012060236477282533,0.0,0.0,0.0,0.0,0.0,0.0,0.0,0.0,0.0
0.8170000000000001,0.0688476135924119,0.06869439583175024,0.00015321776066165582,0.01888626606281225,0.019146908577039636,0.0002606425142273848,11774.79041917492,14034.884877283188,2260.0944581082676,0.003327011264877151,0.005665251588717779,0.002338240323840628,10169.803023092769,13917.56918530668,3747.7661622139112,5834.270003101095,7051.241303829446,1216.9713007283508,0.003071435093997595,0.005164945547316617,0.0020935104533190223,0.0016978536643089696,0.0023073047763734543,0.0006094511120644846,0.0,0.0,0.0,0.0,0.0,0.0,0.0,0.0,0.0
0.8180000000000001,0.06876433725855222,0.06861800401007564,0.00014633324847657114,0.018715616217319184,0.01895932409948858,0.00024370788216939582,14375.641615561848,12958.383697362593,1417.257918199255,0.004149209897579628,0.005087160033582221,0.0009379501360025928,13881.275195991419,12805.072153128554,1076.203042862864,6124.020958508492,7946.787937148781,1822.7669786402885,0.004107752405309001,0.004677205470653248,0.0005694530653442475,0.0017132529238227672,0.002605718727005493,0.0008924658031827259,0.0,0.0,0.0,0.0,0.0,0.0,0.0,0.0,0.0
0.8190000000000001,0.06867125092469256,0.0685318018786674,0.00013944904602515573,0.018655702755006224,0.019016916997787403,0.00036121424278117917,15785.743440409753,19996.826856346383,4211.0834159366295,0.004483286289121864,0.00773076779955681,0.003247481510434946,9760.923937595244,19501.99320242742,9741.069264832176,4385.696829812927,8231.998635646192,3846.3018058332655,0.0023637348145577664,0.0069533738405848314,0.0045896390260270654,0.0011998004841603156,0.0026188158861913885,0.001419015402031073,0.0,0.0,0.0,0.0,0.0,0.0,0.0,0.0,0.0
0.8200000000000001,0.06856835459083292,0.06843579524201304,0.00013255934881988007,0.018615875351017407,0.01873708418702689,0.00012120883600948498,13777.745796608086,14486.112963907055,708.3671672989694,0.003920390258415075,0.0039601503496739104,3.976009125883535e-05,13568.262602367242,14213.912705794826,645.6501034275843,5539.918206102323,6048.623807838503,508.70560173618014,0.003769551449414694,0.0037576555316517148,1.1895917762979377e-05,0.001626031799217232,0.0017197210361017696,9.368923688453769e-05,0.0,0.0,0.0,0.0,0.0,0.0,0.0,0.0,0.0
0.8210000000000001,0.06845564825697323,0.0683299732026829,0.00012567505429032788,0.018408614165055782,0.01874417340767806,0.00033555924262227907,8987.594257875728,19207.02795872215,10219.43370084642,0.002609901684273934,0.0071845216371256605,0.004574619952851727,8627.234402092068,18927.770141068642,10300.535738976574,5468.554728444938,7206.8199937239315,1738.2652652789939,0.0024973660755371234,0.0064198711396370334,0.00392250506409991,0.0016063049723360424,0.0023563815786806818,0.0007500766063446393,0.0,0.0,0.0,0.0,0.0,0.0,0.0,0.0,0.0
0.8220000000000001,0.06833313192311359,0.0682143408943395,0.00011879102877408731,0.018299951638005636,0.01861002197623297,0.0003100703382273341,14226.350913595767,18955.108093117356,4728.75717952159,0.004310374050843509,0.007171856638027233,0.0028614825871837246,11591.687300947775,13200.17171386278,1608.4844129150042,5050.07991042682,8610.97454290034,3560.89463247352,0.003212227254790782,0.005606712346132104,0.0023944850913413217,0.0013789350448033344,0.0029217577561711752,0.0015428227113678408,0.0,0.0,0.0,0.0,0.0,0.0,0.0,0.0,0.0
0.8230000000000001,0.06820080558925393,0.06808889835233697,0.0001119072369169527,0.01828907127885927,0.018420595792262195,0.00013152451340292526,13368.266012007905,14181.966736836692,813.7007248287864,0.00392648615980508,0.004714692294332136,0.0007882061345270567,13159.82384268065,13825.252530135302,665.4286874546524,4275.64756756724,6688.239263525844,2412.591695958604,0.0036410199423950133,0.003962756276859234,0.0003217363344642206,0.0012668750794026281,0.0020484568577397565,0.0007815817783371284,0.0,0.0,0.0,0.0,0.0,0.0,0.0,0.0,0.0
0.8240000000000001,0.06805866925539425,0.06795365354909509,0.00010501570629915802,0.018009272106538826,0.018285054734385565,0.0002757826278467386,11283.11933837218,16515.204574019754,5232.085235647573,0.003463358647720948,0.006140904302950516,0.002677545655229568,9453.687735298912,16100.204427166283,6646.516691867371,6440.0857909124,6915.1180891749345,475.0322982625348,0.00258524436706785,0.005423032793171439,0.0028377884261035886,0.0018253639269930357,0.0019517683204300937,0.000126404393437058,0.0,0.0,0.0,0.0,0.0,0.0,0.0,0.0,0.0
0.8250000000000001,0.06790672292153462,0.06780859107727462,9.813184425999655e-05,0.01782380416333705,0.018267291534175938,0.00044348737083888673,24917.84821639272,15883.273398222285,9034.574818170433,0.007262072473971318,0.006176475252216417,0.0010855972217549015,6604.795421214392,15174.886390679403,8570.09096946501,4205.591106895078,7565.547078240005,3359.955971344927,0.0019033325244043602,0.00526943414993992,0.00336610162553556,0.0011660008992699755,0.0025814874959382604,0.001415486596668285,0.0,0.0,0.0,0.0,0.0,0.0,0.0,0.0,0.0
0.8260000000000001,0.06774496658767494,0.0676537183932572,9.124819441773402e-05,0.017686328070698268,0.01800688191420981,0.00032055384351154306,23024.13690802487,10465.700676189776,12558.436231835094,0.006874643484998837,0.0037137386987926716,0.0031609047862061652,11849.333682531562,10079.667157452526,1769.6665250790356,5140.984854556213,7462.337694714885,2321.3528401586727,0.003258578252668007,0.003444198514164865,0.00018562026149685808,0.0014271095416875817,0.002497039643703966,0.0010699301020163842,0.0,0.0,0.0,0.0,0.0,0.0,0.0,0.0,0.0
0.8270000000000001,0.0675734002538153,0.06748903550027019,8.436475354510475e-05,0.017490844587249043,0.017915069279581648,0.00042422469233260526,14714.55341582084,12571.337484079411,2143.215931741428,0.0037979734296108864,0.004907785946685506,0.0011098125170746192,14235.846343865303,11182.171117842965,3053.6752260223384,4819.751177907341,6012.755432229198,1193.004254321857,0.003728877881681741,0.0034426730225360466,0.00028620485914569423,0.0014784053428957558,0.0017716507583504632,0.00029324541545470745,0.0,0.0,0.0,0.0,0.0,0.0,0.0,0.0,0.0
0.8280000000000001,0.06739202391995568,0.06731454232590485,7.748159405082666e-05,0.017501141174751142,0.01769718988675487,0.00019604871200372756,26670.08089404895,24774.303908102644,1895.7769859463078,0.007802044115312393,0.00966466353473694,0.0018626194194245466,10903.586731861236,14372.077671243966,3468.4909393827293,4815.035264584516,7651.82670350909,2836.7914389245743,0.0027549404636956014,0.005081626989809388,0.0023266865261137863,0.001425787435495826,0.0024865620845378354,0.0010607746490420094,0.0,0.0,0.0,0.0,0.0,0.0,0.0,0.0,0.0
0.8290000000000001,0.06720083758609602,0.06713024980479068,7.058778130533683e-05,0.017315880790816175,0.017480161568680916,0.00016428077786474066,25089.035119561115,16987.785898009108,8101.249221552007,0.006989304720139739,0.006227356472818187,0.0007619482473215514,7468.206418818478,16684.961602783456,9216.755183964979,5178.520959289556,5450.872167415539,272.35120812598234,0.001994147159074239,0.005739719940621971,0.003745572781547732,0.0013815704261972324,0.001970171257981757,0.0005886008317845248,0.0,0.0,0.0,0.0,0.0,0.0,0.0,0.0,0.0
0.8300000000000001,0.06699984125223638,0.06693613670205825,6.370455017812304e-05,0.016918597373087343,0.017344009131996567,0.0004254117589092242,9209.567729437711,10331.570969060696,1122.0032396229853,0.002762492053867566,0.004444649528792002,0.0016821574749244358,8328.498011210986,10181.16973616546,1852.6717249544745,5554.14874675984,5848.496985524518,294.3482387646782,0.0023424514979723298,0.002970074497284883,0.0006276229993125533,0.0016080329492486956,0.0018164899612669117,0.00020845701201821607,0.0,0.0,0.0,0.0,0.0,0.0,0.0,0.0,0.0
0.8310000000000001,0.06678903491837676,0.06673221326751594,5.682165086082214e-05,0.01674911153936405,0.017094561896811012,0.00034545035744696154,20046.08878323542,12070.765836671177,7975.3229465642435,0.005768364656464682,0.004501542329436401,0.001266822327028281,16708.43082842953,11394.050076001617,5314.380752427913,4911.904222307932,7781.616005135964,2869.7117828280316,0.004379283619991651,0.004098482611703182,0.00028080100828846953,0.0014826254824295856,0.002535956248530105,0.0010533307661005195,0.0,0.0,0.0,0.0,0.0,0.0,0.0,0.0,0.0
0.8320000000000001,0.0665684185845171,0.06651847965280151,4.993893171559294e-05,0.016582786104744597,0.01682540895005445,0.00024262284530985126,9682.26777890899,26343.390702052086,16661.122923143095,0.002729989427841993,0.011088059116964099,0.008358069689122106,9669.83507738769,11010.340038098622,1340.5049607109322,4442.159973988491,6870.769961040715,2428.609987052224,0.002621148930306068,0.004192042451211775,0.0015708935209057073,0.0011960318070890579,0.0023938828655275367,0.0011978510584384789,0.0,0.0,0.0,0.0,0.0,0.0,0.0,0.0,0.0
0.8330000000000001,0.06633799225065748,0.06629493570598836,4.3056544669115016e-05,0.016302030638991702,0.01666063151256086,0.00035860087356915857,13141.766491564827,11431.07323180434,1710.6932597604882,0.0034899199639083947,0.003965659745116678,0.0004757397812082836,12872.93069562955,10755.468353437605,2117.462342191944,6274.500902882148,4051.757942311012,2222.742960571136,0.0034713352748375276,0.0037134799568355817,0.00024214468199805408,0.0017424071165316557,0.0013374155972141629,0.0004049915193174928,0.0,0.0,0.0,0.0,0.0,0.0,0.0,0.0,0.0
0.8340000000000001,0.06609775591679787,0.06606159544553038,3.616047126749067e-05,0.01618472470052561,0.016517968444169435,0.00033324374364382403,15073.351509519935,21409.3617874585,6336.010277938565,0.00439437434113693,0.007895440096773634,0.0035010657556367045,14015.614657599837,13080.267923598672,935.3467340011648,4986.393339833745,7636.0647979886135,2649.6714581548686,0.004309618546884694,0.0050340439357556,0.0007244253888709059,0.001534032427692949,0.0022349996368163953,0.0007009672091234462,0.0,0.0,0.0,0.0,0.0,0.0,0.0,0.0,0.0
0.8350000000000001,0.06584770958293824,0.06581843174194403,2.9277840994212934e-05,0.015809278702911444,0.016239513449047543,0.0004302347461360989,15780.04481813912,18184.026774331418,2403.9819561922977,0.004304291926703906,0.007375633212514302,0.0030713412858103953,12087.838854398015,16078.634520905214,3990.7956665071997,5210.165914702694,8574.281301810812,3364.115387108118,0.0033466645695947404,0.006193476163504605,0.0028468115939098643,0.0013926603500772127,0.0028618981670609877,0.001469237816983775,0.0,0.0,0.0,0.0,0.0,0.0,0.0,0.0,0.0
0.8360000000000001,0.06558785324907862,0.06556545743756291,2.239581151571024e-05,0.015519964334756366,0.016007447097446226,0.00048748276268986007,9547.63646424101,14668.83641932116,5121.19995508015,0.0027714131629575966,0.005154760154575873,0.002383346991618277,9456.492651020271,9906.83602493189,450.343373911619,5016.476417547528,4688.802942032658,327.67347551487,0.002455284440328516,0.003822100437182156,0.00136681599685364,0.0013460601832972626,0.0016993591265130523,0.0003532989432157897,0.0,0.0,0.0,0.0,0.0,0.0,0.0,0.0,0.0
0.8370000000000001,0.06531818691521903,0.06530267295260211,1.5513962616911514e-05,0.015401082124667374,0.015612611279470164,0.0002115291548027906,15768.353566317914,11970.98472510282,3797.368841215093,0.0041517891884564,0.0049386264401504705,0.0007868372516940704,15528.668023443908,10112.135917365193,5416.5321060787155,5500.047635937525,7001.722080384203,1501.6744444466776,0.004137513619040437,0.003982783087767937,0.00015473053127249958,0.0017063750832819107,0.0021563376722459043,0.0004499625889639936,0.0,0.0,0.0,0.0,0.0,0.0,0.0,0.0,0.0
0.8380000000000001,0.06503871058135942,0.06503009450699256,8.616074366862847e-06,0.015082595004124667,0.015389487867314464,0.000306892863189797,16645.02682505527,17913.397282519276,1268.370457464007,0.0048259113881160545,0.007596089710436902,0.002770178322320848,12934.491518393723,16864.300843386474,3929.8093249927515,4721.334152997594,9231.942013574382,4510.607860576788,0.003603768401931456,0.0062994597873335355,0.0026956913854020797,0.001401009275066342,0.002871314913280092,0.00147030563821375,0.0,0.0,0.0,0.0,0.0,0.0,0.0,0.0,0.0
0.8390000000000001,0.06474942424749981,0.0647476902938362,1.7339536636101771e-06,0.014708465489424543,0.015099796044136837,0.00039133055471229396,14763.50003853623,14091.467627235252,672.0324113009774,0.003934585044654814,0.00572233854471579,0.0017877535000609766,13874.209853571934,13696.748398796772,177.46145477516257,5615.425751110423,7685.509288080873,2070.08353697045,0.0032164683049063073,0.005465069522881766,0.0022486012179754587,0.0014621283955097016,0.002515114753933537,0.0010529863584238352,0.0,0.0,0.0,0.0,0.0,0.0,0.0,0.0,0.0
0.8400000000000001,0.06445032791364022,0.06445547591247991,5.147998839688528e-06,0.014519298533227892,0.01488675409309036,0.00036745555986246806,10946.595076026466,11824.964075063943,878.3689990374769,0.00313028595797388,0.00447999194233177,0.00134970598435789,10338.133224751677,8943.714942345458,1394.418282406219,5483.128779207608,6174.596146807638,691.4673676000302,0.0028183613887236792,0.0035971535055885503,0.000778792116864871,0.0015560326958815156,0.002047490440845807,0.0004914577449642913,0.0,0.0,0.0,0.0,0.0,0.0,0.0,0.0,0.0
0.8410000000000001,0.06414142157978064,0.06415345115563675,1.2029575856109531e-05,0.014078868657326434,0.014481679205918157,0.00040281054859172237,10486.160686234665,14572.793710676926,4086.6330244422606,0.002873370860705973,0.00550887727390699,0.0026355064132010165,9744.487534145357,14236.964373928029,4492.476839782672,5275.396875506298,9198.555661504402,3923.1587859981046,0.002844523975273701,0.005120455114144205,0.0022759311388705038,0.0015734349504096276,0.0028671458799247682,0.0012937109295151406,0.0,0.0,0.0,0.0,0.0,0.0,0.0,0.0,0.0
0.8420000000000001,0.06382270524592107,0.06384161603590151,1.8910789980439158e-05,0.013826733279312843,0.014291691393374,0.0004649581140611578,15890.429454004583,21288.518164928984,5398.088710924401,0.0042593436962275865,0.008999055823416098,0.0047397121271885116,15811.339070115679,17993.37100497694,2182.031934861261,5492.1705090537835,8370.941020453063,2878.7705113992797,0.004252513150650121,0.006144338017909403,0.001891824867259282,0.001492886041346195,0.002676243588886962,0.0011833575475407667,0.0,0.0,0.0,0.0,0.0,0.0,0.0,0.0,0.0
0.8430000000000001,0.06349417891206151,0.06351998994176454,2.5811029703032284e-05,0.013546261310792878,0.013944163543249719,0.00039790223245684056,9974.195019875986,16981.84915304462,7007.654133168633,0.002662162665577802,0.005531837889839133,0.002869675224261331,9531.64665688314,13394.758063844114,3863.111406960974,5492.438233614204,6455.060429135886,962.6221955216815,0.0024699821993377767,0.00524836865903331,0.0027783864596955337,0.0015386159712222874,0.001996864264719707,0.0004582482934974198,0.0,0.0,0.0,0.0,0.0,0.0,0.0,0.0,0.0
0.8440000000000001,0.06315584257820192,0.06318853512798472,3.269254978280345e-05,0.01309528732953525,0.013651630649619571,0.000556343320084321,14654.647925326215,16088.994930126733,1434.3470048005183,0.0042774430340349135,0.006840209202574116,0.0025627661685392027,13729.001255130559,15163.82791433511,1434.826659204551,5735.483437910879,8523.239856711161,2787.7564188002825,0.003945303371108213,0.004626962888248862,0.0006816595171406491,0.001704859925171311,0.0026457981013825235,0.0009409381762112124,0.0,0.0,0.0,0.0,0.0,0.0,0.0,0.0,0.0
0.8450000000000001,0.06280769624434239,0.06284726980822913,3.9573563886743934e-05,0.012796251097446538,0.013188105145986945,0.0003918540485404066,12224.475395329402,16945.30149202873,4720.826096699329,0.003492888705722373,0.006566080399867292,0.0030731916941449194,9002.138622506045,16482.69103455644,7480.552412050394,4429.459139427701,9290.267364493919,4860.808225066217,0.0026747506592248926,0.005901621205824326,0.003226870546599433,0.0012586675219845422,0.0030122424646399906,0.0017535749426554484,0.0,0.0,0.0,0.0,0.0,0.0,0.0,0.0,0.0
0.8460000000000001,0.06244973991048283,0.062496194432765884,4.645452228305147e-05,0.012539669000282926,0.012888338144524208,0.0003486691442412815,24010.566579701324,16016.710805357297,7993.855774344027,0.006562998741137237,0.006798248504823055,0.00023524976368581758,23532.429021767963,13559.539397732853,9972.88962403511,4921.626413890739,6299.301083563925,1377.6746696731861,0.006267320956790701,0.005577523063711726,0.0006897978930789752,0.0013622562404623083,0.0021403526837429406,0.0007780964432806323,0.0,0.0,0.0,0.0,0.0,0.0,0.0,0.0,0.0
0.8470000000000001,0.0620819735766233,0.062135308721049456,5.333514442615317e-05,0.012030056141648796,0.01242679955848576,0.000396743416836964,12317.439937020456,18089.743641794492,5772.303704774036,0.002809868180351229,0.007031655342212411,0.004221787161861182,11877.967577578862,14989.893771675543,3111.926194096681,5297.840523928146,7195.814140101603,1897.9736161734572,0.002775861980291311,0.005245767049019492,0.002469905068728181,0.0015951114062196805,0.0022243622744687955,0.000629250868249115,0.0,0.0,0.0,0.0,0.0,0.0,0.0,0.0,0.0
0.8480000000000001,0.061704397242763775,0.0617646348084823,6.023756571852529e-05,0.011764880422608747,0.012209970002544226,0.00044508957993547905,15622.42992156539,15267.972644203572,354.45727736181834,0.0043546226652068165,0.005362740920941286,0.0010081182557344697,7291.106013087869,14802.540984264668,7511.434971176799,5004.248435310009,9274.568303088792,4270.319867778783,0.0023119642853434612,0.004767390272371408,0.002455425987027947,0.0014914378512596116,0.002822650902516916,0.0013312130512573045,0.0,0.0,0.0,0.0,0.0,0.0,0.0,0.0,0.0
0.8490000000000001,0.06131701090890427,0.061384129215498955,6.71183065946851e-05,0.011386568109505018,0.011772941341498748,0.0003863732319937304,22293.667300810677,13195.456204743567,9098.21109606711,0.006333237831047304,0.004814970541461977,0.0015182672895853273,9932.141664891255,11096.209296976587,1164.0676320853327,4751.660637889408,6921.617436436294,2169.9567985468866,0.002969722643981736,0.004173026093492114,0.0012033034495103779,0.0012666735439167867,0.002311894792387893,0.0010452212484711061,0.0,0.0,0.0,0.0,0.0,0.0,0.0,0.0,0.0
0.8500000000000001,0.060919814575044764,0.060993813201790426,7.399862674566104e-05,0.010878528697290243,0.0113724002230004,0.0004938715257101576,14540.002092280276,12422.84350902717,2117.1585832531055,0.003977050954157376,0.005245631661982908,0.0012685807078255326,14460.574491730473,12220.621157675092,2239.9533340553808,4335.756702201928,6462.585650521992,2126.8289483200633,0.0037656236079328205,0.0050870000627417965,0.001321376454808976,0.0013571266160835056,0.00224649516720872,0.0008893685511252142,0.0,0.0,0.0,0.0,0.0,0.0,0.0,0.0,0.0
0.8510000000000001,0.06051280824118526,0.060593686682711215,8.087844152595419e-05,0.01049834299922598,0.010982311768899522,0.00048396876967354147,19902.21842279366,22919.03884963076,3016.820426837101,0.005964194989910122,0.00846114626255586,0.0024969512726457383,9613.410205476466,22624.477484338837,13011.06727886237,4636.132309674177,7982.006933060254,3345.8746233860766,0.002757674489667953,0.007432073707232138,0.004674399217564185,0.0014451581954290508,0.0023721502014968816,0.0009269920060678309,0.0,0.0,0.0,0.0,0.0,0.0,0.0,0.0,0.0
0.8520000000000001,0.06009599190732578,0.06018377499353275,8.778308620697312e-05,0.0100045924807286,0.010615873389293104,0.0006112809085645036,28383.90580263255,14315.613855285783,14068.291947346768,0.00852764764031573,0.005197130798809616,0.0033305168415061143,7773.096060602756,13651.469624724337,5878.373564121582,4621.521306636235,7610.907121091788,2989.3858144555534,0.0022421608277510704,0.004398559601988116,0.002156398774237046,0.00127364238256305,0.002270953673872035,0.000997311291308985,0.0,0.0,0.0,0.0,0.0,0.0,0.0,0.0,0.0
0.8530000000000001,0.05966936557346631,0.05976402904521064,9.466347174432593e-05,0.009557723747292822,0.010069723039897205,0.0005119992926043825,15466.182469820555,16759.72855784938,1293.5460880288247,0.004181852430979864,0.007177804700548759,0.0029959522695688955,11414.991551327053,9324.78851138841,2090.203039938644,4976.876431320128,5682.810670787564,705.9342394674359,0.0030415651419400665,0.0029548112555286906,8.67538864113759e-05,0.0014129224533428126,0.001926923892421151,0.0005140014390783384,0.0,0.0,0.0,0.0,0.0,0.0,0.0,0.0,0.0
0.8540000000000001,0.05923292923960684,0.05933447322204654,0.00010154398243970159,0.00935880356195906,0.009732245592599534,0.0003734420306404744,23200.421067122606,11940.77432280349,11259.646744319116,0.006824628509054337,0.00481947149013268,0.0020051570189216572,11542.15195232544,11500.228167547833,41.92378477760576,3804.8249097858975,7535.140015015631,3730.315105229734,0.003723624117474766,0.00453841412318895,0.0008147900057141836,0.0012812860391910646,0.002458229522770224,0.0011769434835791593,0.0,0.0,0.0,0.0,0.0,0.0,0.0,0.0,0.0
0.8550000000000001,0.058786682905747394,0.05889510689476135,0.00010842398901395739,0.008891898295320914,0.009229345693097378,0.00033744739777646394,29744.919292363167,21876.058360093608,7868.860932269559,0.008623401549104556,0.008635865250186996,1.2463701082439382e-05,8485.891911812425,21359.742732185397,12873.850820372973,4407.198148854179,7467.7954253572225,3060.5972765030438,0.002537262723762381,0.00747394434714169,0.004936681623379309,0.0013522366534613737,0.0022882518347826565,0.0009360151813212828,0.0,0.0,0.0,0.0,0.0,0.0,0.0,0.0,0.0
0.8560000000000001,0.058330626571887964,0.05844593022570974,0.0001153036538217786,0.008304151892714192,0.00879476642401529,0.0004906145313010989,8693.814189493925,11762.494946075105,3068.6807565811796,0.002392227624768964,0.004180589885993882,0.001788362261224918,8574.586062456505,11468.641749345896,2894.055686889391,5175.6545147758925,5826.765349155453,651.1108343795604,0.0023458866839641233,0.0035855760604358287,0.0012396893764717054,0.0013937085863586737,0.0017602711879081475,0.0003665626015494738,0.0,0.0,0.0,0.0,0.0,0.0,0.0,0.0,0.0
0.8570000000000001,0.057864760238028556,0.057986970154416874,0.00012220991638831752,0.007865858944362184,0.008449992916084517,0.0005841339717223334,12599.219794372095,14169.309201404407,1570.089407032312,0.003716893851297009,0.004665049782748142,0.0009481559314511324,12440.182602762981,13764.366320400044,1324.1837176370627,5384.939914417654,6281.932839345727,896.9929249280731,0.0031216859757584752,0.004208972409738339,0.0010872864339798636,0.0016419555762608978,0.0020952005409399965,0.00045324496467909875,0.0,0.0,0.0,0.0,0.0,0.0,0.0,0.0,0.0
0.8580000000000001,0.05738908390416915,0.05751817361330651,0.00012908970913735884,0.007295376940333113,0.007874104305341875,0.0005787273650087622,15981.174297212568,18650.113649610783,2668.9393523982144,0.004668076671648747,0.007680241541581854,0.003012164869933107,6639.938774672459,12814.72359395405,6174.784819281591,4384.751466520807,6787.117362210631,2402.3658956898234,0.001928004972387645,0.004339733953913726,0.002411728981526081,0.0013412291681156718,0.0021874351153127994,0.0008462059471971276,0.0,0.0,0.0,0.0,0.0,0.0,0.0,0.0,0.0
0.8590000000000001,0.05690359757030975,0.05703956679779591,0.00013596922748616153,0.006891349591950568,0.00737249247236309,0.0004811428804125219,11477.031264282119,15209.420530522752,3732.3892662406324,0.003165117049974852,0.006275599683974718,0.003110482633999866,11138.54897245023,13096.3922535137,1957.8432810634713,5818.657818767719,7075.281901405617,1256.624082637898,0.0027314555305887776,0.00404405210399003,0.0013125965734012528,0.0015560161748367422,0.002208721176577326,0.0006527050017405838,0.0,0.0,0.0,0.0,0.0,0.0,0.0,0.0,0.0
0.8600000000000001,0.056408301236450374,0.05655114944498369,0.0001428482085333166,0.006471403201010391,0.007000270786770157,0.0005288675857597659,11056.529720863136,18499.613999311547,7443.08427844841,0.002909494738552717,0.006075240892604747,0.00316574615405203,11003.450498806951,17711.358174879362,6707.907676072411,4971.351445024646,5530.912486086718,559.561041062072,0.002562697307734984,0.005466212291906778,0.0029035149841717942,0.0014691604263921518,0.0018519340506660527,0.0003827736242739009,0.0,0.0,0.0,0.0,0.0,0.0,0.0,0.0,0.0
0.8610000000000001,0.055903194902591026,0.05605292157088955,0.0001497266682985235,0.005842041318455112,0.0064531313841484925,0.0006110900656933803,15663.98306672083,16064.450517055458,400.46745033462867,0.0045954609404937,0.005868597053393682,0.0012731361128999821,13636.805155680862,14808.764134470857,1171.958978789995,4625.114165882058,6587.398952109964,1962.284786227906,0.0037833626136528895,0.005249911071783739,0.0014665484581308495,0.001486400610441436,0.002220720134229508,0.0007343195237880719,0.0,0.0,0.0,0.0,0.0,0.0,0.0,0.0,0.0
0.8620000000000001,0.05538827856873168,0.05554491382280341,0.00015663525407173112,0.0053259688881643775,0.005908885577186163,0.0005829166890217851,18245.42873875634,12969.081427883311,5276.34731087303,0.005099468783219304,0.00386221347967297,0.001237255303546334,14966.279396550708,12158.931619684165,2807.3477768665434,5361.5609044681705,6153.13338553227,791.5724810640995,0.004354137942316165,0.0035979222218027788,0.0007562157205133866,0.0014771838303543373,0.0019067285814161501,0.0004295447510618128,0.0,0.0,0.0,0.0,0.0,0.0,0.0,0.0,0.0
0.8630000000000001,0.05486355223487236,0.05502706628826967,0.0001635140533973109,0.0049351244314043,0.005467712684207759,0.0005325882528034584,13280.81436706136,16374.998124719503,3094.183757658142,0.00346430313923116,0.00530223275044516,0.0018379296112139994,13203.348615706767,15989.153732846657,2785.8051171398893,4087.331883589527,7351.002239522369,3263.6703559328416,0.0032444793627194,0.004503017699953885,0.0012585383372344847,0.0012072728180927941,0.002307361916018157,0.001100089097925363,0.0,0.0,0.0,0.0,0.0,0.0,0.0,0.0,0.0
0.8640000000000001,0.05432901590101305,0.05449940912751221,0.00017039322649915756,0.004314990628466676,0.004747047397452772,0.00043205676898609626,8108.706413543632,21070.386138754446,12961.679725210814,0.0024281968431628196,0.007560617762695449,0.005132420919532629,7287.4030029401965,20650.849447385368,13363.446444445171,4858.498480989381,6322.679030627993,1464.1805496386114,0.002295466011208001,0.007045401909602778,0.004749935898394777,0.001526378439008423,0.002213639050438958,0.000687260611430535,0.0,0.0,0.0,0.0,0.0,0.0,0.0,0.0,0.0
0.8650000000000001,0.05378466956715377,0.05396194091597011,0.00017727134881634354,0.0038161134058460645,0.004394315345403869,0.0005782019395578044,11834.096490927039,12027.162595454944,193.06610452790483,0.0035277610515621477,0.004601784827495026,0.0010740237759328782,10691.308804102478,11765.394894326384,1074.0860902239056,5546.368652987509,6746.133305563527,1199.7646525760174,0.0032004272167423828,0.004269627736152186,0.0010692005194098031,0.0015683454070762922,0.002329904570278707,0.0007615591632024147,0.0,0.0,0.0,0.0,0.0,0.0,0.0,0.0,0.0
0.8660000000000001,0.05323051323329449,0.05341469481102258,0.00018418157772809307,0.003190325670937376,0.003865336990916967,0.0006750113199795911,13290.744104521138,17774.691792163874,4483.947687642736,0.0034730233615929878,0.005387464314986671,0.0019144409533936833,13032.987201784526,17248.488535609464,4215.501333824937,5265.417901566935,7817.38495800809,2551.9670564411545,0.0032484132850955903,0.004923786732718063,0.0016753734476224725,0.001448432731882042,0.0024285325020668262,0.0009800997701847841,0.0,0.0,0.0,0.0,0.0,0.0,0.0,0.0,0.0
0.8670000000000001,0.05266654689943525,0.052857606386798,0.00019105948736274775,0.002580975656998892,0.003220429546929804,0.0006394538899309118,13076.505296662473,18031.821696156316,4955.316399493842,0.004081810022359176,0.004756707055925436,0.0006748970335662598,10019.844474453545,17753.636058196575,7733.79158374303,3831.2183905750876,8312.91915983905,4481.700769263962,0.002502476421987415,0.004346024163015667,0.0018435477410282523,0.0012692614584297428,0.0026960764493407065,0.0014268149909109637,0.0,0.0,0.0,0.0,0.0,0.0,0.0,0.0,0.0
0.8680000000000001,0.05209277056557602,0.05229070812517982,0.000197937559603803,0.0021163459088095644,0.0026710524383267518,0.0005547065295171873,10224.63206828823,29591.24106850296,19366.609000214732,0.002711239324831055,0.011513262012114967,0.008802022687283912,9866.866890167777,18520.967254411007,8654.10036424323,5218.810019229035,6151.890612536712,933.0805933076772,0.0025866918563264454,0.0068648636439809325,0.0042781717876544875,0.0015329439090156092,0.0021172190639624088,0.0005842751549467995,0.0,0.0,0.0,0.0,0.0,0.0,0.0,0.0,0.0
0.8690000000000001,0.05150918423171682,0.05171400005345293,0.00020481582173611373,0.001578061445226573,0.0021970136195565647,0.0006189521743299917,14012.509251402667,16114.238141021711,2101.728889619044,0.003985306589778348,0.006470325101859239,0.002485018512080891,11435.271044111196,14793.139553098732,3357.868508987536,5059.897296530569,6922.246552545263,1862.3492560146933,0.003340260790068826,0.0041612355836701375,0.0008209747936013113,0.0013487078170100108,0.0023833350471564032,0.0010346272301463924,0.0,0.0,0.0,0.0,0.0,0.0,0.0,0.0,0.0
0.8700000000000001,0.050915787897857626,0.05112748102335517,0.00021169312549754182,0.0008622654078510213,0.0014157594949125597,0.0005534940870615384,14627.03224175596,18664.12548697652,4037.0932452205616,0.0038604837400935555,0.006665249965470396,0.0028047662253768407,14299.13185994728,18305.51886627949,4006.38700633221,4713.599667406896,8749.466251626172,4035.866584219277,0.003693792611791413,0.006015578253267272,0.0023217856414758592,0.0014747098610417828,0.0027872647122044185,0.0013125548511626357,0.0,0.0,0.0,0.0,0.0,0.0,0.0,0.0,0.0
0.8710000000000001,0.05031258156399847,0.05053118764982632,0.0002186060858278549,0.0003270551326051106,0.0010136367230534394,0.0006865815904483288,9047.592441581039,16383.279205997096,7335.6867644160575,0.002664121208159262,0.006207747467943251,0.0035436262597839893,9013.98218343144,16086.873091449257,7072.890908017816,4256.6791677378005,7780.476233666513,3523.797065928712,0.0025508268269730664,0.00442160331194052,0.0018707764849674536,0.001434247119176076,0.0025967604326183535,0.0011625133134422776,0.0,0.0,0.0,0.0,0.0,0.0,0.0,0.0,0.0
0.8720000000000001,0.049702651012385,0.049925050300308464,0.00022239928792346098,-2.332392020601773e-05,0.00024476620186672743,0.00026809012207274516,58440.70206867227,14777.457769472667,43663.2442991996,0.01700741092880245,0.006254045329035806,0.010753365599766643,26478.49888401755,13910.214278729196,12568.284605288354,6555.995006661258,7050.525193158471,494.5301864972125,0.007437805381602503,0.0055783678100156265,0.0018594375715868762,0.0017594970222294536,0.0025146763485818647,0.0007551793263524112,20.396506564210352,0.0,20.396506564210352,0.00023786324579257954,0.0,0.00023786324579257954,0.0001748977563295549,0.0,0.0001748977563295549
0.8730000000000001,0.04912794194040355,0.04931323329704252,0.00018529135663897245,-7.124418400693278e-05,-4.401236671810685e-05,2.7231817288825928e-05,160818.13051724073,88816.44168046917,72001.68883677156,0.046250416906589965,0.03612200887400206,0.010128408032587903,52224.482965273186,22645.06450364864,29579.418461624547,13726.198981183428,9629.36750624128,4096.831474942148,0.013684542868660735,0.009618952534615715,0.00406559033404502,0.0036447098410511054,0.0034371115751666344,0.00020759826588447093,62.302239671712506,9.976014951342183,52.32622472037032,0.002219336113607756,0.00017162717541638304,0.002047708938191373,0.0001748977563295549,7.25116625026027e-05,0.0001023860938269522
0.8740000000000001,0.04865919173887479,0.048763647692997965,0.00010445595412317266,-0.000117466575605088,-7.243901825327621e-05,4.5027557351811785e-05,247024.5496749564,177537.06880323903,69487.48087171736,0.07131754330251554,0.06652975476539386,0.004787788537121682,67175.52072487057,116428.39632631616,49252.87560144559,17775.07790561249,19709.096034092167,1934.0181284796781,0.01758263991522877,0.042253949639990074,0.024671309724761305,0.004723670882036392,0.0058085440936283235,0.0010848732115919316,102.72320258522959,28.64396468257703,74.07923790265255,0.0060332714214373214,0.0008764294169578505,0.005156842004479471,0.0001748977563295549,0.00010913036550699416,6.576739082256074e-05
0.8750000000000001,0.04835955777931249,0.04838581946938716,2.6261690074670663e-05,-0.00015599537439554487,-9.683604818917684e-05,5.915932620636802e-05,316124.9715894009,248701.86155437672,67423.11003502418,0.09136885716355234,0.09154064140114951,0.00017178423759717232,77414.36638181223,180705.06182086593,103290.6954390537,19567.75265524888,25234.668274189597,5666.915618940715,0.020170702736631345,0.06582900893781866,0.04565830620118732,0.005352400054985836,0.008293882731052638,0.002941482676066801,136.41620489784847,44.71348049544628,91.7027244024022,0.010640148478329618,0.0017447749574289648,0.008895373520900652,0.0001748977563295549,0.00013106386281627928,4.3833893513275615e-05
0.8760000000000001,0.048271618680846215,0.04828282003501548,1.120135416926571e-05,-0.0001706227723307814,-9.847169418646612e-05,7.215107814431529e-05,332354.7702580518,283081.55558697303,49273.21467107878,0.09620069059376185,0.10832097647536694,0.012120285881605089,69880.13131730443,204753.02101253008,134872.88969522563,23804.335720717587,24856.116737360637,1051.78101664305,0.018063702499664817,0.07705068004982424,0.05898697755015942,0.006027981135567859,0.008531494276991566,0.0025035131414237067,149.20770029691064,57.84650375659094,91.3611965403197,0.012729115738879625,0.0023815434409342143,0.01034757229794541,0.0001748977563295549,0.00016017737065685008,1.4720385672704813e-05
0.8770000000000001,0.048404494198057396,0.04849054816638562,8.605396832822576e-05,-0.00015793542964677443,-8.62529368240874e-05,7.168249282268703e-05,296445.7396382834,223288.6295881805,73157.11005010287,0.08578029791951591,0.08291850798321285,0.0028617899363030663,66146.43816761966,158984.73591880477,92838.2977511851,20283.574538534045,27620.367614232637,7336.793075698592,0.017019092715221004,0.05921534400427083,0.04219625128904983,0.00558765500235162,0.008213744688276016,0.002626089685924396,138.1127614508256,38.28385893475817,99.82890251606742,0.010906449159719299,0.0013701216262839485,0.00953632753343535,0.0001748977563295549,0.00011681630024551839,5.8081456084036506e-05
0.8780000000000001,0.048741021857653395,0.04893843470699775,0.00019741284934435277,-0.0001284710339367126,-6.261937649951274e-05,6.585165743719987e-05,241362.77244310133,156563.5560392956,84799.21640380574,0.0696416060241219,0.0588055069403794,0.010836099083742494,55613.52350443539,89902.57915472894,34289.05565029355,15163.024856293048,13318.051484273929,1844.9733720191198,0.014190819091520845,0.033923604066671983,0.019732784975151137,0.004147382965882337,0.004814482571126935,0.0006670996052445984,112.34647794434571,21.72260859913232,90.6238693452134,0.007216634090329087,0.0005680851315202627,0.006648548958808824,0.0001748977563295549,0.00010209610222015529,7.28016541093996e-05
0.8790000000000001,0.049237865303868866,0.049525173531258765,0.0002873082273898986,-7.593906488059798e-05,1.413672580306869e-05,9.007579068366667e-05,142943.1727044757,42426.08797359877,100517.08473087693,0.04132731093032129,0.017325147197079352,0.02400216373324194,30356.541447167485,18030.548430009614,12325.99301715787,12865.840741226115,7335.585724346135,5530.25501687998,0.007819266783259487,0.007160623464530006,0.0006586433187294807,0.0031991038955051115,0.002541750913369075,0.0006573529821360365,66.40786032690544,0.10723591718231873,66.30062440972311,0.00252147540697328,2.7953452699906473e-06,0.0025186800617032898,0.0001748977563295549,5.055636639900721e-07,0.0001743921926655648
0.8800000000000001,0.049825563561766255,0.05013737661796754,0.00031181305620128774,-1.2938049708199895e-05,0.0006144581509175347,0.0006273962006257346,29135.76826066596,26938.8445476727,2196.923712993259,0.008549955973543471,0.010461053616478855,0.0019110976429353842,13968.96191479632,15825.005964603994,1856.0440498076732,5979.65104136987,5565.149656027414,414.50138534245616,0.004122600998186156,0.005174210212892863,0.0010516092147067075,0.0017926640807217203,0.001969402440574471,0.00017673835985275053,11.314179326222071,0.0,11.314179326222071,7.319170726507437e-05,0.0,7.319170726507437e-05,0.0001748977563295549,0.0,0.0001748977563295549
0.8810000000000001,0.05043208189373027,0.05074032205887169,0.00030824016514142266,0.0004245620444960664,0.0011049126927337978,0.0006803506482377314,10679.950408078708,15263.880160239381,4583.929752160673,0.003139499494765724,0.006021970205694542,0.002882470710928818,10647.345664234539,13345.557642818309,2698.2119785837695,6407.067293722092,7221.04705176433,813.9797580422382,0.0031270571710239814,0.004308961264009763,0.0011819040929857815,0.0018225054490499455,0.002327760005596284,0.0005052545565463386,0.0,0.0,0.0,0.0,0.0,0.0,0.0,0.0,0.0
0.8820000000000001,0.05102932827554872,0.051333457864041566,0.00030412958849284494,0.0010892961889551432,0.0017124260126814652,0.000623129823726322,16842.124085766332,22624.546778833297,5782.422693066965,0.004884568000457352,0.007883254851948305,0.002998686851490953,10940.13080544121,16183.801874919978,5243.671069478769,7889.638199714779,7414.820381531874,474.8178181829053,0.002979728887650793,0.005378710941278963,0.0023989820536281696,0.0019311569895609302,0.0024452339183098836,0.0005140769287489534,0.0,0.0,0.0,0.0,0.0,0.0,0.0,0.0,0.0
0.8830000000000001,0.051616764657367205,0.051916783678021605,0.0003000190206544004,0.0016273703409536953,0.0022845302240379972,0.0006571598830843019,10822.39939338908,21656.78408309298,10834.384689703902,0.0032893124254980886,0.008604368012351852,0.005315055586853763,8979.993201784087,12772.385312572645,3792.392110788558,6105.071097326153,6154.559282197517,49.488184871363956,0.0023837823351664385,0.005279631116277034,0.0028958487811105954,0.0016190549875874408,0.002111195309499168,0.0004921403219117269,0.0,0.0,0.0,0.0,0.0,0.0,0.0,0.0,0.0
0.8840000000000001,0.052194391039185696,0.052490300533269536,0.00029590949408384026,0.0021998210079535,0.00293059197444994,0.0007307709664964401,9824.456735308311,22533.05399846223,12708.597263153919,0.00302094947032132,0.009213190895276346,0.006192241424955025,9764.668738017926,13173.67583285278,3409.007094834853,4903.6923026697095,7231.607781586335,2327.915478916625,0.0029162743445178894,0.004895245953465522,0.0019789716089476327,0.0015808513948463326,0.002460705534186207,0.0008798541393398745,0.0,0.0,0.0,0.0,0.0,0.0,0.0,0.0,0.0
0.8850000000000001,0.05276220742100424,0.053053971648038586,0.00029176422703434957,0.002671357748861236,0.003437878628800652,0.0007665208799394157,19084.077305938266,28654.8799029506,9570.802597012334,0.005388859299867083,0.011821331838313019,0.006432472538445936,12251.729852610546,15102.014392649377,2850.2845400388305,7754.912455595256,7999.360678745372,244.44822315011606,0.003429590774610797,0.005421205116600959,0.001991614341990162,0.002040172460873388,0.0026074733508546152,0.0005673008899812274,0.0,0.0,0.0,0.0,0.0,0.0,0.0,0.0,0.0
0.8860000000000001,0.05332021380282278,0.053607867450445705,0.00028765364762292633,0.0033203985263308283,0.004033593192145328,0.0007131946658144993,13864.335794875795,22751.986497396545,8887.65070252075,0.004191243694258647,0.008609376354169213,0.004418132659910566,11698.746921177732,18765.09985428358,7066.352933105849,7608.836285885697,7688.767881840785,79.93159595508769,0.0033501593208173585,0.007180109703149004,0.0038299503823316454,0.001930383984093921,0.002466166987619824,0.0005357830035259031,0.0,0.0,0.0,0.0,0.0,0.0,0.0,0.0,0.0
0.8870000000000001,0.05386841018464135,0.05415195376476972,0.0002835435801283731,0.0038679773412869482,0.00451824304946132,0.0006502657081743721,19731.976972117543,26491.304816404507,6759.327844286963,0.005306981117785811,0.010929341626769083,0.005622360508983272,10726.846116567478,15142.909246847998,4416.0631302805195,4626.688675131048,6379.261414133689,1752.5727390026414,0.002686490774077137,0.005607907465993305,0.002921416691916168,0.0014676477546418669,0.0021282925124383534,0.0006606447577964865,0.0,0.0,0.0,0.0,0.0,0.0,0.0,0.0,0.0
0.8880000000000001,0.05440679656645992,0.05468622920646889,0.0002794326400089725,0.004490965775851095,0.005166381066377861,0.0006754152905267662,13980.206152191971,22101.046589005153,8120.840436813181,0.004553398848675912,0.008337466814289624,0.0037840679656137117,12779.416736762392,14539.496223688375,1760.0794869259826,6823.105781979488,7836.1003008560765,1012.9945188765887,0.003089660118152596,0.0051815668896345824,0.0020919067714819865,0.0018770199926530717,0.0026612739182365476,0.0007842539255834759,0.0,0.0,0.0,0.0,0.0,0.0,0.0,0.0,0.0
0.8890000000000001,0.05493537294827853,0.05521066324386816,0.0002752902955896336,0.004967079213579962,0.0056016276033965424,0.0006345483898165805,17129.123115693863,26391.581153631567,9262.458037937704,0.005056972585017904,0.011040165013172658,0.005983192428154755,16776.72078978739,15963.906291769968,812.8144980174202,7315.917686293856,8088.786673656943,772.8689873630874,0.004990244520217423,0.0057383438203518645,0.0007480993001344411,0.0018382432105824077,0.0026972149175489954,0.0008589717069665877,0.0,0.0,0.0,0.0,0.0,0.0,0.0,0.0,0.0
0.8900000000000001,0.05545413933009714,0.05572531877864317,0.00027117944854603004,0.005503595251745524,0.006164924600610718,0.0006613293488651941,10184.997621280194,19715.479156849804,9530.48153556961,0.0028312992557574797,0.008280779757997611,0.005449480502240131,10041.819709457468,15257.178858813342,5215.359149355874,5482.319457504551,7354.957577634635,1872.6381201300837,0.0028037413761627995,0.005205473626809115,0.002401732250646316,0.001566206611470832,0.00239998038435502,0.000833773772884188,0.0,0.0,0.0,0.0,0.0,0.0,0.0,0.0,0.0
0.8910000000000001,0.05596309571191579,0.05623016454253622,0.0002670688306204358,0.005903112620991191,0.006543523174905969,0.0006404105539147779,13678.26360287072,27479.9540328125,13801.69042994178,0.003208060637075541,0.011510056033352863,0.008301995396277323,13276.155154399277,20811.67981729206,7535.524662892783,6173.207115532679,7588.019515565359,1414.8124000326798,0.003151099583194685,0.008310871534057882,0.005159771950863198,0.0018068704850315643,0.0025076974587634995,0.0007008269737319352,0.0,0.0,0.0,0.0,0.0,0.0,0.0,0.0,0.0
0.8920000000000001,0.05646224209373444,0.05672519968912507,0.0002629575953906338,0.00646124179077881,0.0071389140941696206,0.0006776723033908106,12810.46436275922,24775.6512493074,11965.186886548181,0.0035531665843464367,0.009688556823740061,0.006135390239393625,12792.164347202293,18287.295675168145,5495.131327965852,6916.956014327831,8518.969510160972,1602.013495833141,0.0033872131417118584,0.00748979871193043,0.004102585570218572,0.0017803540733599603,0.0028756546782211824,0.001095300604861222,0.0,0.0,0.0,0.0,0.0,0.0,0.0,0.0,0.0
0.8930000000000001,0.05695157847555311,0.057210424850647826,0.00025884637509471925,0.006924060525493181,0.007608145436243139,0.0006840849107499578,15743.809344900592,17889.924814233407,2146.1154693328153,0.004730520638693107,0.007133818023808139,0.0024032973851150314,14479.958276772346,12111.997717894392,2367.960558877954,6249.235006206417,7094.303317024679,845.068310818262,0.004256540418357529,0.004900413099962646,0.0006438726816051172,0.0016594156592325544,0.0023087423490991948,0.0006493266898666404,0.0,0.0,0.0,0.0,0.0,0.0,0.0,0.0,0.0
0.8940000000000001,0.0574311048573718,0.057685811140378934,0.000254706283007132,0.007405825392474898,0.008157713045178544,0.000751887652703646,14365.153796222232,24033.9219760006,9668.76817977837,0.003815788493768089,0.009307967306763025,0.005492178812994936,13963.972429451356,15475.39267124383,1511.4202417924735,4754.900236688873,7292.535494548641,2537.635257859768,0.0036613012439541733,0.004685038924877161,0.0010237376809229875,0.0015548094376855283,0.0023706560327071027,0.0008158465950215744,0.0,0.0,0.0,0.0,0.0,0.0,0.0,0.0,0.0
0.895,0.05790082123919049,0.058151415709498694,0.0002505944703082019,0.00787760069298406,0.008554555466719278,0.0006769547737352187,16980.459125636295,28488.82299490694,11508.363869270644,0.004674177510069249,0.011330838971910532,0.0066566614618412834,10219.750071228951,20701.881687763547,10482.131616534596,5948.614517975505,8772.214349247504,2823.5998312719994,0.0027028460271020906,0.006927987699611457,0.004225141672509367,0.0015743621580091244,0.0028501433121355686,0.0012757811541264442,0.0,0.0,0.0,0.0,0.0,0.0,0.0,0.0,0.0
0.896,0.05836072762100922,0.05860721082232094,0.00024648320131172297,0.008327067232645192,0.009070987028097752,0.0007439197954525606,20994.957430150887,16464.802844309277,4530.15458584161,0.006270043981953793,0.005639615151917489,0.0006304288300363042,10507.657128972303,11596.893932651974,1089.2368036796706,6405.13362507499,7089.11120489783,683.9775798228402,0.0030135482376423967,0.004014282671690007,0.00100073443404761,0.0016591855815638297,0.0024145469608059566,0.0007553613792421268,0.0,0.0,0.0,0.0,0.0,0.0,0.0,0.0,0.0
0.897,0.05881082400282793,0.05905319539295106,0.00024237139012313336,0.008740519007277361,0.009396690678873347,0.000656171671595986,19297.81715831574,25233.92255011244,5936.1053917967,0.0054462830680700154,0.009897918729899303,0.004451635661829287,8280.229319329774,15050.3670408184,6770.137721488627,6013.45574587774,6005.833367716286,7.6223781614535255,0.0024166481403209146,0.006283462918877868,0.0038668147785569534,0.001779735330432722,0.0021097706044616664,0.0003300352740289445,0.0,0.0,0.0,0.0,0.0,0.0,0.0,0.0,0.0
0.898,0.059251110384646685,0.059489369356018555,0.00023825897137186997,0.009287488468364542,0.009923684569073905,0.0006361961007093631,11830.624931986615,26229.545701990377,14398.920770003762,0.002947797079314141,0.009941631101706719,0.006993834022392578,11565.926248796704,18446.009862052197,6880.083613255492,5381.531764892963,7260.987449159278,1879.455684266315,0.0029063421434542243,0.007175108155241067,0.0042687660117868426,0.0015817788750336788,0.0024536352840263975,0.0008718564089927187,0.0,0.0,0.0,0.0,0.0,0.0,0.0,0.0,0.0
0.899,0.059681586766465435,0.05991570791884914,0.00023412115238370668,0.009703418921351093,0.010315129390811193,0.0006117104694601007,13337.889184835089,24701.496634015268,11363.60744918018,0.004005873843627478,0.009986826408988977,0.005980952565361499,10864.501765854011,16982.84063845483,6118.338872600818,5419.249523630031,8082.720829313668,2663.471305683637,0.0031200767843787337,0.006233177319100226,0.003113100534721492,0.0014101986223608216,0.0026977897229951333,0.0012875911006343117,0.0,0.0,0.0,0.0,0.0,0.0,0.0,0.0,0.0
0.9,0.06010225314828421,0.0603322620660224,0.00023000891773818782,0.010059546748283433,0.010738003465362411,0.0006784567170789787,16982.844839550304,22380.002556958047,5397.157717407743,0.004496459191066716,0.009205963313355135,0.004709504122288419,11949.424125921367,13650.222267610006,1700.7981416886396,5563.481963630874,6498.965049094555,935.4830854636812,0.0029173181023483493,0.0050689606289885895,0.00215164252664024,0.0016278384790020253,0.0022769241413365033,0.000649085662334478,0.0,0.0,0.0,0.0,0.0,0.0,0.0,0.0,0.0
0.901,0.060513109530102985,0.060739006018087766,0.0002258964879847808,0.010510295478915988,0.011199516309458701,0.0006892208305427135,10280.896186012464,20947.44159074146,10666.545404728995,0.002927708484324613,0.007997163487172039,0.005069455002847426,9991.310539451775,12605.479304516624,2614.168765064849,6042.328761674908,6153.159638871005,110.83087719609739,0.002847066460713044,0.004499818494466969,0.001652752033753925,0.001741935508219374,0.0021348925556943705,0.0003929570474749966,0.0,0.0,0.0,0.0,0.0,0.0,0.0,0.0,0.0
0.902,0.060914155911921786,0.06113593957780739,0.00022178366588560677,0.010835305356577216,0.01160764775768584,0.0007723424011086243,18943.678592546043,21961.978248640993,3018.2996560949505,0.005303509692417416,0.008252207992239264,0.0029486982998218484,7981.984787601183,14715.182897271206,6733.198109670024,4842.142381800174,7820.386285323962,2978.2439035237876,0.002187105990573761,0.005488044840128259,0.0033009388495544977,0.0013079929945578224,0.0026138231943148953,0.0013058301997570729,0.0,0.0,0.0,0.0,0.0,0.0,0.0,0.0,0.0
0.903,0.06130539229374056,0.06152304049555723,0.00021764820181666839,0.011299500535804757,0.011931862457908506,0.000632361922103749,8174.308374205873,16606.71871634305,8432.410342137176,0.002329698197322752,0.0069853030209967686,0.004655604823674017,7224.221323918718,13594.226646782507,6370.005322863789,5287.536061439577,7020.299732415269,1732.7636709756925,0.0019402810341035408,0.005245224643379025,0.0033049436092754845,0.0014554980248434515,0.0023067608533372625,0.0008512628284938111,0.0,0.0,0.0,0.0,0.0,0.0,0.0,0.0,0.0
0.904,0.06168681867555939,0.06190035423688572,0.0002135355613263265,0.011757782011630706,0.012338951499082033,0.000581169487451327,16803.645548940975,22307.23143684189,5503.585887900914,0.004513901958524631,0.008798524140619325,0.0042846221820946944,15694.39871853091,16373.984681287882,679.5859627569716,6801.141656118979,5942.346821248087,858.7948348708924,0.004069894184859853,0.0060114959457950685,0.0019416017609352153,0.001977575232335477,0.002091843406990081,0.00011426817465460398,0.0,0.0,0.0,0.0,0.0,0.0,0.0,0.0,0.0
0.905,0.062058435057378236,0.062267857686809695,0.00020942262943145912,0.012081624682131814,0.012676511372883123,0.0005948866907513096,10971.337603614662,20638.43747794035,9667.09987432569,0.0030640008856525993,0.007902212329976342,0.004838211444323743,10046.26802477329,14234.704461546662,4188.436436773372,5675.397362402187,6782.081722192871,1106.6843597906836,0.0024293208105801082,0.005074343623571501,0.002645022812991393,0.0015606607010588435,0.002323443060100103,0.0007627823590412594,0.0,0.0,0.0,0.0,0.0,0.0,0.0,0.0,0.0
0.906,0.06242024143919706,0.06262555109873892,0.00020530965954185937,0.012387025681369788,0.01298549963499131,0.0005984739536215224,9595.11791617978,19333.06194487371,9737.944028693928,0.0028335343544592354,0.007963528440970584,0.005129994086511349,9449.419233329809,12130.844170406272,2681.424937076463,4798.173671726155,6966.0666013787495,2167.892929652595,0.002643837715619102,0.004806266427816113,0.002162428712197011,0.001270519768221608,0.0023046874933635828,0.0010341677251419748,0.0,0.0,0.0,0.0,0.0,0.0,0.0,0.0,0.0
0.907,0.06277223782101589,0.06297343424460823,0.00020119642359234247,0.012817751321221886,0.013425728805346463,0.0006079774841245764,18666.255609753985,16414.319818912394,2251.9357908415914,0.004820875679712319,0.0067800104416294305,0.0019591347619171114,16673.487524203094,13156.018029482868,3517.469494720226,6475.267716999049,6514.616139918886,39.348422919836594,0.004134741362128638,0.0052069985732843445,0.0010722572111557067,0.0018814425020707436,0.0022351099776467525,0.0003536674755760089,0.0,0.0,0.0,0.0,0.0,0.0,0.0,0.0,0.0
0.908,0.06311442420283474,0.0633114871193742,0.00019706291653946717,0.01305212063602884,0.01365415467525655,0.0006020340392277109,15608.373579291345,20688.06490283084,5079.691323539495,0.004407810806757068,0.007458027436616913,0.0030502166298598445,15350.346012925875,15280.383882795984,69.96213012989028,6142.665585559125,6259.744504109453,117.07891855032813,0.0039392468363987606,0.005243430729888184,0.0013041838934894235,0.0018260508021179945,0.002162387092984013,0.00033633629086601835,0.0,0.0,0.0,0.0,0.0,0.0,0.0,0.0,0.0
0.909,0.0634468005846536,0.06363975019075838,0.0001929496061047753,0.01352399518883674,0.014061357209678993,0.0005373620208422528,19744.880649243365,23485.204999490816,3740.3243502474506,0.005611729543164804,0.00895959717443727,0.0033478676312724658,13523.775335536206,16009.815383486142,2486.0400479499367,5315.871709613679,6227.604979227195,911.7332696135163,0.0037482156792539973,0.004478565339919665,0.0007303496606656675,0.001500759354881672,0.0019371405560624799,0.0004363812011808079,0.0,0.0,0.0,0.0,0.0,0.0,0.0,0.0,0.0
0.91,0.06376936696647247,0.06395820311558721,0.0001888361491147461,0.013813226520779603,0.014396592267594486,0.0005833657468148831,15155.095135352158,29143.5538328434,13988.458697491244,0.004422443495049797,0.011739097751627386,0.007316654256577589,13122.571896979127,15892.479367045018,2769.907470065891,6144.471519948723,7062.518711711639,918.0471917629166,0.0030105086394729666,0.006040771119118149,0.0030302624796451822,0.0017673544869942599,0.002237676051201635,0.00047032156420737515,0.0,0.0,0.0,0.0,0.0,0.0,0.0,0.0,0.0
0.911,0.06408212334829134,0.06426684580537471,0.00018472245708336943,0.014073448267191015,0.01467639462209651,0.0006029463549054957,13798.761491940555,15969.798442058876,2171.0369501183213,0.0033437824759344177,0.0059761148611002825,0.0026323323851658647,13427.55774100867,13623.013516515965,195.45577550729467,6833.935449801811,7416.120669727038,582.1852199252271,0.003120944250658168,0.004605825057101181,0.0014848808064430127,0.0018819375800386224,0.0026588369812888418,0.0007768994012502194,0.0,0.0,0.0,0.0,0.0,0.0,0.0,0.0,0.0
0.912,0.06438506973011021,0.06456567843119915,0.00018060870108893567,0.014400362795854176,0.01491987098205333,0.0005195081861991534,12131.499419001662,32880.12775036525,20748.62833136359,0.0034816808299899323,0.013072878435099522,0.00959119760510959,11993.648538327952,18449.40769607238,6455.759157744427,5791.624288274788,7083.442263599678,1291.8179753248896,0.0032751803306934517,0.006664803056086261,0.0033896227253928093,0.0016088867142506477,0.002533450265006834,0.0009245635507561865,0.0,0.0,0.0,0.0,0.0,0.0,0.0,0.0,0.0
0.913,0.0646782061119291,0.06485468350311736,0.00017647739118825667,0.014770470454513913,0.015283918714111173,0.00051344825959726,17477.79853620878,29863.142080072972,12385.343543864194,0.004702108263175762,0.011863796708589731,0.007161688445413969,17147.801524016715,20748.029878917572,3600.228354900857,5748.399646515637,7124.90013625671,1376.5004897410727,0.004610813380213219,0.007827348860977716,0.003216535480764497,0.0017535790326051583,0.0022158221830737897,0.00046224315046863146,0.0,0.0,0.0,0.0,0.0,0.0,0.0,0.0,0.0
0.914,0.06496153249374799,0.06513389574617741,0.0001723632524294194,0.014936493546160742,0.015414322903040909,0.00047782935688016684,14707.69849197692,28234.364456957792,13526.665964980872,0.0035204437731417653,0.01018127859133796,0.006660834818196194,14086.29357510007,21113.468410634185,7027.174835534115,7119.747644474956,6751.799764554847,367.9478799201097,0.003426371212588479,0.006787167937312368,0.0033607967247238886,0.0020356596673147,0.002228650261750585,0.00019299059443588515,0.0,0.0,0.0,0.0,0.0,0.0,0.0,0.0,0.0
0.915,0.0652350488755669,0.06540329802678672,0.00016824915121982364,0.015319179575301389,0.01582580573413705,0.000506626158835663,14669.64472940665,27550.761065637766,12881.116336231116,0.003604910984874013,0.01080092246977407,0.007196011484900056,11941.557909046636,19162.264930760175,7220.707021713539,5590.360666189021,7636.403820412035,2046.0431542230144,0.002621670116675583,0.005967858332579775,0.003346188215904192,0.0014648222798581327,0.0027043602689302113,0.0012395379890720786,0.0,0.0,0.0,0.0,0.0,0.0,0.0,0.0,0.0
0.916,0.06549875525738583,0.0656628900813794,0.00016413482399357804,0.015443180223548514,0.01598587669520127,0.0005426964716527573,10462.50518247021,22098.6156613473,11636.11047887709,0.0031808561835321293,0.008318985876841947,0.0051381296933098175,7681.707781284043,14858.975658131723,7177.26787684768,4339.603507023965,6994.925895543143,2655.3223885191783,0.002251745142685658,0.005549192846295394,0.003297447703609736,0.0012834733653543351,0.0024037771391180874,0.0011203037737637523,0.0,0.0,0.0,0.0,0.0,0.0,0.0,0.0,0.0
0.917,0.06575265163920471,0.0659126571542575,0.00016000551505278293,0.015692960927619154,0.016259018327450886,0.000566057399831732,21228.549566219728,17910.806893206944,3317.7426730127845,0.005692691865264494,0.0075882294038264846,0.0018955375385619902,19266.192903378,14249.34741282756,5016.84549055044,6658.672450518811,7777.031532032295,1118.359081513484,0.005130889503165896,0.005148291705711757,1.7402202545861722e-05,0.0020463393230357313,0.0025197329272744467,0.0004733936042387154,0.0,0.0,0.0,0.0,0.0,0.0,0.0,0.0,0.0
0.918,0.06599673802102364,0.06615262902767874,0.00015589100665509836,0.01600487035090247,0.016544206017745724,0.0005393356668432527,14367.047245501435,30195.310033220176,15828.26278771874,0.003333680230975952,0.010905316757451558,0.007571636526475606,14149.723497610512,22046.459483083756,7896.735985473244,6789.807918038778,6996.756126265675,206.9482082268978,0.003252542115943022,0.007322229972192026,0.004069687856249005,0.0018851926462422502,0.0023353993519010037,0.0004502067056587535,0.0,0.0,0.0,0.0,0.0,0.0,0.0,0.0,0.0
0.919,0.06623101440284256,0.06638279089926605,0.0001517764964234919,0.016260198440393128,0.016817248007989172,0.0005570495675960435,11822.78799678262,21670.09511491954,9847.30711813692,0.0034018907138221102,0.006922460549127151,0.0035205698353050407,10383.432053472652,15364.793654584219,4981.361601111566,4677.22608752236,6706.182662446092,2028.9565749237318,0.0028761674588157187,0.005311848446089822,0.0024356809872741036,0.0012612235725559375,0.002264772343043791,0.0010035487704878534,0.0,0.0,0.0,0.0,0.0,0.0,0.0,0.0,0.0
0.92,0.06645548078466149,0.06660314237404834,0.00014766158938685214,0.0164548995450103,0.016925567616485674,0.0004706680714753747,13745.998668998851,19463.881690968574,5717.883021969723,0.0034899295510067477,0.00832849459782542,0.004838565046818672,13216.547423464759,14998.830228521501,1782.2828050567423,5727.153838120814,7730.687587529868,2003.5337494090545,0.003382851576094734,0.005244459094311741,0.0018616075182170066,0.0017575018525161179,0.002632199867959863,0.000874698015443745,0.0,0.0,0.0,0.0,0.0,0.0,0.0,0.0,0.0
0.921,0.06667013716648042,0.06681368374938775,0.0001435465829073279,0.016750907631720442,0.01725133078555562,0.0005004231538351771,14396.525830791401,24733.79152795208,10337.265697160678,0.0037535447690980506,0.00911757738014668,0.00536403261104863,13862.736293937916,19456.43967865649,5593.703384718574,6095.723542573774,7625.335828975649,1529.6122864018753,0.003517253864465564,0.006910145567590357,0.003392891703124793,0.0018307878635835276,0.002587214817755946,0.0007564269541724183,0.0,0.0,0.0,0.0,0.0,0.0,0.0,0.0,0.0
0.922,0.06687498354829934,0.06701440285307034,0.00013941930477100184,0.016797416194522227,0.0173095767600586,0.0005121605655363723,16277.31935976818,22362.20563018856,6084.88627042038,0.0047821259842709355,0.009391717756457592,0.004609591772186656,12336.5328559589,18525.340005297727,6188.807149338827,5335.277577419471,6892.768269500936,1557.4906920814656,0.003748558753276787,0.006426636177425029,0.002678077424148242,0.0013778118462041055,0.002359721678454291,0.0009819098322501854,0.0,0.0,0.0,0.0,0.0,0.0,0.0,0.0,0.0
0.923,0.06707001993011828,0.06720532402118817,0.0001353040910698905,0.017012680145297568,0.01755694588520481,0.0005442657399072418,18778.56446659421,23246.29503938874,4467.730572794531,0.0056375025713737035,0.008846253332012574,0.0032087507606388703,14180.459752015564,17656.407787317432,3475.948035301868,4747.673851799576,7093.074884874989,2345.4010330754127,0.00435788074597342,0.006055936161120581,0.001698055415147161,0.0014660650244124839,0.00234596618832859,0.0008799011639161059,0.0,0.0,0.0,0.0,0.0,0.0,0.0,0.0,0.0
0.924,0.06725524631193723,0.06738643497023786,0.00013118865830062665,0.017245890398322045,0.017758789598029533,0.0005128991997074873,13219.419552897098,19565.410329038667,6345.990776141569,0.003492224901500089,0.007296988637908453,0.0038047637364083645,11457.894978000075,14841.770228384421,3383.875250384346,6124.27787358718,7673.236228026723,1548.9583544395437,0.00315637264042474,0.004965753284246705,0.0018093806438219651,0.0018191720526356178,0.0025592147103412695,0.0007400426577056517,0.0,0.0,0.0,0.0,0.0,0.0,0.0,0.0,0.0
0.925,0.06743066269375617,0.0675577357603626,0.00012707306660643403,0.017385194935694757,0.017860643185846542,0.00047544825015178455,16597.30922316471,26065.675577214093,9468.366354049384,0.004088605108273218,0.010488035610369244,0.0063994305020960264,16242.345697346245,15205.023548058905,1037.32214928734,5439.305324647807,6559.188564161658,1119.8832395138515,0.0040015541225800425,0.005330081731372118,0.0013285276087920753,0.001404264136443664,0.002307718455449013,0.000903454319005349,0.0,0.0,0.0,0.0,0.0,0.0,0.0,0.0,0.0
0.926,0.06759626907557512,0.06771921670834087,0.0001229476327657547,0.017598967748598534,0.018031223588682865,0.0004322558400843314,9061.37971767864,24472.314219869735,15410.934502191096,0.002701225186223775,0.009145009085697604,0.006443783899473829,7802.0896742086015,15243.505380578616,7441.415706370014,4964.877944224054,6747.408031195092,1782.5300869710381,0.002270466318157869,0.005795293013417163,0.003524826695259294,0.0013728606611982665,0.0023209804944193326,0.000948119833221066,0.0,0.0,0.0,0.0,0.0,0.0,0.0,0.0,0.0
0.927,0.06775206545739407,0.06787089753642535,0.00011883207903128079,0.017754627681459148,0.018278374193364283,0.0005237465119051349,13737.982034128492,30018.972710805614,16280.990676677122,0.00383660702644238,0.011247070109282399,0.007410463082840019,11246.063962960972,21878.02839079362,10631.964427832649,5842.421751119292,6662.2272006769435,819.8054495576516,0.0030531283339403797,0.007245070519635377,0.004191942185694998,0.0018390320510544395,0.0021791439931642892,0.0003401119421098497,0.0,0.0,0.0,0.0,0.0,0.0,0.0,0.0,0.0
0.928,0.06789805183921303,0.06801276815459714,0.00011471631538410854,0.017863648989854576,0.018325313043337753,0.00046166405348317674,10961.124316925348,19211.375843948714,8250.251527023365,0.0032048276055479307,0.0072566805505976505,0.00405185294504972,10225.183330573927,14091.588708405852,3866.405377831925,6700.667016637318,7309.306206607405,608.6391899700875,0.002893734091708876,0.005250711859290462,0.0023569777675815856,0.0018193324131105225,0.0024862660401799765,0.0006669336270694541,0.0,0.0,0.0,0.0,0.0,0.0,0.0,0.0,0.0
0.929,0.06803422822103197,0.06814482842849374,0.00011060020746177235,0.018072492714413753,0.018519295286610362,0.00044680257219660915,11161.608340579327,18460.712186253237,7299.10384567391,0.003196606296223193,0.007473414692054453,0.00427680839583126,10867.658766922614,10065.019200418219,802.6395665043947,6063.422252761336,5126.286837131365,937.1354156299703,0.0027035813103948193,0.003698754705239442,0.000995173394844623,0.001599951299211475,0.0018668169781029952,0.00026686567889152007,0.0,0.0,0.0,0.0,0.0,0.0,0.0,0.0,0.0
0.93,0.06816059460285094,0.0682670784566864,0.0001064838538354651,0.01822333966960749,0.018611413040155438,0.00038807337054794916,14608.427681997737,17369.685388571685,2761.257706573948,0.0040678759536050555,0.006623690635568275,0.0025558146819632194,13114.478421726524,12431.899582852097,682.5788388744277,5761.378383989042,6239.156755972299,477.7783719832569,0.003879690323452662,0.004371396354620223,0.0004917060311675613,0.0017414898546075535,0.0021556994239224935,0.00041420956931494004,0.0,0.0,0.0,0.0,0.0,0.0,0.0,0.0,0.0
0.931,0.0682771509846699,0.06837951169001708,0.00010236070534717923,0.018231422074417764,0.01862696683811188,0.00039554476369411604,10582.73757792953,27800.53355054326,17217.795972613727,0.0026610913688193878,0.010430145991803237,0.0077690546229838495,10170.461357445034,21083.408592549524,10912.94723510449,5522.535991408503,7519.852427853929,1997.316436445426,0.002557368310466371,0.007800203290376459,0.005242834979910089,0.00160230288720111,0.002563524203980172,0.0009612213167790619,0.0,0.0,0.0,0.0,0.0,0.0,0.0,0.0,0.0
0.932,0.06838389736648887,0.0684821416916243,9.82443251354298e-05,0.01836351766062735,0.018873868609741787,0.000510350949114436,15817.406413394667,22174.373350536334,6356.966937141668,0.0047935368426554326,0.008983790641087404,0.004190253798431971,10011.656694014411,14746.626110472947,4734.969416458536,6735.011078724465,6191.423440784755,543.5876379397096,0.0030064705754618767,0.00587898469080822,0.002872514115346343,0.0017132238896038294,0.0021534782847793523,0.0004402543951755229,0.0,0.0,0.0,0.0,0.0,0.0,0.0,0.0,0.0
0.933,0.06848083374830784,0.06857496150010585,9.412775179801214e-05,0.018368915463821824,0.018921669185312115,0.0005527537214902907,18947.423776460673,22662.197283537596,3714.773507076923,0.005803029765136493,0.008675618894407081,0.002872589129270588,11049.699065207797,16450.1447920176,5400.445726809803,6752.679211433211,5512.287633987822,1240.391577445389,0.003198771491150261,0.006616096646281562,0.003417325155131301,0.001937241177372705,0.0017976950641079134,0.00013954611326479158,0.0,0.0,0.0,0.0,0.0,0.0,0.0,0.0,0.0
0.934,0.0685679601301268,0.06865797120871737,9.001107859057944e-05,0.018548406505218686,0.018974962458894816,0.0004265559536761297,13912.900831046796,19741.9558809289,5829.055049882105,0.0034114765130702487,0.008126275859328087,0.004714799346257838,13574.972709773276,12352.79664209451,1222.1760676787653,5171.045353970524,6961.987044004961,1790.9416900344368,0.003308090030799349,0.004867155689195109,0.0015590656583957599,0.0016475578160861056,0.002358886718318347,0.0007113289022322412,0.0,0.0,0.0,0.0,0.0,0.0,0.0,0.0,0.0
0.935,0.06864527651194577,0.06873117059865679,8.589408671101639e-05,0.01867299466202596,0.019087496128576135,0.00041450146655017464,11702.84341421263,23166.081052057714,11463.237637845084,0.0033960994824526925,0.009148145054181645,0.005752045571728953,9568.950457298653,16554.90434842583,6985.953891127176,5342.027071503068,7152.836202581653,1810.8091310785849,0.0029334242871844503,0.005415578646303686,0.0024821543591192355,0.0013301956207192212,0.0024585851202015567,0.0011283894994823355,0.0,0.0,0.0,0.0,0.0,0.0,0.0,0.0,0.0
0.936,0.06871278289376474,0.06879455609161868,8.177319785393489e-05,0.018774438607722526,0.019133245798028983,0.0003588071903064573,17741.18889054308,34642.75399411096,16901.56510356788,0.005139505463325181,0.014202542541442733,0.009063037078117552,10606.049056853253,15863.957158418192,5257.908101564939,7084.437915308317,5944.298210353257,1140.1397049550606,0.002782472103001579,0.0065884978576693535,0.0038060257546677747,0.0018790769940243048,0.002104886100400366,0.00022580910637606095,0.0,0.0,0.0,0.0,0.0,0.0,0.0,0.0,0.0
0.937,0.06877047927558373,0.06884813558845854,7.765631287480479e-05,0.018753216777433107,0.01911307782507134,0.00035986104763823315,9891.194787379442,20780.393560528537,10889.198773149095,0.002626681253912435,0.008098816947194823,0.005472135693282388,9622.688605526022,14502.808456369048,4880.119850843026,6485.463473121729,6390.763080271287,94.70039285044186,0.002554476755718145,0.005425259454486119,0.0028707826987679737,0.0019429875940295415,0.002179662558532542,0.00023667496450300056,0.0,0.0,0.0,0.0,0.0,0.0,0.0,0.0,0.0
0.9380000000000001,0.0688183656574027,0.06889190490786792,7.353925046522936e-05,0.0188419246147832,0.01927398515767409,0.00043206054289088996,14822.409238377424,22899.466917683,8077.057679305575,0.00348366636277192,0.007929443578278439,0.004445777215506519,14281.376352044657,18324.56751125361,4043.191159208951,5680.756124177218,6402.327892514539,721.5717683373205,0.003445448460786007,0.006841982527845221,0.0033965340670592137,0.0015472101052208258,0.0021837510945243925,0.0006365409893035667,0.0,0.0,0.0,0.0,0.0,0.0,0.0,0.0,0.0
0.9390000000000001,0.06885644203922167,0.06892586388762381,6.942184840214027e-05,0.018806002012394518,0.019148905388402724,0.0003429033760082058,10067.948802411289,31292.680960710182,21224.732158298895,0.003008958823275849,0.012138286614582468,0.009129327791306619,9332.379663100388,15837.21369062823,6504.834027527842,6895.665878194997,6615.421489855073,280.2443883399246,0.002452844872216649,0.005658186667948996,0.003205341795732347,0.0016883926263265036,0.0023246936348740276,0.0006363010085475239,0.0,0.0,0.0,0.0,0.0,0.0,0.0,0.0,0.0
0.9400000000000001,0.06888470842104064,0.06895001126992338,6.530284888274507e-05,0.01892394451930998,0.019270598789745835,0.00034665427043585606,18552.881640879947,18995.739941487467,442.8583006075205,0.005216030526924281,0.008027501879520997,0.002811471352596716,17053.871832714754,13715.259325234587,3338.6125074801676,6820.7753077938805,6443.609451895908,377.1658558979725,0.004808641826911735,0.004671224290781934,0.00013741753612980107,0.00197725543445484,0.0022525986679021474,0.00027534323344730743,0.0,0.0,0.0,0.0,0.0,0.0,0.0,0.0,0.0
0.9410000000000001,0.06890316480285959,0.06896435045857623,6.118565571663903e-05,0.018848533557533857,0.019301103014250122,0.0004525694567162654,10487.513650897688,27284.826902382345,16797.31325148466,0.0032098366734363264,0.010984019748280466,0.00777418307484414,10417.059785626101,19972.607883728404,9555.548098102303,5596.629304423126,7020.062928479744,1423.433624056618,0.0031306287342685634,0.006735652805116702,0.003605024070848139,0.001681224443187172,0.002357717908290731,0.000676493465103559,0.0,0.0,0.0,0.0,0.0,0.0,0.0,0.0,0.0
0.9420000000000001,0.06891181118467858,0.06896887947919807,5.7068294519485585e-05,0.018894362827773164,0.019295514607590266,0.00040115177981710215,11959.983662934377,24224.279500049277,12264.2958371149,0.0028566651010649697,0.009503465928659728,0.006646800827594758,11512.590667588833,17344.100933012778,5831.510265423945,6577.542627824486,6768.06027257876,190.51764475427444,0.002817319118415544,0.006958916493398247,0.004141597374982703,0.0016691344991142639,0.002164453395120809,0.0004953188960065452,0.0,0.0,0.0,0.0,0.0,0.0,0.0,0.0,0.0
0.9430000000000001,0.06891064756649758,0.06896359805469791,5.295048820033732e-05,0.01888236104474797,0.01925655502949832,0.00037419398475034907,13611.240221598448,20062.571686914976,6451.331465316529,0.003914415361327323,0.007663969399061102,0.003749554037733779,12086.060235783423,16044.141161304542,3958.080925521119,7683.893406506071,7069.797663087746,614.0957434183256,0.0038025938962428204,0.0053337624537892845,0.0015311685575464641,0.0020101908872218895,0.0023967292147428214,0.0003865383275209319,0.0,0.0,0.0,0.0,0.0,0.0,0.0,0.0,0.0
0.9440000000000001,0.06889967394831656,0.06894850632649349,4.883237817693287e-05,0.018947600391268013,0.019332771898877367,0.000385171507609354,18274.836499017416,23875.282407051145,5600.445908033729,0.0052030453715897484,0.008754958306012067,0.003551912934422318,16500.91684314473,19564.5149632678,3063.5981201230716,4855.790012316309,7705.768875912901,2849.9788635965924,0.004618625612556995,0.006444924528080741,0.0018262989155237459,0.0015710816796850571,0.002696947600468733,0.001125865920783676,0.0,0.0,0.0,0.0,0.0,0.0,0.0,0.0,0.0
0.9450000000000001,0.06887889033013553,0.06892360594320554,4.471561307001215e-05,0.018955552077468296,0.01916390887895429,0.00020835680148599545,23208.767262620167,19796.65848631983,3412.108776300338,0.006729484128088951,0.007529034386184961,0.0007995502580960103,9074.94634647193,14883.826642289405,5808.880295817475,5696.749007964865,7472.1040739177015,1775.3550659528364,0.0027843537949361163,0.004750418273087041,0.0019660644781509247,0.0015415706861944328,0.002488461045080693,0.0009468903588862603,0.0,0.0,0.0,0.0,0.0,0.0,0.0,0.0,0.0
0.9460000000000001,0.06884829671195453,0.06888889445570354,4.059774374901015e-05,0.01897205116862667,0.01922958879219047,0.00025753762356379994,25740.60585073012,26392.791995820982,652.1861450908618,0.007302578272578993,0.01001487482533496,0.002712296552755967,9755.95132911471,17245.52946766252,7489.578138547809,7583.599335346721,7982.837351882974,399.23801653625287,0.00289897056769894,0.005959056801933173,0.0030600862342342336,0.001992298915125857,0.0025917799022886017,0.0005994809871627447,0.0,0.0,0.0,0.0,0.0,0.0,0.0,0.0,0.0
0.9470000000000001,0.06880789309377353,0.06884437262898926,3.647953521573877e-05,0.018818815152331202,0.019114220873162908,0.0002954057208317054,14182.827608130281,22001.043812313917,7818.216204183636,0.004259743872950291,0.008113590469436525,0.003853846596486234,8876.407699674286,12194.868125844558,3318.4604261702716,5768.26257841892,7707.58919497267,1939.3266165537498,0.002570286426323235,0.004645704657998524,0.002075418231675289,0.0016566235014089411,0.0026578310877241424,0.0010012075863152013,0.0,0.0,0.0,0.0,0.0,0.0,0.0,0.0,0.0
0.9480000000000001,0.0687576794755925,0.06879004049361033,3.2361018017831866e-05,0.01879152548333367,0.019042073265811196,0.000250547782477524,8536.59795075903,21334.92645361889,12798.32850285986,0.0023468743258631976,0.008413594772447488,0.00606672044658429,8526.347240649775,14447.30292215574,5920.955681505966,4310.354573623017,7940.31357303317,3629.9589994101525,0.0021194082031050715,0.005245385660682694,0.0031259774575776228,0.0012580363635082525,0.0028221081899508288,0.0015640718264425763,0.0,0.0,0.0,0.0,0.0,0.0,0.0,0.0,0.0
0.9490000000000001,0.06869765585741149,0.06872589834237174,2.824248496025028e-05,0.018642662764413058,0.019030248970514804,0.00038758620610174557,14168.507151814607,24976.138808135205,10807.631656320598,0.004092315738184033,0.010510319284054812,0.0064180035458707785,11646.43938392985,15717.734832978558,4071.295449048708,7242.386301942008,7470.6047103234205,228.2184083814127,0.003164653582010389,0.005751100874168587,0.0025864472921581978,0.001885568558578688,0.0024749141188669757,0.0005893455602882876,0.0,0.0,0.0,0.0,0.0,0.0,0.0,0.0,0.0
0.9500000000000001,0.06862782223923047,0.06865195023463479,2.4127995404313318e-05,0.0185861269359229,0.01899024763043978,0.0004041206945168789,12589.118125606843,24592.838020086514,12003.719894479671,0.0034622692950768623,0.010226555710134443,0.00676428641505758,12103.229097881018,17197.06573227749,5093.836634396472,6710.806513449741,6823.527237526509,112.72072407676842,0.003434552767711089,0.006463422665236097,0.003028869897525008,0.001953443276100098,0.0021243554623529438,0.00017091218625284567,0.0,0.0,0.0,0.0,0.0,0.0,0.0,0.0,0.0
0.9510000000000001,0.06854817862104948,0.0685681880285528,2.000940750332414e-05,0.018593226228936104,0.018831219697873044,0.0002379934689369402,7157.186259929994,19469.973652903558,12312.787392973565,0.0023321401444672376,0.007765160245940047,0.0054330201014728095,7057.542259017035,13745.692230473072,6688.149971456038,4625.007367062785,7336.90609743229,2711.898730369505,0.00217211774665543,0.004449273051091372,0.0022771553044359416,0.001416530939483635,0.002543059514253874,0.0011265285747702391,0.0,0.0,0.0,0.0,0.0,0.0,0.0,0.0,0.0
0.9520000000000001,0.06845872500286847,0.06847461544941118,1.58904465427101e-05,0.018473297873879843,0.018812047229167815,0.00033874935528797195,8881.126445626545,18729.213897571004,9848.087451944459,0.002406119179562809,0.007681620121176945,0.005275500941614136,8809.221907244088,13531.192232099052,4721.970324854965,5166.693728511838,7741.51101569398,2574.8172871821416,0.0023236595793743307,0.004554692568804613,0.002231032989430282,0.0013429322829924832,0.002684686552655308,0.001341754269662825,0.0,0.0,0.0,0.0,0.0,0.0,0.0,0.0,0.0
0.9530000000000001,0.06835946138468744,0.06837123286272936,1.1771478041919248e-05,0.01837692684352201,0.018640560222394558,0.00026363337887254715,14406.598010013115,19539.482108133572,5132.884098120458,0.003974813715566286,0.008657395377088964,0.0046825816615226785,14326.056038647446,13144.762384832527,1181.2936538149188,7062.091651865774,7061.715684799528,0.37596706624572107,0.0039660168280840095,0.005410822053430907,0.0014448052253468978,0.0018697134281824813,0.0023084634115330665,0.0004387499833505852,0.0,0.0,0.0,0.0,0.0,0.0,0.0,0.0,0.0
0.9540000000000001,0.06825038776650647,0.06825804665073237,7.658884225908436e-06,0.018314373051421803,0.018540954662216103,0.00022658161079430056,8710.47047396533,27561.292790358235,18850.822316392907,0.0025685843189473755,0.010621944340350914,0.008053360021403538,8385.72456123866,20289.721680216084,11903.997118977424,5691.163242356638,6476.387157269653,785.2239149130146,0.002400356715892827,0.007547454421364249,0.005147097705471422,0.0016325277193200744,0.0022713410727365716,0.0006388133534164973,0.0,0.0,0.0,0.0,0.0,0.0,0.0,0.0,0.0
0.9550000000000001,0.06813150414832544,0.06813504424780567,3.5400994802259333e-06,0.018117480445856423,0.018429542344025794,0.0003120618981693711,8834.64342071948,16710.673441167368,7876.030020447888,0.002549522344217576,0.006456440911580213,0.003906918567362637,8677.841863798008,13359.408669763088,4681.56680596508,5091.155407981182,7222.320940170335,2131.165532189153,0.002444472816627326,0.005178922344670321,0.0027344495280429947,0.0013908955841470158,0.002517232625999637,0.0011263370418526212,0.0,0.0,0.0,0.0,0.0,0.0,0.0,0.0,0.0
0.9560000000000001,0.06800281053014445,0.06800223145278858,5.790773558722595e-07,0.01801128886412226,0.018227963585577992,0.000216674721455732,11969.025630357924,27063.78785858221,15094.762228224286,0.0035310393847857832,0.010566676911249238,0.007035637526463455,10297.995799880582,13757.524630001793,3459.5288301212113,6824.690735881393,7392.963640575386,568.272904693993,0.0030141919815929326,0.0050946960822574,0.002080504100664467,0.0018057361475369094,0.0025096651887449666,0.0007039290412080572,0.0,0.0,0.0,0.0,0.0,0.0,0.0,0.0,0.0
0.9570000000000001,0.06786430691196346,0.0678596084237103,4.698488253157551e-06,0.017894120198810693,0.01809945022491145,0.00020533002610075707,15008.69807874871,24706.887702541448,9698.189623792738,0.004449451182117944,0.010275121444934452,0.005825670262816508,11312.605194130681,17728.994196408643,6416.3890022779615,5990.757779003707,6165.566143275061,174.80836427135455,0.002817082476901314,0.006298237470992875,0.003481154994091561,0.0016625052774872633,0.0020632205105423013,0.000400715233055038,0.0,0.0,0.0,0.0,0.0,0.0,0.0,0.0,0.0
0.9580000000000001,0.06771599329378247,0.06770717516501602,8.818128766449607e-06,0.017556808072022527,0.018008423377050928,0.0004516153050284008,29169.91067305998,22552.409375686228,6617.501297373754,0.007922641413238644,0.008811083124509978,0.0008884417112713337,13917.263872694302,12456.83460826917,1460.4292644251327,4655.44900768842,4975.178377193939,319.72936950551866,0.003519899297313851,0.004472444810740915,0.0009525455134270643,0.0013217065042544517,0.0017497943545640557,0.00042808785030960393,0.0,0.0,0.0,0.0,0.0,0.0,0.0,0.0,0.0
0.9590000000000001,0.06755786967560148,0.06754494125010566,1.29284254958284e-05,0.017505290176055743,0.01785924018619994,0.0003539500101441967,22660.250684609848,23641.325774796478,981.0750901866304,0.006641995999723222,0.009972490434823157,0.003330494435099935,12863.679856179595,17896.366736179145,5032.68687999955,6695.9192057227165,6823.164058344566,127.24485262184953,0.0036754451873963864,0.0070675925930799525,0.003392147405683566,0.0017947637583803392,0.0022668778233084943,0.0004721140649281551,0.0,0.0,0.0,0.0,0.0,0.0,0.0,0.0,0.0
0.9600000000000001,0.06738993605742051,0.06737288819776686,1.704785965364608e-05,0.017348468800064392,0.017677096503309096,0.00032862770324470353,17058.267408491767,19945.327392939005,2887.059984447238,0.005024873271021081,0.007626701408479118,0.0026018281374580376,15375.867892566212,13494.871228474076,1880.9966640921357,6930.817554647266,6782.0971832402365,148.72037140702923,0.004456784645139081,0.005271607267283154,0.000814822622144073,0.001932685304805059,0.00225127071947084,0.00031858541466578123,0.0,0.0,0.0,0.0,0.0,0.0,0.0,0.0,0.0
0.9610000000000001,0.0672121924392395,0.0671910246181854,2.1167821054102198e-05,0.017188389689145597,0.017483332044371393,0.0002949423552257961,11951.031618635365,20699.45054517837,8748.418926543005,0.002713601616918565,0.0080324950111271,0.0053188933942085355,11488.206913106758,13014.028311457143,1525.8213983503847,6846.896721037818,4501.297622751668,2345.5990982861495,0.002625351549013034,0.004905149603323354,0.00227979805431032,0.0018645555755715706,0.0015641035740249012,0.00030045200154666936,0.0,0.0,0.0,0.0,0.0,0.0,0.0,0.0,0.0
0.9620000000000001,0.06702463882105852,0.06699935074304651,2.5288078012011828e-05,0.017085764314808672,0.017247504528961264,0.000161740214152592,19321.38943510193,24839.583480749527,5518.194045647597,0.004857377771123968,0.00995848171411277,0.0051011039429888026,19147.039073717864,16927.05591957935,2219.983154138514,6514.09816582131,5316.14936376866,1197.9488020526505,0.004702765454751634,0.006734399397131151,0.002031633942379517,0.0017028990565296318,0.0017938286261488172,9.092956961918538e-05,0.0,0.0,0.0,0.0,0.0,0.0,0.0,0.0,0.0
0.9630000000000001,0.06682727520287754,0.06679786692494748,2.940827793006251e-05,0.016840020031314226,0.01709014416933631,0.0002501241380220842,12758.038952670855,19437.877283963695,6679.83833129284,0.0036747787190306936,0.007739126118317143,0.00406434739928645,11414.424052323868,15118.419629020847,3703.9955766969797,6364.273730001354,7253.412245445804,889.1385154444497,0.003382442056314835,0.005520681852643187,0.0021382397963283523,0.0017122232699313292,0.002412250792482041,0.0007000275225507117,0.0,0.0,0.0,0.0,0.0,0.0,0.0,0.0,0.0
0.9640000000000001,0.06662010158469658,0.0665865852237576,3.351636093898436e-05,0.01646687555514721,0.016837452252834374,0.0003705766976871659,18802.941524026563,17688.924430686562,1114.0170933400004,0.005378159042348402,0.007186782138281804,0.0018086230959334015,10737.257446354311,11649.616532836919,912.3590864826074,6540.025710504668,6967.8121472963585,427.7864367916909,0.0027677954462627464,0.004398774926580697,0.0016309794803179506,0.0018178356637309438,0.0024045385589801477,0.0005867028952492039,0.0,0.0,0.0,0.0,0.0,0.0,0.0,0.0,0.0
0.9650000000000001,0.06640311796651562,0.066365481251078,3.7636715437619483e-05,0.01646694423750665,0.016631789149230084,0.00016484491172343366,13992.296568052705,24855.71540922406,10863.418841171355,0.00356223440907152,0.009494538322002664,0.005932303912931144,13525.887014658583,11270.896644970233,2254.9903696883503,7024.444119220109,5730.345840923138,1294.0982782969713,0.0033971986074624637,0.0045822314219151,0.0011850328144526363,0.0018521941533764653,0.001945099734220699,9.290558084423372e-05,0.0,0.0,0.0,0.0,0.0,0.0,0.0,0.0,0.0
0.9660000000000001,0.06617632434833466,0.0661345670111693,4.175733716535457e-05,0.016125929310641864,0.016372272204648063,0.000246342894006199,19603.147838363064,24413.484967775275,4810.337129412212,0.0050104158489843965,0.009151654382942017,0.0041412385339576205,19344.83863912901,14109.297653097956,5235.540986031056,6414.452887008257,7155.898978965718,741.4460919574612,0.004917290158430631,0.004948441898570087,3.1151740139455895e-05,0.001767675512100769,0.002271846812471519,0.0005041713003707501,0.0,0.0,0.0,0.0,0.0,0.0,0.0,0.0,0.0
0.9670000000000001,0.06593972073015368,0.06589384259085757,4.5878139296115505e-05,0.015931382938479104,0.016205589961526195,0.00027420702304709055,9997.010262616985,28642.82610972169,18645.815847104706,0.0028486157249735006,0.01154460007119411,0.00869598434622061,9905.133213291741,18959.369369827902,9054.23615653616,5791.594230659406,7579.098551336976,1787.50432067757,0.00239351622082723,0.007671043748634578,0.005277527527807348,0.0015792937519223213,0.002494403310355077,0.0009151095584327559,0.0,0.0,0.0,0.0,0.0,0.0,0.0,0.0,0.0
0.9680000000000001,0.06569330711197274,0.06564332297295629,4.998413901645404e-05,0.01573821055196817,0.015925555308869875,0.00018734475690170352,19154.004370047707,25245.593100050897,6091.58873000319,0.005012040775032873,0.009163281166057203,0.004151240391024331,18360.08223912928,18040.478861572195,319.60337755708315,5975.692592909053,6790.43109730663,814.7385043975773,0.00487492921651595,0.00653064014327911,0.0016557109267631596,0.0016011479630692563,0.0024470862835748834,0.0008459383205056271,0.0,0.0,0.0,0.0,0.0,0.0,0.0,0.0,0.0
0.9690000000000001,0.06543708349379179,0.06538297841545337,5.410507833841782e-05,0.015394253541580263,0.015681202750369844,0.000286949208789581,16247.24701357322,20275.769600912954,4028.522587339734,0.0038646932135175892,0.008282027688863955,0.004417334475346365,15716.796263616961,14293.825361961182,1422.970901655779,7458.40898637799,7108.255655877721,350.15333050026857,0.003825045066140002,0.004505044284571181,0.0006799992184311787,0.0019874201017607293,0.0023500265281306445,0.0003626064263699152,0.0,0.0,0.0,0.0,0.0,0.0,0.0,0.0,0.0
0.9700000000000001,0.06517104987561084,0.06511282385052686,5.8226025083985e-05,0.01513399057921654,0.015333315539799572,0.00019932496058303224,19833.88100991419,22445.897443907987,2612.0164339937983,0.005662842747061891,0.009173695640327448,0.003510852893265557,9605.059365993677,16464.80639624159,6859.747030247914,5794.311136763863,7911.4595412151875,2117.1484044513245,0.0028010373330766354,0.006222652692723836,0.0034216153596472007,0.001690840217913729,0.002423118705813651,0.0007322784878999221,0.0,0.0,0.0,0.0,0.0,0.0,0.0,0.0,0.0
0.9710000000000001,0.0648952062574299,0.06483285882199893,6.234743543095944e-05,0.01505214047295731,0.015133029104725977,8.088863176866634e-05,18782.466430626766,17633.834402597782,1148.6320280289838,0.005070135573124513,0.007253690402263955,0.002183554829139442,17562.73224705773,12831.056305877548,4731.675941180183,5992.989537357704,6958.449076691286,965.4595393335821,0.004244831881559701,0.0044403869332513375,0.00019555505169163625,0.0016269099233919954,0.0023939083619839282,0.0007669984385919328,0.0,0.0,0.0,0.0,0.0,0.0,0.0,0.0,0.0
0.9720000000000001,0.06460955263924899,0.06454308368621894,6.646895303004385e-05,0.014557597440855101,0.014781567490366031,0.0002239700495109305,17094.873593957134,23953.224282624396,6858.350688667262,0.0043348279500869235,0.008503355095696868,0.004168527145609944,17000.725619170113,15889.8310690021,1110.8945501680118,6427.674817667418,7712.403074334833,1284.7282566674148,0.004249276587589616,0.0062825345326333205,0.002033257945043705,0.0016856220848640861,0.002796380838798532,0.001110758753934446,0.0,0.0,0.0,0.0,0.0,0.0,0.0,0.0,0.0
0.9730000000000001,0.06431408902106805,0.06424351623369948,7.057278736857797e-05,0.014371235964828023,0.014547978771799417,0.00017674280697139479,16307.673356975836,24379.138382852077,8071.465025876241,0.0047442915747118695,0.010497299320125594,0.005753007745413725,8999.375919798103,15912.351865112549,6912.975945314445,5346.333427390243,8150.423737107837,2804.090309717594,0.00282033620734501,0.005785064165304227,0.002964727957959217,0.0015652027450880508,0.0026615512911548843,0.0010963485460668335,0.0,0.0,0.0,0.0,0.0,0.0,0.0,0.0,0.0
0.9740000000000001,0.06400881540288712,0.06393412125380575,7.46941490813724e-05,0.014070891639912845,0.014171504598025877,0.00010061295811303154,10743.308156100455,17725.312799072664,6982.00464297221,0.0025681086866089875,0.006991706551620715,0.004423597865011727,10719.711582786034,13871.132668008815,3151.4210852227807,6559.990646832515,7343.16601904973,783.1753722172143,0.002425036873273627,0.004577899115313497,0.0021528622420398705,0.0018156703328365735,0.0023322477429283837,0.0005165774100918102,0.0,0.0,0.0,0.0,0.0,0.0,0.0,0.0,0.0
0.9750000000000001,0.0636937317847062,0.06361491620804803,7.881557665817551e-05,0.01363111419364136,0.013880331409689231,0.0002492172160478718,21670.974864423184,21350.322411571047,320.6524528521368,0.005133896834755456,0.00871814756484561,0.003584250730090154,20971.868985937486,14487.823697011125,6484.0452889263615,6823.81603884411,6980.177634113794,156.36159526968368,0.005119230196329792,0.0055659531136864,0.0004467229173566083,0.0017352024549879505,0.002477970746834371,0.0007427682918464207,0.0,0.0,0.0,0.0,0.0,0.0,0.0,0.0,0.0
0.9760000000000001,0.06336883816652532,0.06328590064680682,8.293751971849561e-05,0.013434809877980066,0.013549299979043038,0.0001144901010629723,12988.827690519498,19738.391798234912,6749.564107715414,0.0035683146838476807,0.0074921485128373565,0.003923833828989675,10468.387935441264,16012.103833059193,5543.715897617929,5250.216197528066,7925.034966564943,2674.818769036877,0.0027409597960882104,0.005510775611932409,0.0027698158158441987,0.001498854206481937,0.002861595574633228,0.001362741368151291,0.0,0.0,0.0,0.0,0.0,0.0,0.0,0.0,0.0
0.9770000000000001,0.06303413454834442,0.06294709513995334,8.703940839108193e-05,0.013133004213829123,0.013258039162742784,0.00012503494891366075,13395.665595403532,26158.08546892921,12762.419873525678,0.0037983313979757204,0.009954094880531878,0.006155763482556158,8319.470405444543,16312.813080540305,7993.342675095762,4914.132291660008,7895.095438565433,2980.9631469054248,0.00244215417371088,0.005802689212614804,0.003360535038903924,0.0015594187910606557,0.002604051237237719,0.0010446324461770634,0.0,0.0,0.0,0.0,0.0,0.0,0.0,0.0,0.0
0.9780000000000001,0.0626896209301635,0.06259845995351028,9.116097665322342e-05,0.01260965399888006,0.012784535876750006,0.00017488187786994513,12771.908991096252,23712.37116528829,10940.462174192036,0.003559898720591722,0.008969682333194843,0.005409783612603121,12494.0451086851,15402.166365481215,2908.121256796114,7863.543305492606,6394.704995580312,1468.8383099122939,0.0033106254254726152,0.004646794635049548,0.0013361692095769325,0.002051120466622868,0.0020740192892086083,2.2898822585740337e-05,0.0,0.0,0.0,0.0,0.0,0.0,0.0,0.0,0.0
0.9790000000000001,0.06233529731198265,0.06224001435436529,9.52829576173625e-05,0.012400333834344204,0.012498250790284693,9.79169559404882e-05,20806.36003855944,27729.149557891113,6922.789519331673,0.005036116696800467,0.01081569885597089,0.005779582159170423,20247.1693459527,16378.586005205565,3868.5833407471364,6278.8272278484465,6789.6919612712145,510.86473342276804,0.004964169450455469,0.006624639114127546,0.0016604696636720769,0.001635221808429034,0.0024237930832878146,0.0007885712748587805,0.0,0.0,0.0,0.0,0.0,0.0,0.0,0.0,0.0
0.9800000000000001,0.06197116369380179,0.06187175840551038,9.940528829140843e-05,0.011959025620658146,0.012088923363914912,0.0001298977432567655,11127.293999913696,33345.81466823163,22218.520668317935,0.0032989399993567712,0.01430758850441003,0.011008648505053259,9851.178107332022,22613.560101829076,12762.381994497055,3756.8001021188006,6665.096222300382,2908.296120181581,0.002888251851585615,0.008778854686825266,0.005890602835239651,0.0012367964794459676,0.002325177384851273,0.0010883809054053055,0.0,0.0,0.0,0.0,0.0,0.0,0.0,0.0,0.0
0.9810000000000001,0.06159722007562091,0.061493692562068034,0.00010352751355287987,0.011482275165605864,0.011757218110933752,0.0002749429453278874,18119.176843866484,20202.408514033683,2083.231670167199,0.004927325327014014,0.008788201713173219,0.0038608763861592054,16888.09642731451,15721.9002473923,1166.1961799222117,6093.404869665224,6222.588416609647,129.18354694442223,0.004699360847239748,0.005181272239410924,0.0004819113921711764,0.0017110201131471934,0.0020562329019776166,0.0003452127888304232,0.0,0.0,0.0,0.0,0.0,0.0,0.0,0.0,0.0
0.9820000000000001,0.06121346645744007,0.061105839177997404,0.00010762727944266942,0.011306546246046267,0.011407393170469933,0.00010084692442366601,17020.83064286811,28328.87122122837,11308.040578360262,0.004225377509578151,0.01060259898189698,0.006377221472318829,16531.09143490476,14981.02269476695,1550.068740137809,7938.3867184901455,5825.394039884812,2112.992678605334,0.003984824869544776,0.005087460059400719,0.0011026351898559428,0.0020753633500433617,0.001967334015382563,0.00010802933466079858,0.0,0.0,0.0,0.0,0.0,0.0,0.0,0.0,0.0
0.9830000000000001,0.060819902839259234,0.060708153247806325,0.00011174959145290875,0.010792474371991514,0.010958030058935959,0.0001655556869444453,25795.501731913588,26896.785835730843,1101.2841038172555,0.007173330819910715,0.01097706819042219,0.0038037373705114745,12451.564608871038,16344.8557849102,3893.2911760391617,4165.510469173649,6419.237541821781,2253.727072648132,0.003500942860018822,0.0062444741536173765,0.0027435312935985543,0.00126361940739561,0.00225084358057029,0.00098722417317468,0.0,0.0,0.0,0.0,0.0,0.0,0.0,0.0,0.0
0.9840000000000001,0.060416529221078395,0.0603006573305447,0.00011587189053369196,0.010355980014825164,0.010542446551143244,0.00018646653631807994,22469.96480910542,17116.06619478098,5353.89861432444,0.006219361973559167,0.007118503321880826,0.0008991413483216588,11459.305140361073,13272.318438468477,1813.013298107404,4674.149649203514,6193.600695331248,1519.4510461277341,0.00302594225074261,0.005382562785320233,0.002356620534577623,0.0014348206882380012,0.0020483690540860156,0.0006135483658480144,0.0,0.0,0.0,0.0,0.0,0.0,0.0,0.0,0.0
0.9850000000000001,0.06000334560289758,0.05988335085307705,0.00011999474982053032,0.010071408764785341,0.01019626797453064,0.000124859209745299,17676.350809698568,25276.179076399923,7599.8282667013555,0.004679941916895758,0.010090935616030179,0.005410993699134421,17603.898792676264,18209.38823564018,605.4894429639171,6843.990110437484,5624.723026049149,1219.2670843883352,0.004671566644827285,0.005539470681093009,0.000867904036265724,0.0017972696824635486,0.0019268711207779123,0.00012960143831436378,0.0,0.0,0.0,0.0,0.0,0.0,0.0,0.0,0.0
0.9860000000000001,0.059580351984716784,0.059456233895607356,0.00012411808910942762,0.009553067941501165,0.009708209198738904,0.00015514125723773906,11221.15160622099,22771.573212217667,11550.421605996677,0.0028364158112906893,0.009811367160109418,0.006974951348818729,10706.584574129522,14034.387125461479,3327.802551331957,6671.366310994657,5542.758836056085,1128.6074749385725,0.002544158934333423,0.005098072792403166,0.002553913858069743,0.0017719591065313278,0.0019574414059411243,0.0001854822994097965,0.0,0.0,0.0,0.0,0.0,0.0,0.0,0.0,0.0
0.9870000000000001,0.059147548366536,0.059019332793085647,0.00012821557345035067,0.009122927443682474,0.009222298743726097,9.937130004362277e-05,9028.202358124678,20381.05013370137,11352.847775576693,0.002749885460373638,0.008143262447630228,0.00539337698725659,8701.775523897784,14199.338197717401,5497.562673819617,5644.086695979706,5765.3025360171605,121.21584003745465,0.002381071812213343,0.005578677443147943,0.0031976056309345998,0.0016614359678749425,0.0020671487573898635,0.000405712789514921,0.0,0.0,0.0,0.0,0.0,0.0,0.0,0.0,0.0
0.9880000000000001,0.05870493474835522,0.058572596449142436,0.00013233829921278223,0.008846360999299785,0.008808475119068399,3.78858802313857e-05,17637.555900300667,25605.716044764406,7968.160144463738,0.004402400917687478,0.010766922960914256,0.006364522043226778,17408.903334780432,16281.053686366822,1127.8496484136103,7205.372818246424,7065.764981918734,139.60783632769017,0.004191637870458654,0.006239774023526869,0.002048136153068215,0.001966432362563274,0.0023907914920712294,0.0004243591295079556,0.0,0.0,0.0,0.0,0.0,0.0,0.0,0.0,0.0
0.9890000000000001,0.058252511130174434,0.05811604997329424,0.00013646115688019378,0.00811540782421234,0.008284364341096131,0.0001689565168837906,20166.20214285453,29140.874621467145,8974.672478612614,0.005043104827048628,0.011130701879305475,0.0060875970522568474,17205.580140188147,14239.398423843748,2966.1817163443993,6312.941205603642,5595.090836581457,717.8503690221851,0.004065945218171807,0.004599238144241136,0.0005332929260693292,0.001612313324779688,0.0018631397877931413,0.0002508264630134533,0.0,0.0,0.0,0.0,0.0,0.0,0.0,0.0,0.0
0.9900000000000001,0.0577902775119937,0.05764969304982133,0.00014058446217236897,0.007733742928884832,0.007946878706427282,0.00021313577754245028,18272.277222841873,22226.867816152593,3954.5905933107206,0.00559113889640237,0.007613938960676804,0.0020228000642744347,10767.37763276891,12024.246758308427,1256.869125539517,5520.710632710364,5200.429802619145,320.2808300912184,0.0025256404399700907,0.0040390740024267985,0.0015134335624567077,0.0015350754317153806,0.0018045516680894969,0.0002694762363741163,0.0,0.0,0.0,0.0,0.0,0.0,0.0,0.0,0.0
0.9910000000000001,0.057318233893812964,0.057173554020599884,0.00014467987321307996,0.007327058910244644,0.007461999489676717,0.0001349405794320727,14336.287366860935,17353.242168798315,3016.9548019373797,0.003605298665330898,0.006766328620601124,0.003161029955270226,13847.643478418835,14996.181183527115,1148.5377051082796,7633.382059181453,6461.907229345534,1171.474829835919,0.0035590668530245586,0.005307543010356745,0.001748476157332186,0.002107963700705101,0.0022788580322694865,0.00017089433156438532,0.0,0.0,0.0,0.0,0.0,0.0,0.0,0.0,0.0
0.9920000000000001,0.05683638027563225,0.05668757688873859,0.0001488033868936589,0.006812603933074576,0.006938208339908943,0.00012560440683436706,16640.890648723656,15596.098702338653,1044.791946385003,0.004139727898915162,0.006118257302788981,0.0019785294038738186,15671.754861709433,14401.906304955037,1269.8485567543958,7966.423711120793,7070.804402197492,895.6193089233011,0.003957630588455271,0.005209869000097996,0.0012522384116427253,0.002105588671256058,0.0023901215185837283,0.00028453284732767037,0.0,0.0,0.0,0.0,0.0,0.0,0.0,0.0,0.0
0.9930000000000001,0.05634471665745154,0.05619178946988945,0.000152927187562088,0.006411889449298748,0.006435809773514376,2.3920324215627627e-05,19416.702261612027,17562.683676454635,1854.0185851573915,0.005559010584750028,0.007232540844415417,0.0016735302596653885,14256.536126819097,14136.14488772726,120.39123909183763,6061.181293421661,6436.882956992201,375.7016635705395,0.0034435615799263673,0.004874007198173934,0.001430445618247567,0.0016465651137926136,0.002146452461364413,0.0004998873475717993,0.0,0.0,0.0,0.0,0.0,0.0,0.0,0.0,0.0
0.9940000000000001,0.05584324303927084,0.05568619209122823,0.00015705094804260855,0.005969487878859156,0.005979499628595604,1.0011749736447279e-05,18504.166034313843,20020.829460773082,1516.6634264592394,0.0048948082509142525,0.0075600245338794,0.0026652162829651476,15260.676283322035,13742.195012067024,1518.4812712550101,6770.284695756757,5622.868577909634,1147.4161178471231,0.004504042812370718,0.00437093827345577,0.00013310453891494847,0.0017961684677299796,0.0018775267477919436,8.135828006196398e-05,0.0,0.0,0.0,0.0,0.0,0.0,0.0,0.0,0.0
0.9950000000000001,0.05533195942109018,0.05517078440200096,0.00016117501908921583,0.005201839501725277,0.005353740019549413,0.00015190051782413595,16868.297835638936,26815.23297412292,9946.935138483983,0.004336669129797858,0.010020823338910679,0.005684154209112821,16721.97199847742,19750.871664379993,3028.8996659025725,7814.751839261273,7572.783607736102,241.96823152517118,0.004189425385655365,0.007448932006564534,0.0032595066209091684,0.002066039425376747,0.002636744654753419,0.0005707052293766721,0.0,0.0,0.0,0.0,0.0,0.0,0.0,0.0,0.0
0.9960000000000001,0.05481086580290951,0.05464559796906334,0.0001652678338461694,0.0048486192802561275,0.00492729264290846,7.867336265233223e-05,17144.613091949264,26433.96838418836,9289.355292239095,0.004678416988398249,0.010040492999473426,0.005362076011075177,14570.573164649988,16932.900944306457,2362.327779656469,6817.216059268784,8116.342328385955,1299.1262691171705,0.003809614075976317,0.006420160259199852,0.002610546183223535,0.0018013423858346698,0.002863507050309618,0.0010621646644749481,0.0,0.0,0.0,0.0,0.0,0.0,0.0,0.0,0.0
0.9970000000000001,0.054279962184728886,0.05411057075423367,0.00016939143049521377,0.004245847785832778,0.004292672697899309,4.6824912066530805e-05,12815.216232924045,26269.1977551065,13453.981522182454,0.0037563008543024658,0.00915617001508909,0.0053998691607866234,11144.638125395193,17770.022905643757,6625.384780248563,7010.70764975266,7034.579421257678,23.87177150501884,0.0033428654432193813,0.006828829599367633,0.0034859641561482513,0.0019560060402782613,0.00242755444967994,0.0004715484094016788,0.0,0.0,0.0,0.0,0.0,0.0,0.0,0.0,0.0
0.9980000000000001,0.053739248566548284,0.053565731595399936,0.0001735169711483478,0.003653197952488703,0.0037977287806123107,0.0001445308281236078,17312.96765404828,21289.775884632978,3976.8082305846983,0.004793057170376583,0.0077676691488090775,0.002974611978432494,17226.75639073316,18810.414888014013,1583.6584972808523,7433.13386649638,7357.279529524242,75.85433697213739,0.004637895838146055,0.006154594537448658,0.0015166986993026032,0.001996615255938582,0.002416909665956879,0.00042029441001829697,0.0,0.0,0.0,0.0,0.0,0.0,0.0,0.0,0.0
0.9990000000000001,0.053188724948367676,0.05301108301220438,0.00017764193616329887,0.0031943776041614205,0.003293820641196888,9.944303703546742e-05,15484.490689105396,21121.82408967085,5637.333400565452,0.003620789651305304,0.007324871966215308,0.0037040823149100035,15148.81701637074,15779.069500948573,630.2524845778335,6124.352420254738,7983.681561524732,1859.3291412699946,0.003543699821084567,0.005161725540167487,0.0016180257190829199,0.001557481402031968,0.0026735280186351634,0.0011160466166031955,0.0,0.0,0.0,0.0,0.0,0.0,0.0,0.0,0.0
1.0,0.052628391330187096,0.05244667451975418,0.00018171681043291366,0.002631089150355516,0.0027436809611666667,0.00011259181081115085,10900.954468921245,21501.05907,10600.104601078754,0.003058435331023624,0.008496781353,0.005438346021976376,10611.167763043328,14914.956794,4303.789030956672,6314.490248978671,7150.634674912552,836.1444259338814,0.0029544089264011337,0.005901003901899998,0.0029465949754988647,0.0016844308206962475,0.0026122679217871372,0.0009278371010908897,0.0,0.0,0.0,0.0,0.0,0.0,0.0,0.0,0.0
