time,sfc_z_cm,abaqus_z_cm,z_cm_abs_error,sfc_min_gap,abaqus_min_gap,min_gap_abs_error,sfc_max_von_mises,abaqus_max_von_mises,von_mises_abs_error,sfc_max_strain_norm,abaqus_max_strain_norm,strain_norm_abs_error,sfc_p95_von_mises,abaqus_p95_von_mises,p95_von_mises_abs_error,sfc_volume_mean_von_mises,abaqus_volume_mean_von_mises,volume_mean_von_mises_abs_error,sfc_p95_strain_norm,abaqus_p95_strain_norm,p95_strain_norm_abs_error,sfc_volume_mean_strain_norm,abaqus_volume_mean_strain_norm,volume_mean_strain_norm_abs_error,sfc_normal_force_z,abaqus_normal_force_z,normal_force_z_abs_error,sfc_contact_energy,abaqus_contact_energy,contact_energy_abs_error,sfc_active_contact_area,abaqus_active_contact_area,active_contact_area_abs_error
0.0,0.06999999999999763,0.06999999913677948,8.632181497381097e-10,0.02,0.020567902673333333,0.0005679026733333321,0.0,0.0,0.0,0.0,4.66150362e-06,4.66150362e-06,0.0,0.0,0.0,0.0,0.0,0.0,0.0,2.694119335e-06,2.694119335e-06,0.0,8.385284641264311e-07,8.385284641264311e-07,0.0,0.0,0.0,0.0,0.0,0.0,0.0,0.0,0.0
0.001,0.06999509499999765,0.06999506960984132,2.5390156324633928e-08,0.019995095,0.020562973150793976,0.0005678781507939754,4.452763776915415e-11,0.0038401566193544093,0.0038401565748267716,1.3263786078213843e-18,5.774576447197195e-06,5.774576447195868e-06,2.653299329401476e-11,0.002090441005403479,0.002090440978870486,1.3288460545980051e-11,0.0010362766020563209,0.0010362765887678602,7.656610318036267e-19,2.7030172193526953e-06,2.7030172193519296e-06,3.7358252475983553e-19,8.311990575892537e-07,8.311990575888801e-07,0.0,0.0,0.0,0.0,0.0,0.0,0.0,0.0,0.0
0.002,0.0699803799999977,0.0699803547403655,2.525963220534333e-08,0.01998038,0.020548258278748843,0.0005678782787488443,2.749609733271312e-10,0.01399558440321431,0.013995584128253335,8.231647941384507e-18,4.89616643338471e-06,4.8961664333764785e-06,1.301232436741216e-10,0.0077161880709528214,0.007716187940829578,4.9481637283460315e-11,0.003489268344857294,0.003489268295375657,3.733771234293378e-18,2.9361694155957188e-06,2.936169415591985e-06,1.3782885439515757e-18,8.12201558004133e-07,8.122015580027546e-07,0.0,0.0,0.0,0.0,0.0,0.0,0.0,0.0,0.0
0.003,0.06995585499999765,0.06995585414944101,8.505566390093477e-10,0.019955855,0.02052375769064018,0.0005679026906401791,5.736707285865417e-10,0.03260260198368088,0.03260260141001015,1.6858980028582548e-17,5.323381538687101e-06,5.323381538670241e-06,3.53444186345478e-10,0.017018601837441204,0.017018601483997017,1.2581589613788405e-10,0.007782919215732438,0.007782919089916542,1.0170444703099257e-17,3.3717328089154235e-06,3.371732808905253e-06,3.499853250827784e-18,8.462920408679542e-07,8.462920408644544e-07,0.0,0.0,0.0,0.0,0.0,0.0,0.0,0.0,0.0
0.004,0.06992151999999766,0.06992149458812433,2.541187332782968e-08,0.01992152,0.02048939811770213,0.0005678781177021301,1.9419327138884053e-09,0.05868091340626951,0.0586809114643368,5.598722180492422e-17,4.740111085616715e-06,4.740111085560728e-06,7.810882860612912e-10,0.031816375208989424,0.03181637442790114,2.382883376950033e-10,0.014231619287566062,0.014231619049277725,2.277594777401842e-17,2.5453869032029036e-06,2.5453869031801277e-06,6.651405135436573e-18,8.0110767890393e-07,8.011076788972786e-07,0.0,0.0,0.0,0.0,0.0,0.0,0.0,0.0,0.0
0.005,0.06987737499999767,0.06987734954634378,2.5453653892948402e-08,0.019877375000000003,0.020445253077520403,0.0005678780775204006,1.947415788253301e-09,0.08988920697204641,0.08988920502463063,5.755778589198526e-17,6.130716578991364e-06,6.130716578933807e-06,1.0054811442719855e-09,0.04851916053889785,0.048519159533416706,4.2362690689034854e-10,0.02180994675148769,0.021809946327860784,2.8461453230606425e-17,2.6173857414561276e-06,2.617385741427666e-06,1.1640583294127279e-17,8.37812381789856e-07,8.378123817782154e-07,0.0,0.0,0.0,0.0,0.0,0.0,0.0,0.0,0.0
0.006,0.06982341999999771,0.069823418720297,1.279700706513509e-09,0.019823420000000005,0.02039132225281526,0.0005679022528152569,3.6679760395351875e-09,0.1304062179844405,0.13040621431646446,1.0966926328545928e-16,5.749543565346642e-06,5.749543565236972e-06,1.6147253338702862e-09,0.07048476091802798,0.07048475930330264,6.905516280760264e-10,0.03133970907327835,0.03133970838272672,4.6174902118311406e-17,3.3712225797068404e-06,3.3712225796606657e-06,1.9618792460529438e-17,8.730498547706445e-07,8.730498547510257e-07,0.0,0.0,0.0,0.0,0.0,0.0,0.0,0.0,0.0
0.007,0.06975965499999769,0.0697596289224183,2.6077579387551175e-08,0.019759655000000008,0.02032753245037404,0.0005678774503740311,4.367073396960509e-09,0.1759437797196823,0.1759437753526089,1.3043255125121777e-16,6.067006219778617e-06,6.067006219648184e-06,2.3657432739473378e-09,0.09249778689752891,0.09249778453178564,1.0813388104864978e-09,0.0421438038953753,0.04214380281403649,6.734562878076274e-17,2.841681291808861e-06,2.8416812917415153e-06,3.056963110849998e-17,8.636567593689117e-07,8.636567593383421e-07,0.0,0.0,0.0,0.0,0.0,0.0,0.0,0.0,0.0
0.008,0.06968607999999772,0.06968605388638861,2.611360910842464e-08,0.019686080000000016,0.020253957410413918,0.0005678774104139021,6.438150638300304e-09,0.22899392271386548,0.22899391627571483,1.9208822554996388e-16,6.386972191976973e-06,6.386972191784885e-06,3.4396669302753347e-09,0.11931489586639223,0.1193148924267253,1.6045454391617618e-09,0.05517358796244458,0.05517358635789914,9.654325335809947e-17,2.3744282432546454e-06,2.3744282431581022e-06,4.511406127113181e-17,8.082764984067521e-07,8.082764983616381e-07,0.0,0.0,0.0,0.0,0.0,0.0,0.0,0.0,0.0
0.009000000000000001,0.06960269499999772,0.06960266886176296,2.6138234757167034e-08,0.019602695000000024,0.02017057239392596,0.0005678773939259349,1.0144132067134366e-08,0.29286944968393974,0.29286943953980765,2.9091062685178423e-16,6.235906253435169e-06,6.235906253144258e-06,4.635583689914632e-09,0.1532895282207653,0.1532895235851816,2.0358158948294057e-09,0.07012809360930443,0.07012809157348854,1.3442320569873558e-16,2.8302068052631647e-06,2.8302068051287414e-06,5.740668121387109e-17,8.111013485161627e-07,8.11101348458756e-07,0.0,0.0,0.0,0.0,0.0,0.0,0.0,0.0,0.0
0.01,0.06950949999999771,0.06950947394597298,2.6054024729327274e-08,0.01950950000000004,0.02007737744440868,0.0005678774444086397,1.09341094600811e-08,0.358072807520934,0.35807279658682456,3.1891442020411473e-16,5.22991869115444e-06,5.2299186908355255e-06,5.947027771731684e-09,0.18711635733073348,0.18711635138370572,2.540865605280054e-09,0.0865523893315215,0.0865523867906559,1.730758638611156e-16,2.6943328313859035e-06,2.6943328312128276e-06,7.119948158135535e-17,8.099083364935648e-07,8.099083364223653e-07,0.0,0.0,0.0,0.0,0.0,0.0,0.0,0.0,0.0
0.011000000000000001,0.06940649499999774,0.06940646898181814,2.601817959690944e-08,0.019406495000000062,0.019974372485844053,0.0005678774858439914,1.2783684335810507e-08,0.4302468540756825,0.4302468412919982,3.730204243374148e-16,6.1499478053750305e-06,6.14994780500201e-06,8.532412496231243e-09,0.2264430412048842,0.2264430326724717,3.2482679279253827e-09,0.10527634813376521,0.10527634488549728,2.4300620405809167e-16,2.7771412080728516e-06,2.7771412078298455e-06,9.055623160504149e-17,8.275651991148618e-07,8.275651990243056e-07,0.0,0.0,0.0,0.0,0.0,0.0,0.0,0.0,0.0
0.012,0.06929367999999778,0.0692936786738812,1.3261165776601302e-09,0.01929368000000009,0.019861582171770052,0.0005679021717699614,1.6129952754126904e-08,0.5152058568314034,0.5152058407014507,4.837000962916545e-16,5.394801363650932e-06,5.394801363167232e-06,8.93050244864292e-09,0.27292548983276704,0.2729254809022646,4.159665121018518e-09,0.12442889393912739,0.12442888977946226,2.5434303194574825e-16,2.173786716444969e-06,2.173786716190626e-06,1.1651726904004322e-16,8.312504813841387e-07,8.312504812676215e-07,0.0,0.0,0.0,0.0,0.0,0.0,0.0,0.0,0.0
0.013000000000000001,0.06917105499999782,0.06917102932846679,2.5671531025950323e-08,0.019171055000000124,0.01973893282861798,0.0005678778286178562,2.6385005923374405e-08,0.6037019463585921,0.6037019199735861,7.41552734230743e-16,3.900429849859686e-06,3.900429849118133e-06,1.0311276799576011e-08,0.32369736421850925,0.3236973539072325,4.606044348037734e-09,0.14546520145179362,0.14546519684574927,2.999434099686896e-16,2.364925248885924e-06,2.364925248585981e-06,1.283461592907246e-16,8.188151557441343e-07,8.188151556157882e-07,0.0,0.0,0.0,0.0,0.0,0.0,0.0,0.0,0.0
0.014,0.06903861999999787,0.06903859451109243,2.548890544462612e-08,0.019038620000000173,0.019606497989797203,0.0005678779897970304,2.8614157457811734e-08,0.7076594699840243,0.7076594413698668,8.425124706303385e-16,4.715997139295017e-06,4.715997138452504e-06,1.3791011867641576e-08,0.3776600298749838,0.37766001608397193,5.213106928702006e-09,0.16800585520449685,0.16800584999138993,3.9262933249511666e-16,2.6511453690540187e-06,2.6511453686613893e-06,1.4470292548580232e-16,8.084039933071526e-07,8.084039931624497e-07,0.0,0.0,0.0,0.0,0.0,0.0,0.0,0.0,0.0
0.015000000000000001,0.0688963749999979,0.06889634932257813,2.5677419773773025e-08,0.018896375000000232,0.019464252835190137,0.0005678778351899047,2.6967324258035028e-08,0.7921671156253747,0.7921670886580504,7.636820878557786e-16,4.080898712607275e-06,4.0808987118435926e-06,1.5389182277147878e-08,0.4330644800299762,0.43306446464079396,6.181908190932927e-09,0.19228252491443998,0.1922825187325318,4.454198697749416e-16,2.5549269851718357e-06,2.554926984726416e-06,1.746894599790193e-16,8.136046796312714e-07,8.13604679456582e-07,0.0,0.0,0.0,0.0,0.0,0.0,0.0,0.0,0.0
0.016,0.068744319999998,0.06874429386504861,2.6134949385192563e-08,0.01874432000000031,0.019312197301399128,0.000567877301398817,3.181897761251154e-08,0.8978520532302084,0.8978520214112309,9.557365855222319e-16,6.14444164876427e-06,6.144441647808533e-06,1.7196846990754982e-08,0.48208417749531185,0.48208416029846485,6.877313803492704e-09,0.21841908560621415,0.21841907872890035,4.970973497797793e-16,2.717098600231001e-06,2.7170985997339035e-06,1.922244283478767e-16,8.498935049811012e-07,8.498935047888768e-07,0.0,0.0,0.0,0.0,0.0,0.0,0.0,0.0,0.0
0.017,0.06858245499999806,0.06858242811036362,2.6889634435756093e-08,0.018582455000000404,0.019150331599757486,0.0005678765997570827,3.8589527281276165e-08,1.0099477744616485,1.0099477358721212,1.14127528918142e-15,5.317616823219079e-06,5.317616822077804e-06,2.2151744861559784e-08,0.550594348084805,0.5505943259330601,7.998470457641126e-09,0.24619151087554372,0.24619150287707325,6.180796068019251e-16,2.3460991910863232e-06,2.3460991904682437e-06,2.2780134357571083e-16,8.317907520728786e-07,8.317907518450773e-07,0.0,0.0,0.0,0.0,0.0,0.0,0.0,0.0,0.0
0.018000000000000002,0.0684107799999982,0.06841075232999234,2.7670005856017532e-08,0.018410780000000515,0.018978655741281863,0.0005678757412813477,5.056453665688541e-08,1.145271327503593,1.1452712769390565,1.4504287407033494e-15,5.485889895094506e-06,5.485889893644077e-06,2.5250753594071196e-08,0.6194473890490542,0.6194473637983006,8.76232313569096e-09,0.2759885422782776,0.2759885335159545,7.243743571637451e-16,2.7132964408577027e-06,2.713296440133328e-06,2.502070948319742e-16,8.518684563648231e-07,8.51868456114616e-07,0.0,0.0,0.0,0.0,0.0,0.0,0.0,0.0,0.0
0.019000000000000003,0.0682292949999983,0.06822926593661614,2.9063382159244533e-08,0.018229295000000645,0.018797169329877014,0.0005678743298763687,7.047533092970835e-08,1.268713996986322,1.268713926510991,1.985639933378309e-15,4.714009977669355e-06,4.714009975683715e-06,3.524238122136867e-08,0.6980825290749032,0.698082493832522,1.1534315447243412e-08,0.3074924720473373,0.30749246051302187,1.0325609526396635e-15,2.6289384056582393e-06,2.628938404625678e-06,3.2333378546554536e-16,8.151895134232368e-07,8.15189513099903e-07,0.0,0.0,0.0,0.0,0.0,0.0,0.0,0.0,0.0
0.02,0.06803799999999847,0.06803796971618778,3.028381069525299e-08,0.018038000000000807,0.018605873076212014,0.0005678730762112075,5.8180450067006924e-08,1.3895178731594222,1.3895178149789722,1.746707760203445e-15,4.373251420088039e-06,4.373251418341331e-06,3.087472827696818e-08,0.763594812093962,0.7635947812192336,1.1168161155048044e-08,0.3391078012270155,0.33910779005885433,9.058959238071553e-16,2.6583144794252204e-06,2.6583144785193246e-06,3.131151790461392e-16,8.273918253111082e-07,8.273918249979931e-07,0.0,0.0,0.0,0.0,0.0,0.0,0.0,0.0,0.0
0.021,0.06783689499999865,0.06783686325426809,3.174573055819696e-08,0.017836895000000984,0.018404766680711632,0.0005678716807106486,7.826433433768281e-08,1.4691633023838306,1.4691632241194963,2.2739536148339853e-15,5.491974254082404e-06,5.49197425180845e-06,3.528350645034721e-08,0.809350060029078,0.8093500247455715,1.2865277740231597e-08,0.37233793879290844,0.3723379259276307,1.0525259744974937e-15,2.7037228146526643e-06,2.703722813600138e-06,3.6101506862114194e-16,8.184678221041128e-07,8.184678217430977e-07,0.0,0.0,0.0,0.0,0.0,0.0,0.0,0.0,0.0
0.022000000000000002,0.06762597999999884,0.06762594669488149,3.3305117344561985e-08,0.0176259800000012,0.018193850077085547,0.0005678700770843474,1.1910271388253612e-07,1.555715046102054,1.55571492699934,3.5236458550709288e-15,7.039991867132347e-06,7.039991863608701e-06,4.1407192225587886e-08,0.9103177047272603,0.910317663320068,1.4184903135295914e-08,0.40633267748662766,0.4063326633017245,1.2081658556287226e-15,2.8513266112050495e-06,2.8513266099968836e-06,3.98841391898424e-16,8.421499066806559e-07,8.421499062818146e-07,0.0,0.0,0.0,0.0,0.0,0.0,0.0,0.0,0.0
0.023000000000000003,0.0674052549999991,0.06740521995844732,3.5041551771364254e-08,0.01740525500000143,0.0179731234756173,0.0005678684756158688,1.0287933697726592e-07,1.6642753086043256,1.6642752057249885,3.0266751175524863e-15,6.91816513007527e-06,6.9181651270485955e-06,4.69067391087141e-08,0.9631452204907327,0.9631451735839935,1.6516860385201077e-08,0.4418786077733339,0.4418785912564735,1.3531831925164082e-15,2.703161886921644e-06,2.703161885568461e-06,4.625495039143621e-16,8.349876812299047e-07,8.349876807673551e-07,0.0,0.0,0.0,0.0,0.0,0.0,0.0,0.0,0.0
0.024,0.06717471999999935,0.06717470757703413,1.2422965225966642e-08,0.017174720000001694,0.017742611051432176,0.0005678910514304823,1.3229263010027707e-07,1.8044840337171228,1.8044839014244927,3.852411153683923e-15,5.393426777546924e-06,5.393426773694513e-06,5.512765456402958e-08,1.053838151390035,1.0538380962623803,1.732858833672651e-08,0.4780645804729184,0.47806456314433005,1.6320642655264104e-15,2.78515329835245e-06,2.7851532967203854e-06,4.847583313023675e-16,8.195165485827057e-07,8.195165480979473e-07,0.0,0.0,0.0,0.0,0.0,0.0,0.0,0.0,0.0
0.025,0.06693437499999967,0.06693433569923625,3.930076342140154e-08,0.016934375000001996,0.01750223912378104,0.0005678641237790438,1.3024627028214401e-07,1.8615866643728691,1.861586534126599,3.890934614963694e-15,6.532128239725037e-06,6.532128235834102e-06,6.252511787232325e-08,1.152304828951897,1.152304766426779,1.9939840371762142e-08,0.5169629712693814,0.5169629513295411,1.7793322791572887e-15,2.988191879969738e-06,2.9881918781904054e-06,5.631218269191312e-16,8.80975814876642e-07,8.809758143135202e-07,0.0,0.0,0.0,0.0,0.0,0.0,0.0,0.0,0.0
0.026000000000000002,0.06668422,0.06668417846626694,4.153373306392538e-08,0.016684220000002324,0.01725208192747494,0.0005678619274726154,1.533892367709916e-07,1.9922539356380444,1.9922537822488076,4.323859346758733e-15,6.3236658775196885e-06,6.323665873195829e-06,7.662538393453673e-08,1.2608651371801047,1.2608650605547207,2.1245726027700623e-08,0.5567500653977469,0.5567500441520208,2.2470892613065163e-15,2.6982049870142706e-06,2.698204984767181e-06,5.928849055933846e-16,8.281396348204688e-07,8.281396342275838e-07,0.0,0.0,0.0,0.0,0.0,0.0,0.0,0.0,0.0
0.027000000000000003,0.06642425500000039,0.06642421064823206,4.435176832739973e-08,0.016424255000002722,0.016992114141237368,0.0005678591412346459,1.7657807730818984e-07,2.192952119810889,2.1929519432328113,5.2499149769241375e-15,6.239538588779916e-06,6.23953858353e-06,8.286819432337476e-08,1.388056176596951,1.3880560937287567,2.2910150569822876e-08,0.5971477201705926,0.597147697260442,2.4283292380197263e-15,2.720705874600207e-06,2.720705872171878e-06,6.441333635823471e-16,8.284969054161735e-07,8.284969047720401e-07,0.0,0.0,0.0,0.0,0.0,0.0,0.0,0.0,0.0
0.028,0.06615448000000083,0.06615443219807461,4.7801926222890145e-08,0.016154480000003166,0.016722335808599265,0.0005678558085960989,1.707023827269177e-07,2.3619633344636224,2.3619631637612395,5.038903686108084e-15,6.923079907524212e-06,6.923079902485308e-06,6.746702261855698e-08,1.4879553480830785,1.4879552806160559,2.302093764948044e-08,0.6372415139019743,0.6372414908810367,1.8473873751481953e-15,2.7604562251378178e-06,2.7604562232904304e-06,6.481381784994373e-16,8.433927300597958e-07,8.433927294116576e-07,0.0,0.0,0.0,0.0,0.0,0.0,0.0,0.0,0.0
0.029,0.06587489500000135,0.06587484256333652,5.2436664829680346e-08,0.01587489500000366,0.01644274594326393,0.0005678509432602702,1.7736038292201808e-07,2.515056571473685,2.5150563941133024,5.0999055171317046e-15,4.964237850273772e-06,4.964237845173866e-06,6.635828891793985e-08,1.6273442430903753,1.6273441767320864,2.5697071564511634e-08,0.679850209599974,0.6798501839029024,1.9350493676830164e-15,2.3036880089150236e-06,2.3036880069799743e-06,7.195575639964959e-16,8.100374287397136e-07,8.10037428020156e-07,0.0,0.0,0.0,0.0,0.0,0.0,0.0,0.0,0.0
0.030000000000000002,0.06558550000000186,0.06558544316186589,5.683813597556764e-08,0.015585500000004214,0.01615334656016512,0.0005678465601609076,2.4019748167837335e-07,2.7131162351355074,2.713115994938026,6.775066917150983e-15,5.561458627763499e-06,5.561458620988433e-06,1.1279761567567736e-07,1.762654510676915,1.7626543978792992,3.336160209370031e-08,0.7243030380565088,0.7243030046949066,3.246218242656528e-15,2.74323880998886e-06,2.743238806742642e-06,9.410964068184982e-16,8.528402965192268e-07,8.528402955781304e-07,0.0,0.0,0.0,0.0,0.0,0.0,0.0,0.0,0.0
0.031000000000000003,0.06528629500000249,0.06528623310913534,6.189086715346903e-08,0.015286295000004817,0.015854136483001706,0.0005678414829968885,1.9193381086146568e-07,2.8882236642982115,2.8882234723644005,5.600991041489275e-15,5.165935149766303e-06,5.165935144165312e-06,1.0221379737503446e-07,1.8344430348452074,1.83444293263141,3.1870469389992896e-08,0.7707207469182685,0.7707207150477992,3.057121317195851e-15,2.608107199463196e-06,2.6081071964060747e-06,8.968156340803486e-16,8.222110992999062e-07,8.222110984030906e-07,0.0,0.0,0.0,0.0,0.0,0.0,0.0,0.0,0.0
0.032,0.0649772800000032,0.06497721277803915,6.722196405073433e-08,0.014977280000005509,0.015545116429437835,0.0005678364294323269,2.5768295532331204e-07,3.116999409351109,3.1169991516681534,7.650547281243464e-15,5.522636889838171e-06,5.522636882187624e-06,1.3035237893379876e-07,1.929688185294285,1.9296880549419062,3.8154664350424715e-08,0.8163759859592788,0.8163759478046145,3.854281529333446e-15,2.50751224701766e-06,2.5075122431633784e-06,1.0642991646293138e-15,8.371164696341947e-07,8.371164685698955e-07,0.0,0.0,0.0,0.0,0.0,0.0,0.0,0.0,0.0
0.033,0.06465845500000394,0.06465840557669861,4.942330533719286e-08,0.014658455000006294,0.015226309209563055,0.0005678542095567604,2.6482296681240806e-07,3.3795374864543386,3.379537221631372,7.727233906198467e-15,5.56205957718078e-06,5.562059569453546e-06,1.3158074215982168e-07,2.0520340472201415,2.052033915639399,3.9110756898676824e-08,0.8587737670124957,0.8587737279017389,3.8034940064272236e-15,2.5371960575706614e-06,2.5371960537671675e-06,1.1045116529462509e-15,8.199401391383235e-07,8.199401380338119e-07,0.0,0.0,0.0,0.0,0.0,0.0,0.0,0.0,0.0
0.034,0.06432982000000483,0.06432973851772973,8.148227509385819e-08,0.014329820000007144,0.01489764199857547,0.0005678219985683266,2.609271850932072e-07,3.561035302554744,3.5610350416275587,7.825366801163582e-15,6.636812387633587e-06,6.636812379808221e-06,1.2043794580905455e-07,2.169307587484907,2.169307467046961,4.051276828676802e-08,0.9046944702024319,0.9046944296896636,3.5422870310280297e-15,3.005955171077055e-06,3.0059551675347677e-06,1.1357434250590596e-15,8.637796307687272e-07,8.637796296329838e-07,0.0,0.0,0.0,0.0,0.0,0.0,0.0,0.0,0.0
0.035,0.06399137500000578,0.06399131167472605,6.332527972829904e-08,0.01399137500000808,0.0145592151371035,0.0005678401370954201,4.2489258838709687e-07,3.7776119517013114,3.777611526808723,1.2271369502514275e-14,4.964851245197315e-06,4.964851232925946e-06,1.1090774623376284e-07,2.252683397801406,2.2526832868936597,4.0646579013570515e-08,0.9514288898420803,0.9514288491955013,3.2514856577946627e-15,2.956628132988047e-06,2.9566281297365617e-06,1.1316596172953152e-15,8.32478804248886e-07,8.324788031172263e-07,0.0,0.0,0.0,0.0,0.0,0.0,0.0,0.0,0.0
0.036000000000000004,0.06364312000000676,0.0636430232215589,9.677844785282996e-08,0.013643120000009112,0.014210926634420952,0.0005678066344118396,4.111851802993004e-07,3.8699056674957704,3.8699052563105902,1.1848163692417586e-14,7.646602569174002e-06,7.646602557325839e-06,1.6900205023268206e-07,2.3867991556375348,2.3867989866354846,5.2914489583689504e-08,1.0003679028109436,1.0003678498964539,4.70833187989158e-15,3.0478036139989696e-06,3.047803609290638e-06,1.4795477010665269e-15,8.575692864174904e-07,8.575692849379427e-07,0.0,0.0,0.0,0.0,0.0,0.0,0.0,0.0,0.0
0.037000000000000005,0.0632850550000079,0.0632849750098472,7.99901607034803e-08,0.013285055000010218,0.013852878337420773,0.0005678233374105546,4.2579431142072494e-07,4.045652738997387,4.0456523132030755,1.242903995509531e-14,5.565216180890563e-06,5.5652161684615236e-06,1.5351941259996238e-07,2.4794283993802986,2.479428245860886,5.076562308200585e-08,1.051453348615128,1.051453297849505,4.387599530764041e-15,3.0128515891185122e-06,3.012851584730913e-06,1.4077245045464733e-15,8.716444894177979e-07,8.716444880100734e-07,0.0,0.0,0.0,0.0,0.0,0.0,0.0,0.0,0.0
0.038000000000000006,0.06291718000000912,0.06291706557779722,1.1442221189983393e-07,0.012917180000011456,0.013484968995876612,0.0005677889958651556,3.175853221961058e-07,4.18342757922596,4.183427261640637,9.448109663315612e-15,6.395357863180399e-06,6.39535785373229e-06,1.564434985162908e-07,2.518264323110487,2.5182641666669885,4.844933935716721e-08,1.104472925445211,1.1044728769958716,4.511898399035156e-15,2.5361938472407227e-06,2.5361938427288243e-06,1.3461047312531143e-15,8.414062232270445e-07,8.414062218809397e-07,0.0,0.0,0.0,0.0,0.0,0.0,0.0,0.0,0.0
0.039,0.06253949500001045,0.06253939632144667,9.867856377854256e-08,0.012539495000012758,0.01310729972226916,0.0005678047222564021,6.078365391931226e-07,4.535977783447877,4.535977175611338,1.817022357834137e-14,5.394709602584397e-06,5.394709584414173e-06,1.6354315347535383e-07,2.666086279612662,2.666086116069508,5.5538575540086635e-08,1.1586574298884043,1.1586573743498287,4.4115317137952664e-15,2.267737622425159e-06,2.2677376180136273e-06,1.5545830252017117e-15,8.262945990090131e-07,8.2629459745443e-07,0.0,0.0,0.0,0.0,0.0,0.0,0.0,0.0,0.0
0.04,0.06215200000001187,0.062151865733270334,1.3426674153743656e-07,0.012152000000014198,0.012719769085809598,0.0005677690857953995,3.3850437090701076e-07,4.775037752233003,4.775037413728632,9.973203900591873e-15,6.3165623704016125e-06,6.3165623604284086e-06,2.1248331361829565e-07,2.8211067400486898,2.821106527565376,5.519999410205446e-08,1.2163874578724172,1.216387402672423,6.318673478974747e-15,2.7636807205771393e-06,2.7636807142584658e-06,1.574779027681693e-15,8.429224796013825e-07,8.429224780266035e-07,0.0,0.0,0.0,0.0,0.0,0.0,0.0,0.0,0.0
0.041,0.061754695000013446,0.061754551009333164,1.4399068028192463e-07,0.011754695000015788,0.012322454431606643,0.0005677594315908543,4.2869793728770554e-07,5.1201792308905585,5.120178802192621,1.2775430390756982e-14,7.990145378377335e-06,7.990145365601905e-06,2.0041574857504143e-07,2.873303022854516,2.8733028224387676,5.697056718335134e-08,1.2749844112118474,1.2749843542412802,5.957201080961614e-15,3.3742279837057976e-06,3.3742279777485967e-06,1.6177090722092458e-15,8.789162357517272e-07,8.789162341340182e-07,0.0,0.0,0.0,0.0,0.0,0.0,0.0,0.0,0.0
0.042,0.06134758000001509,0.06134742426927144,1.5573074364783057e-07,0.011347580000017437,0.01191532764479062,0.0005677476447731832,4.982644083747721e-07,5.311266126444919,5.311265628180511,1.4904419365749172e-14,4.236494674061735e-06,4.236494659157315e-06,1.7618575210324695e-07,2.9719349267933626,2.9719347506076104,6.633867725299359e-08,1.3338051822609747,1.3338051159222974,4.985059629283219e-15,2.32095276468854e-06,2.3209527597034805e-06,1.853987116874171e-15,8.201063942376869e-07,8.201063923836998e-07,0.0,0.0,0.0,0.0,0.0,0.0,0.0,0.0,0.0
0.043000000000000003,0.06093065500001686,0.06093048658093436,1.6841908249964899e-07,0.010930655000019203,0.011498390113015901,0.0005677351129966986,5.03199286388398e-07,5.689387620725684,5.6893871175263975,1.4966057589875136e-14,6.148106890995878e-06,6.14810687602982e-06,1.955661759509995e-07,3.19836464081992,3.198364445253744,7.89428528851115e-08,1.3967462391761682,1.3967461602333153,5.5753993362574805e-15,2.8824365674084553e-06,2.882436561833056e-06,2.1739827115575366e-15,8.628871310450283e-07,8.628871288710456e-07,0.0,0.0,0.0,0.0,0.0,0.0,0.0,0.0,0.0
0.044000000000000004,0.060503920000018786,0.06050373939300059,1.8060701819505587e-07,0.010503920000021112,0.011071642952279716,0.000567722952258605,4.925182433186286e-07,6.038649248047581,6.038648755529338,1.450216645356434e-14,4.980661526354737e-06,4.980661511852571e-06,2.7310561916865636e-07,3.2542380988638273,3.2542378257582083,8.275699983535798e-08,1.4580470660036164,1.4580469832466165,7.804266353972207e-15,2.278762400010357e-06,2.278762392206091e-06,2.3381936050522573e-15,8.220226715534456e-07,8.22022669215252e-07,0.0,0.0,0.0,0.0,0.0,0.0,0.0,0.0,0.0
0.045000000000000005,0.060067375000020795,0.06006718090639516,1.9409362563699295e-07,0.010067375000023138,0.01063508428778078,0.0005677092877576419,5.476029449359235e-07,6.334888675888849,6.334888128285904,1.6193944281289385e-14,5.715549636645465e-06,5.715549620451521e-06,2.498532113923409e-07,3.4458673939948117,3.4458671441416002,7.318121852676449e-08,1.5223982572836912,1.5223981841024727,7.220558546134741e-15,3.2585597942564994e-06,3.258559787035941e-06,2.0797404821528886e-15,8.727090391944469e-07,8.727090371147065e-07,0.0,0.0,0.0,0.0,0.0,0.0,0.0,0.0,0.0
0.046000000000000006,0.05962102000002297,0.059620813148370345,2.0685165262601668e-07,0.009621020000025293,0.010188716689178751,0.0005676966891534577,7.121423559296508e-07,6.576652935931935,6.576652223789579,2.1102426986736703e-14,4.891815377343275e-06,4.8918153562408484e-06,3.249225303962749e-07,3.6651004423078173,3.665100117385287,8.207876188437065e-08,1.586885790110917,1.5868857080321552,9.649816390013262e-15,2.425414437448565e-06,2.4254144277987487e-06,2.3229283823987493e-15,8.187113347984318e-07,8.187113324755035e-07,0.0,0.0,0.0,0.0,0.0,0.0,0.0,0.0,0.0
0.04700000000000001,0.059164855000025274,0.059164632925336996,2.220746882775071e-07,0.009164855000027589,0.009732536273182211,0.0005676812731546226,8.46006839970887e-07,6.998315526787104,6.998314680780264,2.4417694451029374e-14,5.665315945311004e-06,5.66531592089331e-06,3.1228549075379076e-07,3.847221798009696,3.847221485724205,8.401249655255593e-08,1.6534287859961923,1.6534287019836957,9.377615118061496e-15,2.4992654669224725e-06,2.4992654575448572e-06,2.3771331509213496e-15,8.248807986147793e-07,8.248807962376461e-07,0.0,0.0,0.0,0.0,0.0,0.0,0.0,0.0,0.0
0.048,0.05869888000002774,0.05869866881049383,2.1118953390936168e-07,0.00869888000003004,0.009266572265769069,0.0005676922657390296,7.70171101919546e-07,7.253567921851043,7.253567151679941,2.1943409596819077e-14,4.804485692608321e-06,4.804485670664912e-06,3.3544667432399376e-07,3.965624504131682,3.9656241686850078,9.079469528059304e-08,1.7241274745147126,1.7241273837200173,9.695619850905428e-15,2.682237633439025e-06,2.6822376237434054e-06,2.5943845642786263e-15,8.30128025049491e-07,8.301280224551065e-07,0.0,0.0,0.0,0.0,0.0,0.0,0.0,0.0,0.0
0.049,0.058223095000030346,0.058222842452360125,2.5254767022087066e-07,0.008223095000032673,0.00879074594062982,0.0005676509405971465,6.548201493106183e-07,7.5381453832565395,7.53814472843639,1.927730747207704e-14,5.556387857926437e-06,5.55638783864913e-06,2.7952485904786165e-07,4.212876708353363,4.212876428828504,9.546441078691614e-08,1.7944622476265355,1.7944621521621247,8.253926885843812e-15,2.2522959981934917e-06,2.2522959899395647e-06,2.6997473051108166e-15,8.178380537643179e-07,8.178380510645706e-07,0.0,0.0,0.0,0.0,0.0,0.0,0.0,0.0,0.0
0.05,0.05773750000003312,0.05773723298622256,2.6701381056204454e-07,0.007737500000035445,0.008305136490732716,0.0005676364906972708,7.281544917513525e-07,7.913401047422338,7.913400319267847,2.1133218429440344e-14,6.066293813119616e-06,6.066293791986397e-06,2.694537527170428e-07,4.401638359432549,4.401638089978796,9.473193604484669e-08,1.8671486606729994,1.8671485659410634,7.744055848107074e-15,2.610403809035958e-06,2.610403801291902e-06,2.679499779291449e-15,8.433732420060067e-07,8.433732393265069e-07,0.0,0.0,0.0,0.0,0.0,0.0,0.0,0.0,0.0
0.051000000000000004,0.05724209500003606,0.05724181040303363,2.8459700242983166e-07,0.007242095000038374,0.007809713655773586,0.0005676186557352116,6.142694741840848e-07,8.381663187428494,8.38166257315902,1.8128806295349505e-14,6.348054790899485e-06,6.348054772770679e-06,3.408467171995064e-07,4.546427800211522,4.546427459364805,1.0528448618518534e-07,1.942253109048796,1.9422530037643098,1.0070463678100371e-14,2.455953731868935e-06,2.4559537217984713e-06,2.978863689609391e-15,8.127876047930771e-07,8.127876018142134e-07,0.0,0.0,0.0,0.0,0.0,0.0,0.0,0.0,0.0
0.052000000000000005,0.056736880000039215,0.056736579537618174,3.0046242104064813e-07,0.006736880000041551,0.007304483021694845,0.0005676030216532945,8.564704914949529e-07,8.541092847356575,8.541091990886084,2.5672850024714284e-14,5.690948108729867e-06,5.690948083057016e-06,3.4060902836328915e-07,4.787005085632425,4.787004745023397,1.1149085159562906e-07,2.021079955117377,2.0210798436265254,9.913428546379592e-15,2.823630957416153e-06,2.8236309475027247e-06,3.1698071157455188e-15,8.504950124009602e-07,8.50495009231153e-07,0.0,0.0,0.0,0.0,0.0,0.0,0.0,0.0,0.0
0.053000000000000005,0.05622185500004256,0.05622153538046018,3.196195823770842e-07,0.006221855000044862,0.006789438899090344,0.0005675838990454821,1.1095134515825608e-06,8.78881694206751,8.788815832554059,3.298392465737108e-14,6.142479070284161e-06,6.142479037300236e-06,4.142797411260636e-07,4.922739807772281,4.92273939349254,1.2132482495424517e-07,2.092202163012133,2.092202041687308,1.1606869482430846e-14,2.9386696051959607e-06,2.938669593589091e-06,3.386178093599116e-15,8.603336553377748e-07,8.603336519515967e-07,0.0,0.0,0.0,0.0,0.0,0.0,0.0,0.0,0.0
0.054000000000000006,0.05569702000004611,0.05569668033906606,3.396609800504491e-07,0.005697020000048448,0.006264583558081783,0.0005675635580333349,1.1809168738979872e-06,8.916240279055785,8.916239098138911,3.4734076875078687e-14,5.986102319429526e-06,5.986102284695449e-06,3.504862890734329e-07,5.071682786282485,5.0716824357961965,1.2685851176396584e-07,2.1662438424532238,2.166243715594712,1.0346764040449503e-14,2.9304486106041787e-06,2.9304486002574146e-06,3.52886838336003e-15,8.715657003527687e-07,8.715656968239003e-07,0.0,0.0,0.0,0.0,0.0,0.0,0.0,0.0,0.0
0.05500000000000001,0.05516237500004982,0.05516201654038219,3.5845966762926285e-07,0.005162375000052177,0.0057299194567533174,0.0005675444567011401,1.1507136043916912e-06,9.432929857279316,9.432928706565711,3.401408888059181e-14,6.067599450078203e-06,6.067599416064114e-06,4.147875434765907e-07,5.247528453373329,5.247528038585785,1.2904673454087283e-07,2.2364689856982576,2.236468856651523,1.1785027393242403e-14,2.901993771524147e-06,2.9019937597391195e-06,3.649264636182422e-15,8.701427032266727e-07,8.701426995774081e-07,0.0,0.0,0.0,0.0,0.0,0.0,0.0,0.0,0.0
0.056,0.054617920000053735,0.05461754011453838,3.798855153572256e-07,0.004617920000056055,0.005185443606102856,0.0005675236060468008,1.280454427579434e-06,9.758125356689929,9.758124076235502,3.7356395413843963e-14,5.477038453797627e-06,5.477038416441232e-06,4.0060797762001833e-07,5.4323773381875675,5.43237693757959,1.270149897105791e-07,2.3076912778393264,2.3076911508243367,1.1607561827465814e-14,3.2159267065459264e-06,3.2159266949383647e-06,3.590987498000188e-15,8.733338728715605e-07,8.73333869280573e-07,0.0,0.0,0.0,0.0,0.0,0.0,0.0,0.0,0.0
0.057,0.05406365500005786,0.05406325340051024,4.01599547616982e-07,0.0040636550000601734,0.004631156438084951,0.0005675014380247777,1.0359409074850335e-06,10.111145668005411,10.111144632064503,3.0747175395733965e-14,5.002513000547151e-06,5.002512969799975e-06,4.3869653772498097e-07,5.5378237011713285,5.537823262474791,1.4050442543882154e-07,2.37219173558616,2.3721915950817345,1.2445603435850495e-14,2.7543339739857066e-06,2.7543339615401032e-06,4.010218678450797e-15,8.571622361907693e-07,8.571622321805506e-07,0.0,0.0,0.0,0.0,0.0,0.0,0.0,0.0,0.0
0.058,0.05349958000006215,0.05349915483427753,4.251657846204848e-07,0.0034995800000644436,0.004067058053078453,0.0005674780530140096,1.5392951797025545e-06,10.274819042652627,10.274817503357447,4.5002213051565745e-14,4.466893172679162e-06,4.4668931276769484e-06,5.203319464662146e-07,5.7126798665232545,5.712679346191308,1.5614952949862822e-07,2.436613568161089,2.43661341201156,1.528052615170519e-14,2.872087151671492e-06,2.8720871363909658e-06,4.422075149365243e-15,8.395699371171008e-07,8.395699326950256e-07,0.0,0.0,0.0,0.0,0.0,0.0,0.0,0.0,0.0
0.059000000000000004,0.052925695000066636,0.05292524695505562,4.480450110158629e-07,0.0029256950000689508,0.0034931505893083504,0.0005674555892393996,1.2528625483191309e-06,10.913647534803337,10.913646281940789,3.754635029332311e-14,5.558839270365177e-06,5.558839232818826e-06,5.066904359091214e-07,5.969409960278992,5.969409453588556,1.7080165690574048e-07,2.505888337908819,2.505888167107162,1.478502735731053e-14,3.1260478483164737e-06,3.1260478335314462e-06,4.864223427681978e-15,8.793470280326983e-07,8.79347023168475e-07,0.0,0.0,0.0,0.0,0.0,0.0,0.0,0.0,0.0
0.060000000000000005,0.0523420000000713,0.05234152563451442,4.7436555687674353e-07,0.0023420000000736706,0.002909428912627208,0.0005674289125535375,1.1666681533008563e-06,11.015586323616402,11.015585156948248,3.367704160342545e-14,4.889655582482698e-06,4.889655548805656e-06,5.998995931129595e-07,6.036433434909376,6.036432835009783,1.9766621451049752e-07,2.576182939987942,2.5761827423217274,1.773150328101046e-14,3.1987503818351623e-06,3.198750364103659e-06,5.627784356433569e-15,8.632820137481769e-07,8.632820081203926e-07,0.0,0.0,0.0,0.0,0.0,0.0,0.0,0.0,0.0
0.061000000000000006,0.05174849500007624,0.0517479962228016,4.987772746420371e-07,0.001748495000078596,0.0023158991408216765,0.0005674041407430805,1.6248539702393635e-06,11.415271607421738,11.415269982567768,4.713500415655211e-14,5.721578182630369e-06,5.721578135495365e-06,6.622948400668247e-07,6.247136276175958,6.247135613881118,2.1032008478263158e-07,2.6475610396092932,2.6475608292892083,1.964113487362602e-14,3.014349255860965e-06,3.01434923621983e-06,5.962458890493501e-15,8.683012545505216e-07,8.683012485880627e-07,0.0,0.0,0.0,0.0,0.0,0.0,0.0,0.0,0.0
0.062000000000000006,0.05114518000008149,0.05114465460547226,5.253946092284578e-07,0.0011451800000837828,0.0017125578684248771,0.0005673778683410943,1.4296762169384004e-06,11.99304480583828,11.993043376162063,4.258788768227863e-14,5.9280386486816754e-06,5.928038606093788e-06,5.814605516130389e-07,6.443022683167415,6.443022101706863,2.1892678325544567e-07,2.7199169677969475,2.719916748870164,1.6654656369715622e-14,2.7838415115243564e-06,2.7838414948697e-06,6.27985285445629e-15,8.664197880623753e-07,8.664197817825224e-07,0.0,0.0,0.0,0.0,0.0,0.0,0.0,0.0,0.0
0.063,0.05053205500008705,0.05053152843243149,5.26567655555199e-07,0.0005320550000893244,0.0010994312667178445,0.0005673762666285201,1.7092482674914472e-06,12.239851271605385,12.239849562357117,5.0757274755585744e-14,8.34484283783601e-06,8.344842787078734e-06,5.98629195006126e-07,6.61599887714308,6.615998278513885,2.3127884504186432e-07,2.79032802846294,2.790327797184095,1.7706297191888855e-14,2.535789827333707e-06,2.5357898096274097e-06,6.5768096707711294e-15,8.586574772872386e-07,8.586574707104289e-07,0.0,0.0,0.0,0.0,0.0,0.0,0.0,0.0,0.0
0.064,0.04990946459865173,0.04990888684567204,5.777529796940906e-07,-4.346710788637534e-05,0.0005094216921938748,0.0005528888000802502,116696.94263847481,116836.4083008969,139.4656624220952,0.003412507136448004,0.004736212099585922,0.0013237049631379181,13682.422061579044,13925.771950107377,243.3498885283334,2820.2212589265114,2843.272414342063,23.05115541555142,0.0003895158099249476,0.0005387726764413932,0.00014925686651644563,8.25132392866674e-05,0.00011413433512198777,3.1621095835320366e-05,38.01149821730874,0.0,38.01149821730874,0.0008261249469672614,0.0,0.0008261249469672614,0.0001748977563295549,0.0,0.0001748977563295549
0.065,0.0493873244016448,0.049386231731873044,1.0926697717530964e-06,-0.0003203705572755698,0.00017024243553868452,0.0004906129928142543,611553.0414643816,608543.6537880843,3009.3876762973377,0.01766281584578384,0.024198074155203208,0.006535258309419367,150710.32040839724,149558.5618252671,1151.7585831301403,38212.277882105045,37990.39422727671,221.88365482833615,0.003941820843705592,0.005023976880478752,0.00108215603677316,0.0010234167962274324,0.0013294682903340737,0.00030605149410664135,280.16045830773163,0.0,280.16045830773163,0.0448775810773135,0.0,0.0448775810773135,0.0001748977563295549,0.0,0.0001748977563295549
0.066,0.04927815610550691,0.049273582707235516,4.573398271395801e-06,-0.0003654089144385711,0.00010511815460494517,0.0004705270690435163,751885.5680791655,750244.202653872,1641.3654252935667,0.021703262052544813,0.029843561692974648,0.008140299640429834,175890.97696831689,175502.66388357783,388.31308473905665,47745.65757991,47626.96988230673,118.68769760327268,0.004600607974126751,0.005904809514920601,0.0013042015407938503,0.0012584181209407727,0.0016208508344825016,0.00036243271354172895,319.5459963906219,0.0,319.5459963906219,0.058382477827144355,0.0,0.058382477827144355,0.0001748977563295549,0.0,0.0001748977563295549
0.067,0.04965714355181895,0.04965043913824922,6.704413569730283e-06,-0.00017531912636166783,0.00034551220266581606,0.0005208313290274839,342956.0229746893,348580.51984859013,5624.496873900818,0.00990290338142494,0.013829638266118022,0.003926734884693082,89588.74755910624,89976.82934813529,388.0817890290491,24519.581927655956,24655.020378303576,135.4384506476199,0.002343867978378374,0.003017648081370475,0.0006737801029921011,0.000623397923113936,0.0007795478226512148,0.00015614989953727882,153.31460921156713,0.0,153.31460921156713,0.01343949167272623,0.0,0.01343949167272623,0.0001748977563295549,0.0,0.0001748977563295549
0.068,0.05026932787314,0.05026237260923758,6.955263902423681e-06,0.0002746226856495705,0.0008367208486831795,0.000562098163033609,12983.44514676641,14536.79784217145,1553.3526954050412,0.0003106446215969056,0.0004329116167181724,0.0001222669951212668,12370.724786253077,12619.042933731427,248.3181474783505,5327.50227139372,5341.550632114562,14.048360720842538,0.00029825144066000526,0.0003615826147422463,6.333117408224105e-05,0.00013681552403390417,0.00016675148083425244,2.9935956800348265e-05,0.0,0.0,0.0,0.0,0.0,0.0,0.0,0.0,0.0
0.069,0.05088579639871833,0.05087892275524056,6.873643477775526e-06,0.0008909358804716633,0.00145225006377055,0.0005613141832988867,12536.055223423964,12204.781862411488,331.273361012476,0.000316756028014707,0.0003787961204970973,6.204009248239031e-05,12143.483281256833,11818.639641299947,324.84363995688545,5785.85710410195,5674.250496201335,111.60660790061502,0.00029944592490941963,0.0003415133815489949,4.206745663957529e-05,0.00014763647427055613,0.00017688435766345976,2.9247883392903627e-05,0.0,0.0,0.0,0.0,0.0,0.0,0.0,0.0,0.0
0.07,0.05149245492429693,0.0514857596193784,6.695304918528933e-06,0.0014928856482196023,0.002054833627603087,0.0005619479793834846,8584.830886399377,8533.13090973544,51.69997666393647,0.00022877104881215685,0.00029454764875338064,6.577659994122379e-05,8308.056041058404,8259.051067645576,49.004973412827894,3649.5311479720663,3682.537936652163,33.00678868009663,0.00022402621550833733,0.00028326251875707343,5.92363032487361e-05,9.509106850430993e-05,0.00011589330081425688,2.080223230994695e-05,0.0,0.0,0.0,0.0,0.0,0.0,0.0,0.0,0.0
0.07100000000000001,0.052089303449875744,0.05208273843308285,6.565016792893508e-06,0.002091410967344616,0.0026522838168078194,0.0005608728494632034,7505.966003853708,7382.588334783126,123.37766907058176,0.00018822899429252361,0.00023013434368918093,4.190534939665732e-05,7499.852953536977,7303.854844709948,195.99810882702877,4292.837091208938,4214.816648389035,78.0204428199022,0.0001795890631608279,0.00021510533572909328,3.551627256826538e-05,0.00011201381314638435,0.0001397670951663519,2.7753282019967563e-05,0.0,0.0,0.0,0.0,0.0,0.0,0.0,0.0,0.0
0.07200000000000001,0.052676341975454774,0.052669935999766125,6.405975688648924e-06,0.0026701794873295673,0.0032315804496727647,0.0005614009623431974,12064.963333553645,11859.11093363886,205.85239991478556,0.00026418632820664634,0.0002739971522066664,9.810824000020034e-06,11870.610592990679,11681.588021076448,189.02257191423087,4680.108097613734,4600.1033679722295,80.00472964150413,0.00026108763353498664,0.00027208617268718557,1.0998539152198925e-05,0.00010976839543495545,0.00012138171516388948,1.1613319728934028e-05,0.0,0.0,0.0,0.0,0.0,0.0,0.0,0.0,0.0
0.07300000000000001,0.05325357050103403,0.05324731912569467,6.251375339355603e-06,0.0032463664602490235,0.0038091626463799756,0.0005627961861309522,9752.248700011416,9593.857548143413,158.39115186800336,0.0002679725066018138,0.00032545166186233337,5.747915526051959e-05,9682.537923014359,9299.029266565873,383.50865644848636,5130.997425863115,5059.201058829721,71.79636703339384,0.00022223175142866965,0.0002554249345037534,3.319318307508373e-05,0.00012741249329967287,0.00014931908348207257,2.19065901823997e-05,0.0,0.0,0.0,0.0,0.0,0.0,0.0,0.0,0.0
0.07400000000000001,0.0538209890266135,0.0538149166856571,6.072340956404798e-06,0.0038192315436191455,0.00438161170759459,0.0005623801639754447,12216.644220715787,11976.173665618531,240.47055509725578,0.0003119195734665033,0.0003882004257041787,7.628085223767542e-05,11999.71439490172,11767.802808189737,231.91158671198355,4288.432701691632,4141.362806625107,147.06989506652553,0.0003010789774006361,0.00035846939870888566,5.739042130824956e-05,0.00011498329258758663,0.00013693251637358057,2.1949223785993943e-05,0.0,0.0,0.0,0.0,0.0,0.0,0.0,0.0,0.0
0.07500000000000001,0.05437859755219319,0.054372659504366136,5.938047827051818e-06,0.004373873021197381,0.0049357177241604175,0.0005618447029630365,14115.024439980234,13973.685730391813,141.3387095884209,0.00038875876977724396,0.000514816709416233,0.00012605793963898902,13879.27845033577,13743.463568321853,135.81488201391767,5703.8301865300555,5610.465713037374,93.3644734926811,0.00037658167198240615,0.0004883734193789486,0.00011179174739654247,0.00015015483697702577,0.00018684382376681305,3.668898678978728e-05,0.0,0.0,0.0,0.0,0.0,0.0,0.0,0.0,0.0
0.07600000000000001,0.05492639607777307,0.05492061256705849,5.783510714577056e-06,0.004932594058975925,0.005493335188225943,0.0005607411292500178,11025.3383559986,10244.912211597675,780.4261444009244,0.0002756391802178718,0.0003107068642059784,3.506768398810656e-05,8653.108771231977,8685.791114147323,32.68234291534645,6028.479448869541,5925.1785976664005,103.30085120314016,0.0002321257639272511,0.00030593318500455225,7.380742107730115e-05,0.00014030903771083635,0.00015638274881175663,1.6073711100920274e-05,0.0,0.0,0.0,0.0,0.0,0.0,0.0,0.0,0.0
0.07700000000000001,0.05546438460335315,0.05545875594624492,5.628657108229518e-06,0.00546486703716682,0.0060278363469791815,0.0005629693098123615,7706.95306803252,7622.416339984361,84.5367280481587,0.00016729793531516796,0.00020835695702279698,4.105902170762902e-05,7441.773417662717,7346.105977647061,95.66744001565621,4335.899254053572,4264.39245462026,71.50679943331215,0.00016280831991444245,0.00019176786171313961,2.8959541798697166e-05,0.00010811359685491395,0.0001261044303272347,1.7990833472320765e-05,0.0,0.0,0.0,0.0,0.0,0.0,0.0,0.0,0.0
0.078,0.05599256312893342,0.05598711302170977,5.450107223650691e-06,0.005989769835745175,0.0065527135440453296,0.0005629437083001544,8256.257353405947,7769.516846920456,486.7405064854902,0.0002090418540650679,0.0002442100783874457,3.516822432237781e-05,8245.542993661822,7723.341377226051,522.201616435771,4543.694765929373,4343.362733066978,200.33203286239495,0.00019105021638810308,0.0002086162066640801,1.756599027597701e-05,0.00011772159486565476,0.00013395099027677562,1.6229395411120862e-05,0.0,0.0,0.0,0.0,0.0,0.0,0.0,0.0,0.0
0.079,0.056510931654513895,0.05650561570676521,5.31594774868388e-06,0.0065116957565244105,0.007073878485761496,0.0005621827292370853,8075.5143033572285,7865.311164626332,210.20313873089617,0.00021586553237936207,0.0002984193602415814,8.255382786221931e-05,8014.836889360916,7809.04514998294,205.79173937797623,5363.102471298265,5272.688168635255,90.41430266300995,0.00021358575041323683,0.00029584807448312944,8.22623240698926e-05,0.0001426248148043085,0.00017510929863723975,3.248448383293126e-05,0.0,0.0,0.0,0.0,0.0,0.0,0.0,0.0,0.0
0.08,0.057019490180094536,0.05701432887636893,5.16130372560375e-06,0.007018664430939205,0.0075802620844578035,0.0005615976535185982,8697.463505865902,8132.537078402283,564.9264274636189,0.00026923657236893725,0.0003533828302090313,8.414625784009406e-05,7750.723024145892,7656.637650393693,94.0853737521993,5147.115925480371,5054.708723793542,92.40720168682856,0.00017024400550344867,0.00019498694023113255,2.4742934727683887e-05,0.00012300385116907,0.0001373277428211564,1.4323891652086399e-05,0.0,0.0,0.0,0.0,0.0,0.0,0.0,0.0,0.0
0.081,0.05751823870567532,0.05751325592109058,4.9827845847449925e-06,0.007515375044351111,0.008078528138547082,0.0005631530941959707,6786.655586330343,5924.26353945886,862.3920468714832,0.00019993011017735183,0.00023300899110932923,3.30788809319774e-05,6125.315850185004,5743.70765383483,381.6081963501738,4348.712914523139,4276.208472493545,72.50444202959443,0.00016554890293827459,0.00020273169939231982,3.718279645404524e-05,0.0001092838303831002,0.00013117033971203962,2.1886509328939417e-05,0.0,0.0,0.0,0.0,0.0,0.0,0.0,0.0,0.0
0.082,0.05800717723125627,0.05800232544403322,4.851787223050796e-06,0.008012573547759928,0.00857595874282379,0.0005633851950638622,14905.722642641265,14703.121510848025,202.6011317932407,0.0003557836529558041,0.0004334241058651555,7.764045290935143e-05,14268.713211222695,14076.244012946609,192.4691982760869,5007.4822213330635,4935.643661872103,71.83855946096082,0.00034908655151030387,0.0004027430990334789,5.3656547523175035e-05,0.0001270889531255882,0.0001522980678675644,2.5209114741976197e-05,0.0,0.0,0.0,0.0,0.0,0.0,0.0,0.0,0.0
0.083,0.05848630575683738,0.05848161246430003,4.69329253734857e-06,0.008489391844120169,0.009052778227742994,0.0005633863836228253,10458.612134053757,10485.348171439238,26.736037385480813,0.0002705653347923322,0.0003542858111625694,8.372047637023717e-05,10186.138823523077,10194.617133216578,8.478309693500705,5568.874768215042,5471.642736235302,97.23203197973999,0.00026435383596081234,0.00033140319902686034,6.7049363066048e-05,0.00014180210394327706,0.0001700415533398179,2.823944939654084e-05,0.0,0.0,0.0,0.0,0.0,0.0,0.0,0.0,0.0
0.084,0.05895562428241863,0.05895108629242727,4.537989991358626e-06,0.008960320729834156,0.009522735317767147,0.0005624145879329912,9621.39952850713,9355.87751743523,265.5220110719001,0.00021982530483107717,0.0002614232863040753,4.1597981472998104e-05,9089.526375718808,8805.211909455664,284.3144662631439,4908.273581879233,4830.687139503024,77.58644237620865,0.00021567251747395372,0.0002413718001849155,2.5699282710961777e-05,0.00012082231211471174,0.00013934260598904354,1.8520293874331803e-05,0.0,0.0,0.0,0.0,0.0,0.0,0.0,0.0,0.0
0.085,0.05941513280799999,0.05941077363467595,4.359173324038068e-06,0.009420444784466405,0.00998370059823849,0.0005632558137720848,9588.056556582416,9525.873683246547,62.18287333586886,0.0002466684991672631,0.0003120850579599736,6.54165587927105e-05,9535.515139975529,9505.61114641616,29.903993559368246,4155.731707645441,4083.66935100935,72.06235663609095,0.0002452565845883838,0.0003085413165443625,6.328473195597872e-05,0.00011693500761456927,0.00015060146068228222,3.3666453067712944e-05,0.0,0.0,0.0,0.0,0.0,0.0,0.0,0.0,0.0
0.08600000000000001,0.05986483133358149,0.059860605827960565,4.225505620923664e-06,0.009857675975577617,0.010422422309339388,0.0005647463337617713,10966.972526460915,10741.615904407947,225.3566220529683,0.00024628680216708543,0.00027768965258497154,3.1402850417886104e-05,10675.351832572169,10457.306461502114,218.0453710700549,4331.934998200482,4239.47897915236,92.45601904812247,0.00024376720660888656,0.0002616497967822492,1.7882590173362643e-05,0.00010782613370960444,0.00012456449102332017,1.6738357313715726e-05,0.0,0.0,0.0,0.0,0.0,0.0,0.0,0.0,0.0
0.08700000000000001,0.06030471985916312,0.06030064960003898,4.070259124140663e-06,0.010301115804091607,0.010865789286325785,0.0005646734822341778,9867.117620228017,9736.742139507842,130.3754807201749,0.00023898734956408367,0.0002770839157017898,3.809656613770613e-05,9613.288586047544,9482.47740464889,130.8111813986543,5058.425702614067,4947.989798759604,110.4359038544626,0.00022533764265692007,0.00023941819441474402,1.4080551757823947e-05,0.00012355946447514286,0.00013773349216485042,1.4174027689707559e-05,0.0,0.0,0.0,0.0,0.0,0.0,0.0,0.0,0.0
0.08800000000000001,0.06073479838474486,0.06073088308797216,3.915296772703802e-06,0.010732451820094115,0.011295929165753263,0.0005634773456591486,13400.500402218104,13137.152684588047,263.34771763005665,0.00032018524706638776,0.0003549430782134253,3.475783114703754e-05,9395.434598231564,9417.148059625662,21.713461394097976,4679.916692288337,4595.6084179148165,84.30827437352036,0.00023476346456462166,0.0003120418250014634,7.727836043684174e-05,0.0001219780848896256,0.0001382709917182975,1.62929068286719e-05,0.0,0.0,0.0,0.0,0.0,0.0,0.0,0.0,0.0
0.08900000000000001,0.061155066910326725,0.061151306574182135,3.7603361445898154e-06,0.011151078972491547,0.011714925457563917,0.0005638464850723692,9907.092442694428,9778.664460018552,128.42798267587568,0.0002624083995024302,0.0003383191206773211,7.59107211748909e-05,9485.724889925332,9352.44227696392,133.28261296141136,5090.265755916632,5009.2026145241125,81.06314139251936,0.00024656570145495095,0.00031468102389454154,6.811532243959059e-05,0.00014113063750899118,0.00017945476627319304,3.8324128764201864e-05,0.0,0.0,0.0,0.0,0.0,0.0,0.0,0.0,0.0
0.09000000000000001,0.06156552543590871,0.06156192294722963,3.6024886790747557e-06,0.011569383831521172,0.012133650666499737,0.0005642668349785645,7649.2062447195485,7792.847966866177,143.64172214662813,0.00020953476805686194,0.0002880271542184076,7.849238616154563e-05,7346.305449003537,7182.904585857726,163.40086314581185,5225.0905250768155,5149.659255998631,75.43126907818441,0.00016488991500431292,0.00022018211100388065,5.529219599956773e-05,0.00012556400305216965,0.00014558870289428178,2.002469984211213e-05,0.0,0.0,0.0,0.0,0.0,0.0,0.0,0.0,0.0
0.09100000000000001,0.061966173961490796,0.06196272643451151,3.4475269792832997e-06,0.011967806147216226,0.012533022541200353,0.0005652163939841269,7473.379978079553,7456.369416095878,17.01056198367587,0.0001759145221398677,0.0002084166644926306,3.2502142352762914e-05,7187.308681192243,7159.245991911974,28.062689280269296,4981.1933620654045,4882.611665437618,98.58169662778619,0.0001721517032879682,0.00020598879966940884,3.383709638144064e-05,0.00011567437463964121,0.00012887852073100866,1.3204146091367442e-05,0.0,0.0,0.0,0.0,0.0,0.0,0.0,0.0,0.0
0.09200000000000001,0.06235701248707298,0.06235371959821738,3.292888855602194e-06,0.012359162914941442,0.012922931909443583,0.0005637689945021413,8721.656914428471,8523.798355542734,197.85855888573678,0.00025107800959939155,0.00031650841820880733,6.543040860941578e-05,8311.500022620861,8187.815934932573,123.68408768828795,4229.286929979974,4164.164300601226,65.12262937874766,0.00019454481626439478,0.0002759504961589672,8.140567989457244e-05,0.00010547384445580156,0.00011925891988735318,1.378507543155162e-05,0.0,0.0,0.0,0.0,0.0,0.0,0.0,0.0,0.0
0.09300000000000001,0.06273804101265529,0.06273490616997086,3.1348426844240995e-06,0.012738951577858393,0.01330349790080234,0.0005645463229439467,8444.919121740482,8356.087464925322,88.83165681516039,0.00024965604968076505,0.0003393198325037577,8.966378282299265e-05,8271.615240819543,8180.44903649277,91.16620432677337,4693.19316273917,4592.941790098466,100.25137264070327,0.00024391262791095014,0.0003311710002600151,8.725837234906496e-05,0.00013244817820247563,0.00016480917865156888,3.236100044909325e-05,0.0,0.0,0.0,0.0,0.0,0.0,0.0,0.0,0.0
0.09400000000000001,0.06310925953823768,0.06310627964791836,2.9798903193184456e-06,0.013108554255374997,0.01367235569926025,0.0005638014438852524,8224.747761624176,7646.602958576792,578.1448030473839,0.0002500126186387647,0.00032740246989098937,7.738985125222466e-05,7407.946825724997,7212.689171563335,195.25765416166269,5218.545152857012,5121.249594764304,97.29555809270823,0.00018387773714906161,0.00021372193992761206,2.9844202778550442e-05,0.00013316127126484286,0.00015635890170315027,2.319763043830741e-05,0.0,0.0,0.0,0.0,0.0,0.0,0.0,0.0,0.0
0.095,0.06347066806382015,0.06346784303571863,2.825028101519078e-06,0.013463643010757422,0.014030153717164517,0.0005665107064070952,9669.324947593357,9235.51150412418,433.8134434691765,0.00029502216760089777,0.00039642440883699305,0.00010140224123609528,9485.83670292483,8700.301670478473,785.5350324463561,5328.123908011598,5243.2918452935855,84.83206271801282,0.00027260196150951163,0.00034080884667616587,6.820688516665424e-05,0.00013395698477663303,0.0001558563184839013,2.1899333707268282e-05,0.0,0.0,0.0,0.0,0.0,0.0,0.0,0.0,0.0
0.096,0.06382226658940271,0.0638196207678033,2.6458215994090706e-06,0.01382684404458891,0.014391790539877061,0.000564946495288151,11147.141383823671,10391.595807150798,755.5455766728737,0.00027382787927508545,0.00031799621196536564,4.416833269028019e-05,11088.609235465849,10382.654952370507,705.9542830953415,4730.894477678251,4660.287108757025,70.60736892122623,0.00027242666106297534,0.0003146633229649992,4.223666190202388e-05,0.00011769039301913108,0.00013513723906204665,1.744684604291557e-05,0.0,0.0,0.0,0.0,0.0,0.0,0.0,0.0,0.0
0.097,0.06416405511498534,0.06416154246923601,2.512645749325193e-06,0.014163768230051086,0.014728737698275863,0.0005649694682247769,13497.936353240078,13332.557424446131,165.37892879394713,0.0003180717752757463,0.000355972301636981,3.790052636123471e-05,12269.747860457826,11913.90059641798,355.8472640398468,4497.159414341746,4433.499760139455,63.65965420229077,0.00029250361481756616,0.00033252196562253653,4.001835080497037e-05,0.00012024998535777376,0.000144789511031253,2.4539525673479237e-05,0.0,0.0,0.0,0.0,0.0,0.0,0.0,0.0,0.0
0.098,0.06449603364056805,0.06449367619362686,2.3574469411868915e-06,0.014501493553454783,0.015066317934435185,0.000564824380980402,8977.83654447186,8869.696217988472,108.14032648338798,0.00023770301626453542,0.00030161150374423336,6.390848747969794e-05,8331.031543337022,8231.15211910605,99.87942423097229,5265.984218629483,5177.883279471888,88.10093915759444,0.0002220537455562954,0.00027762237327321235,5.5568627716916946e-05,0.00013131053275280844,0.00015029192838981358,1.8981395637005145e-05,0.0,0.0,0.0,0.0,0.0,0.0,0.0,0.0,0.0
0.099,0.06481820216615083,0.06481599971894755,2.2024472032811104e-06,0.014821129338958596,0.01538756976697506,0.0005664404280164639,7649.878559577783,7472.028513132919,177.85004644486344,0.00020778526711809947,0.0002645809792187315,5.6795712100632015e-05,7407.406033716818,7329.644658899868,77.76137481694968,4791.821411249842,4709.144489756759,82.67692149308277,0.00018871567929600047,0.00024836960978633185,5.9653930490331385e-05,0.00012334076404643893,0.00015067561412464119,2.7334850078202254e-05,0.0,0.0,0.0,0.0,0.0,0.0,0.0,0.0,0.0
0.1,0.0651305606917337,0.06512851343214553,2.0472595881754208e-06,0.01512562862178891,0.015692297073732545,0.0005666684519436346,6937.521085284119,6684.604282290961,252.91680299315794,0.00019795499394683428,0.00027766965790949807,7.971466396266378e-05,6907.7298660555125,6553.000330248559,354.7295358069532,4119.716623558693,4046.9349617803664,72.78166177832645,0.00019484930185956805,0.0002729386987105183,7.808939685095023e-05,0.00010624439760044288,0.00013154067968958503,2.529628208914215e-05,0.0,0.0,0.0,0.0,0.0,0.0,0.0,0.0,0.0
0.101,0.06543310921731663,0.0654312195521061,1.8896652105304668e-06,0.015431289727941232,0.015997269827472557,0.0005659800995313248,12041.370426609252,11756.41015109952,284.9602755097312,0.0002735538638726048,0.00029873606128495803,2.5182197412353233e-05,11890.917021294552,11599.234703720856,291.6823175736954,4186.50468323917,4112.351506593176,74.15317664599388,0.0002714186221265018,0.00029599141893394565,2.457279680744386e-05,0.00010399594532514745,0.00011969070601698403,1.5694760691836577e-05,0.0,0.0,0.0,0.0,0.0,0.0,0.0,0.0,0.0
0.10200000000000001,0.06572584774289959,0.06572411325296122,1.7344899383708867e-06,0.015721746733858705,0.016287363000722185,0.0005656162668634807,10768.071051066814,10724.049113492587,44.021937574227195,0.00027152491094464034,0.0003360591786511945,6.453426770655418e-05,10749.616249552651,10581.862340694051,167.75390885859997,5268.774054899483,5162.452689959421,106.32136494006227,0.0002692250965941465,0.0003309434453185058,6.171834872435928e-05,0.00013378527143944826,0.0001519790553602972,1.8193783920848923e-05,0.0,0.0,0.0,0.0,0.0,0.0,0.0,0.0,0.0
0.10300000000000001,0.06600877626848262,0.06600719697041196,1.5792980706530457e-06,0.016001917362652825,0.016569028340487738,0.0005671109778349129,8602.500819275234,8458.65045451419,143.85036476104324,0.00023411378960281254,0.00030875212947125503,7.46383398684425e-05,8060.811792273413,8059.225346608742,1.5864456646704639,5281.441021272114,5168.244489422969,113.19653184914478,0.00021818288189117725,0.0002904588648168511,7.227598292567386e-05,0.00014235705798022597,0.00017418744346857462,3.183038548834865e-05,0.0,0.0,0.0,0.0,0.0,0.0,0.0,0.0,0.0
0.10400000000000001,0.0662818947940657,0.0662804728130743,1.4219809914006731e-06,0.016283471057512638,0.016850653076244473,0.0005671820187318349,7357.648943885269,7304.434759961065,53.21418392420401,0.00022083499337037613,0.0003088528465190188,8.801785314864268e-05,7023.87244168813,6973.275798757885,50.59664293024434,5173.697075464246,5070.608534160479,103.08854130376676,0.0002108793274906211,0.0002953407639735338,8.44614364829127e-05,0.0001410517777381069,0.00017563426333216432,3.458248559405741e-05,0.0,0.0,0.0,0.0,0.0,0.0,0.0,0.0,0.0
0.10500000000000001,0.06654520331964882,0.06654393652623372,1.2667934150972782e-06,0.016550510901616404,0.017116424848784097,0.0005659139471676927,9360.882132032351,9085.195921101837,275.6862109305148,0.00021232938409626543,0.00023723643672891105,2.490705263264562e-05,9124.652066675302,8853.004967578914,271.64709909638805,4819.346593458906,4730.650979040608,88.69561441829774,0.00020936462899849494,0.0002326105545899233,2.324592559142837e-05,0.00011849877827537614,0.0001340536350329737,1.5554856757597546e-05,0.0,0.0,0.0,0.0,0.0,0.0,0.0,0.0,0.0
0.10600000000000001,0.06679870184523201,0.06679759030084832,1.1115443836889893e-06,0.016800614292504863,0.01736684364813674,0.0005662293556318761,9497.041035714405,9389.564871956258,107.47616375814687,0.00023996284353882508,0.0003248993709038873,8.493652736506224e-05,9247.279786049565,9129.006239005053,118.27354704451136,4864.732893526183,4757.211115557194,107.52177796898923,0.00020481056749824456,0.00024068514457244134,3.587457707419678e-05,0.00011623154418482045,0.0001282337671024478,1.2002222917627362e-05,0.0,0.0,0.0,0.0,0.0,0.0,0.0,0.0,0.0
0.10700000000000001,0.06704239037081519,0.06704143416190135,9.562089138409613e-07,0.01704859480849967,0.01761505793195202,0.0005664631234523487,10117.960668248083,9962.935552537916,155.02511571016657,0.0002474678104003651,0.00029631039025439405,4.8842579854028946e-05,9888.679912714219,9708.97990812001,179.7000045942077,4426.831476837328,4349.85860854459,76.97286829273799,0.0002364403157611089,0.00026958251126069695,3.3142195499588064e-05,0.00011641121076364233,0.00013811709420219473,2.1705883438552398e-05,0.0,0.0,0.0,0.0,0.0,0.0,0.0,0.0,0.0
0.10800000000000001,0.06727626889639846,0.06727546974461204,7.991517864125441e-07,0.017273334695362352,0.01784068206570145,0.000567347370339099,6823.957819528587,6717.890301703713,106.0675178248739,0.00022007448631472943,0.00028900989293512776,6.893540662039833e-05,6699.317967387821,6687.26036946152,12.057597926301241,4787.643476448573,4718.519954514433,69.12352193413972,0.00020866774107058427,0.00028148522794793163,7.281748687734736e-05,0.00012832398593688212,0.00015897440989366663,3.0650423956784514e-05,0.0,0.0,0.0,0.0,0.0,0.0,0.0,0.0,0.0
0.10900000000000001,0.06750033742198173,0.06749969362454585,6.437974358897147e-07,0.01749733874223598,0.018065297207503044,0.0005679584652670648,7082.54324095726,6875.535105660758,207.0081352965026,0.00017790467988271558,0.00024002590957768871,6.212122969497314e-05,6968.9721874167935,6778.1096562667135,190.86253115008003,5398.649483553021,5314.855931500787,83.79355205223419,0.00016852634510991992,0.00022045206337653112,5.19257182666112e-05,0.00012915556655361323,0.0001471670178304316,1.8011451276818364e-05,0.0,0.0,0.0,0.0,0.0,0.0,0.0,0.0,0.0
0.11000000000000001,0.06771459594756506,0.067714107492006,4.884555590556339e-07,0.017718080854731796,0.018284340128712398,0.0005662592739806016,9124.018636628982,8770.96049771747,353.0581389115123,0.0002571425046597729,0.0003326305279348161,7.548802327504315e-05,7503.353525542041,7422.350366819659,81.00315872238207,5521.094065722093,5427.648472605006,93.4455931170869,0.00020490741664404416,0.00027342037097598617,6.851295433194201e-05,0.0001363444020121991,0.00016077756587000862,2.443316385780951e-05,0.0,0.0,0.0,0.0,0.0,0.0,0.0,0.0,0.0
0.11100000000000002,0.06791904447314838,0.0679187113800132,3.330931351852584e-07,0.017915869054008972,0.01848348815396481,0.0005676190999558371,14912.505171305007,14439.568288541584,472.93688276342255,0.00038959128710364105,0.0004859004822816902,9.630919517804917e-05,10265.264718349596,10020.780877345918,244.4838410036773,4645.1989112059155,4611.531074856532,33.66783634938383,0.0002433929442776128,0.0002776713566595662,3.42784123819534e-05,0.00011913428519454832,0.0001420263489563455,2.2892063761797176e-05,0.0,0.0,0.0,0.0,0.0,0.0,0.0,0.0,0.0
0.112,0.06811368299873177,0.06811350680564282,1.761930889521146e-07,0.018119025350269866,0.018686588327616917,0.0005675629773470511,10644.729576460735,10362.357662650742,282.3719138099932,0.00027328157069940744,0.00034526706403041174,7.19854933310043e-05,10349.738403817457,10058.01007625404,291.7283275634163,4724.221304084712,4624.1165795222905,100.10472456242132,0.000261691264082219,0.0003114663223439502,4.9775058261731164e-05,0.000125345107913212,0.00014875651143698954,2.3411403523777554e-05,0.0,0.0,0.0,0.0,0.0,0.0,0.0,0.0,0.0
0.113,0.06829851152431517,0.06829849070571095,2.081860421554449e-08,0.018299509069208787,0.01886854460599711,0.0005690355367883246,9480.055790367554,9022.904155605538,457.15163476201633,0.0002856902951849125,0.000354353543864221,6.866324867930849e-05,8385.374257793112,8256.277848756708,129.0964090364032,5179.3528004500195,5059.104172017048,120.2486284329716,0.0002563677772139528,0.00033137375210048317,7.50059748865304e-05,0.0001287653486498851,0.0001441460863928593,1.538073774297422e-05,0.0,0.0,0.0,0.0,0.0,0.0,0.0,0.0,0.0
0.114,0.06847353004989859,0.06847366465914734,1.3460924874753033e-07,0.018473956947900137,0.019041180233618046,0.0005672232857179098,7486.881622047263,7307.298522642692,179.58309940457093,0.00021884596398084942,0.0002962818254598203,7.743586147897089e-05,7338.885003486842,7158.266264468168,180.6187390186742,5070.590322912844,4970.055780176506,100.53454273633815,0.00021832106930708993,0.00029454571662617497,7.622464731908503e-05,0.00013653596052200085,0.0001722903134317907,3.575435290978986e-05,0.0,0.0,0.0,0.0,0.0,0.0,0.0,0.0,0.0
0.115,0.06863873857548201,0.06863902989397884,2.9131849682562105e-07,0.018634782978160652,0.01920358572819703,0.000568802750036377,8278.56885881109,8201.770926943122,76.79793186796815,0.00019933448733533733,0.0002729217025199204,7.358721518458308e-05,8133.641688316337,8122.513553118576,11.128135197761367,4467.143854570565,4372.987825555616,94.15602901494913,0.00019157160726822377,0.00026167675617350025,7.010514890527648e-05,0.00011105982387185974,0.00013062130454635212,1.956148067449238e-05,0.0,0.0,0.0,0.0,0.0,0.0,0.0,0.0,0.0
0.116,0.06879413710106547,0.06879458392103294,4.4681996747009123e-07,0.01878890221097094,0.01935707701782807,0.0005681748068571309,12324.078764266096,12064.098574156316,259.98019010977987,0.0002905764803420895,0.00033464122907193514,4.406474872984561e-05,12293.905301101639,12042.314827553519,251.59047354811992,4858.874548503964,4758.433785643264,100.44076286070049,0.0002902460941662928,0.00033334053455225115,4.309444038595836e-05,0.00011837703570074592,0.00013552208319972774,1.7145047498981825e-05,0.0,0.0,0.0,0.0,0.0,0.0,0.0,0.0,0.0
0.117,0.06893972562664895,0.0689403279283946,6.023017456585622e-07,0.018929859795683675,0.019499747985229195,0.0005698881895455192,17497.13854619767,16868.24721589789,628.8913302997826,0.0004177842350293182,0.0004653650470555054,4.7580812026187206e-05,13143.191873124788,12964.602562492,178.5893106327876,5227.911883142431,5155.056645905514,72.85523723691676,0.0003049984159855877,0.00034454792212923566,3.954950614364799e-05,0.0001311270367512292,0.0001536811362517463,2.255409950051708e-05,0.0,0.0,0.0,0.0,0.0,0.0,0.0,0.0,0.0
0.11800000000000001,0.0690755041522324,0.06907626199474068,7.578425082754858e-07,0.019076856732422882,0.019645262707294334,0.0005684059748714519,15813.57061136273,15066.023867750166,747.5467436125637,0.0004195078320020819,0.0005104409636217596,9.093313161967769e-05,9615.194134138472,9539.860227716372,75.33390642209997,4947.500756479985,4903.920160493815,43.58059598617001,0.0002571191405987727,0.00033360617187256416,7.648703127379147e-05,0.00013739398900107893,0.00017879199214378654,4.139800314270761e-05,0.0,0.0,0.0,0.0,0.0,0.0,0.0,0.0,0.0
0.11900000000000001,0.06920147267781591,0.06920238708245213,9.14404636218058e-07,0.01920262889702687,0.019770767082915128,0.0005681381858882589,7726.824235155861,7554.135093113507,172.68914204235443,0.00016739979564748457,0.0002201140879668405,5.2714292319355933e-05,7544.092452522077,7362.552420703177,181.5400318189004,4113.350875318856,4054.920366093301,58.4305092255554,0.00016633248188929127,0.0001817663457505151,1.5433863861223846e-05,0.00010017090991683362,0.0001168365729696055,1.666566305277187e-05,0.0,0.0,0.0,0.0,0.0,0.0,0.0,0.0,0.0
0.12000000000000001,0.06931763120339941,0.06931870115725029,1.0699538508796014e-06,0.019320537307047327,0.019888971719165767,0.0005684344121184397,8133.018038853403,7946.599247757878,186.41879109552428,0.0001854852120309523,0.0002033842349362267,1.7899022905274397e-05,7965.72669136195,7781.857720894129,183.86897046782087,5063.649337148831,4957.259336024413,106.39000112441863,0.00018508888100803283,0.00019909225103794247,1.4003370029909635e-05,0.0001195729994035139,0.00013414514779633795,1.4572148392824052e-05,0.0,0.0,0.0,0.0,0.0,0.0,0.0,0.0,0.0
0.12100000000000001,0.06942397972898293,0.06942520529365095,1.2255646680281451e-06,0.019430417293004237,0.019999812165923166,0.000569394872918929,14590.129542499059,14300.747649066725,289.3818934323335,0.0003324748626059513,0.0003679450702998002,3.547020769384889e-05,13901.602125799676,13585.196024729055,316.40610107062093,4783.033376752682,4684.098042710268,98.93533404241407,0.0003165394169433432,0.0003471275867800368,3.0588169836693604e-05,0.00011784311245322574,0.00013514511702600004,1.7302004572774293e-05,0.0,0.0,0.0,0.0,0.0,0.0,0.0,0.0,0.0
0.12200000000000001,0.06952051825456644,0.06952190018059548,1.3819260290398594e-06,0.019520055838148056,0.020089332107568844,0.0005692762694207883,10799.517367468949,10637.517582949917,161.9997845190319,0.0003014928484845329,0.0003943004028397438,9.280755435521091e-05,10668.425458976986,10523.725385495523,144.70007348146282,4381.781062986019,4302.856135174757,78.92492781126202,0.00029128470047733905,0.00037692191576973105,8.5637215292392e-05,0.00012164988614103247,0.00015376012922106833,3.211024308003585e-05,0.0,0.0,0.0,0.0,0.0,0.0,0.0,0.0,0.0
0.12300000000000001,0.06960724678014997,0.06960878433769138,1.537557541411716e-06,0.019609341706810765,0.020178187676619337,0.0005688459698085721,7712.377614806069,7653.739876627224,58.63773817884521,0.0001945077677791729,0.00026834694922979447,7.383918145062156e-05,7403.324314568154,7345.477632247163,57.84668232099102,5205.007603421029,5093.728033318897,111.2795701021314,0.00019051138311867928,0.0002598580646492747,6.934668153059544e-05,0.00013056619940225042,0.0001538169574951047,2.3250758092854275e-05,0.0,0.0,0.0,0.0,0.0,0.0,0.0,0.0,0.0
0.12400000000000001,0.06968416530573349,0.06968585852762726,1.693221893778185e-06,0.01968553940296373,0.020254339077933406,0.0005687996749696757,8607.532855310148,8642.405751059983,34.87289574983515,0.00023678407610251858,0.00032340593930345985,8.662186320094128e-05,8443.680205861881,8477.477999402938,33.79779354105631,6065.592580951388,5968.762420902974,96.83016004841465,0.00023556714982999325,0.0003141604237068646,7.859327387687133e-05,0.00015058926155663452,0.00018083191901244032,3.0242657455805793e-05,0.0,0.0,0.0,0.0,0.0,0.0,0.0,0.0,0.0
0.125,0.06975127383131705,0.06975314711022661,1.873278909561571e-06,0.019748465803729843,0.020318533573333332,0.0005700677696034891,10112.205731686307,9102.356597,1009.8491346863066,0.00026108216011203766,0.0002951501639,3.406800378796235e-05,8507.112745704851,8315.621166300001,191.4915794048502,5702.044659537648,5685.121728912389,16.92293062525914,0.0001858090311068962,0.00023196473480499997,4.615570369810378e-05,0.00014006101294335136,0.0001668558981286438,2.679488518529243e-05,0.0,0.0,0.0,0.0,0.0,0.0,0.0,0.0,0.0
0.126,0.06980857235690058,0.06981060142349876,2.0290665981859135e-06,0.019812078771256167,0.02038271708659506,0.0005706383153388922,8318.054680076331,8587.45228548341,269.397605407079,0.00023708046674555188,0.0003165048412235095,7.94243744779576e-05,8110.438895930155,8363.881035948578,253.44214001842283,3836.4163632680456,3840.2106121371216,3.794248869076,0.0002139489747272477,0.00028085843431408593,6.690945958683824e-05,0.00010355422940694955,0.00012854247019756737,2.4988240790617817e-05,0.0,0.0,0.0,0.0,0.0,0.0,0.0,0.0,0.0
0.127,0.06985606088248413,0.0698582457609241,2.1848784399758348e-06,0.019862549941309104,0.020431866314125944,0.0005693163728168402,8262.655425350682,8149.526690962533,113.12873438814859,0.00019732432793839432,0.00024046149411329496,4.313716617490064e-05,7936.770546347948,7820.818180751518,115.95236559642944,4869.236700055344,4745.314903394727,123.92179666061747,0.000183292357436769,0.00022109501322396135,3.7802655787192346e-05,0.00011775884258645851,0.0001321274819516276,1.436863936516908e-05,0.0,0.0,0.0,0.0,0.0,0.0,0.0,0.0,0.0
0.128,0.06989373940806765,0.06989605592952754,2.316521459891363e-06,0.019892616013255596,0.020462976953696754,0.0005703609404411579,7895.48168088164,7786.393762485813,109.08791839582773,0.0002210039159288616,0.000305510890993967,8.450697506510543e-05,7661.955313237788,7549.792374976235,112.16293826155288,5505.502386730241,5399.025626338793,106.4767603914479,0.0002010896543098227,0.0002677178052458784,6.662815093605567e-05,0.0001401958280561624,0.00016936095185870673,2.916512380254433e-05,0.0,0.0,0.0,0.0,0.0,0.0,0.0,0.0,0.0
0.129,0.0699216079336512,0.06992408039412319,2.4724604719972287e-06,0.019921538103534576,0.020492287490994958,0.0005707493874603821,9170.345995729935,8968.878162931083,201.4678327988513,0.00025247252813006995,0.0003271487477296799,7.467621959960995e-05,8481.257160267141,8377.051928090837,104.20523217630398,4382.986285513326,4305.439246774644,77.5470387386822,0.00021103309664644205,0.0002587902407521109,4.7757144105668855e-05,0.00011142284378517477,0.00013603739866461837,2.46145548794436e-05,0.0,0.0,0.0,0.0,0.0,0.0,0.0,0.0,0.0
0.13,0.06993966645923473,0.06994229477268954,2.6283134548082954e-06,0.01993571932548065,0.02050632843050038,0.0005706091050197287,9052.19705503132,8936.828307469295,115.36874756202451,0.00021127022966816825,0.00026588191074521073,5.4611681077042484e-05,8999.19909280963,8860.969796103398,138.22929670623125,4159.191695525869,4104.274987061603,54.916708464266776,0.0002015715773105615,0.00023029214616652373,2.8720568855962236e-05,0.00010719412423311553,0.00012974563071176448,2.255150647864896e-05,0.0,0.0,0.0,0.0,0.0,0.0,0.0,0.0,0.0
0.131,0.0699479149848183,0.06995069919921384,2.7842143955486565e-06,0.01993729076458818,0.020509146070798043,0.0005718553062098626,13638.945825412397,13343.369810707853,295.5760147045439,0.0003163185743332313,0.0003506321836500072,3.431360931677586e-05,13537.610491236468,13217.828389917859,319.7821013186094,5768.772050291297,5684.158667761159,84.61338253013764,0.00031113901844583393,0.00033694871317199715,2.5809694726163217e-05,0.00014413137220937192,0.00016898504645878286,2.4853674249410943e-05,0.0,0.0,0.0,0.0,0.0,0.0,0.0,0.0,0.0
0.132,0.06994635351040185,0.0699493180497279,2.9645393260502306e-06,0.019947553610650665,0.02051718176745791,0.0005696281568072434,15978.677605134093,16483.745099318137,505.06749418404434,0.0004052659151222381,0.0005077351966440066,0.00010246928152176846,15577.676948693226,16066.237041703764,488.56009301053746,5340.517047319989,5320.05368355393,20.463363766059047,0.0003946946878446407,0.0004927024097444665,9.800772189982578e-05,0.00014228313618542691,0.00017797020881211517,3.568707262668826e-05,0.0,0.0,0.0,0.0,0.0,0.0,0.0,0.0,0.0
0.133,0.06993498203598539,0.06993810250340728,3.1204674218882067e-06,0.019928843851661566,0.0204996466546605,0.0005708028029989334,10961.62573165292,11114.082711249985,152.45697959706376,0.00029241789540798864,0.00038322589456931896,9.080799916133032e-05,10685.66449150022,10818.049565459667,132.38507395944725,4173.065079441804,4278.288259278377,105.22317983657285,0.0002836593629998366,0.0003657261017193092,8.206673871947263e-05,0.00011414067816794246,0.00015225231867880081,3.8111640510858356e-05,0.0,0.0,0.0,0.0,0.0,0.0,0.0,0.0,0.0
0.134,0.06991380056156893,0.06991707698026232,3.2764186933958994e-06,0.019915320315300158,0.020486815121163175,0.0005714948058630175,6555.491759526655,6253.678032348616,301.8137271780388,0.0001509032288446573,0.00019031899939652764,3.941577055187033e-05,6430.299287829928,6232.945363283467,197.3539245464617,4575.670365735432,4426.712314899311,148.9580508361205,0.000149058032782542,0.00018189303586430434,3.283500308176235e-05,0.00011020498108668808,0.00012624840581790652,1.604342473121844e-05,0.0,0.0,0.0,0.0,0.0,0.0,0.0,0.0,0.0
0.135,0.0698828090871525,0.0698862167341684,3.4076470158961314e-06,0.01988960170365243,0.020460506071546262,0.0005709043678938305,9611.07818141914,9496.460830415972,114.61735100316764,0.00021701284132526893,0.00025338990085236663,3.6377059527097696e-05,9317.236200420615,9200.98031520412,116.25588521649479,5276.4698260537725,5170.8084778220655,105.66134823170705,0.00021230162590054816,0.00025204223646107735,3.974061056052919e-05,0.00012646051866916454,0.00014112843555826225,1.4667916889097714e-05,0.0,0.0,0.0,0.0,0.0,0.0,0.0,0.0,0.0
0.136,0.06984200761273604,0.06984557134508557,3.5637323495263384e-06,0.019842812335473053,0.020413934907696437,0.0005711225722233836,11062.009711013783,10744.90455511126,317.1051559025236,0.0002764080063065989,0.0003337309184603772,5.7322912153778295e-05,10775.155959151187,10439.488636480459,335.667322670728,4587.524106483058,4514.676686552393,72.84741993066473,0.000255370430078453,0.000282847553816834,2.7477123738381013e-05,0.0001194119498256515,0.00014288672682800495,2.347477700235345e-05,0.0,0.0,0.0,0.0,0.0,0.0,0.0,0.0,0.0
0.137,0.06979139613831961,0.06979511589024888,3.7197519292681003e-06,0.019794161884468107,0.020365145802447363,0.0005709839179792557,5587.652552436805,5592.068514777222,4.415962340416627,0.0001680800366212603,0.00023803816484786744,6.995812822660713e-05,5521.995938536042,5573.790680393253,51.79474185721119,4059.2051005442245,4022.8843368268504,36.32076371737412,0.00016211674414327276,0.0002269623052321765,6.484556108890373e-05,0.00011114936677214949,0.0001393006332685139,2.8151266496364414e-05,0.0,0.0,0.0,0.0,0.0,0.0,0.0,0.0,0.0
0.138,0.06973097466390316,0.0697348504597039,3.875795800745152e-06,0.01973069633978726,0.020302324884927184,0.0005716285451399239,8828.885828877248,8191.450157847439,637.4356710298089,0.0002673574009567381,0.00035028953506780386,8.293213411106576e-05,8164.874307346897,8111.71564505274,53.158662294156784,5431.893577810369,5339.2172829457595,92.67629486460919,0.0001980773427679249,0.00024070902074635548,4.263167797843059e-05,0.0001336154889859087,0.00015724584309550953,2.3630354109600843e-05,0.0,0.0,0.0,0.0,0.0,0.0,0.0,0.0,0.0
0.139,0.06966074318948672,0.06966477404220126,4.030852714539956e-06,0.019656506193500522,0.020229062047083676,0.0005725558535831544,8485.334089988373,8342.779806153714,142.55428383465915,0.00021227450404098832,0.0002943459831787363,8.207147913774797e-05,8205.228821342696,8061.990680781767,143.23814056092942,6180.852915334829,6093.382484429546,87.47043090528314,0.00020961255575259788,0.0002873108462254061,7.76982904728082e-05,0.00015342907020296742,0.00018399610401558794,3.056703381262052e-05,0.0,0.0,0.0,0.0,0.0,0.0,0.0,0.0,0.0
0.14,0.06958070171507028,0.06958491360199602,4.211886925745145e-06,0.019584671147883075,0.020156607893183465,0.0005719367453003894,7693.3566064830675,7481.896227115174,211.46037936789344,0.00022308195862885143,0.00031196266257719124,8.888070394833981e-05,7572.861220007064,7279.21937567,293.64184433706396,4925.767597031064,4982.135647477598,56.36805044653374,0.00021914772809755232,0.00030496851952722286,8.582079142967054e-05,0.00012372733582562172,0.00014885578692817565,2.5128451102553932e-05,0.0,0.0,0.0,0.0,0.0,0.0,0.0,0.0,0.0
0.14100000000000001,0.06949085024065384,0.0694952182360277,4.3679953738579025e-06,0.01949557370446353,0.020066985526710702,0.0005714118222471705,9957.036292857543,9210.502815544776,746.533477312767,0.00023079117272704837,0.0002327985346163387,2.0073618892903406e-06,8421.962698794234,8207.898060240555,214.06463855367838,4159.1169310507685,4099.4722935491545,59.64463750161394,0.00020465463776248507,0.00022268052113401902,1.8025883371533953e-05,0.00010725185243968451,0.0001283739867649109,2.112213432522639e-05,0.0,0.0,0.0,0.0,0.0,0.0,0.0,0.0,0.0
0.14200000000000002,0.06939118876623741,0.06939568757113289,4.498804895475272e-06,0.01938991986968659,0.019963071840552408,0.0005731519708658192,13746.735626174845,13124.932364731229,621.8032614436161,0.0003316239749986957,0.00037531767905105227,4.369370405235659e-05,10474.141690164419,10170.379727907934,303.7619622564853,5707.510151172426,5589.366688014073,118.14346315835337,0.0002500004775012609,0.00028959253523790486,3.959205773664394e-05,0.0001417455433766135,0.00016365170943983827,2.1906166063224752e-05,0.0,0.0,0.0,0.0,0.0,0.0,0.0,0.0,0.0
0.14300000000000002,0.069281717291821,0.06928637230476256,4.655012941556791e-06,0.019288184763639676,0.01986055820589399,0.000572373442254314,7636.5157838162595,7368.467217262898,268.0485665533615,0.00018242092942939936,0.00024931776243262326,6.68968330032239e-05,7542.955047800321,7322.252425563525,220.70262223679583,5282.061180133796,5182.646950871546,99.41422926225005,0.0001819029516393823,0.00024781823002155716,6.591527838217486e-05,0.00013679424588174314,0.00016793640881679033,3.114216293504719e-05,0.0,0.0,0.0,0.0,0.0,0.0,0.0,0.0,0.0
0.14400000000000002,0.0691624358174046,0.06916724701309848,4.811195693885106e-06,0.019158448216271627,0.019731605713067337,0.00057315749679571,8681.463082632446,8468.80468294397,212.6583996884765,0.00020391527871570114,0.000231470682135059,2.755540341935786e-05,8648.888553089553,8463.032344693313,185.85620839624062,3371.5362554231046,3362.4112074633254,9.125047959779295,0.00019929762105878223,0.0002204262287588746,2.1128607700092374e-05,8.917917622722209e-05,0.00011063912161438696,2.1459945387164873e-05,0.0,0.0,0.0,0.0,0.0,0.0,0.0,0.0,0.0
0.14500000000000002,0.06903334434298822,0.06903831173764433,4.96739465610796e-06,0.019028214705964625,0.01960130130878619,0.0005730866028215639,8686.220677555431,8589.100912086798,97.11976546863298,0.00022054410663443463,0.0002747400377051056,5.419593107067094e-05,8625.484343508584,8476.464843021302,149.01950048728213,4515.467778760722,4445.166736906654,70.30104185406799,0.00020741727887623859,0.00024101288129698957,3.3595602420750985e-05,0.00011379272721116082,0.00013119021865072767,1.7397491439566853e-05,0.0,0.0,0.0,0.0,0.0,0.0,0.0,0.0,0.0
0.14600000000000002,0.06889444286857183,0.06889956443868893,5.121570117103125e-06,0.01889166337588022,0.01946441801239465,0.0005727546365144297,16506.029195149436,16326.774826717263,179.25436843217358,0.000379599534349239,0.0004355472951056026,5.59477607563636e-05,16277.55937008361,16106.090868905594,171.4685011780166,5756.075463197271,5662.71605233048,93.35941086679122,0.0003788984394253875,0.0004284616741518184,4.956323472643092e-05,0.00014464752970047757,0.0001675636818624564,2.291615216197884e-05,0.0,0.0,0.0,0.0,0.0,0.0,0.0,0.0,0.0
0.14700000000000002,0.06874573139415543,0.0687510346328502,5.303238694770451e-06,0.01873714131002097,0.0193109294073057,0.000573788097284731,10361.783314402719,11086.571594264064,724.7882798613446,0.0002581444039527815,0.00034633583474632645,8.819143079354493e-05,10092.681954193728,10344.30578310401,251.6238289102821,4862.569567381611,4897.633957185312,35.06438980370149,0.0002557352959173111,0.00033260357439982604,7.686827848251494e-05,0.00013512513973623286,0.00017685420437621083,4.1729064639977974e-05,0.0,0.0,0.0,0.0,0.0,0.0,0.0,0.0,0.0
0.14800000000000002,0.0685872099197391,0.06859266937914822,5.459459409121181e-06,0.018589186885295487,0.01916249887144211,0.0005733119861466227,8898.7860799157,9780.164094774533,881.3780148588321,0.0002448075235743985,0.0003593073590587811,0.00011449983548438258,4620.689385751972,4460.570737083875,160.11864866809628,3198.059547550614,3280.695707138635,82.6361595880212,0.00012459362256943808,0.0001640750083527266,3.948138578328852e-05,8.13357729315253e-05,0.00010476734229216383,2.3431569360638538e-05,0.0,0.0,0.0,0.0,0.0,0.0,0.0,0.0,0.0
0.14900000000000002,0.06841887844532275,0.06842446821284313,5.589767520380873e-06,0.018424936776339138,0.018997643306033107,0.0005727065296939685,8409.912038164553,8631.0908031722,221.17876500764578,0.00021149339282693045,0.00027243299230283563,6.0939599475905176e-05,7857.476629409495,7628.35109552261,229.12553388688502,5069.781858380232,4943.650831411493,126.1310269687392,0.00020576347403155105,0.0002640545506040835,5.829107657253244e-05,0.00012360059479793724,0.00014169515904547067,1.8094564247533428e-05,0.0,0.0,0.0,0.0,0.0,0.0,0.0,0.0,0.0
0.15000000000000002,0.06824073697090643,0.06824648309158557,5.74612067913427e-06,0.01824198245249417,0.018815365328418727,0.0005733828759245559,11675.08888353462,11525.505086925294,149.58379660932587,0.00025418966238338804,0.0002664898732423763,1.2300210858988284e-05,11603.055894229276,11450.593577990534,152.46231623874155,5474.457357027362,5359.67055815579,114.7867988715725,0.0002534067981439139,0.0002619123779893259,8.505579845412043e-06,0.00013435691259328019,0.00014879118457888238,1.443427198560219e-05,0.0,0.0,0.0,0.0,0.0,0.0,0.0,0.0,0.0
0.15100000000000002,0.06805278549649015,0.06805868785292749,5.9023564373400506e-06,0.01805392904063998,0.01862797991159127,0.0005740508709512898,7984.578951238125,7142.081712955764,842.4972382823616,0.00023631945853470047,0.0002936693659650933,5.734990743039281e-05,6518.393504394539,6509.161176549215,9.232327845324107,4133.15123523106,4080.5292485307555,52.62198670030466,0.00019418515021146562,0.00026180546457782824,6.762031436636262e-05,0.00011933466691614567,0.00014995123186930924,3.061656495316356e-05,0.0,0.0,0.0,0.0,0.0,0.0,0.0,0.0,0.0
0.15200000000000002,0.06785502402207387,0.06786108260727385,6.058585199975042e-06,0.017857012480249526,0.01843021087182435,0.0005731983915748251,7197.232169849357,7060.620141528422,136.61202832093477,0.00020846705707720155,0.00028563187712998556,7.716482005278402e-05,6767.248558150493,6641.664659302767,125.58389884772623,4135.510845989212,4063.3973685681112,72.11347742110047,0.0001897712540167445,0.00025288881450059,6.311756048384552e-05,0.00010725744497224863,0.0001243298265606913,1.7072381588442663e-05,0.0,0.0,0.0,0.0,0.0,0.0,0.0,0.0,0.0
0.15300000000000002,0.06764745254765764,0.06765366447277679,6.211925119153916e-06,0.01764074810620517,0.01821558018508686,0.0005748320788816902,12361.370227333127,12147.80521804276,213.56500929036702,0.0003538343844196375,0.000480816988321491,0.00012698260390185353,12276.871202961782,12052.975975035597,223.89522792618482,6419.998061572394,6287.627028980165,132.3710325922293,0.00034770650352074575,0.0004662966163889477,0.00011859011286820194,0.00015867128743797258,0.00018689888166353099,2.8227594225558407e-05,0.0,0.0,0.0,0.0,0.0,0.0,0.0,0.0,0.0
0.15400000000000003,0.06743007107324142,0.06743643918231522,6.368109073798256e-06,0.017432058857872645,0.01800602705856659,0.0005739682006939452,8110.090465489633,8095.698519101414,14.391946388219367,0.00020026475069167974,0.00024712107414407846,4.685632345239872e-05,8109.471297871204,8088.935240331302,20.536057539901776,5495.9714448211425,5429.963945646054,66.00749917508892,0.00020014000469135653,0.00024591763312038816,4.5777628429031624e-05,0.00012849512242027122,0.00014335231529125135,1.485719287098013e-05,0.0,0.0,0.0,0.0,0.0,0.0,0.0,0.0,0.0
0.155,0.06720287959882525,0.06720943015705837,6.5505582331204515e-06,0.017202819287724012,0.01777672026847327,0.0005739009807492583,11168.694082239675,10537.388140173756,631.3059420659192,0.000302296638499522,0.0003710954914593466,6.879885295982458e-05,5722.875247349176,5791.890778740454,69.01553139127827,2882.904948871117,2884.0294518025075,1.1245029313904524,0.0001518580350426541,0.00019792869062340676,4.607065558075266e-05,8.554635670341515e-05,0.00011002452235784143,2.4478165654426284e-05,0.0,0.0,0.0,0.0,0.0,0.0,0.0,0.0,0.0
0.156,0.06696587812440909,0.06697258514720726,6.7070227981747e-06,0.016965124625572075,0.017540752406164845,0.0005756277805927697,9096.266309678324,9404.135040559859,307.86873088153516,0.0002477294887964961,0.000284207064664322,3.64775758678259e-05,8856.767245947605,8908.660896484571,51.89365053696565,4265.174716448524,4077.940464909994,187.23425153853032,0.0002168811831422203,0.0002808954542284593,6.4014271086239e-05,0.00010432931960245287,0.00011440020689713425,1.0070887294681376e-05,0.0,0.0,0.0,0.0,0.0,0.0,0.0,0.0,0.0
0.157,0.06671906664999298,0.0667259035482186,6.836898225615062e-06,0.016727892678117705,0.017301819586083164,0.0005739269079654587,7973.82866600297,7814.887051824772,158.9416141781976,0.0002354631219729129,0.00030498910372987476,6.952598175696186e-05,7794.524929223388,7571.660087514456,222.86484170893254,6186.815520357983,6066.338174985,120.47734537298311,0.00019551531689393736,0.0002611781440816194,6.566282718768203e-05,0.00015817058591540822,0.00019140016134809227,3.322957543268405e-05,0.0,0.0,0.0,0.0,0.0,0.0,0.0,0.0,0.0
0.158,0.06646244517557691,0.06646943847286818,6.993297291271738e-06,0.016459043363234834,0.017034627223751958,0.0005755838605171239,7933.6026049870525,7626.546473295756,307.0561316912963,0.00019404085939534604,0.00023472028095913942,4.0679421563793376e-05,7830.4010474059405,7474.353741821272,356.0473055846687,4119.861559823547,4061.312739615115,58.54882020843252,0.0001916835027114616,0.00023204028766143095,4.0356784949969354e-05,0.00010342148973757661,0.00012091115611592141,1.7489666378344806e-05,0.0,0.0,0.0,0.0,0.0,0.0,0.0,0.0,0.0
0.159,0.06619601370116088,0.066203163427953,7.1497267921244445e-06,0.016194445921161205,0.016769364735335884,0.0005749188141746797,10385.126213967154,10223.049761693343,162.0764522738118,0.00025364570238476996,0.0003078767159768508,5.423101359208082e-05,10347.613100590943,10205.021797958552,142.59130263239058,3486.429299414121,3428.7060749062393,57.723224507881696,0.00025278275032893826,0.00030462117010903605,5.1838419780097795e-05,9.563892858413318e-05,0.00011509475553241292,1.9455826948279746e-05,0.0,0.0,0.0,0.0,0.0,0.0,0.0,0.0,0.0
0.16,0.0659197722267449,0.06592707843126186,7.306204516957515e-06,0.015914918068489,0.01649074958722837,0.0005758315187393698,15012.806731731487,14805.040610150672,207.7661215808148,0.00034194644776042285,0.0003976395192626773,5.569307150225447e-05,14424.377005753642,14242.779754954461,181.59725079918098,5760.989685744681,5623.299859327246,137.68982641743514,0.00033907811726715815,0.0003723257744592539,3.324765719209575e-05,0.00014746597639347207,0.00016802987544731267,2.0563899053840598e-05,0.0,0.0,0.0,0.0,0.0,0.0,0.0,0.0,0.0
0.161,0.06563372075232898,0.06564117929109159,7.458538762605826e-06,0.01562834615778957,0.016203624883202428,0.0005752787254128568,13566.197189554143,13418.133465105238,148.0637244489044,0.00036385082179773303,0.00046339004064083086,9.953921884309783e-05,11536.247945002115,11414.40837956021,121.8395654419055,5892.78725624483,5777.058894264842,115.72836197998822,0.00026227573443048975,0.00031462068865248784,5.234495422199809e-05,0.00015277033809426658,0.00018297333113673488,3.0202993042468304e-05,0.0,0.0,0.0,0.0,0.0,0.0,0.0,0.0,0.0
0.162,0.06533785927791312,0.06534550094676346,7.6416688503389e-06,0.015338690850920277,0.015914298342966808,0.0005756074920465308,6109.7661859451155,6341.076696139775,231.3105101946594,0.00016897684248255178,0.0002410855474916394,7.210870500908763e-05,6074.2490600755145,6263.179416869853,188.93035679433888,3347.9368769185094,3472.2767214204914,124.33984450198204,0.00016333322845812957,0.00023450271915531742,7.116949069718785e-05,9.207134113378122e-05,0.00011954051497045438,2.7469173836673156e-05,0.0,0.0,0.0,0.0,0.0,0.0,0.0,0.0,0.0
0.163,0.0650321878034973,0.06503998589675403,7.798093256725092e-06,0.015038512178175284,0.015612656465128806,0.0005741442869535221,7894.961604704226,6870.6264663186,1024.3351383856261,0.00021254843423632036,0.00024323087052913924,3.068243629281888e-05,5533.048408503043,5550.320376462499,17.27196795945565,3842.548397469653,3611.3429663961324,231.20543107352069,0.0001659728630058587,0.000233891872274096,6.79190092682373e-05,9.699160699276338e-05,0.00011251467969437388,1.55230727016105e-05,0.0,0.0,0.0,0.0,0.0,0.0,0.0,0.0,0.0
0.164,0.06471670632908155,0.06472463383325339,7.927504171834077e-06,0.014715755243012607,0.01529228640162483,0.0005765311586122222,12805.464798464705,12578.04401601743,227.420782447276,0.0002768210461928005,0.00028026910970336584,3.4480635105653217e-06,12363.565489761217,12132.706508425517,230.85898133569935,5452.659661826039,5341.206930536831,111.4527312892078,0.00027031259414256483,0.00027802965896631305,7.717064823748224e-06,0.000132806006932476,0.00015193348167067466,1.9127474738198644e-05,0.0,0.0,0.0,0.0,0.0,0.0,0.0,0.0,0.0
0.165,0.06439141485466589,0.06439949887901923,8.08402435334421e-06,0.01439998058734687,0.014974829018655432,0.0005748484313085611,11192.317104600905,11231.31419320412,38.99708860321516,0.0002834411541904811,0.0003511844526183646,6.774329842788353e-05,10271.475830982721,10185.089107256743,86.3867237259783,4611.360813445222,4545.45338068556,65.9074327596627,0.00024038157802148426,0.0002782619696911977,3.7880391669713436e-05,0.00012073377645253508,0.0001434079489616048,2.2674172509069712e-05,0.0,0.0,0.0,0.0,0.0,0.0,0.0,0.0,0.0
0.166,0.0640563133802503,0.0640645538272646,8.24044701430715e-06,0.014057490921283278,0.014633526793265147,0.0005760358719818694,8429.410690654902,8357.88725020991,71.52344044499296,0.0002515777987294839,0.00034537039655217175,9.379259782268788e-05,7881.486133345142,7894.905111938957,13.418978593815154,3494.0792779125095,3447.8469567041466,46.23232120836292,0.00022305334149145495,0.0003054865619732822,8.243322048182724e-05,0.00010001156639894149,0.0001248584464467011,2.4846880047759613e-05,0.0,0.0,0.0,0.0,0.0,0.0,0.0,0.0,0.0
0.167,0.06371140190583477,0.06371979880231754,8.396896482770755e-06,0.013706964503913472,0.014283404879776716,0.0005764403758632443,8313.548395337135,8072.799774039516,240.74862129761914,0.00023690337168398042,0.0003167326992288407,7.982932754486028e-05,8200.709070828549,7937.195217174906,263.5138536536424,5561.515816928954,5449.227798801474,112.28801812748043,0.00023315875323091765,0.0003092893034863035,7.613055025538584e-05,0.00014047029819801176,0.00016599555804298872,2.5525259844976953e-05,0.0,0.0,0.0,0.0,0.0,0.0,0.0,0.0,0.0
0.168,0.06335668043141933,0.06336522893405684,8.548502637512057e-06,0.013357546818850468,0.013933697082275567,0.0005761502634250987,10997.052727561111,10595.345141792928,401.707585768183,0.0003089722230987943,0.00041152437847202767,0.00010255215537323338,10758.313453947983,10341.75535462748,416.55809932050397,6475.710182819994,6362.124732237494,113.58545058250002,0.00025964902078281685,0.00028846469825405597,2.8815677471239116e-05,0.00015816954159834906,0.00018305567372326088,2.488613212491182e-05,0.0,0.0,0.0,0.0,0.0,0.0,0.0,0.0,0.0
0.169,0.06299214895700397,0.06300085406301197,8.705106007991792e-06,0.012986409361978939,0.013563542300206484,0.0005771329382275453,7798.609947270962,7650.6449586504095,147.9649886205525,0.0001908555011704398,0.00022031103633180911,2.9455535161369302e-05,7590.556845845942,7454.54806701664,136.00877882930217,4030.9037876878792,3975.0629261526365,55.840861535242766,0.00018738747349266122,0.00021024956282464577,2.2862089331984558e-05,0.0001016509718903428,0.0001171167454576619,1.5465773567319103e-05,0.0,0.0,0.0,0.0,0.0,0.0,0.0,0.0,0.0
0.17,0.06261780748258869,0.06262669645549647,8.888972907780679e-06,0.012620040326591354,0.013196795437429664,0.0005767551108383107,7804.733379882847,7460.559057943114,344.1743219397331,0.0002442696811134833,0.0002821059415195842,3.783626040610089e-05,6664.145139445161,6515.267442502088,148.8776969430728,3575.7762159055123,3396.3590690184355,179.4171468870768,0.00019593008198807172,0.00027840653090523105,8.247644891715933e-05,9.708227688154408e-05,0.00011292944041484704,1.584716353330296e-05,0.0,0.0,0.0,0.0,0.0,0.0,0.0,0.0,0.0
0.171,0.0622336560081735,0.06224267384975243,9.017841578931596e-06,0.012238050324141988,0.012814792203438164,0.0005767418792961762,10096.626853806414,9783.26715126849,313.359702537924,0.00022532265063761835,0.0002691673876603499,4.384473702273155e-05,9754.482251526497,9451.63856564098,302.8436858855166,5957.8565198383485,5820.2540414431605,137.60247839518797,0.000217108340831208,0.000267500322533332,5.0391981702124024e-05,0.0001493917791114852,0.00017448490955320793,2.509313044172273e-05,0.0,0.0,0.0,0.0,0.0,0.0,0.0,0.0,0.0
0.17200000000000001,0.06183969453375842,0.06184886932712552,9.174793367101863e-06,0.011837056271317288,0.0124149134762208,0.0005778572049035119,7506.425823141383,7439.272311444727,67.1535116966561,0.00021128361751743575,0.00028518331238378626,7.389969486635051e-05,7327.421208628298,7228.99145826076,98.42975036753796,5805.041734923344,5716.010959430176,89.03077549316822,0.00020414836905221077,0.0002774261016076729,7.327773255546213e-05,0.00014668070407797732,0.00017860569783738353,3.1924993759406214e-05,0.0,0.0,0.0,0.0,0.0,0.0,0.0,0.0,0.0
0.17300000000000001,0.061435923059343416,0.0614452551127196,9.3320533761862e-06,0.011434259873439384,0.012011516874332308,0.000577257000892924,8708.151969139333,8638.382109421198,69.7698597181352,0.00021764224824571951,0.00027231693482925804,5.467468658353853e-05,8672.22256377025,8629.604593768609,42.61797000164188,3595.7071293658505,3561.078162037122,34.62896732872832,0.00021281445761350872,0.0002593267870156943,4.6512329402185587e-05,9.364321055258743e-05,0.00011663786501058007,2.299465445799263e-05,0.0,0.0,0.0,0.0,0.0,0.0,0.0,0.0,0.0
0.17400000000000002,0.06102234158492853,0.06103183023648811,9.488651559579064e-06,0.011020154146402778,0.011597467887302227,0.0005773137408994489,11552.914117695047,11387.111145915798,165.80297177924876,0.0002775694027918377,0.0003279783213052024,5.04089185133647e-05,10990.59524298853,10843.620024076741,146.97521891178803,4293.63718313877,4227.018385043522,66.61879809524726,0.0002662891223770824,0.0003132953246971984,4.7006202320116e-05,0.00011330956535084942,0.00013680224815900089,2.3492682808151462e-05,0.0,0.0,0.0,0.0,0.0,0.0,0.0,0.0,0.0
0.17500000000000002,0.060598950110513757,0.06060858931306851,9.639202554756476e-06,0.0105923254165894,0.011170027226965957,0.0005777018103765574,13876.487672883863,13756.500190665713,119.98748221815003,0.0004032709101079748,0.0005242409774457665,0.00012097006733779173,13457.97820233408,13361.87362178844,96.10458054563969,5779.310146159861,5671.66044082474,107.64970533512042,0.0003165044848299004,0.0003523379663173425,3.5833481487442074e-05,0.00014821546042031937,0.00017429275233066773,2.6077291910348352e-05,0.0,0.0,0.0,0.0,0.0,0.0,0.0,0.0,0.0
0.17600000000000002,0.06016574863609912,0.060175544160342063,9.795524242940667e-06,0.010163920032043418,0.010741919187891441,0.0005779991558480229,7154.2894634237255,7210.062287618274,55.772824194548775,0.0002096454979897769,0.0002884861101164932,7.884061212671631e-05,7086.804998759335,7084.861735698822,1.9432630605133454,4807.593146195619,4729.951491508669,77.64165468694955,0.00020439285302760864,0.0002837904893886443,7.939763636103568e-05,0.00012998579157294995,0.0001615824738407369,3.1596682267786945e-05,0.0,0.0,0.0,0.0,0.0,0.0,0.0,0.0,0.0
0.17700000000000002,0.05972273716168462,0.05973271760693032,9.98044524570113e-06,0.009726029263414027,0.010302821955159337,0.0005767926917453099,9529.98845020961,9666.917783387853,136.9293331782428,0.00027731601585037776,0.00039039101403909164,0.00011307499818871388,8813.447868733401,8989.027598386907,175.57972965350564,2451.776751971506,2376.479446312102,75.29730565940417,0.00025072395413870593,0.0003485989630774893,9.78750089387834e-05,7.144256373519814e-05,8.854812555580044e-05,1.7105561820602295e-05,0.0,0.0,0.0,0.0,0.0,0.0,0.0,0.0,0.0
0.17800000000000002,0.059269915687270254,0.05928002549168631,1.0109804416055801e-05,0.009270139727882105,0.009848470183595434,0.0005783304557133283,11029.663387715209,10720.375030988767,309.28835672644163,0.00026306190742642885,0.00030360398761420374,4.05420801877749e-05,10313.481364229534,10068.80946071739,244.67190351214413,4984.978756398948,4862.37044620597,122.60831019297711,0.00024393732071196033,0.00027456198376856633,3.0624663056605996e-05,0.0001256476237716271,0.00015021375768150527,2.4566133909878176e-05,0.0,0.0,0.0,0.0,0.0,0.0,0.0,0.0,0.0
0.17900000000000002,0.05880728421285602,0.05881755108715877,1.0266874302750084e-05,0.008819429515683081,0.009396163867467992,0.0005767343517849109,18519.691876834488,18305.110434097245,214.58144273724247,0.00043057933109300924,0.0004876588263466151,5.707949525360584e-05,15857.071698290465,15675.922993925022,181.14870436544334,5494.76363522194,5355.968286036963,138.79534918497666,0.0003609418681758762,0.0004012665860785684,4.032471790269221e-05,0.0001352673750201514,0.00015572940084843096,2.0462025828279546e-05,0.0,0.0,0.0,0.0,0.0,0.0,0.0,0.0,0.0
0.18000000000000002,0.05833484273844193,0.05834526613046693,1.0423392024998257e-05,0.008336463490591776,0.008915183310604487,0.0005787198200127106,11392.820511338447,11152.605143662873,240.21536767557336,0.0002865461098347668,0.0003524466366251637,6.590052679039687e-05,11310.627374622303,11041.11370090201,269.5136737202938,4258.717684476762,4195.846191598681,62.87149287808097,0.00028513951855019547,0.00034948563825173463,6.434611970153916e-05,0.00011727808426751645,0.0001467478678228953,2.946978355537885e-05,0.0,0.0,0.0,0.0,0.0,0.0,0.0,0.0,0.0
0.18100000000000002,0.05785259126402799,0.05786317148747049,1.05802234425037e-05,0.007852702310157328,0.008430960239082635,0.0005782579289253069,6585.4982533729635,6525.710919508667,59.78733386429667,0.0001967147373019721,0.00026639520618552926,6.968046888355717e-05,6320.542300880005,6239.793614412827,80.74868646717823,4544.42579596048,4492.109189326525,52.316606633955416,0.00017793606641174257,0.00023820572267329313,6.026965626155056e-05,0.0001188772873391777,0.00014674424209808128,2.7866954758903577e-05,0.0,0.0,0.0,0.0,0.0,0.0,0.0,0.0,0.0
0.18200000000000002,0.0573605297896142,0.05737126028806647,1.0730498452266035e-05,0.007360538900396998,0.007939157061409064,0.000578618161012066,8807.721719328205,8636.476493881359,171.24522544684623,0.0002326913927261029,0.0003016842672199661,6.899287449386318e-05,8516.450100468082,8341.050748304766,175.3993521633165,6569.775214419596,6445.427181116578,124.34803330301747,0.0002104030958549013,0.00028430339294347585,7.390029708857453e-05,0.00016265147726184952,0.0001945875379221866,3.193606066033709e-05,0.0,0.0,0.0,0.0,0.0,0.0,0.0,0.0,0.0
0.18300000000000002,0.05685865831520055,0.056869545755100157,1.0887439899603946e-05,0.006855005252023514,0.00743369330865863,0.0005786880566351158,7527.025503062283,7434.006177193965,93.01932586831754,0.00019055593186916738,0.00024111085427521892,5.055492240605154e-05,7422.955442859095,7399.902528612432,23.052914246662112,5424.647942855285,5347.766274193651,76.88166866163374,0.00018726463772416753,0.00023283879146065572,4.557415373648819e-05,0.00012937544450812664,0.00014665151678736705,1.7276072279240415e-05,0.0,0.0,0.0,0.0,0.0,0.0,0.0,0.0,0.0
0.18400000000000002,0.05634697684078708,0.05635802127421474,1.1044433427663536e-05,0.006346294852453679,0.006925515457574025,0.0005792206051203454,6417.446409184205,6308.548921873856,108.89748731034888,0.0001911659193035463,0.00025647728096694683,6.531136166340053e-05,6304.703009471141,6233.042260789549,71.66074868159194,2662.125324679173,2620.3532902972606,41.77203438191236,0.0001775019756777312,0.0002389388362355575,6.14368605578263e-05,7.699535746313768e-05,9.466428893816994e-05,1.766893147503226e-05,0.0,0.0,0.0,0.0,0.0,0.0,0.0,0.0,0.0
0.18500000000000003,0.05582548536637379,0.05583671546536647,1.1230098992683069e-05,0.005828840473969922,0.006407678896400605,0.0005788384224306824,7718.770242200347,7346.858621599091,371.9116206012559,0.00019030706147936413,0.00022900044572696235,3.869338424759822e-05,7497.333966184502,7267.401636001141,229.93233018336105,4625.740872836948,4418.19896730348,207.5419055334687,0.00018493236518805044,0.00021107905716260468,2.614669197455424e-05,0.00011705024905285213,0.0001320650503358294,1.5014801282977268e-05,0.0,0.0,0.0,0.0,0.0,0.0,0.0,0.0,0.0
0.18600000000000003,0.05529418389196069,0.055305542588516485,1.1358696555795189e-05,0.005289851349101983,0.005870279860232419,0.0005804285111304357,10005.171806278291,9853.823876772765,151.34792950552583,0.00030684854952067747,0.0004282157212669228,0.00012136717174624531,9974.508977953567,9790.288127569069,184.22085038449768,6524.699337528326,6391.689432142291,133.00990538603583,0.00022435163804005817,0.00028633873655771285,6.198709851765467e-05,0.00016662095634312104,0.00020275564985074677,3.613469350762573e-05,0.0,0.0,0.0,0.0,0.0,0.0,0.0,0.0,0.0
0.18700000000000003,0.05475307241754777,0.05476458841210482,1.1515994557051434e-05,0.004754970946107606,0.0053335906420185954,0.0005786196959109893,8404.468991729625,8211.051267971388,193.41772375823712,0.0001846172764904645,0.00025523386637175374,7.061658988128926e-05,8062.260300021482,7876.954039477506,185.30626054397635,4755.798239340701,4713.906108510018,41.89213083068262,0.00018259610062148248,0.0002436203024419389,6.1024201820456415e-05,0.00011668105746223125,0.00013815721339624067,2.147615593400942e-05,0.0,0.0,0.0,0.0,0.0,0.0,0.0,0.0,0.0
0.18800000000000003,0.05420215094313504,0.05421382464100703,1.1673697871993072e-05,0.004201474643562537,0.004781046650937202,0.0005795720073746655,9433.71559727114,8929.546595851294,504.1690014198466,0.000285010269991555,0.0003565915585074762,7.15812885159212e-05,9112.050029491047,8828.371388297395,283.67864119365186,4098.225034060222,4080.7923372941536,17.432696766068602,0.00021587798298389551,0.00025734439993699054,4.146641695309503e-05,0.0001087765215150463,0.00013656661371253784,2.7790092197491547e-05,0.0,0.0,0.0,0.0,0.0,0.0,0.0,0.0,0.0
0.18900000000000003,0.053641419468722515,0.05365325011257207,1.1830643849554401e-05,0.0036298172407570398,0.004210876000712136,0.000581058759955096,15236.716863768052,14947.371465764645,289.34539800340644,0.00035051439434782627,0.0004050554308211105,5.454103647328421e-05,14664.445663288609,14395.000384771185,269.4452785174235,5404.3435234100125,5326.849283376579,77.49424003343393,0.00034270196146425906,0.00039081338689864284,4.811142543438378e-05,0.00013486094638471915,0.00015861377054269193,2.3752824157972783e-05,0.0,0.0,0.0,0.0,0.0,0.0,0.0,0.0,0.0
0.19,0.05307087799431021,0.053082857644399434,1.1979650089220806e-05,0.0030695034298257352,0.0036491100356114015,0.0005796066057856663,18762.108485277306,18434.785134317983,327.32335095932285,0.00047284277490784,0.0005931906830704466,0.00012034790816260662,18141.002338983162,17833.89849716931,307.10384181385234,5620.776100228473,5515.244909358587,105.5311908698859,0.00045855708295476904,0.0005507479549710757,9.219087201630668e-05,0.00014389730797115594,0.000173465810356591,2.9568502385435064e-05,0.0,0.0,0.0,0.0,0.0,0.0,0.0,0.0,0.0
0.191,0.052490526519898134,0.05250266325196636,1.213673206822835e-05,0.0024880162336508894,0.0030676013431140555,0.000579585109463166,6493.426416157479,6417.396390805905,76.0300253515743,0.00016434497313515432,0.00020759647792135467,4.3251504786200344e-05,6263.854566466948,6191.688464722549,72.16610174439938,2864.005789558251,2842.794791399705,21.210998158545863,0.0001580110992553941,0.00019111187394125557,3.310077468586146e-05,7.646890006181848e-05,9.46249264788358e-05,1.8156026417017317e-05,0.0,0.0,0.0,0.0,0.0,0.0,0.0,0.0,0.0
0.192,0.05190036504548626,0.05191268841232303,1.2323366836770877e-05,0.0019001391559140962,0.0024803725250908803,0.0005802333691767841,6422.416288893378,5842.391042194154,580.0252466992242,0.0001824298249227281,0.00022389830860447129,4.146848368174319e-05,6169.446250450131,5813.117368123333,356.3288823267976,3830.224483786735,3608.2564519629914,221.9680318237438,0.0001492056780749443,0.00017563256582067753,2.6426887745733228e-05,0.00010079214555050578,0.00012279155316622783,2.199940761572205e-05,0.0,0.0,0.0,0.0,0.0,0.0,0.0,0.0,0.0
0.193,0.05130039357107459,0.051312845497970556,1.2451926895966359e-05,0.0013116153402308595,0.0018907259327234356,0.0005791105924925761,14686.047122580803,14533.25345576973,152.7936668110724,0.0003355046373192276,0.0003936236706519431,5.8119033332715525e-05,14092.19619946309,13936.195819388282,156.00038007480725,5339.308290357835,5232.95442136813,106.353868989705,0.0003328270689699669,0.00038174708065397584,4.8920011684008943e-05,0.0001301020748430363,0.0001491354105875084,1.9033335744472106e-05,0.0,0.0,0.0,0.0,0.0,0.0,0.0,0.0,0.0
0.194,0.05069061209666315,0.050703221391276414,1.2609294613261102e-05,0.0006907900375262739,0.0012723651280654616,0.0005815750905391877,12743.673228091382,12364.228761213473,379.4444668779088,0.0003528651571636563,0.0004356355102752424,8.277035311158611e-05,10523.37656587431,10419.8416581433,103.53490773101112,4992.741042110079,4925.674830641809,67.06621146827001,0.00024851959298879874,0.00031032539729633924,6.18058043075405e-05,0.00012891850598251172,0.00015582668787370358,2.6908181891191854e-05,0.0,0.0,0.0,0.0,0.0,0.0,0.0,0.0,0.0
0.195,0.05007102062225196,0.05008378703689518,1.2766414643219925e-05,7.580416525908643e-05,0.0006554290046917491,0.0005796248394326626,7918.149748938633,7823.503573737337,94.64617520129559,0.0002123377924455669,0.00028153230546632923,6.919451302076233e-05,7797.135841687953,7632.919359642709,164.21648204524354,3817.0124166397145,3811.6483737440867,5.36404289562779,0.00019718302443433002,0.0002735908962858424,7.640787185151239e-05,0.00010843781217465493,0.00013518401444147015,2.6746202266815226e-05,0.0,0.0,0.0,0.0,0.0,0.0,0.0,0.0,0.0
0.196,0.0494948513905807,0.049503896310816406,9.0449202357068e-06,-0.00026069618430231076,0.00025211760558488,0.0005128137898871908,509031.2976103774,508783.0378451264,248.25976525101578,0.01469737986682241,0.020223830759864014,0.005526450893041603,124447.58366066146,120756.89082940927,3690.6928312521923,33922.012574784414,33351.03975309539,570.9728216890217,0.0032621559935945925,0.004081838209252632,0.0008196822156580391,0.0009311276979847296,0.0012058202222731342,0.00027469252428840457,227.97588859075142,0.0,227.97588859075142,0.029716222134268794,0.0,0.029716222134268794,0.0001748977563295549,0.0,0.0001748977563295549
0.197,0.04925771406390078,0.049254800554242126,2.9135096586557774e-06,-0.00038345186912402615,8.511905440145877e-05,0.0004685709235254849,762853.1577111639,750421.4225216507,12431.735189513187,0.022079911872966356,0.029939580589271216,0.00785966871630486,179463.75709560956,179996.2745219951,532.5174263855442,42876.468939337436,42955.40029456314,78.93135522570083,0.004744868628043885,0.0061498511721450565,0.0014049825441011712,0.0011580790971050766,0.001513679480761021,0.00035560038365594444,335.3243578508315,0.0,335.3243578508315,0.06429037589035758,0.0,0.06429037589035758,0.0001748977563295549,0.0,0.0001748977563295549
0.198,0.04952289546001566,0.049507471898553916,1.5423561461745672e-05,-0.00024346747922995501,0.00025285331124984826,0.0004963207904798033,505349.9166815105,524594.8898190969,19244.973137586378,0.014631279975585797,0.02091556260987648,0.006284282634290685,107283.06808068116,111329.286292103,4046.218211421845,28232.795528346225,28935.53508221623,702.7395538700039,0.0028355489505067256,0.0038060086083741276,0.000970459657867402,0.0007626478210753633,0.001030535084378461,0.0002678872633030977,212.9095792826582,0.0,212.9095792826582,0.025918279285929522,0.0,0.025918279285929522,0.0001748977563295549,0.0,0.0001748977563295549
0.199,0.050108082395256985,0.050088029600665884,2.005279459110082e-05,9.792834938277678e-05,0.0006466203422747616,0.0005486919928919848,19662.206454278105,30391.7044026496,10729.497948371496,0.0005614977350723844,0.0012327251369028056,0.0006712274018304212,19528.45307949777,19008.241960738407,520.2111187593619,7219.065734886193,7292.803404079601,73.73766919340778,0.00047050911578865853,0.0005372155100139011,6.670639422524255e-05,0.0001931284005630889,0.00025649598384143836,6.336758327834947e-05,0.0,0.0,0.0,0.0,0.0,0.0,0.0,0.0,0.0
0.2,0.05072635108340374,0.05070653221609703,1.9818867306710397e-05,0.0007141413378547179,0.0012656620300018,0.0005515206921470821,23101.669640180073,18465.0269579585,4636.642682221573,0.0006520881138102058,0.0007244946569045073,7.240654309430142e-05,12334.658225820585,12655.973338195143,321.31511237455743,8329.751190879831,7950.740559582822,379.01063129700924,0.00033844446616095324,0.0004628195116085733,0.0001243750454476201,0.0002135592288471836,0.00025455218149296444,4.099295264578084e-05,0.0,0.0,0.0,0.0,0.0,0.0,0.0,0.0,0.0
0.201,0.051334809771550735,0.05131545721016724,1.9352561383495503e-05,0.0013427233694888845,0.0018879876140820628,0.0005452642445931783,14759.419531717058,14745.086318743948,14.333212973109767,0.0003959843152336228,0.0005570714532165042,0.00016108713798288138,12892.69494247085,11920.902386792211,971.7925556786377,8904.51180826625,8872.759169299265,31.752638966985614,0.00031262245292305966,0.0003980298324363418,8.540737951328215e-05,0.00022381344961115582,0.0002773421788350141,5.352872922385828e-05,0.0,0.0,0.0,0.0,0.0,0.0,0.0,0.0,0.0
0.202,0.051933458459698,0.05191457162905238,1.888683064561747e-05,0.0019345552553896514,0.002481419440849041,0.0005468641854593898,10304.725418495544,11219.664773654222,914.9393551586782,0.00027161095355146054,0.0004704200209339342,0.00019880906738247367,10185.838882555556,10687.168309021532,501.3294264659762,6529.9538430944685,6902.980364862513,373.0265217680444,0.00026139791729821917,0.00036085773618868176,9.945981889046258e-05,0.00016253083343275435,0.0002144915632591016,5.196072982634726e-05,0.0,0.0,0.0,0.0,0.0,0.0,0.0,0.0,0.0
0.203,0.05252229714784548,0.05250387689320252,1.8420254642964595e-05,0.0025198464040001867,0.003067753031865233,0.0005479066278650463,8124.454820902773,8996.249369870762,871.7945489679896,0.0002123623330093065,0.00031238432430723045,0.00010002199129792395,8099.275337855846,7464.970574237964,634.3047636178826,3677.508326396228,3879.514373071641,202.00604667541302,0.00019572705754958479,0.0003018608862816979,0.00010613382873211313,9.625643993687679e-05,0.0001349374106345333,3.868097069765652e-05,0.0,0.0,0.0,0.0,0.0,0.0,0.0,0.0,0.0
0.20400000000000001,0.053101325835993175,0.05308337983038802,1.794600560515308e-05,0.0030997232567125214,0.003649971883722575,0.0005502486270100534,12915.324132897917,12121.52300258696,793.8011303109561,0.00033512339649626437,0.0004739129616817075,0.00013878956518544315,11953.367916413279,11246.451758156702,706.9161582565775,7020.300772453394,5728.047227946706,1292.2535445066878,0.00031008912382194244,0.0003982200629652317,8.813093914328924e-05,0.0001718978953570133,0.0001614076541511597,1.0490241205853593e-05,0.0,0.0,0.0,0.0,0.0,0.0,0.0,0.0,0.0
0.20500000000000002,0.05367054452414107,0.053653064239810144,1.748028433092713e-05,0.00366625263048731,0.004217594264697276,0.0005513416342099661,11396.639082933089,11674.500413240381,277.8613303072925,0.0003429306021923982,0.0004941358520347474,0.0001512052498423492,11375.584978778408,10714.716209810831,660.8687689675771,8445.688439727406,7720.695128406008,724.9933113213983,0.00034111765129539613,0.00042734754284256074,8.62298915471646e-05,0.00021310306963184388,0.00024173971858353435,2.863664895169047e-05,0.0,0.0,0.0,0.0,0.0,0.0,0.0,0.0,0.0
0.20600000000000002,0.05422995321228917,0.054212939710376364,1.7013501912806206e-05,0.00424180627694155,0.004789552995741578,0.0005477467188000273,31101.837712465553,34126.934263364295,3025.096550898743,0.0008601575324994478,0.0012949966218867666,0.00043483908938731874,11205.972323569102,10990.79874637436,215.1735771947424,7365.517462881503,7199.9406385906195,165.57682429088345,0.00029829396355848673,0.0003850062861792899,8.67123226208032e-05,0.00019215250719426585,0.00023454056401769804,4.238805682343219e-05,0.0,0.0,0.0,0.0,0.0,0.0,0.0,0.0,0.0
0.20700000000000002,0.054779551900437456,0.05476300412789466,1.6547772542799266e-05,0.004788526813051029,0.005337386481766574,0.0005488596687155452,13031.288568865933,13201.847565303098,170.55899643716475,0.0003086905223146991,0.00042388131509249526,0.00011519079277779614,12241.542236128907,12109.202252287098,132.33998384180995,7761.970509143518,7660.160003804444,101.81050533907364,0.00030006955367031736,0.00040958275075223346,0.0001095131970819161,0.0002012399850915006,0.0002550383680434114,5.3798382951910826e-05,0.0,0.0,0.0,0.0,0.0,0.0,0.0,0.0,0.0
0.20800000000000002,0.05531934058858594,0.05530325909656996,1.6081492015977694e-05,0.005324401459845326,0.0058774502407628135,0.0005530487809174874,18453.247918993642,18961.84146858797,508.59354959432676,0.0004761331043152126,0.0006856016010066326,0.00020946849669141996,18393.43264197986,18826.504421903905,433.0717799240447,8287.860058831682,8119.1277485102555,168.73231032142667,0.0004327125055338406,0.0006244047436803806,0.00019169223814653996,0.0002101419078254535,0.000256599217261353,4.6457309435899504e-05,0.0,0.0,0.0,0.0,0.0,0.0,0.0,0.0,0.0
0.20900000000000002,0.055849319276734595,0.055833703679672796,1.561559706179938e-05,0.0058564120722778956,0.006410347528061702,0.0005539354557838067,15557.86708654184,15412.10897642987,145.75811011197038,0.00036825225240363533,0.0004092623321163912,4.101007971275589e-05,15117.158187667348,15030.083860861647,87.07432680570128,7265.540156074369,7190.359506147308,75.1806499270615,0.0003580981230931182,0.00039562147278000967,3.752334968689145e-05,0.00018915573067943066,0.00023355546197504495,4.4399731295614295e-05,0.0,0.0,0.0,0.0,0.0,0.0,0.0,0.0,0.0
0.21000000000000002,0.05636948796488345,0.056354338526333723,1.5149438549723337e-05,0.006377843145621462,0.00692978642462894,0.0005519432790074778,11237.322262855165,15940.827899139596,4703.505636284432,0.0003437160036966764,0.0006184028623402913,0.0002746868586436149,8243.659185593751,10043.81806518868,1800.1588795949283,4437.438676210496,4412.912913947866,24.52576226262954,0.00023592808978314307,0.0003797160028312991,0.00014378791304815603,0.00012379443024850573,0.00015169510036046368,2.790067011195795e-05,0.0,0.0,0.0,0.0,0.0,0.0,0.0,0.0,0.0
0.21100000000000002,0.056879846653032466,0.05686517082647573,1.4675826556738436e-05,0.006873498155925065,0.007428779767612629,0.0005552816116875638,14560.171243907598,10657.515493957406,3902.6557499501923,0.00037317973258253257,0.0003678947546470772,5.284977935455365e-06,14153.091476357831,10455.01598453927,3698.075491818561,5648.129982559989,4747.208179567067,900.9218029929216,0.0003717100376351523,0.0003636130612233162,8.096976411836121e-06,0.00015456700554850866,0.00016997042160398453,1.5403416055475867e-05,0.0,0.0,0.0,0.0,0.0,0.0,0.0,0.0,0.0
0.21200000000000002,0.057380395341181646,0.05736618572718664,1.4209613995008752e-05,0.007371397041731854,0.007926183405312148,0.0005547863635802942,20724.623776540153,18302.23182763171,2422.3919489084437,0.00046309624388391325,0.0007350770382620459,0.0002719807943781326,19707.770412237292,17953.775702876774,1753.9947093605188,7022.309154688671,6619.317748432327,402.9914062563439,0.0004537494909436264,0.00046057544460084276,6.825953657216364e-06,0.00017186440925081957,0.00019270377183452374,2.0839362583704172e-05,0.0,0.0,0.0,0.0,0.0,0.0,0.0,0.0,0.0
0.21300000000000002,0.05787113402933101,0.0578573903699125,1.3743659418509468e-05,0.007859553716224354,0.008416058238550695,0.0005565045223263412,20063.266994158243,19604.60077768705,458.66621647119246,0.0005564211326835284,0.0007607885283970672,0.00020436739571353876,14017.981649092073,14208.178224126035,190.1965750339623,6483.878347104831,6499.59640525322,15.718058148388991,0.00036372217890613147,0.0004556343401026354,9.191216119650394e-05,0.00017365830223452634,0.00021679811130974504,4.3139809075218695e-05,0.0,0.0,0.0,0.0,0.0,0.0,0.0,0.0,0.0
0.21400000000000002,0.05835206271748051,0.05833878515529338,1.3277562187129222e-05,0.008345127573723791,0.008901755604000248,0.0005566280302764567,18540.794642190038,19921.131493064582,1380.3368508745443,0.00046304730338229695,0.0006200473364659453,0.0001570000330836483,17982.520425082585,19321.301848053794,1338.7814229712094,6741.487899970862,6760.72689469598,19.238994725118573,0.00045870520759010885,0.0006108946450604531,0.0001521894374703443,0.00017881103863954119,0.00023244967796488011,5.363863932533893e-05,0.0,0.0,0.0,0.0,0.0,0.0,0.0,0.0,0.0
0.21500000000000002,0.05882318140563014,0.05881036968394993,1.2811721680210109e-05,0.00883298515338575,0.009383144344092166,0.0005501591907064157,16101.136371647919,14292.29785177706,1808.8385198708584,0.00048414990759275514,0.0005144366765555665,3.028676896281137e-05,13909.091212394462,14096.863051742226,187.7718393477644,8434.680227330233,8177.7559524983135,256.9242748319193,0.0003814245637369235,0.0005101384836473629,0.00012871391991043935,0.00021975782038560215,0.00026962156145442294,4.986374106882079e-05,0.0,0.0,0.0,0.0,0.0,0.0,0.0,0.0,0.0
0.21600000000000003,0.059284490093779924,0.059272144261800226,1.2345831979697353e-05,0.009279381490371068,0.009835063593427574,0.0005556821030565061,13510.881511263908,19071.669358643587,5560.787847379679,0.00038950033315667573,0.000752175013855323,0.0003626746806986473,12664.138733961927,11561.59375769432,1102.5449762676071,7677.069583299351,7667.655319589175,9.414263710175874,0.0002945747722574547,0.00037033233761505713,7.575756535760245e-05,0.00018389926382169985,0.00022201775986911855,3.811849604741871e-05,0.0,0.0,0.0,0.0,0.0,0.0,0.0,0.0,0.0
0.21700000000000003,0.05973598878192984,0.05972410915923672,1.1879622693118652e-05,0.00973622026287734,0.010291967338446435,0.0005557470755690949,10687.100724629294,10496.742872267945,190.3578523613487,0.00029863604010931134,0.00039633430253619984,9.76982624268885e-05,10507.969382767822,10319.150780537177,188.8186022306454,5213.7877266817095,5341.358109081484,127.57038239977464,0.0002929442606085002,0.00036665725852015764,7.371299791165742e-05,0.00013370604431478067,0.0001693662689120407,3.566022459726003e-05,0.0,0.0,0.0,0.0,0.0,0.0,0.0,0.0,0.0
0.21800000000000003,0.06017767747007985,0.06016626406574087,1.1413404338980748e-05,0.01017463805575682,0.010731760976324932,0.0005571229205681115,10492.293175012035,12984.160220782016,2491.867045769981,0.00029913191063094235,0.00045020342691140785,0.0001510715162804655,10172.85279405072,7548.179100507754,2624.6736935429653,5777.32478503755,5073.302233526677,704.0225515108732,0.00022868978214323404,0.00027063493166082624,4.19451495175922e-05,0.0001497996043256933,0.00016359763489539816,1.3798030569704868e-05,0.0,0.0,0.0,0.0,0.0,0.0,0.0,0.0,0.0
0.21900000000000003,0.060609556158230014,0.06059861540633218,1.094075189783661e-05,0.010611382089869989,0.011166914554776442,0.0005555324649064528,20052.350881642167,23166.00532441029,3113.654442768122,0.0005851418458998076,0.0009369028132432969,0.0003517609673434893,13075.097379713749,9771.33640300292,3303.760976710828,8212.973905777531,7040.254304695655,1172.7196010818761,0.00034528287874261603,0.00035551302339766164,1.0230144655045607e-05,0.0002133413056721213,0.0002269336151092692,1.3592309437147903e-05,0.0,0.0,0.0,0.0,0.0,0.0,0.0,0.0,0.0
0.22000000000000003,0.06103162484638025,0.061021150410459905,1.047443592034486e-05,0.011032957048063077,0.011588739306786184,0.0005557822587231066,17729.411242189326,17237.86810704451,491.5431351448169,0.0005193603446871041,0.0006981824076539344,0.00017882206296683024,13315.921733596619,12789.352740535836,526.5689930607823,7150.994864586967,6841.704399165796,309.2904654211716,0.0003102432946304085,0.0003526069412322512,4.236364660184272e-05,0.00018436011991550963,0.00021561178353766942,3.125166362215979e-05,0.0,0.0,0.0,0.0,0.0,0.0,0.0,0.0,0.0
0.22100000000000003,0.061443883534530626,0.06143387579569631,1.0007738834312552e-05,0.01144595591859453,0.012002803343774241,0.0005568474251797118,14043.052895099117,14865.377789561704,822.3248944625866,0.00038148484914457504,0.0005604848818873673,0.00017900003274279222,13778.676292361506,14723.055781128813,944.3794887673066,6887.19958765448,7232.421038809413,345.2214511549337,0.00037890844562143283,0.0005441135581873229,0.00016520511256589007,0.0001873800432476536,0.0002515174085417361,6.413736529408253e-05,0.0,0.0,0.0,0.0,0.0,0.0,0.0,0.0,0.0
0.22200000000000003,0.06184633222268113,0.061836790499171665,9.541723509462474e-06,0.011848806244615106,0.012409401820056655,0.0005605955754415491,18517.539022104967,17417.902371569573,1099.6366505353944,0.00041936671478122906,0.000486630563045888,6.726384826465895e-05,17904.760797522475,17302.94335616174,601.8174413607339,6547.300353479961,6329.557916208698,217.74243727126304,0.00041439029159551764,0.00043946376917654143,2.5073477581023795e-05,0.0001697183644684678,0.000207899329272063,3.8180964803595215e-05,0.0,0.0,0.0,0.0,0.0,0.0,0.0,0.0,0.0
0.22300000000000003,0.062238970910831734,0.06222989540463979,9.075506191946747e-06,0.012252282313006818,0.012809082757894085,0.0005568004448872673,20797.59089589166,25761.482097148935,4963.891201257276,0.000563267319822148,0.0009301598404649267,0.00036689252064277863,14801.109834731025,15500.85465345926,699.7448187282353,6972.760747468609,6455.045043388432,517.7157040801776,0.00036118146594421813,0.0004737579763135725,0.00011257651036935439,0.00017146621062008087,0.00019568049658568487,2.4214285965604002e-05,0.0,0.0,0.0,0.0,0.0,0.0,0.0,0.0,0.0
0.224,0.0626217995989824,0.06261319065485688,8.608944125521045e-06,0.012627263320942987,0.013186427900751503,0.0005591645798085163,13794.34324797203,12844.648979916517,949.694268055513,0.0003257442552580059,0.00031795474805216303,7.78950720584288e-06,13524.539799212145,12729.973720121892,794.566079090253,5087.709595508825,5100.6213873856195,12.911791876794268,0.0003204764554286729,0.0003145863689749499,5.8900864537230185e-06,0.0001303525022320194,0.00015836022079960724,2.8007718567587842e-05,0.0,0.0,0.0,0.0,0.0,0.0,0.0,0.0,0.0
0.225,0.06299481828713317,0.06298667554769566,8.142739437513868e-06,0.01298641772757617,0.013548420496245037,0.0005620027686688671,17433.15900744097,17154.976807639418,278.1821998015512,0.00050395881904047,0.0006893793738048995,0.00018542055476442954,11065.144664393956,13034.169495813676,1969.0248314197197,5262.286620813189,4769.977702208643,492.3089186045463,0.000306229930107539,0.0005371508804648118,0.00023092095035727277,0.000152731365631328,0.00018263942775501707,2.9908062123689072e-05,0.0,0.0,0.0,0.0,0.0,0.0,0.0,0.0,0.0
0.226,0.06335802697528407,0.0633503560685434,7.670906740669947e-06,0.013352113013274606,0.013914053162506572,0.0005619401492319657,17058.209539129555,14964.119729908873,2094.0898092206826,0.00038847244432903174,0.000538515054710827,0.0001500426103817952,16760.767045357225,14861.167812766676,1899.5992325905481,5863.697914075177,5160.479301429265,703.2186126459119,0.00038545132032584883,0.0003763379510531369,9.113369272711956e-06,0.00015011799076331973,0.00015609355638019812,5.97556561687839e-06,0.0,0.0,0.0,0.0,0.0,0.0,0.0,0.0,0.0
0.227,0.06371142566343502,0.06370422142269938,7.2042407356365246e-06,0.013699254598870805,0.014263146959206625,0.0005638923603358201,20603.265359496676,20813.06567649077,209.800316994093,0.0004879864125579338,0.0005821762343538107,9.418982179587685e-05,20286.944571291,20430.006922467797,143.06235117679898,7334.686667344212,6909.165015364576,425.52165197963586,0.00048480398476386644,0.000573874948499976,8.907096373610954e-05,0.00018648301021384852,0.00021177341356241674,2.529040334856822e-05,0.0,0.0,0.0,0.0,0.0,0.0,0.0,0.0,0.0
0.228,0.06405501435158606,0.06404827666935951,6.737682226545805e-06,0.014054701795972555,0.014613735803106792,0.0005590340071342376,14719.682065769393,16740.25439124424,2020.5723254748482,0.000426580336542668,0.0004989277707361457,7.234743419347773e-05,14717.654204587963,16373.374910174722,1655.7207055867584,6948.301051012877,7025.547311484069,77.24626047119182,0.00033674251636827584,0.00044676068596190125,0.00011001816959362541,0.0001913695849173539,0.0002479150261538169,5.654544123646297e-05,0.0,0.0,0.0,0.0,0.0,0.0,0.0,0.0,0.0
0.229,0.06438879303973717,0.06438252186505175,6.271174685421044e-06,0.014387726261599516,0.014948157438664976,0.0005604311770654596,9807.439247325205,15010.843004134511,5203.403756809306,0.00027836980862642617,0.0005885587861680262,0.0003101889775416,9582.827381592437,10721.729828802607,1138.90244721017,7091.040418281675,6849.487358703995,241.55305957767996,0.0002682409405596834,0.00039967603826323043,0.00013143509770354703,0.00019368084292500028,0.00023532335023211052,4.164250730711024e-05,0.0,0.0,0.0,0.0,0.0,0.0,0.0,0.0,0.0
0.23,0.06471276172788835,0.06470695729412428,5.804433764078354e-06,0.014709548413851404,0.015272370653179929,0.000562822239328525,14965.9315211009,16968.32164629098,2002.3901251900807,0.00044546423010529475,0.000709583373950777,0.00026411914384548223,9396.455470362705,9430.276549896262,33.82107953355626,7376.708989517421,7016.20024972719,360.50873979023163,0.00023603925504793737,0.00029265200042464043,5.661274537670306e-05,0.00018460202734846173,0.00021601969753555324,3.1417670187091506e-05,0.0,0.0,0.0,0.0,0.0,0.0,0.0,0.0,0.0
0.231,0.06502692041603961,0.06502158269161756,5.3377244220442766e-06,0.015030401826654109,0.015592575777626043,0.000562173950971934,9712.300682853172,10211.068762730225,498.7680798770525,0.0002586261518631346,0.00041539670397317506,0.00015677055211004044,8747.057888016607,10100.648453767,1353.5905657503936,6207.650936144924,6262.643115568235,54.99217942331052,0.0002167585091977803,0.00035681208465893484,0.00014005357546115454,0.0001532673555685857,0.00018787069309633993,3.460333752775422e-05,0.0,0.0,0.0,0.0,0.0,0.0,0.0,0.0,0.0
0.232,0.06533126910419092,0.0653263980073262,4.871096864714208e-06,0.015337444987524769,0.01589897966663014,0.0005615346791053716,13716.445738748032,14128.838680978539,412.3929422305064,0.00034537385288917503,0.0004943127777643293,0.00014893892487515426,11591.634110595063,9419.063500104818,2172.5706104902456,4921.380889574666,4686.309618782632,235.07127079203383,0.00032436036247488105,0.0003871360090670235,6.277564659214245e-05,0.00012810584725653334,0.00016229454018392637,3.418869292739303e-05,0.0,0.0,0.0,0.0,0.0,0.0,0.0,0.0,0.0
0.233,0.06562580779234227,0.06562140749470953,4.400297632739525e-06,0.01562680271589821,0.016189309650847233,0.0005625069349490218,11155.443677365705,12545.12717710597,1389.6834997402639,0.00032162986620142746,0.0005068377283006804,0.00018520786209925294,10895.410106904266,8166.640135520778,2728.769971383488,6773.838887304869,6023.211559131903,750.6273281729655,0.0002616875346924202,0.00034884267735273166,8.715514266031146e-05,0.0001695742728864648,0.0001850208273389546,1.5446554452489794e-05,0.0,0.0,0.0,0.0,0.0,0.0,0.0,0.0,0.0
0.234,0.0659105364804937,0.06590660296989828,3.933510595424683e-06,0.015906936198150153,0.016471117451914374,0.0005641812537642218,12905.0067310839,11873.929277418461,1031.077453665439,0.0003865297515064215,0.0003756391986834162,1.0890552823005254e-05,12754.474872018087,11278.266753022905,1476.2081189951823,8650.712994913696,8293.707461579826,357.0055333338696,0.0003182653919030117,0.0003651899102066737,4.692451830366198e-05,0.00022131839919167348,0.0002633576675466479,4.20392683549744e-05,0.0,0.0,0.0,0.0,0.0,0.0,0.0,0.0,0.0
0.23500000000000001,0.0661854551686452,0.06618198824363633,3.466925008868693e-06,0.016187935220192923,0.016752516938552117,0.0005645817183591931,17175.446386339096,16934.77846677397,240.6679195651268,0.0004975859344396641,0.0006877348085358763,0.0001901488740962122,15916.028233751413,15337.46484189462,578.5633918567928,7184.667862806704,7331.101893754088,146.4340309473846,0.0004509952229254153,0.0006000961472992233,0.000149100924373808,0.00019457070966299596,0.00024401081424717112,4.9440104584175156e-05,0.0,0.0,0.0,0.0,0.0,0.0,0.0,0.0,0.0
0.23600000000000002,0.06645056385679671,0.06644756367355771,3.0001832389964234e-06,0.016452840442959762,0.017018576278237517,0.0005657358352777545,21298.267755352532,20170.99038301566,1127.27737233687,0.0005310756791453321,0.0007856020791376198,0.0002545263999922877,20731.898320432756,19782.189183271148,949.7091371616079,5542.203625578675,5984.742918407253,442.53929282857735,0.0005243783479973913,0.0006361222795990633,0.00011174393160167208,0.00015943450129058212,0.00021542443046149344,5.598992917091132e-05,0.0,0.0,0.0,0.0,0.0,0.0,0.0,0.0,0.0
0.23700000000000002,0.06670586254494831,0.06670332906779237,2.533477155938768e-06,0.016717611166589954,0.017280670056689332,0.0005630588900993778,21144.256577183674,18755.073464003348,2389.1831131803265,0.0004905277290523555,0.00050093283082081,1.0405101768454455e-05,18589.624476400764,18207.711857082464,381.91261931830013,5816.717877261451,5694.599286147873,122.11859111357808,0.0004332248793160497,0.0004830748209017805,4.984994158573075e-05,0.00015087858693165168,0.0001826942980042155,3.181571107256382e-05,0.0,0.0,0.0,0.0,0.0,0.0,0.0,0.0,0.0
0.23800000000000002,0.06695135123309993,0.06694928443240598,2.066800693950599e-06,0.016951276089149453,0.017517576155057887,0.0005663000659084337,16502.421651756336,16020.580447658223,481.84120409811294,0.00044883847996484013,0.0005804874634409659,0.00013164898347612578,10445.973072714603,13389.62051103246,2943.6474383178574,7002.809377611096,6402.576528152615,600.2328494584817,0.0003035952145919778,0.0005423472397828681,0.00023875202519089034,0.00017714540385896423,0.00019609420116420512,1.8948797305240895e-05,0.0,0.0,0.0,0.0,0.0,0.0,0.0,0.0,0.0
0.23900000000000002,0.0671870299212516,0.06718542987134121,1.600049910385759e-06,0.017182866106198222,0.01775144018357806,0.0005685740773798374,7351.279710936122,6337.748931911268,1013.5307790248535,0.0002434782190916586,0.0002568003818211713,1.3322162729512718e-05,7006.693246154897,6149.096539601159,857.5967065537379,4810.571326598186,4133.23281570761,677.3385108905759,0.00022558170931274367,0.00024861493176647466,2.3033222453730995e-05,0.00013024991576760146,0.00013917427406133208,8.92435829373062e-06,0.0,0.0,0.0,0.0,0.0,0.0,0.0,0.0,0.0
0.24000000000000002,0.06741289860940329,0.06741176880129261,1.1298081106780877e-06,0.01740869657058941,0.01797682273317834,0.0005681261625889306,20050.78101097067,19481.361694356012,569.4193166146579,0.0005660981039980942,0.0007754520006785324,0.00020935389668043814,12983.626173611194,11494.042037576095,1489.5841360350987,5601.270480822761,5161.453701912897,439.8167789098643,0.0003058037345144235,0.0003370598660776082,3.125613156318468e-05,0.0001522175509376146,0.00018360019818323622,3.138264724562162e-05,0.0,0.0,0.0,0.0,0.0,0.0,0.0,0.0,0.0
0.24100000000000002,0.06762895729755504,0.06762829420904552,6.630885095171291e-07,0.017619623845019482,0.018187599306042603,0.0005679754610231208,20359.4178949654,21067.56357007329,708.1456751078877,0.00046309627534859795,0.0005610790675630915,9.798279221449359e-05,20240.890699194304,20629.879255721302,388.98855652699785,7380.55457736649,6936.865919767009,443.6886575994813,0.00046229729203292055,0.0005548238098147308,9.252651778181021e-05,0.0001805737200301958,0.00021101784332859503,3.0444123298399236e-05,0.0,0.0,0.0,0.0,0.0,0.0,0.0,0.0,0.0
0.24200000000000002,0.06783520598570682,0.06783500963610326,1.963496035622958e-07,0.017827776967519436,0.0183947614083756,0.0005669844408561636,16641.664992690185,18578.17819106545,1936.5131983752653,0.00041796185969327415,0.0006559403201865469,0.00023797846049327276,16155.937322502887,18038.719577735414,1882.782255232527,7476.58229989132,7294.78452051518,181.79777937614017,0.00041302837631711827,0.0005992094374641077,0.00018618106114698938,0.00019218115493412327,0.00023638501555594377,4.420386062182051e-05,0.0,0.0,0.0,0.0,0.0,0.0,0.0,0.0,0.0
0.24300000000000002,0.0680316446738586,0.06803191515916975,2.7048531114903795e-07,0.01802323153791843,0.018591615479869834,0.0005683839419514045,20165.556932008494,24070.95201885334,3905.3950868448446,0.0005778444310621858,0.000960300617615529,0.0003824561865533432,13812.22562838234,12327.720987984654,1484.5046403976867,6917.922374153736,6825.456444518674,92.46592963506191,0.0003617140749263873,0.00037889057263682034,1.717649771043302e-05,0.00018388267458146205,0.00022393294658753994,4.00502720060779e-05,0.0,0.0,0.0,0.0,0.0,0.0,0.0,0.0,0.0
0.24400000000000002,0.06821827336201042,0.06821901072542566,7.373634152429975e-07,0.018217610658922367,0.018785671341447624,0.0005680606825252572,13612.213603058326,13761.586005771416,149.3724027130902,0.0003864530750603504,0.0005320959110164654,0.000145642835956115,10102.671459706495,10958.859986810217,856.1885271037227,7388.901618805036,7305.717540568417,83.18407823661983,0.0002727805198674187,0.00040310979525503887,0.00013032927538762014,0.0001982711448210221,0.0002462765889564934,4.800544413547132e-05,0.0,0.0,0.0,0.0,0.0,0.0,0.0,0.0,0.0
0.24500000000000002,0.06839509205016225,0.06839629630403943,1.204253877173933e-06,0.01840250268433129,0.018969894554332872,0.0005673918700015816,13431.578793757788,15154.98768973704,1723.4088959792516,0.000354273959911813,0.0005382596481783517,0.0001839856882665387,10767.494847160237,10222.205922014247,545.2889251459892,6886.795407101862,6527.4441129473935,359.35129415446863,0.00023895450559035256,0.00030016414048726387,6.12096348969113e-05,0.00017080718201181906,0.00019357844711573064,2.2771265103911577e-05,0.0,0.0,0.0,0.0,0.0,0.0,0.0,0.0,0.0
0.24600000000000002,0.06856210073831409,0.068563771951795,1.6712134809082624e-06,0.018572162386517287,0.019138433570862885,0.000566271184345598,14881.025009677222,11865.613136039854,3015.4118736373675,0.0003847876273597567,0.0003968734591858534,1.2085831826096722e-05,14808.808631688978,11363.28241363451,3445.5262180544687,5240.629182768547,5151.665885072447,88.9632976961002,0.0003675118567289201,0.00034009428883219773,2.741756789672239e-05,0.00013567345646851124,0.00016314829346946472,2.747483700095348e-05,0.0,0.0,0.0,0.0,0.0,0.0,0.0,0.0,0.0
0.24700000000000003,0.06871929942646597,0.06872143762241424,2.1381959482702495e-06,0.01871815403986987,0.01928893097897832,0.0005707769391084527,18482.445511075657,15194.020514516702,3288.424996558955,0.0005121254442299361,0.0005278610176272911,1.5735573397355e-05,14034.501143033081,12881.618688644538,1152.882454388544,6317.622148132427,5725.083101948947,592.5390461834804,0.00030972066098973087,0.00039459045789167114,8.486979690194027e-05,0.00015937732619520346,0.00018076671520023745,2.138938900503399e-05,0.0,0.0,0.0,0.0,0.0,0.0,0.0,0.0,0.0
0.24800000000000003,0.06886668811461787,0.06886929554617423,2.6074315563617834e-06,0.018870935195894674,0.01944065733576347,0.0005697221398687953,13326.429904133816,12988.769494790986,337.66040934283046,0.000395408919954002,0.0005320552299199671,0.0001366463099659651,13086.2729523199,12527.109900612071,559.1630517078283,7894.700990350679,7334.276197650206,560.4247927004726,0.00038521527839201187,0.0005109693441326999,0.00012575406574068802,0.00020457899609208926,0.00023921138821514387,3.463239212305461e-05,0.0,0.0,0.0,0.0,0.0,0.0,0.0,0.0,0.0
0.24900000000000003,0.06900426680276979,0.06900734117911872,3.0743763489299303e-06,0.019006830049174226,0.01957868625745271,0.0005718562082784838,15768.416933629805,16082.486015203736,314.0690815739308,0.00045632995013338793,0.0006334610154773541,0.00017713106534396615,11656.004669118138,14584.766226410751,2928.7615572926134,8787.045418528665,8697.881525085355,89.16389344331037,0.0003344765281394619,0.0006011798675671189,0.000266703339427657,0.0002203779020126915,0.00026996119879342696,4.9583296780735474e-05,0.0,0.0,0.0,0.0,0.0,0.0,0.0,0.0,0.0
0.25,0.06913203549092169,0.06913560017451861,3.564683596926632e-06,0.0191359578589185,0.019706530961666666,0.0005705731027481654,14112.43808697382,18158.63972,4046.2016330261795,0.00039318892573490306,0.0007088690135,0.000315680087765097,13626.113675275159,13505.1745485,120.93912677515982,7278.987159247789,7749.808101605699,470.8209423579101,0.000379553241213604,0.00047522442585,9.567118463639599e-05,0.00019107620473482592,0.0002508563188072374,5.9780114072411456e-05,0.0,0.0,0.0,0.0,0.0,0.0,0.0,0.0,0.0
0.251,0.06924999417907361,0.06925400239680835,4.008217734732811e-06,0.019258871547856046,0.01982956300005604,0.0005706914521999944,19775.756022421123,20646.890028074653,871.13400565353,0.0004575546400666147,0.0005747374419420037,0.00011718280187538897,19160.48079104763,20169.89605259191,1009.4152615442799,6325.130456758205,6730.360341944539,405.2298851863343,0.0004513589192500356,0.0005709179025827585,0.00011955898333272294,0.0001621499948945146,0.00022300094119701936,6.085094630250477e-05,0.0,0.0,0.0,0.0,0.0,0.0,0.0,0.0,0.0
0.252,0.06935814286722557,0.06936264176941323,4.498902187663467e-06,0.01935775536231343,0.019932663930858765,0.0005749085685453348,11422.212194369717,13625.260922930958,2203.0487285612417,0.0002964654777408881,0.0003805317474602354,8.406626971934727e-05,10914.61745865218,13239.041665123821,2324.424206471642,6513.740432335464,6107.143622760729,406.59680957473483,0.00026964484122376007,0.0003763018771119192,0.00010665703588815911,0.00015860451673190243,0.00017875645988942295,2.0151943157520525e-05,0.0,0.0,0.0,0.0,0.0,0.0,0.0,0.0,0.0
0.253,0.06945648155537752,0.06946142387326391,4.942317886391656e-06,0.01946138631061474,0.020034692028450773,0.0005733057178360333,12982.570339814185,15070.197907736727,2087.627567922542,0.0003953488579148908,0.0006338224480419185,0.0002384735901270277,12491.595070834195,11067.239143181701,1424.3559276524938,6241.003974907011,5888.306796172091,352.69717873492027,0.0002714728885095353,0.0004338628495897542,0.00016238996108021891,0.00015794697612982065,0.0001770399052766624,1.9092929146841754e-05,0.0,0.0,0.0,0.0,0.0,0.0,0.0,0.0,0.0
0.254,0.06954501024352948,0.06955044349997117,5.433256441686463e-06,0.0195420576241409,0.02011727710633791,0.0005752194821970098,9000.595879080169,8134.101533866202,866.4943452139669,0.00026642321601108495,0.000325122390877511,5.869917486642603e-05,8973.629510069091,8062.016450017585,911.6130600515062,6637.334528583936,5501.243442884014,1136.0910856999217,0.00026177677759927454,0.00031717791468013825,5.54011370808637e-05,0.00018420219681003353,0.0002006701888349692,1.6467992024935658e-05,0.0,0.0,0.0,0.0,0.0,0.0,0.0,0.0,0.0
0.255,0.06962372893168145,0.06962960555080441,5.8766191229631115e-06,0.01961483084438196,0.020189503928610582,0.0005746730842286218,15941.870382049248,16472.665341080745,530.7949590314965,0.00044009053910681927,0.0006403237677325342,0.0002002332286257149,15871.606505888949,16441.147632466804,569.5411265778548,7593.761694445186,7005.753435910526,588.00825853466,0.00040457237178517466,0.0006023121096653372,0.00019773973788016251,0.0001953249937112727,0.00022988694123882668,3.456194752755399e-05,0.0,0.0,0.0,0.0,0.0,0.0,0.0,0.0,0.0
0.256,0.0696926376198334,0.06969898260215321,6.344982319814174e-06,0.019676935285536403,0.02025269606672131,0.0005757607811849065,19685.158734980832,21584.003487732254,1898.8447527514218,0.0004949537234827902,0.0007996163911744897,0.0003046626676916995,19063.82076080118,18838.35111222345,225.46964857773128,7900.424282425903,7545.440518887573,354.9837635383301,0.0004866857779030613,0.000624950799026833,0.00013826502112377167,0.00019927018431308062,0.00023885257740498256,3.958239309190194e-05,0.0,0.0,0.0,0.0,0.0,0.0,0.0,0.0,0.0
0.257,0.06975173630798538,0.0697585722861145,6.8359781291160715e-06,0.01974295600706465,0.02031761470540296,0.0005746586983383095,28169.665485206937,28664.43075121531,494.76526600837315,0.0006993818365650927,0.0009651580433840778,0.0002657762068189851,19565.96938039228,18747.33669316326,818.6326872290192,6652.463702257843,7404.602289514453,752.1385872566107,0.00044951792115386,0.00044377618372417357,5.741737429686405e-06,0.00017401203440518739,0.000249018208418464,7.500617401327663e-05,0.0,0.0,0.0,0.0,0.0,0.0,0.0,0.0,0.0
0.258,0.06980102499613736,0.06980830406737434,7.2790712369874555e-06,0.01979748615588139,0.020371771970262076,0.0005742858143806852,13061.09973428908,14685.116665317095,1624.0169310280144,0.00036861283489336293,0.0005100538025329128,0.00014144096763954992,13015.96604288563,14485.4530671092,1469.4870242235702,6642.1013629389445,7017.251925483238,375.1505625442933,0.00035972204197724247,0.0005051656573169099,0.00014544361533966744,0.00017960925020952298,0.00024205921236606148,6.244996215653851e-05,0.0,0.0,0.0,0.0,0.0,0.0,0.0,0.0,0.0
0.259,0.06984050368428933,0.06984827415699144,7.770472702103848e-06,0.01984339131670997,0.02041646101265949,0.0005730696959495192,9479.662961843911,11103.256521588193,1623.5935597442822,0.00022054906182426465,0.0003544351790167378,0.00013388611719247315,9049.828034151507,10642.372803649214,1592.5447694977065,6229.341732270607,6451.264113446895,221.92238117628767,0.00021704212649102067,0.0003429083084534689,0.0001258661819624482,0.00015102255198379993,0.00020168118848252545,5.065863649872553e-05,0.0,0.0,0.0,0.0,0.0,0.0,0.0,0.0,0.0
0.26,0.06987017237244132,0.06987838587280028,8.213500358955628e-06,0.019877015126147722,0.020450257815658256,0.0005732426895105336,10640.711378431528,10722.532442181884,81.82106375035619,0.0002918689800534752,0.0004514109243369861,0.0001595419442835109,10390.335813131438,9939.177688603335,451.15812452810314,6616.454652323538,6170.896558936332,445.5580933872052,0.0002620851976831551,0.0004072293452957028,0.00014514414761254766,0.00016102127304660482,0.00017914731563737387,1.8126042590769055e-05,0.0,0.0,0.0,0.0,0.0,0.0,0.0,0.0,0.0
0.261,0.06989003106059327,0.06989873619387539,8.705133282119193e-06,0.019890555865600144,0.020467049351525397,0.0005764934859252523,14416.754678134457,13127.057894821935,1289.6967833125218,0.00032439375779368086,0.000407107775087825,8.271401729414415e-05,13243.852350333947,11842.595811625146,1401.2565387088016,5327.323171415589,5078.225601598305,249.09756981728424,0.00031900883446716065,0.00030724076410741213,1.1768070359748518e-05,0.0001331258121078285,0.00015498017467724103,2.1854362569412533e-05,0.0,0.0,0.0,0.0,0.0,0.0,0.0,0.0,0.0
0.262,0.06990007974874528,0.0699092278425337,9.148093788421963e-06,0.019907627600993395,0.020483632212367608,0.0005760046113742132,26328.24305580558,25332.06738453801,996.1756712675669,0.0007495716903634541,0.0010208970901357812,0.0002713253997723271,13879.762847888001,14714.83841696276,835.0755690747592,7048.516058291194,6356.261767880592,692.2542904106022,0.00035795004007568507,0.00048572091221009216,0.0001277708721344071,0.00018167618094435604,0.00021036488023531212,2.868869929095608e-05,0.0,0.0,0.0,0.0,0.0,0.0,0.0,0.0,0.0
0.263,0.06990031843689726,0.06990993401796705,9.615581069793988e-06,0.01990021925435565,0.020478106897001764,0.0005778876426461126,14760.990634853806,14600.723876385679,160.2667584681276,0.00034893066155989075,0.0006063034358027863,0.00025737277424289556,14476.387530088727,14217.71447439328,258.67305569544624,8629.441004737337,8284.133198727824,345.3078060095122,0.00034151445296345744,0.00043017134784717394,8.86568948837165e-05,0.0002158596060407046,0.0002502975511319907,3.443794509128611e-05,0.0,0.0,0.0,0.0,0.0,0.0,0.0,0.0,0.0
0.264,0.06989074712504921,0.069900854421762,1.0107296712788538e-05,0.019896202420791577,0.02047254581849378,0.0005763433977022045,19121.693558323244,18577.998179950133,543.6953783731115,0.0005770333475587304,0.000785621747795001,0.00020858840023627056,14554.345818554726,14557.436862602472,3.0910440477455268,9313.381730478743,9170.205725574655,143.17600490408768,0.00040428169806773745,0.0005109897928103912,0.00010670809474265378,0.00024033302814318428,0.00029231091326538654,5.1977885122202265e-05,0.0,0.0,0.0,0.0,0.0,0.0,0.0,0.0,0.0
0.265,0.06987136581320122,0.06988191581848122,1.0550005279996721e-05,0.019872595467375073,0.020452851545032423,0.0005802560776573505,11550.531934531537,11692.31431373613,141.78237920459287,0.00030553486480909363,0.0003762541863290889,7.071932151999526e-05,11289.018961009864,11101.05250472124,187.9664562886246,7167.142689083271,7491.565117101623,324.42242801835255,0.00028103054958757384,0.00036496886912794227,8.393831954036843e-05,0.0001865418684086191,0.00024989734595278395,6.335547754416485e-05,0.0,0.0,0.0,0.0,0.0,0.0,0.0,0.0,0.0
0.266,0.0698421745013532,0.0698532166060508,1.1042104697600585e-05,0.019850697255967067,0.020428947416079805,0.0005782501601127379,14588.634378526582,16972.474902137383,2383.840523610801,0.0004135347671697864,0.0005473338610875893,0.00013379909391780283,14051.58066085119,16512.77199950542,2461.191338654231,6432.452762992901,6562.872698894164,130.41993590126367,0.0003119330753719245,0.000501589516133813,0.00018965644076188848,0.0001640949617413217,0.00021432140761440166,5.022644587307997e-05,0.0,0.0,0.0,0.0,0.0,0.0,0.0,0.0,0.0
0.267,0.06980317318950519,0.0698146579227778,1.1484733272615344e-05,0.019807696343670852,0.02038910341063567,0.0005814070669648182,16793.262192399536,15256.230592668579,1537.0315997309572,0.000402563768401427,0.00041000009428639,7.4363258849629915e-06,16639.690629950343,15221.821997365905,1417.8686325844374,6452.224676147921,5915.011010292797,537.2136658551235,0.0003850900409461181,0.00037549054417187946,9.599496774238662e-06,0.00015469274460996893,0.00016579299633673425,1.1100251726765326e-05,0.0,0.0,0.0,0.0,0.0,0.0,0.0,0.0,0.0
0.268,0.06975436187765717,0.06976633894087422,1.1977063217052941e-05,0.01975713668776089,0.02033722809170844,0.0005800914039475469,12268.385371523667,15681.206031202173,3412.8206596785058,0.0003572374939220077,0.0005897824962922782,0.00023254500237027045,12143.183740518247,8718.474855810415,3424.708884707832,5741.051194625823,5153.838510553298,587.212684072525,0.0003451877529794813,0.0003541583912553639,8.970638275882631e-06,0.00014808282638730628,0.0001609809472674446,1.2898120880138321e-05,0.0,0.0,0.0,0.0,0.0,0.0,0.0,0.0,0.0
0.269,0.06969574056580917,0.06970816016727958,1.2419601470414765e-05,0.01968644605209785,0.02026924468277747,0.0005827986306796186,15050.19400995638,11164.632135351858,3885.561874604522,0.00045447392120025486,0.00045573055171468197,1.2566305144271167e-06,13206.459571718651,10970.621966644216,2235.8376050744355,5795.157613616322,5272.419628674541,522.7379849417812,0.00034134876293637315,0.00038912347837352526,4.7774715437152115e-05,0.00015573670512410238,0.0001834171538106143,2.7680448686511914e-05,0.0,0.0,0.0,0.0,0.0,0.0,0.0,0.0,0.0
0.27,0.06962730925396117,0.06964019548085734,1.2886226896172137e-05,0.019615413758515454,0.020197799107072322,0.0005823853485568686,19287.69512419901,21097.62760638344,1809.9324821844311,0.00046536704946108145,0.0006960689423503968,0.00023070189288931537,17069.1936209831,17416.053947327375,346.86032634427465,7247.489336690217,6932.792878297067,314.69645839315035,0.0004510573226069823,0.000568718953117415,0.00011766163051043273,0.00018077239845748152,0.000219001688646928,3.822929018944648e-05,0.0,0.0,0.0,0.0,0.0,0.0,0.0,0.0,0.0
0.271,0.06954906794211316,0.06956242271459664,1.3354772483487043e-05,0.01954156409380384,0.020123350158753904,0.0005817860649500635,25611.945952005884,22901.1761749826,2710.7697770232844,0.0006474324133929363,0.0006880551004136955,4.0622687020759217e-05,20590.764284120945,19662.188258446222,928.5760256747235,7678.845703386111,7576.927904275381,101.91779911073081,0.00045833212353351587,0.0004993117200196111,4.097959648609523e-05,0.0001944693195060634,0.00024107455319129128,4.660523368522787e-05,0.0,0.0,0.0,0.0,0.0,0.0,0.0,0.0,0.0
0.272,0.06946101663026516,0.0694748376984296,1.3821068164443506e-05,0.01944953084648782,0.020031977805948842,0.0005824469594610214,19778.748455808924,19153.851569060058,624.8968867488657,0.00047883289639795033,0.0006313682824176117,0.00015253538601966142,19066.227872949516,18740.327034385507,325.90083856400815,6723.354207603534,7083.732340388569,360.37813278503563,0.00047721237119858275,0.000556607036884658,7.939466568607521e-05,0.00018028954288955905,0.0002465422670637557,6.625272417419664e-05,0.0,0.0,0.0,0.0,0.0,0.0,0.0,0.0,0.0
0.273,0.06936315531841718,0.0693774690482691,1.4313729851916923e-05,0.01936512941833256,0.019944626861569406,0.0005794974432368448,17396.52142778982,16495.240330215587,901.2810975742323,0.0005240901003878306,0.0006645623709249658,0.00014047227053713522,16301.066155207658,15908.076442217935,392.98971298972356,6465.17512025438,6353.211274885936,111.9638453684438,0.00045668110200320093,0.0005932048111994951,0.0001365237091962942,0.0001738832062522665,0.00022022015408178818,4.6336947829521695e-05,0.0,0.0,0.0,0.0,0.0,0.0,0.0,0.0,0.0
0.274,0.06925548400656921,0.06927023994957836,1.4755943009148176e-05,0.019256947735890834,0.01983800692284929,0.000581059186958454,10331.674946023111,9962.467332951976,369.2076130711357,0.0002657637853743998,0.00033302142274315355,6.725763736875373e-05,9310.048421644931,8858.619808572868,451.42861307206294,6793.482369817079,6432.263296313194,361.21907350388574,0.00022150607714237845,0.00028654718013251893,6.504110299014048e-05,0.0001639897157164058,0.00018588453616802863,2.1894820451622823e-05,0.0,0.0,0.0,0.0,0.0,0.0,0.0,0.0,0.0
0.275,0.06913800269472126,0.06915325163801886,1.524894329760218e-05,0.019142871451676167,0.01972448828183028,0.0005816168301541122,15346.876035298204,18322.255456091116,2975.3794207929113,0.00046597462807690436,0.0007871248674206098,0.0003211502393437054,11627.83009515014,9573.39023747651,2054.439857673631,6079.908058668702,5508.654526879291,571.2535317894117,0.0002801642665452475,0.0003327116164196159,5.2547349874368366e-05,0.0001553854213900252,0.00016622913263637443,1.0843711246349215e-05,0.0,0.0,0.0,0.0,0.0,0.0,0.0,0.0,0.0
0.276,0.06901071138287329,0.06902640243901687,1.5691056143574134e-05,0.019014803648721015,0.019597411735712285,0.0005826080869912702,17117.353884788055,15883.270506419507,1234.0833783685484,0.00044697313086937825,0.000520873383993297,7.39002531239188e-05,14843.884375539197,13607.06336271191,1236.8210128272876,6023.533484279107,5240.034774678631,783.4987096004761,0.0003645362785728147,0.00039193551919715304,2.7399240624338325e-05,0.00015737258995132645,0.0001691226509262905,1.1750060974964052e-05,0.0,0.0,0.0,0.0,0.0,0.0,0.0,0.0,0.0
0.277,0.06887361007102533,0.06888976688665312,1.615681562779081e-05,0.018875041411369396,0.019458815319208074,0.0005837739078386785,21979.815650508765,23376.775413711104,1396.9597632023397,0.0006677055102558896,0.000986857300252351,0.0003191517899964614,10803.702540645929,10910.357726490347,106.65518584441816,7848.162135405996,7392.933746505663,455.2283889003329,0.0002966130883010135,0.0003927783626709914,9.616527436997791e-05,0.0002032461598652131,0.0002440967644401979,4.085060457498479e-05,0.0,0.0,0.0,0.0,0.0,0.0,0.0,0.0,0.0
0.278,0.0687266987591774,0.06874332529659827,1.6626537420863507e-05,0.01872602719717738,0.01931011594804322,0.0005840887508658382,11204.791191119224,11191.08465263542,13.706538483804252,0.0002618194227312153,0.0003552350484757233,9.341562574450798e-05,10884.6687620087,10805.91142716033,78.75733484836928,8321.17776166456,7904.546090210471,416.63167145408806,0.0002581476849899156,0.00033260439127813865,7.445670628822304e-05,0.0002069172351154551,0.0002413313905315604,3.441415541610528e-05,0.0,0.0,0.0,0.0,0.0,0.0,0.0,0.0,0.0
0.279,0.0685699774473295,0.06858706947268922,1.709202535972454e-05,0.0185721531113559,0.019157284507507595,0.0005851313961516939,14595.283244535858,18148.208748318106,3552.9255037822477,0.00043677082543898085,0.0007628184895065329,0.0003260476640675521,12725.325583169986,11990.337026800953,734.9885563690332,7788.637724437984,7933.893237045287,145.255512607303,0.0003462448555412253,0.0004223705889917426,7.61257334505173e-05,0.0002045179544944555,0.00026761965314906275,6.310169865460724e-05,0.0,0.0,0.0,0.0,0.0,0.0,0.0,0.0,0.0
0.28,0.06840344613548162,0.0684210315363268,1.7585400845177013e-05,0.018409767900271778,0.01899515646999381,0.0005853885697220326,12366.46279291576,13523.205203269397,1156.7424103536378,0.0002987513563362681,0.0005396680873189849,0.00024091673098271683,12244.220040851538,13477.1069748626,1232.8869340110614,6182.639092481857,6187.017276770624,4.378184288767443,0.00029017366865501993,0.00038774714964767926,9.757348099265933e-05,0.00015935508102315617,0.00019714711719131742,3.7792036168161246e-05,0.0,0.0,0.0,0.0,0.0,0.0,0.0,0.0,0.0
0.281,0.06822710482363371,0.06824513201218926,1.8027188555549967e-05,0.018229785730294355,0.0188167337922461,0.0005869480619517461,21437.802399345925,21967.692379327447,529.8899799815226,0.0005432572148832889,0.0007525352487977846,0.0002092780339144957,13429.25731957856,11349.643571751822,2079.613747826739,6327.050626193041,5863.184867382416,463.86575881062527,0.00032414401124849216,0.0003629972850604228,3.885327381193064e-05,0.00015480292882410286,0.00017373443022503346,1.8931501400930594e-05,0.0,0.0,0.0,0.0,0.0,0.0,0.0,0.0,0.0
0.28200000000000003,0.06804095351178586,0.0680594743794484,1.8520867662533136e-05,0.01804838668804171,0.018634104818037844,0.0005857181299961343,11793.196295789523,10599.848548410482,1193.3477473790408,0.00025535523717930476,0.0002325211973804107,2.2834039798894058e-05,11522.006515967181,10394.827405331915,1127.1791106352666,6752.946451688062,5653.591168152072,1099.3552835359897,0.00025207488224993085,0.0002305847573463081,2.149012490362275e-05,0.00016394518389024654,0.0001484265804143802,1.5518603475866348e-05,0.0,0.0,0.0,0.0,0.0,0.0,0.0,0.0,0.0
0.28300000000000003,0.06784499219993805,0.06786395474470212,1.8962544764078437e-05,0.017839504528570402,0.01842833804511774,0.0005888335165473366,17545.126631904684,14740.27058533358,2804.8560465711053,0.0004896517100867389,0.0005718967064387815,8.224499635204263e-05,17396.058611593082,14720.25291767699,2675.8056939160924,6285.277377039457,5915.557236197288,369.7201408421688,0.0004852715863206955,0.0005665988484018279,8.132726208113242e-05,0.0001787129419694637,0.00021496576563916073,3.625282366969703e-05,0.0,0.0,0.0,0.0,0.0,0.0,0.0,0.0,0.0
0.28400000000000003,0.06763922088809024,0.06765864827965724,1.942739156700346e-05,0.01763474828211727,0.018223051956471295,0.0005883036743540258,28061.93062565282,24142.17067461353,3919.75995103929,0.0007499595894103724,0.0008501761510774745,0.00010021656166710213,14489.271590935972,13810.871027974243,678.4005629617295,5841.408178901056,5582.056515690281,259.35166321077486,0.0003267764381461786,0.00034636362301771595,1.958718487153735e-05,0.00016134714321513235,0.0001956121905124956,3.426504729736325e-05,0.0,0.0,0.0,0.0,0.0,0.0,0.0,0.0,0.0
0.28500000000000003,0.06742363957624248,0.06744353788318402,1.989830694154593e-05,0.017413373363649814,0.018003223511733217,0.0005898501480834026,15739.162525224656,15640.922183492017,98.24034173263863,0.00039709299758791043,0.0005089452131273402,0.0001118522155394298,14704.406410946742,15117.160195110213,412.7537841634712,7602.436233373085,7447.819528446091,154.61670492699432,0.00035814135891642195,0.000472009957964416,0.00011386859904799403,0.0001935213884087826,0.00024084100494141283,4.7319616532630245e-05,0.0,0.0,0.0,0.0,0.0,0.0,0.0,0.0,0.0
0.28600000000000003,0.06719824826439473,0.06721861111776126,2.0362853366526212e-05,0.017190900587340636,0.017778276329376775,0.0005873757420361385,16752.072719432403,16464.19508144423,287.87763798817105,0.0004207275596726927,0.0005842585306664532,0.0001635309709937605,16669.316181560996,16075.794107271573,593.5220742894235,7125.251943367457,6994.061082185401,131.19086118205632,0.0003675617806515677,0.00048074845611653156,0.00011318667546496384,0.00018639594661092184,0.0002255216132321575,3.912566662123566e-05,0.0,0.0,0.0,0.0,0.0,0.0,0.0,0.0,0.0
0.28700000000000003,0.06696304695254701,0.0669839039042549,2.08569517078927e-05,0.01696121652045388,0.017549431485797646,0.0005882149653437668,12309.599568114372,17168.946234345145,4859.346666230773,0.00033467375890618747,0.0006716610773993557,0.00033698731849316827,9618.32630976636,10373.519202981712,755.1928932153514,5622.8797044000485,5646.751318021328,23.87161362127972,0.0002645323914794685,0.0003359265822872608,7.139419080779227e-05,0.0001614774779070191,0.00020938755676031348,4.7910078853294385e-05,0.0,0.0,0.0,0.0,0.0,0.0,0.0,0.0,0.0
0.28800000000000003,0.06671803564069935,0.06673933398907538,2.12983483760254e-05,0.01672228357682285,0.01730888366523348,0.0005866000884106291,15801.252097507626,16407.822742866505,606.5706453588791,0.00047827757477678383,0.0006928774246941639,0.00021459984991738007,9840.864698165704,9598.03697577525,242.82772239045335,5853.491291523219,5649.184750242429,204.30654128079004,0.000289497766317136,0.0003923700849384693,0.00010287231862133331,0.00014401398567097932,0.00017647866954091047,3.246468386993115e-05,0.0,0.0,0.0,0.0,0.0,0.0,0.0,0.0,0.0
0.28900000000000003,0.06646321432885172,0.0664850071175067,2.1792788654981243e-05,0.016468105931731633,0.01705677584229943,0.0005886699105677982,12296.222131463928,12093.562954184867,202.65917727906162,0.00027685512717637415,0.00030827851924234936,3.142339206597521e-05,12222.33773705983,11803.481338160733,418.85639889909726,6837.95331812934,6288.2136207246995,549.7396974046405,0.00027636769399410856,0.0002850174814566305,8.649787462521952e-06,0.00016702612124254687,0.00018535710755670362,1.8330986314156754e-05,0.0,0.0,0.0,0.0,0.0,0.0,0.0,0.0,0.0
0.29000000000000004,0.06619858301700414,0.06622081718516368,2.2234168159537826e-05,0.016204415302393114,0.016794158785618015,0.0005897434832249013,14991.799160328183,14035.771205815596,956.0279545125868,0.00033907097763721605,0.00051417029496144,0.00017509931732422398,14913.482008520465,13451.50970447097,1461.9723040494955,6608.9412423781005,6100.818502867143,508.1227395109572,0.00033727889782205216,0.0003730614103907178,3.578251256866567e-05,0.00016537376608893474,0.00018391078199642084,1.8537015907486105e-05,0.0,0.0,0.0,0.0,0.0,0.0,0.0,0.0,0.0
0.29100000000000004,0.0659241417051566,0.06594683989126329,2.2698186106687168e-05,0.015928793676399176,0.016517694353175075,0.000588900676775899,12552.853383182228,12541.29664234237,11.556740839858321,0.00036300190193085325,0.000472541543582905,0.00010953964165205177,11013.805812299202,9719.100380658256,1294.7054316409467,6687.587809633866,6156.295025739509,531.292783894357,0.0003297029702901926,0.00038199567698723514,5.2292706697042526e-05,0.0001778460519629146,0.00020308163068337957,2.5235578720464967e-05,0.0,0.0,0.0,0.0,0.0,0.0,0.0,0.0,0.0
0.29200000000000004,0.06563989039330914,0.0656630605671852,2.3170173876055355e-05,0.01563751643311456,0.016229150620653058,0.0005916341875384992,13792.858300886985,19800.49932248314,6007.641021596157,0.00040085571379521996,0.0008375606792660455,0.00043670496547082557,13567.567997106873,14419.736648918268,852.1686518113947,8533.189720552962,8227.53114524522,305.65857530774156,0.00036739139901913046,0.0004933410860143235,0.00012594968699519303,0.00021867125090855054,0.0002655535173649226,4.688226645637204e-05,0.0,0.0,0.0,0.0,0.0,0.0,0.0,0.0,0.0
0.29300000000000004,0.06534582908146172,0.06536946267724061,2.3633595778893568e-05,0.015348583763618737,0.015940081766562465,0.0005914980029437279,13615.597316412724,14330.475680233332,714.8783638206078,0.00039831602072485566,0.0005914445964764022,0.00019312857575154658,13347.073523068213,13869.622371056697,522.5488479884843,8213.085309885702,7800.549100034982,412.5362098507203,0.0003860548464619464,0.0005584508615929646,0.00017239601513101814,0.0002160233088982974,0.000254989551498625,3.896624260032758e-05,0.0,0.0,0.0,0.0,0.0,0.0,0.0,0.0,0.0
0.29400000000000004,0.06504195776961431,0.06506608599353073,2.412822391641145e-05,0.015039372675285911,0.01563245632637252,0.0005930836510866077,18353.0865425423,21262.421278071564,2909.3347355292644,0.0005043278830836004,0.0008244860284510406,0.00032015814536744016,10863.81389706505,11810.453992001005,946.640094935954,5624.019764939693,5979.050675506003,355.03091056631,0.0002619246590123052,0.00033835817198062687,7.643351296832167e-05,0.00014682720004809333,0.00018679349736451444,3.9966297316421106e-05,0.0,0.0,0.0,0.0,0.0,0.0,0.0,0.0,0.0
0.29500000000000004,0.064728276457767,0.0647528455324131,2.4569074646096922e-05,0.014730975087358354,0.015323640327394326,0.0005926652400359729,12307.594522366375,10223.315122048998,2084.2794003173767,0.00037332746916825504,0.0003532604162669889,2.0067052901266127e-05,9797.366264875222,9740.569522356933,56.79674251828874,4850.76047993817,4561.930875094168,288.82960484400155,0.00021768330457969017,0.00024711373287962166,2.9430428299931485e-05,0.00012693741983711907,0.00014867859629764664,2.1741176460527567e-05,0.0,0.0,0.0,0.0,0.0,0.0,0.0,0.0,0.0
0.29600000000000004,0.06440478514591977,0.0644298494302786,2.5064284358833344e-05,0.014412002342003755,0.015003365286971689,0.0005913629449679336,12853.130684342104,15037.864860432706,2184.734176090602,0.000333666883170834,0.0004884723094973382,0.00015480542632650426,11632.507256706354,10140.275899460948,1492.231357245406,6819.799690843747,6362.843891203264,456.95579964048284,0.0002752264474905914,0.00039253618718138657,0.00011730973969079517,0.00016085771942303683,0.00017897782860661106,1.8120109183574233e-05,0.0,0.0,0.0,0.0,0.0,0.0,0.0,0.0,0.0
0.29700000000000004,0.0640714838340726,0.06409698867692216,2.5504842849563558e-05,0.014065170442265958,0.0146609917493411,0.0005958213070751412,13498.36384124613,10848.726566366313,2649.6372748798167,0.00039992205395986184,0.0004501967446141931,5.027469065433125e-05,13283.575301994362,10617.183027083884,2666.3922749104786,7003.741546438658,6192.124142747752,811.617403690906,0.0003799682975133016,0.0004257485340063497,4.578023649304811e-05,0.00018085330213531609,0.00019230499816484493,1.1451696029528849e-05,0.0,0.0,0.0,0.0,0.0,0.0,0.0,0.0,0.0
0.29800000000000004,0.0637283725222255,0.06375434033757345,2.596781534794368e-05,0.01372554603135583,0.014320686610205293,0.0005951405788494641,12050.844522725583,12525.472183691569,474.62766096598534,0.0003543986803397433,0.0005045421048552317,0.00015014342451548834,12006.915423781109,12130.919536775273,124.00411299416373,5341.501210237461,5422.7239310096775,81.22272077221623,0.00034594356467344275,0.0004912309197232517,0.00014528735504980896,0.00014552712579879177,0.00018654139542103544,4.1014269622243664e-05,0.0,0.0,0.0,0.0,0.0,0.0,0.0,0.0,0.0
0.29900000000000004,0.0633754512103785,0.0634018918550977,2.644064471919727e-05,0.01336698196753912,0.01396189985699003,0.0005949178894509109,20649.600063816615,21991.77092145112,1342.1708576345045,0.0006126400160214442,0.0009149673611574387,0.00030232734513599457,17139.699976647473,17662.802370900226,523.1023942527536,7235.52823521084,7123.455310921567,112.07292428927303,0.0003987220249067836,0.00048541339238201406,8.669136747523043e-05,0.00019210536910447336,0.00023959950593278073,4.749413682830737e-05,0.0,0.0,0.0,0.0,0.0,0.0,0.0,0.0,0.0
0.30000000000000004,0.06301271989853156,0.06303962310032735,2.6903201795783205e-05,0.013005391158944295,0.013599692481347415,0.00059430132240312,17965.027402687854,17894.953481195378,70.07392149247607,0.0004047025080853691,0.000609709841816854,0.00020500733373148494,17246.1028546713,17376.294360739095,130.19150606779658,7888.170252244867,7544.118216851808,344.05203539305876,0.0003992558441088715,0.0004673680920772067,6.811224796833521e-05,0.00020041612350027034,0.00023620345994311624,3.57873364428459e-05,0.0,0.0,0.0,0.0,0.0,0.0,0.0,0.0,0.0
0.30100000000000005,0.06264017858668473,0.06266755505775719,2.7376471072454445e-05,0.012635129411843207,0.013230108536519658,0.0005949791246764504,21623.98728534866,23878.88399069635,2254.8967053476917,0.0005964867945529278,0.0008815911116609094,0.0002851043171079816,11777.185823338403,13114.714374785526,1337.5285514471234,6429.042043329891,5915.75090713377,513.2911361961214,0.00030306227666097787,0.0004371000082489487,0.00013403773158797086,0.0001724465521570431,0.00020069888934441676,2.8252337187373658e-05,0.0,0.0,0.0,0.0,0.0,0.0,0.0,0.0,0.0
0.30200000000000005,0.062257827274838015,0.062285666226091226,2.7838951253210398e-05,0.01226094126773628,0.012854747106182597,0.0005938058384463169,8927.144609988633,9157.015697872559,229.87108788392652,0.0002539592241602637,0.0003409650995513509,8.700587539108723e-05,7677.020674811168,8153.995214439099,476.97453962793134,5259.1808455062455,4949.211030906482,309.9698145997636,0.00022836696032252,0.000332007154819932,0.000103640194497412,0.00014498749061594074,0.00017649463342990553,3.150714281396479e-05,0.0,0.0,0.0,0.0,0.0,0.0,0.0,0.0,0.0
0.30300000000000005,0.06186566596299136,0.06189400049793944,2.8334534948076806e-05,0.011867549930227756,0.012464656924290319,0.0005971069940625632,14008.905625282332,13016.816936146153,992.0886891361788,0.0003697201884479734,0.0004902925191737172,0.00012057233072574377,11894.76074541493,9813.159847753775,2081.600897661154,6745.305565568105,6238.595610773078,506.70995479502653,0.00030600867638022497,0.00040328939291085384,9.728071653062887e-05,0.00016964407207358022,0.0001978433735805017,2.8199301506921472e-05,0.0,0.0,0.0,0.0,0.0,0.0,0.0,0.0,0.0
0.30400000000000005,0.06146369465114483,0.061492469286629735,2.8774635484903055e-05,0.0114776468573577,0.012070923339351636,0.0005932764819939363,18126.046956631126,16678.819821171663,1447.2271354594632,0.00043948550882252327,0.00047825742987486926,3.877192105234599e-05,17927.55465179213,14116.209411851549,3811.3452399405796,6313.347885572781,5850.652847980491,462.69503759228974,0.000434492055071163,0.00040945362712645,2.503842794471299e-05,0.0001538917382879299,0.00017014430231372766,1.6252564025797766e-05,0.0,0.0,0.0,0.0,0.0,0.0,0.0,0.0,0.0
0.30500000000000005,0.061051913339298415,0.06108118379643021,2.9270457131795602e-05,0.011058576983822607,0.011654607671866178,0.0005960306880435709,16716.64405522548,15440.813980920595,1275.830074304884,0.0004831455440302789,0.0006039056421482279,0.00012076009811794896,15337.239006479418,15314.181615972706,23.05739050671218,6746.757727005965,6531.696002577644,215.0617244283203,0.00035316296689423294,0.0005213203098752009,0.000168157342980968,0.00017670372322229513,0.00022176032401343768,4.5056600791142554e-05,0.0,0.0,0.0,0.0,0.0,0.0,0.0,0.0,0.0
0.30600000000000005,0.060630322027452103,0.06066003293778185,2.9710910329744378e-05,0.010630976237197649,0.011230062305585082,0.0005990860683874333,11918.481940508209,13123.417883463513,1204.9359429553042,0.00035827444779354547,0.0005405787958563266,0.00018230434806278112,11698.448797390585,12044.54963549738,346.100838106795,7804.393051464691,7612.652302432261,191.74074903242945,0.00034329469658441516,0.0004853606693833347,0.00014206597279891952,0.00020360511802013496,0.00025368360611130144,5.0078488091166473e-05,0.0,0.0,0.0,0.0,0.0,0.0,0.0,0.0,0.0
0.30700000000000005,0.060198920715605925,0.060229093429823466,3.0172714217541197e-05,0.010200758159373045,0.01079962535551209,0.0005988671961390454,13183.842400133983,15332.688200812763,2148.8458006787805,0.00037658700443533465,0.0006552753201624984,0.00027868831572716373,13033.024078353974,14015.647497231106,982.6234188771323,8600.361261313978,8683.396947758363,83.03568644438565,0.00036550064316694884,0.000550733415382706,0.00018523277221575712,0.0002151265501286388,0.00026525291931301916,5.012636918438036e-05,0.0,0.0,0.0,0.0,0.0,0.0,0.0,0.0,0.0
0.30800000000000005,0.059757709403759886,0.05978835620323626,3.064679947637622e-05,0.009752977978123929,0.010353015218614186,0.0006000372404902574,21894.69925462283,18824.755712113758,3069.9435425090705,0.000633330915368508,0.0007563773847694521,0.00012304646940094414,9140.602867767184,9025.428317415157,115.17455035202693,7257.151049440735,7211.512357275769,45.638692164965505,0.0002654281758346314,0.00035603670687743853,9.060853104280711e-05,0.00018627753065255474,0.0002298178776053932,4.3540346952838455e-05,0.0,0.0,0.0,0.0,0.0,0.0,0.0,0.0,0.0
0.30900000000000005,0.059306688091913945,0.05933779652076578,3.11084288518379e-05,0.00931133235487204,0.009909505301335629,0.000598172946463589,11892.566469839127,14924.89841770137,3032.3319478622434,0.00032555769350069836,0.00056891879506492,0.00024336110156422165,11186.853279405088,14098.607447894057,2911.7541684889693,4782.701462139176,5040.7693983437275,258.0679362045512,0.0002868541900474049,0.00041451844740136027,0.00012766425735395536,0.0001296001060109135,0.00017234947441439216,4.274936840347867e-05,0.0,0.0,0.0,0.0,0.0,0.0,0.0,0.0,0.0
0.31,0.05884585678006815,0.0588774613188611,3.1604538792952275e-05,0.008844143684161716,0.00944455730811237,0.0006004136239506543,11580.127572983578,11010.182333143042,569.9452398405356,0.00036755686102520296,0.00042531602893370517,5.775916790850221e-05,11290.341924497248,9189.44898176386,2100.892942733388,5990.841353139178,5179.795616265914,811.0457368732641,0.00033085844440289676,0.0003205911502885821,1.0267294114314665e-05,0.00015040902702668336,0.00015927940463122335,8.87037760453999e-06,0.0,0.0,0.0,0.0,0.0,0.0,0.0,0.0,0.0
0.311,0.05837521546822251,0.05840725957925422,3.204411103170657e-05,0.008372264412310728,0.008973681020809548,0.0006014166084988195,13669.295193163582,15228.587625835986,1559.2924326724042,0.00039413189095948006,0.0006293850498642317,0.0002352531589047516,12415.046292713108,11874.625158392655,540.4211343204533,7493.473970415274,6482.351144456954,1011.1228259583204,0.0002928800857687282,0.00034738326260389565,5.450317683516746e-05,0.00018546611455028036,0.0001898224854882933,4.356370938012955e-06,0.0,0.0,0.0,0.0,0.0,0.0,0.0,0.0,0.0
0.312,0.057894764156376996,0.05792730494593894,3.2540789561941175e-05,0.007890624519747017,0.00849395724924594,0.0006033327294989229,13446.479213204648,14346.576712637743,900.0974994330954,0.0003838654025045406,0.0005742353201945079,0.00019036991768996733,13441.972881959022,13109.05553949406,332.9173424649616,7738.206498462058,7154.511538483683,583.6949599783757,0.0003646648520257262,0.0004762648222705758,0.00011159997024484962,0.00020444961490407378,0.00023917840231061117,3.472878740653739e-05,0.0,0.0,0.0,0.0,0.0,0.0,0.0,0.0,0.0
0.313,0.05740450284453166,0.05743748340851154,3.2980563979878585e-05,0.0074005884152878,0.007999585005632099,0.0005989965903442987,16865.00973640995,18418.630872049227,1553.6211356392778,0.00040724908363034667,0.0005533992089619633,0.00014615012533161661,16815.93300352465,18347.42415738522,1531.4911538605702,6780.127475505705,6796.404471231449,16.2769957257442,0.0004030530093994576,0.0005509602148707195,0.00014790720547126188,0.0001802352248715119,0.00023329443184009428,5.305920696858238e-05,0.0,0.0,0.0,0.0,0.0,0.0,0.0,0.0,0.0
0.314,0.05690443153268647,0.056937872717657254,3.3441184970783855e-05,0.006891157141735063,0.007493382474634271,0.0006022253328992078,20931.348425046603,26440.947071918607,5509.598646872004,0.0005772922794117563,0.000977697713571108,0.00040040543415935175,20864.664349414,19702.722650027335,1161.9416993866653,7281.413229317448,7270.644041493031,10.769187824416804,0.0005180312213406532,0.0006188763818379609,0.00010084516049730762,0.00018262331291256617,0.00023384302790040545,5.121971498783928e-05,0.0,0.0,0.0,0.0,0.0,0.0,0.0,0.0,0.0
0.315,0.05639455022084146,0.0564284667890082,3.391656816674471e-05,0.006385505636922969,0.006987828183828337,0.000602322546905368,17785.439050260713,17314.116510699154,471.3225395615591,0.0003893471862329941,0.0005562449004179675,0.00016689771418497342,17372.129605797116,17262.749853816775,109.3797519803411,6837.794437505216,6999.24332597865,161.44888847343464,0.00038394894142849663,0.00040474603281715545,2.0797091388658818e-05,0.00016817834286357293,0.00021492272258632854,4.674437972275561e-05,0.0,0.0,0.0,0.0,0.0,0.0,0.0,0.0,0.0
0.316,0.055874858908996614,0.05590923583495364,3.437692595702896e-05,0.00587134469064509,0.0064729089125628424,0.0006015642219177521,10744.441691385215,12817.860838792529,2073.419147407314,0.0002804860720469577,0.00046476132395911816,0.00018427525191216048,10739.447043655045,12424.09600890027,1684.6489652452237,5047.1298588226655,5429.078296575979,381.94843775331356,0.0002553588134172149,0.00039733007803351156,0.00014197126461629666,0.00014512661593493146,0.00019909657972066045,5.3969963785729e-05,0.0,0.0,0.0,0.0,0.0,0.0,0.0,0.0,0.0
0.317,0.055345357597151965,0.05538023133773228,3.487374058031706e-05,0.005347525741472141,0.00594840379460888,0.0006008780531367389,8110.787060684556,9454.559853827248,1343.7727931426916,0.00022729565987921217,0.00040067605493851786,0.0001733803950593057,7888.8478827069575,7720.238810429861,168.60907227709686,4664.158147084906,4128.7235901687,535.434556916206,0.00020682146750930809,0.0002660553147791453,5.923384726983722e-05,0.00012052009056896212,0.0001365353069937031,1.6015216424740978e-05,0.0,0.0,0.0,0.0,0.0,0.0,0.0,0.0,0.0
0.318,0.0548060462853075,0.05484135994757489,3.5313662267395796e-05,0.00482409517258355,0.00542209230784707,0.0005979971352635194,27336.69021248025,25792.863499537027,1543.8267129432243,0.0007480544596438423,0.0009658791296420052,0.000217824669998163,12731.490477552285,14319.925674939746,1588.4351973874618,7553.468578912938,6929.765470764219,623.7031081487194,0.00031402245791507956,0.0005995205655709886,0.000285498107655909,0.0001913161726344834,0.00022009419304219437,2.8778020407710977e-05,0.0,0.0,0.0,0.0,0.0,0.0,0.0,0.0,0.0
0.319,0.054256924973463225,0.05429273561700369,3.5810643540468146e-05,0.004260053715729288,0.004863563396686953,0.0006035096809576647,21472.045031326048,19739.548310625414,1732.496720700634,0.0004951399561399276,0.0005418290882535654,4.668913211363789e-05,21315.809020582,19515.18650732666,1800.622513255341,6949.304216035787,6573.793609004374,375.5106070314132,0.0004843585861562548,0.0004967663799261092,1.2407793769854349e-05,0.00017955897781585605,0.00021031367483497455,3.07546970191185e-05,0.0,0.0,0.0,0.0,0.0,0.0,0.0,0.0,0.0
0.32,0.05369799366161915,0.05373424392677341,3.625026515426122e-05,0.0037049911786713498,0.004310247219711416,0.0006052560410400665,22181.099838854472,22694.447852210516,513.3480133560442,0.0005788583786235681,0.0007777595555408567,0.00019890117691728868,21726.79884809211,22089.909640670736,363.1107925786273,6967.753068374578,6878.855084857231,88.8979835173468,0.0005762411856408648,0.000758528645627298,0.00018228745998643322,0.00018565465327891097,0.00023308612964259857,4.7431476363687605e-05,0.0,0.0,0.0,0.0,0.0,0.0,0.0,0.0,0.0
0.321,0.05312925234977528,0.053165962950220025,3.6710600444744834e-05,0.0031339505649280452,0.0037382650300075895,0.0006043144650795442,22901.77589454537,23401.90068660162,500.12479205624913,0.0006720635444039257,0.0009622761561304644,0.00029021261172653876,14685.598111889101,14748.06580208132,62.46769019221938,8412.311167294136,8337.654428574673,74.65673871946274,0.0003298927302186395,0.0005282641731186968,0.00019837144290005726,0.00021357804948888727,0.00026616167693961125,5.258362745072398e-05,0.0,0.0,0.0,0.0,0.0,0.0,0.0,0.0,0.0
0.322,0.05255070103793165,0.05258788865830497,3.718762037332318e-05,0.002551839216242323,0.003156961316735047,0.000605122100492724,14185.840188747821,15947.275368990198,1761.435180242377,0.00040628187999640743,0.000607756149656089,0.00020147426965968162,12083.013062258056,12221.903827993825,138.89076573576858,9014.558437961932,9065.704608662807,51.14617070087479,0.00032651111263741684,0.00047770823457611686,0.00015119712193870002,0.00023020370493066254,0.0002917267281494566,6.152302321879406e-05,0.0,0.0,0.0,0.0,0.0,0.0,0.0,0.0,0.0
0.323,0.05196233972608822,0.05199998657857977,3.764685249155186e-05,0.0019614583541891634,0.002568248677815323,0.0006067903236261596,9655.265489586867,9889.300953832504,234.03546424563683,0.00026317393143245147,0.00035729182959636234,9.411789816391087e-05,8051.469363489204,9560.314150244953,1508.8447867557488,5731.503265004038,6054.836884357172,323.33361935313314,0.0002248240053444715,0.00035309627888155913,0.00012827227353708764,0.0001412970426696822,0.00018420559587542875,4.290855320574654e-05,0.0,0.0,0.0,0.0,0.0,0.0,0.0,0.0,0.0
0.324,0.05136416841424503,0.05140231276744843,3.814435320340093e-05,0.0013651319658503878,0.00197154712926364,0.000606415163413252,9913.241817649205,14662.287316350365,4749.04549870116,0.00026504141560730783,0.000528992940036208,0.00026395152442890016,8800.442096867147,7907.982089905017,892.4600069621301,3899.3249799453365,3463.647407097651,435.6775728476855,0.0002598086353186973,0.0003234833198648883,6.3674684546191e-05,0.00010361451662791666,0.00011465061356825399,1.103609694033733e-05,0.0,0.0,0.0,0.0,0.0,0.0,0.0,0.0,0.0
0.325,0.050756187102402095,0.05079476988552845,3.858278312635771e-05,0.0007542685475027851,0.0013636116060931481,0.0006093430585903631,13977.361787505493,15134.518378343164,1157.1565908376706,0.0003615413800286618,0.0004781760855131671,0.0001166347054845053,13524.20108558549,12296.320246013216,1227.8808395722735,6836.017112267978,6017.351705854429,818.6654064135482,0.0003255429146311349,0.00038577244861182823,6.0229533980693344e-05,0.0001672283358049546,0.00017265461755226053,5.426281747305931e-06,0.0,0.0,0.0,0.0,0.0,0.0,0.0,0.0,0.0
0.326,0.05013839579055939,0.050177475997993506,3.908020743411539e-05,0.0001422151712616171,0.0007483564700706569,0.0006061412988090398,11634.832482811342,11130.933917601396,503.89856520994545,0.0003289236166458705,0.00043169447301471305,0.00010277085636884256,11606.875903470087,10850.63382787988,756.2420755902076,8291.978671139846,7585.30974355065,706.6689275891968,0.0003210634602253886,0.00041752914366829035,9.646568344290178e-05,0.00021136673260884972,0.00023686145037857365,2.549471776972393e-05,0.0,0.0,0.0,0.0,0.0,0.0,0.0,0.0,0.0
0.327,0.04954720496356853,0.049578693700077434,3.14887365089056e-05,-0.00023555642823076123,0.0002896022514312027,0.0005251586796619639,457572.53701174405,397212.92394798354,60359.61306376051,0.013219423216101832,0.015753034327165884,0.002533611111064052,108690.0202201871,98552.99794704039,10137.022273146707,31165.23729562649,29956.212729018036,1209.0245666084556,0.0028595113648919477,0.0032880844964903585,0.0004285731315984108,0.0007918928073006118,0.0009229110640264779,0.00013101825672586615,205.9914539328198,0.0,205.9914539328198,0.024261305567238215,0.0,0.024261305567238215,0.0001748977563295549,0.0,0.0001748977563295549
0.328,0.04925986168032693,0.04926135565906659,1.4939787396639481e-06,-0.0003856828281679839,9.42941202387702e-05,0.0004799769484067541,765815.3213346206,781485.082257071,15669.760922450456,0.022111989899548313,0.03113306477559148,0.009021074876043166,168471.66986125693,166796.29456237424,1675.375298882689,42421.243621353904,44555.64606627583,2134.4024449219287,0.004408438375472112,0.005598968725618502,0.0011905303501463897,0.0011279006299580114,0.0015098566598914522,0.00038195602993344084,337.2753065070882,0.0,337.2753065070882,0.0650406470424387,0.0,0.0650406470424387,0.0001748977563295549,0.0,0.0001748977563295549
0.329,0.04947336039477487,0.04944123697881721,3.21234159576661e-05,-0.0002691945036880847,0.00020645333797116193,0.0004756478416592466,542455.0701876231,559261.9236648914,16806.853477268247,0.015679956544705786,0.022201028749794703,0.006521072205088917,136057.6748812366,141312.4490592863,5254.774178049702,32616.50393606577,32651.775638291576,35.27170222580753,0.0035617545262718385,0.004744840586029151,0.0011830860597573122,0.000898465092615025,0.0011817108861056722,0.0002832457934906472,235.4075735564705,0.0,235.4075735564705,0.03168521246397518,0.0,0.03168521246397518,0.0001748977563295549,0.0,0.0001748977563295549
0.33,0.05004048384028109,0.04999433862231886,4.6145217962229035e-05,2.40955273677311e-05,0.0005603491576106633,0.0005362536302429322,23622.076864439547,16429.674195588217,7192.4026688513295,0.0006778701937682729,0.0007030144984604171,2.5144304692144184e-05,17848.904375296577,12495.658175071221,5353.246200225356,8824.444460371307,8286.135359870335,538.3091005009719,0.000558074115957375,0.0004183083076630652,0.00013976580829430977,0.00022340064479558214,0.0002604218838943368,3.702123909875464e-05,0.0,0.0,0.0,0.0,0.0,0.0,0.0,0.0,0.0
0.331,0.05065916261356688,0.05061391593633793,4.524667722894532e-05,0.0006709582229594141,0.001190034462649438,0.000519076239690024,21719.220644913607,17820.25343932547,3898.9672055881383,0.0006449811675772357,0.0007650577926567386,0.00012007662507950291,13427.885117447024,16374.019764930063,2946.134647483039,5213.538011329713,6698.463492957624,1484.9254816279108,0.00039407611742921515,0.0006631885069902223,0.0002691123895610071,0.00015074137353872399,0.00023883643275436135,8.809505921563736e-05,0.0,0.0,0.0,0.0,0.0,0.0,0.0,0.0,0.0
0.332,0.05126803138685295,0.051224037371796,4.399401505695427e-05,0.001277054234588966,0.0017972404192565091,0.0005201861846675431,14727.351541512666,14388.678271677312,338.6732698353535,0.00036511252278312767,0.0004070573262082221,4.194480342509444e-05,14274.69748738032,13892.463201539551,382.2342858407683,8924.056726261382,7559.8164634736595,1364.2402627877227,0.00033298046123961207,0.00037696524328959154,4.398478204997947e-05,0.00023323019843751635,0.00026595315971261535,3.272296127509899e-05,0.0,0.0,0.0,0.0,0.0,0.0,0.0,0.0,0.0
0.333,0.05186709016013924,0.05182437837264405,4.271178749518795e-05,0.001869715998967663,0.0023986556527946625,0.0005289396538269995,20603.648543355706,19246.62605257781,1357.0224907778975,0.00046202370239295754,0.0005220593550193457,6.0035652626388156e-05,19717.277762557413,16767.692942709375,2949.584819848038,10011.685952525226,7427.421129657245,2584.264822867981,0.00044997914479173707,0.0004180507905949723,3.192835419676477e-05,0.00024564577927534863,0.0002219340115891772,2.371176768617143e-05,0.0,0.0,0.0,0.0,0.0,0.0,0.0,0.0,0.0
0.334,0.052456338933425765,0.052414868601756086,4.1470331669679616e-05,0.002457575588113308,0.0029919009475018426,0.0005343253593885345,18196.117058254884,18010.785100619727,185.33195763515687,0.0005495932173779438,0.0004497334360903524,9.985978128759137e-05,17120.24600112557,17207.082468485452,86.83646735988077,7545.656553187066,6273.352496694748,1272.3040564923176,0.0004902126261283559,0.0004386613742493298,5.155125187902615e-05,0.00019575074352133718,0.00019410351719255684,1.6472263287803358e-06,0.0,0.0,0.0,0.0,0.0,0.0,0.0,0.0,0.0
0.335,0.053035777706712514,0.05299557869609607,4.019901061644293e-05,0.0030363161282750337,0.003562809480020877,0.0005264933517458432,10511.942303310996,13345.681291589726,2833.73898827873,0.00031568620398727485,0.0005590929867289161,0.00024340678274164124,10381.987957140536,12543.901188511085,2161.9132313705486,5993.823974844707,6099.088388593917,105.26441374921069,0.00030634064217569283,0.0005031741975943181,0.00019683355541862525,0.00015855091168984352,0.0002282274125336469,6.967650084380338e-05,0.0,0.0,0.0,0.0,0.0,0.0,0.0,0.0,0.0
0.336,0.053605406479999514,0.05356646235020867,3.894412979084383e-05,0.0035992240647276,0.004129795738193514,0.0005305716734659138,14141.629003382028,11673.203085634374,2468.4259177476542,0.0003397031805889582,0.00042376492283872165,8.406174224976346e-05,13607.346240535511,11384.507349765237,2222.838890770274,9211.331904701607,6725.478938803731,2485.852965897876,0.0003146181864924478,0.0003494595387819948,3.484135228954701e-05,0.00023098837507703923,0.00021766843768449096,1.3319937392548267e-05,0.0,0.0,0.0,0.0,0.0,0.0,0.0,0.0,0.0
0.337,0.05416522525328675,0.054127551717340336,3.7673535946414205e-05,0.004162153584255122,0.004685596595959939,0.000523443011704817,14207.176554774198,16426.775692529493,2219.5991377552946,0.0003914744509569582,0.0005811447717891733,0.0001896703208322151,14155.04025751028,16196.027793224768,2040.9875357144883,9532.837376429308,7645.639155865392,1887.198220563916,0.0003605695232296553,0.0005442529198852986,0.00018368339665564336,0.00023786012455249538,0.0002325743762727566,5.285748279738791e-06,0.0,0.0,0.0,0.0,0.0,0.0,0.0,0.0,0.0
0.338,0.05471523402657418,0.05467881455217533,3.6419474398849405e-05,0.004705418777455594,0.005239739011664629,0.0005343202342090346,21066.89265244915,14953.00506585971,6113.887586589441,0.000604045190386493,0.0005874308835605754,1.661430682591762e-05,13917.53213470204,14940.546822507273,1023.0146878052328,7001.714285696241,7231.053478706517,229.33919301027618,0.00039306795234263805,0.0005744881206146631,0.000181420168272025,0.0001855920347961951,0.00022768888080648749,4.209684601029238e-05,0.0,0.0,0.0,0.0,0.0,0.0,0.0,0.0,0.0
0.339,0.055255432799861816,0.05522028368590146,3.514911396035325e-05,0.005253768806741388,0.005785049374153548,0.0005312805674121601,15922.539764598303,11564.193150481384,4358.346614116919,0.0003549315196947756,0.0004620225417057758,0.0001070910220110002,12908.712186034441,11146.321254436845,1762.3909315975961,7818.521681247458,6847.625130157608,970.8965510898506,0.0002879883590990578,0.00045009320314872846,0.00016210484404967064,0.0001943834840101931,0.00022388807876565125,2.9504594755458148e-05,0.0,0.0,0.0,0.0,0.0,0.0,0.0,0.0,0.0
0.34,0.055785821573149624,0.055751955068939846,3.386650420977855e-05,0.005802633163240598,0.0063242178995592075,0.0005215847363186097,22664.228252026584,14617.769353765409,8046.458898261175,0.0005578846253161019,0.0005676822316725773,9.79760635647542e-06,16837.843942165335,11780.852394528003,5056.991547637332,10304.602925603833,8205.60457245569,2098.998353148143,0.0004964622869113166,0.00038265980755440587,0.0001138024793569107,0.00025125680360653363,0.00023721350087758526,1.4043302728948369e-05,0.0,0.0,0.0,0.0,0.0,0.0,0.0,0.0,0.0
0.341,0.056306400346437635,0.05627377628742249,3.2624059015141926e-05,0.006305100099949636,0.006837426790221898,0.0005323266902722617,17576.23089070773,12611.04148715044,4965.189403557291,0.0005401235700227782,0.0004611615585075383,7.89620115152399e-05,14889.634531967422,12406.356268555533,2483.2782634118885,8942.312253342247,8294.717128615079,647.5951247271678,0.00043749068816325887,0.00045652869559480034,1.903800743154147e-05,0.00022753112116563251,0.0002740542225026199,4.652310133698736e-05,0.0,0.0,0.0,0.0,0.0,0.0,0.0,0.0,0.0
0.342,0.05681716911972581,0.05678581531036781,3.135380935800208e-05,0.00681591604975307,0.0073522424615369494,0.0005363264117838797,18961.62637672974,13669.233942769059,5292.39243396068,0.0004937884876899476,0.0004257427139796883,6.804577371025925e-05,18353.178173275017,13296.188176894919,5056.989996380098,5759.5790300116205,5201.619467326836,557.9595626847849,0.00048190279532738477,0.0003781462967511726,0.00010375649857621215,0.0001624943428186439,0.00016994936553673805,7.455022718094159e-06,0.0,0.0,0.0,0.0,0.0,0.0,0.0,0.0,0.0
0.343,0.05731812789301415,0.05728802900344514,3.009888956901491e-05,0.007312201779864511,0.007857113386083681,0.0005449116062191707,14329.186777983125,9146.393002567962,5182.793775415163,0.00034049102771182134,0.0003852538043832152,4.476277667139387e-05,14001.013786300538,7636.947525296716,6364.066261003823,7886.018791809381,4321.356777069441,3564.66201473994,0.0003403785633863877,0.00031208849365048884,2.8290069735898847e-05,0.00019995403586779988,0.0001275666455858857,7.238739028191416e-05,0.0,0.0,0.0,0.0,0.0,0.0,0.0,0.0,0.0
0.34400000000000003,0.05780927666630262,0.05778044804839096,2.8828617911653975e-05,0.007803019989625451,0.008344817026222726,0.0005417970365972757,17578.5639779772,12692.9504289785,4885.613548998699,0.00041405562687457355,0.0004591046400059439,4.504901313137036e-05,17201.33410333981,12319.13686532683,4882.197238012981,9646.428480446242,8151.369936492289,1495.0585439539536,0.0003739989943473342,0.0004505547666548939,7.655577230755972e-05,0.00023372657050423065,0.00022553313611505804,8.193434389172616e-06,0.0,0.0,0.0,0.0,0.0,0.0,0.0,0.0,0.0
0.34500000000000003,0.05829061543959127,0.058263042380396646,2.7573059194624383e-05,0.008296443102468935,0.008832979866346803,0.0005365367638778679,17316.87602827602,15818.818400651044,1498.0576276249758,0.0005201094695778996,0.0006200111484292393,9.990167885133973e-05,12417.916293805125,13039.06541058327,621.1491167781442,7381.614741417471,8291.42386494817,909.8091235306993,0.00036061739292653883,0.0005542505946373058,0.00019363320171076698,0.0001957267531597911,0.0002907674686557064,9.504071549591532e-05,0.0,0.0,0.0,0.0,0.0,0.0,0.0,0.0,0.0
0.34600000000000003,0.05876214421288006,0.05873584083494353,2.630337793653459e-05,0.008761835872399546,0.009304539425289774,0.0005427035528902287,9079.610510832104,15771.238414037776,6691.627903205672,0.00026986309207672685,0.0004572819806772315,0.00018741888860050466,9052.748219783338,12603.020547309596,3550.272327526258,5578.392366780125,6753.747071831604,1175.3547050514799,0.00026532109323159145,0.00041066844421218824,0.0001453473509805968,0.0001549636756974043,0.00023644154547999044,8.147786978258614e-05,0.0,0.0,0.0,0.0,0.0,0.0,0.0,0.0,0.0
0.34700000000000003,0.05922386298616898,0.05919884290438138,2.5020081787605064e-05,0.009223194464840158,0.009773185998565366,0.0005499915337252078,21702.944977895666,17167.675073803428,4535.269904092238,0.0005586672819536876,0.0005804632749475666,2.179599299387898e-05,16277.614354093426,15994.80592649004,282.808427603386,9940.890110803723,7416.931411577808,2523.9586992259146,0.0004600513604495205,0.0005032425244453366,4.3191163995816154e-05,0.0002570201322102149,0.000248653432143318,8.366700066896916e-06,0.0,0.0,0.0,0.0,0.0,0.0,0.0,0.0,0.0
0.34800000000000003,0.059675771759458034,0.059651993586865466,2.3778172592567315e-05,0.009683040194478432,0.010229699646800277,0.0005466594523218446,19321.045915848415,18467.172542969856,853.8733728785592,0.0005398173924970885,0.0006192917585689024,7.947436607181387e-05,18859.69108783996,16674.202932999935,2185.4881548400263,9695.285974265951,8090.749382630611,1604.5365916353403,0.00048110264726045526,0.0006111556446957178,0.0001300529974352625,0.00023709227038924656,0.00023095499793511037,6.1372724541361825e-06,0.0,0.0,0.0,0.0,0.0,0.0,0.0,0.0,0.0
0.34900000000000003,0.06011787053274724,0.06009536184018931,2.2508692557932086e-05,0.010127640782681297,0.010667885874832016,0.0005402450921507193,17721.553397870615,11668.817382876186,6052.736014994429,0.0005190554050020232,0.00040348655995078603,0.00011556884505123713,11381.789858083363,10756.83807034259,624.9517877407725,7070.736319400352,6275.387102073531,795.3492173268205,0.000309227334869726,0.00036445737877478096,5.5230043905054964e-05,0.00019456450029645573,0.0002194447203146816,2.488022001822588e-05,0.0,0.0,0.0,0.0,0.0,0.0,0.0,0.0,0.0
0.35000000000000003,0.06055015930603654,0.06052890705011072,2.1252255925821584e-05,0.010540283050304517,0.011089292659431435,0.0005490096091269187,18664.648485114358,16819.152505958453,1845.495979155905,0.00045076483151843834,0.0007159279273254184,0.00026516309580698003,18338.640976968425,10446.892105832798,7891.748871135627,6570.727275535043,4952.269949906393,1618.4573256286503,0.0004480758070445311,0.0003699304459617745,7.814536108275664e-05,0.00016670885953731746,0.00017312839635587004,6.419536818552576e-06,0.0,0.0,0.0,0.0,0.0,0.0,0.0,0.0,0.0
0.35100000000000003,0.06097263807932599,0.06095265536444313,1.9982714882862962e-05,0.010966146676655889,0.011516290972651038,0.0005501442959951492,20968.769453335502,16284.00317731524,4684.766276020262,0.0005349756684839562,0.0005647983675391865,2.9822699055230355e-05,20875.879845526255,14494.219009732537,6381.660835793718,10576.616912364756,8256.653877080651,2319.963035284105,0.0005336134480150852,0.00047705747428016215,5.6555973734923005e-05,0.0002737640334745618,0.00027592905294738287,2.165019472821078e-06,0.0,0.0,0.0,0.0,0.0,0.0,0.0,0.0,0.0
0.35200000000000004,0.06138530685261556,0.061366580808003494,1.872604461206767e-05,0.011373891388578262,0.011926919606560178,0.000553028217981916,21015.581786117098,17616.348658411203,3399.2331277058947,0.0004800573037689624,0.0004272578542220773,5.279944954688509e-05,16752.65665524174,16839.425496708544,86.76884146680459,7654.547047810558,7145.02680304584,509.520244764718,0.00038748550662748993,0.0004188708175914044,3.138531096391449e-05,0.00018751115735972452,0.0002147141086026538,2.7202951242929276e-05,0.0,0.0,0.0,0.0,0.0,0.0,0.0,0.0,0.0
0.35300000000000004,0.06178816562590522,0.0617707081629777,1.7457462927521206e-05,0.011789875868809235,0.012333676063593913,0.0005438001947846785,13839.78652109799,12375.077839752019,1464.7086813459719,0.0004243489782782494,0.0004878730412867592,6.352406300850984e-05,12401.473390213421,11705.92730506109,695.5460851523312,5579.205934693592,5270.018574406172,309.18736028742023,0.00035317644477416847,0.00035904141969730777,5.864974923139299e-06,0.00015862452307518975,0.00018546988571181765,2.6845362636627898e-05,0.0,0.0,0.0,0.0,0.0,0.0,0.0,0.0,0.0
0.35400000000000004,0.06218121439919503,0.06216504094287372,1.61734563213084e-05,0.012191864868294698,0.012733223769407713,0.0005413589011130145,17659.06383261992,13297.8599432093,4361.203889410619,0.00043719663198358975,0.0004974417909279538,6.0245158944364076e-05,13265.735902358108,13274.32378003305,8.58787767494141,8328.297146811701,7426.411577085539,901.8855697261624,0.000367213058808836,0.0004536899617182002,8.647690290936418e-05,0.00019616811717501273,0.0002307957833276027,3.462766615258998e-05,0.0,0.0,0.0,0.0,0.0,0.0,0.0,0.0,0.0
0.35500000000000004,0.06256445317248488,0.06254952138624528,1.4931786239597011e-05,0.012560559902540794,0.013111511805003164,0.0005509519024623696,14105.618986816138,14888.862646097788,783.2436592816503,0.0003320247226848343,0.0006444719237632855,0.0003124472010784512,13599.111897887593,14249.372632362267,650.2607344746739,10565.93200257032,8843.476574940789,1722.4554276295312,0.00033014063289870006,0.0006257262074449016,0.00029558557454620153,0.00026693258878596974,0.0002831937643722519,1.6261175586282167e-05,0.0,0.0,0.0,0.0,0.0,0.0,0.0,0.0,0.0
0.35600000000000004,0.06293788194577486,0.06292421857673154,1.3663369043320772e-05,0.012939559808624684,0.013499049008326734,0.0005594891997020499,15520.543464164864,12869.639239903041,2650.9042242618234,0.0004332763304388932,0.000496611923734966,6.333559329607278e-05,14190.656993803768,12271.72724996724,1918.9297438365284,6341.1977532995115,5976.8623707390125,364.33538256049906,0.0004048165121615641,0.00047266531203355247,6.784879987198838e-05,0.00015459593094452545,0.00017580511600310753,2.120918505858207e-05,0.0,0.0,0.0,0.0,0.0,0.0,0.0,0.0,0.0
0.35700000000000004,0.06330150071906492,0.06328909472665724,1.2405992407676925e-05,0.013304367347967146,0.013857936534883613,0.000553569186916467,11343.972513111128,10685.37895021787,658.5935628932584,0.00034771425285160397,0.00045781294552429936,0.0001100986926726954,11287.178997716414,9748.921757626016,1538.2572400903973,6964.638485348191,4905.697448756578,2058.9410365916137,0.00032286035895206226,0.000411429335440073,8.856897648801075e-05,0.00019035298361329218,0.00017421360369914324,1.6139379914148944e-05,0.0,0.0,0.0,0.0,0.0,0.0,0.0,0.0,0.0
0.35800000000000004,0.06365530949235501,0.06364417158495986,1.1137907395153412e-05,0.0136541759287165,0.014209286281523978,0.000555110352807477,18222.496128494993,13115.302996483046,5107.1931320119475,0.0005393828584995688,0.00040909096894814603,0.00013029188955142275,17359.796827159356,12759.076333610996,4600.7204935483605,9527.75716831633,7078.214759282334,2449.5424090339957,0.00040313719014487177,0.0003990222062714665,4.114983873405268e-06,0.0002363410834100784,0.00020340517191628214,3.293591149379626e-05,0.0,0.0,0.0,0.0,0.0,0.0,0.0,0.0,0.0
0.35900000000000004,0.06399930826564523,0.063989427923929,9.880341716228536e-06,0.013992880554385294,0.014554676350438495,0.0005617957960532011,13754.565851503516,12162.09846276488,1592.4673887386361,0.0003194328169965247,0.000428457398124479,0.00010902458112795429,13532.205692507094,11905.141953315295,1627.063739191799,9045.689361691817,8011.759165664432,1033.9301960273851,0.00031010655116132745,0.0004234228984966642,0.00011331634733533673,0.00022579145885984927,0.00025717051823421014,3.137905937436087e-05,0.0,0.0,0.0,0.0,0.0,0.0,0.0,0.0,0.0
0.36000000000000004,0.06433349703893552,0.06432488440022227,8.612638713254017e-06,0.014329540174525143,0.014891253764005267,0.0005617135894801246,12823.687983813672,11872.007026700017,951.6809571136546,0.00037299706396579617,0.0004709224645443863,9.792540057859011e-05,12348.534698766372,11649.322668393563,699.2120303728097,5828.9209319310285,6922.769230188945,1093.8482982579162,0.00031527664423677154,0.0004517643718743042,0.00013648772763753266,0.00015491147612110785,0.00023272370888691407,7.781223276580622e-05,0.0,0.0,0.0,0.0,0.0,0.0,0.0,0.0,0.0
0.36100000000000004,0.06465787581222589,0.06465053099504829,7.34481717759583e-06,0.014658857946665625,0.015224630405441756,0.0005657724587761308,19584.110782961805,17147.435346362043,2436.675436599762,0.0005311422067912155,0.0005834497049892828,5.2307498198067245e-05,19544.343963540152,11920.41485200393,7623.929111536221,7915.859711759866,6452.807637179179,1463.0520745806862,0.0005153014273542607,0.0004748042168645115,4.0497210489749236e-05,0.00021830506158747353,0.000242196809843099,2.389174825562546e-05,0.0,0.0,0.0,0.0,0.0,0.0,0.0,0.0,0.0
0.36200000000000004,0.0649724445855163,0.06496635769458335,6.0868909329547805e-06,0.01498884584214077,0.015543650680076352,0.0005548048379355828,23182.145886597264,16850.043386552254,6332.10250004501,0.0005561990680409088,0.0004890227067837083,6.717636125720054e-05,21767.887636280597,16511.004659207443,5256.882977073154,9978.491911012658,6691.436185500389,3287.0557255122685,0.0004921259198942727,0.0004506493551303755,4.1476564763897196e-05,0.00024613758671454333,0.00019112459695920715,5.501298975533618e-05,0.0,0.0,0.0,0.0,0.0,0.0,0.0,0.0,0.0
0.36300000000000004,0.06527720335880681,0.06527240135490875,4.802003898060625e-06,0.01528248835936405,0.015843079648580515,0.0005605912892164659,17109.29922246158,13244.128023808484,3865.1711986530972,0.0004444412312666993,0.00037851382220371546,6.592740906298387e-05,14061.757305817639,12724.951860507139,1336.8054453104996,7208.659297572168,7071.179521783639,137.47977578852897,0.00036636222698789643,0.0003098980398761707,5.646418711172574e-05,0.00017793942026294037,0.00020719321764414722,2.9253797381206852e-05,0.0,0.0,0.0,0.0,0.0,0.0,0.0,0.0,0.0
0.36400000000000005,0.06557215213209736,0.06556859128359838,3.5608484989790856e-06,0.015564191064197,0.0161334141587995,0.0005692230946025001,23016.194955497747,18171.113498451974,4845.081457045773,0.0006054408941600507,0.0006180834568642247,1.2642562704173938e-05,20413.579773450267,17548.63712661946,2864.9426468308084,6186.958798342851,6332.537136332322,145.57833798947104,0.0005344591335345302,0.0004955735021402546,3.888563139427552e-05,0.0001646265041421751,0.00022929187938551342,6.466537524333832e-05,0.0,0.0,0.0,0.0,0.0,0.0,0.0,0.0,0.0
0.36500000000000005,0.06585729090538796,0.06585499750097219,2.293404415765199e-06,0.015855927674856742,0.016424501405759927,0.0005685737309031845,13744.656243009918,12672.154745020554,1072.501497989364,0.0003461702262089977,0.000493686674796983,0.00014751644858798527,13484.363299543362,12059.286207932324,1425.0770916110378,8971.083228855028,6726.160953053026,2244.9222758020023,0.00033851389316303987,0.00045016280044776367,0.0001116489072847238,0.00023651743732524963,0.00023438463457346796,2.132802751781673e-06,0.0,0.0,0.0,0.0,0.0,0.0,0.0,0.0,0.0
0.36600000000000005,0.0661326196786786,0.0661315851677357,1.0345109429099608e-06,0.016122757225521037,0.016689404720553712,0.0005666474950326746,19449.65058092878,18427.41130671646,1022.2392742123193,0.0004447161870790374,0.0005365828750017974,9.186668792276006e-05,18690.748064588868,17289.245681539418,1401.5023830494501,9941.014193607012,8123.318011476156,1817.696182130856,0.0004402543276366317,0.0005012754338467282,6.1021106210096515e-05,0.0002449045489289096,0.0002579104197283916,1.3005870799482017e-05,0.0,0.0,0.0,0.0,0.0,0.0,0.0,0.0,0.0
0.36700000000000005,0.06639813845196929,0.06639837107498409,2.32623014795319e-07,0.016401667389649266,0.016961063741714986,0.0005593963520657205,15525.555217819809,21786.72005861022,6261.16484079041,0.0005042337343325097,0.0006612268057340408,0.00015699307140153108,15004.924046667671,16702.184339504947,1697.2602928372762,7145.4288472775215,6748.236703110835,397.1921441666864,0.0003903037821408974,0.00047750570560513295,8.720192346423555e-05,0.00019194314641681116,0.00022082649443110657,2.8883348014295415e-05,0.0,0.0,0.0,0.0,0.0,0.0,0.0,0.0,0.0
0.36800000000000005,0.06665384722526006,0.06665534678971237,1.4995644523063678e-06,0.0166497616122487,0.017216651775748354,0.0005668901634996552,14468.083623870545,13604.411992692876,863.671631177669,0.0004539069234036006,0.0005993608648864366,0.000145453941482836,14043.689043320823,13367.127294234662,676.5617490861605,7689.096339082685,6161.308905244805,1527.7874338378797,0.0004206222314314925,0.0005620857028215483,0.00014146347139005577,0.00020283787040576744,0.00021529953232516478,1.2461661919397347e-05,0.0,0.0,0.0,0.0,0.0,0.0,0.0,0.0,0.0
0.36900000000000005,0.06689974599855085,0.0669025049757069,2.7589771560559972e-06,0.016900024777646443,0.01747252177143842,0.000572496993791978,15840.828406651834,12363.814007366298,3477.0143992855355,0.00042472962697692095,0.0005281066581089574,0.00010337703113203644,15572.546594870846,9691.826315675731,5880.720279195115,9752.015855092926,7449.169668447117,2302.846186645809,0.00035897044613467495,0.00039912326343285564,4.015281729818069e-05,0.00024183354535340214,0.0002319646460445081,9.868899308894044e-06,0.0,0.0,0.0,0.0,0.0,0.0,0.0,0.0,0.0
0.37000000000000005,0.0671358347718417,0.06713987934313019,4.044571288497334e-06,0.017144250369243816,0.017715392255547826,0.0005711418863040101,14544.807063398388,12696.284147844328,1848.52291555406,0.0004268433396977451,0.0004495410429040354,2.2697703206290307e-05,12961.840296417433,12359.246015394603,602.5942810228298,8664.402274434542,8534.363435063935,130.0388393706071,0.00030261779703815106,0.0004220217564580402,0.00011940395941988915,0.00021271107971286817,0.0002853099364548701,7.259885674200194e-05,0.0,0.0,0.0,0.0,0.0,0.0,0.0,0.0,0.0
0.37100000000000005,0.06736211354513255,0.06736739856477694,5.285019644390987e-06,0.017371944169382543,0.017939398167363278,0.0005674539979807353,18116.07919945133,11360.591365989112,6755.487833462219,0.0005143128765758279,0.00036868157965329643,0.0001456312969225315,11647.199177062597,9291.793902534482,2355.405274528115,6765.438941287954,5583.723054644806,1181.7158866431473,0.0003468729470546598,0.0002886047842630932,5.826816279156662e-05,0.00019417967843183363,0.00017472062212006738,1.945905631176625e-05,0.0,0.0,0.0,0.0,0.0,0.0,0.0,0.0,0.0
0.37200000000000005,0.06757858231842344,0.06758513392467977,6.5516062563303334e-06,0.01757300925504478,0.018151283730899075,0.0005782744758542936,16603.959339912217,10161.990839638032,6441.968500274184,0.00041880814897855546,0.0004335069601442414,1.4698811165685945e-05,14689.574046054056,8850.809328964939,5838.764717089118,7226.5613854162275,5039.932645972298,2186.6287394439296,0.0003470585519641221,0.0003567106134073626,9.652061443240492e-06,0.00018100180988683755,0.00015516319966766263,2.583861021917492e-05,0.0,0.0,0.0,0.0,0.0,0.0,0.0,0.0,0.0
0.37300000000000005,0.06778524109171442,0.06779305273521731,7.811643502886323e-06,0.017774576590941577,0.018357610870717925,0.0005830342797763476,20166.41559753021,12857.659445792448,7308.756151737762,0.0005749590408110154,0.0004072852897068353,0.00016767375110418006,19718.5950149242,12742.010971819192,6976.584043105009,9405.223428765215,7950.440517199508,1454.7829115657078,0.0004512602119073815,0.0003735815164278314,7.767869547955011e-05,0.00022688446652657172,0.0002302998550324543,3.415388505882569e-06,0.0,0.0,0.0,0.0,0.0,0.0,0.0,0.0,0.0
0.37400000000000005,0.06798208986500535,0.0679911677310816,9.077866076248609e-06,0.017981106503319595,0.018562306059417916,0.0005811995560983212,12171.393468764718,22924.0734077174,10752.67993895268,0.0002761794446735883,0.0009486751969852458,0.0006724957523116575,10343.070565315023,11700.130042021861,1357.0594767068378,7732.29265825911,8753.812662351373,1021.5200040922628,0.0002554592055963636,0.0004016668278686226,0.00014620762227225903,0.00019549950429015672,0.0002905520593982597,9.5052555108103e-05,0.0,0.0,0.0,0.0,0.0,0.0,0.0,0.0,0.0
0.37500000000000006,0.06816912863829634,0.06817947250848835,1.0343870192011662e-05,0.018169519884529667,0.018748072193127803,0.0005785523085981362,22792.071101442125,18476.192653607664,4315.8784478344605,0.0006179670551772191,0.0007198236565983033,0.00010185660142108415,22421.50111887978,18260.8413211733,4160.659797706481,6261.589425954173,5951.071423708105,310.51800224606814,0.0006174120847200404,0.0006881994979362992,7.078741321625884e-05,0.00017811380353825122,0.0002156229874070061,3.750918386875488e-05,0.0,0.0,0.0,0.0,0.0,0.0,0.0,0.0,0.0
0.37600000000000006,0.06834635741158734,0.06835796176200534,1.1604350417998566e-05,0.018361167676433476,0.018933435374619268,0.0005722676981857917,20395.73083313308,17632.22227203617,2763.508561096907,0.0005105585197645272,0.0005852665404540566,7.470802068952934e-05,20118.516838059106,17491.111582706715,2627.4052553523907,8562.374916838988,6054.899194908936,2507.475721930052,0.0004884212600710779,0.0005552570677519238,6.683580768084593e-05,0.00022170647955208016,0.00020631067759820958,1.5395801953870577e-05,0.0,0.0,0.0,0.0,0.0,0.0,0.0,0.0,0.0
0.37700000000000006,0.06851377618487837,0.06852666688205669,1.289069717831659e-05,0.018509563890214603,0.01909462314384573,0.0005850592536311254,37910.7459042876,22627.44652536799,15283.299378919612,0.0009433916108326715,0.0005616995294719963,0.00038169208136067513,20900.013338259163,16867.022918291143,4032.9904199680204,9975.544401088999,7754.385410948021,2221.158990140978,0.0005899943265807154,0.0003935714308275027,0.00019642289575321273,0.00024497707430055704,0.00022332208529611628,2.1654989004440755e-05,0.0,0.0,0.0,0.0,0.0,0.0,0.0,0.0,0.0
0.37800000000000006,0.06867138495816939,0.0686855158396755,1.4130881506105308e-05,0.018674723058372904,0.01925863852619727,0.0005839154678243669,12839.669901913014,10272.05400682896,2567.6158950840545,0.00038100071333256266,0.0003773701472458658,3.6305660866968502e-06,10271.072287963983,10109.268453390625,161.80383457335847,7151.774274949433,6034.560065114246,1117.214209835187,0.0002653381460982601,0.00036234013608239574,9.700198998413562e-05,0.00018747465123184262,0.0002027248411689357,1.525018993709309e-05,0.0,0.0,0.0,0.0,0.0,0.0,0.0,0.0,0.0
0.379,0.0688191837314605,0.06883458033508251,1.5396603622014338e-05,0.01882051596232864,0.019403019193786737,0.0005825032314580973,13733.518967240892,9988.083789087568,3745.435178153324,0.00039600187039028696,0.00037386259817737095,2.2139272212916012e-05,13252.7247045182,9743.03475307755,3509.6899514406487,6450.970222761489,5288.731474821528,1162.2387479399613,0.00031249056963845653,0.00030862526509798423,3.865304540472299e-06,0.00016613613993765795,0.000190463944019662,2.4327804082004064e-05,0.0,0.0,0.0,0.0,0.0,0.0,0.0,0.0,0.0
0.38,0.06895717250475156,0.0689738303637864,1.665785903484651e-05,0.018952593023506558,0.019530091487900476,0.0005774984643939184,13870.818260498128,14918.433658735212,1047.6153982370834,0.0003952885044226469,0.0006024174031539316,0.0002071288987312847,13299.683563068143,12366.164307014129,933.5192560540145,9705.426687515954,7804.026789070453,1901.399898445501,0.00037627460311347253,0.0004465797507308897,7.030514761741715e-05,0.00024944535647824763,0.0002660335959407705,1.6588239462522888e-05,0.0,0.0,0.0,0.0,0.0,0.0,0.0,0.0,0.0
0.381,0.06908535127804265,0.06910327451890501,1.7923240862360856e-05,0.01907368445323232,0.019661616783757375,0.0005879323305250546,18695.51986833218,21490.23316294345,2794.713294611269,0.0004914489317534894,0.0006259388451098258,0.00013448991335633642,18544.83082247928,20587.897277549575,2043.0664550702932,8441.444536292844,7344.758565416077,1096.685970876767,0.0004461760666392342,0.0005260911987133799,7.991513207414568e-05,0.00020937039287248808,0.0002207535478999851,1.1383155027497034e-05,0.0,0.0,0.0,0.0,0.0,0.0,0.0,0.0,0.0
0.382,0.06920372005133375,0.06922290845178042,1.9188400446665255e-05,0.01919964074752667,0.01978308747352058,0.0005834467259939122,19271.92552176757,17007.915865939893,2264.009655827678,0.0005357544444765797,0.0005247076861841794,1.104675829240035e-05,18546.613939604304,16641.772674081014,1904.8412655232896,5708.341065334864,5323.586913464991,384.75415186987266,0.00047710081183558297,0.0005210011382207321,4.390032638514909e-05,0.00016133533610984324,0.0001824940118837797,2.1158675773936446e-05,0.0,0.0,0.0,0.0,0.0,0.0,0.0,0.0,0.0
0.383,0.06931227882462486,0.06933272882155192,2.044999692706051e-05,0.01931245326984484,0.019901324269488953,0.0005888709996441123,14140.79069355013,11536.896400580175,2603.894292969955,0.00031288984019226906,0.0004104588794594368,9.756903926716774e-05,13743.86030625196,11130.168560569266,2613.691745682694,8354.563266575331,7328.6842645310135,1025.8790020443175,0.00030737510435061195,0.00034391986069160494,3.654475634099299e-05,0.00020336051636109776,0.00023782035060875093,3.445983424765317e-05,0.0,0.0,0.0,0.0,0.0,0.0,0.0,0.0,0.0
0.384,0.06941102759791598,0.06943276462708366,2.173702916767606e-05,0.019423851261002573,0.020005393756200984,0.0005815424951984109,17111.073393531668,12670.114146776956,4440.959246754712,0.0005008007232593387,0.0004189450193175739,8.185570394176483e-05,15182.056480589203,12452.472322739408,2729.584157849795,10369.192826461409,8729.788475287623,1639.4043511737855,0.00043611180133306375,0.00041002865822521766,2.608314310784609e-05,0.0002627457350733507,0.00028499339805828597,2.2247662984935268e-05,0.0,0.0,0.0,0.0,0.0,0.0,0.0,0.0,0.0
0.385,0.06949996637120712,0.06952294318018273,2.2976808975616603e-05,0.01950807593412575,0.020094136395795437,0.000586060461669688,13571.152239078767,11601.229425113423,1969.9228139653442,0.0004134369715569574,0.00048489539162831897,7.145842007136159e-05,12204.374930204589,10096.090426916755,2108.284503287834,6928.882044429597,6497.73416957124,431.1478748583568,0.0003663862065677096,0.0004050209070085494,3.863470044083978e-05,0.00016831960164079827,0.00019006157626038042,2.174197461958215e-05,0.0,0.0,0.0,0.0,0.0,0.0,0.0,0.0,0.0
0.386,0.06957909514449825,0.06960333682483302,2.4241680334768922e-05,0.019566540283257782,0.020168234074046106,0.0006016937907883241,15769.325519929625,9247.32474572143,6522.000774208196,0.0005116515145667615,0.00034535938760954624,0.00016629212695721526,15059.987555716532,8766.763185858705,6293.224369857828,7113.843439753492,5055.620609481534,2058.2228302719577,0.0005029912042813263,0.0003235795892623101,0.00017941161501901616,0.0002006617140508673,0.0001912042545174553,9.457459533411988e-06,0.0,0.0,0.0,0.0,0.0,0.0,0.0,0.0,0.0
0.387,0.06964841391778938,0.06967391797378221,2.550405599283101e-05,0.019651449555969293,0.020248896068340533,0.0005974465123712407,22389.063575906883,25761.212513407358,3372.148937500475,0.0005933401212508105,0.0009919494967680304,0.0003986093755172198,20191.75712590443,11652.947287932839,8538.809837971592,9080.130845510448,7147.151118184478,1932.97972732597,0.0004759853451227733,0.000367457989656924,0.00010852735546584927,0.00021748710061447694,0.00020689784430729283,1.0589256307184111e-05,0.0,0.0,0.0,0.0,0.0,0.0,0.0,0.0,0.0
0.388,0.06970792269108055,0.06973469126651431,2.676857543376654e-05,0.019701035367868082,0.020300098809773792,0.0005990634419057103,20366.36076052882,16232.100302592049,4134.260457936771,0.0006246641773956663,0.0006904688902561028,6.580471286043652e-05,17150.803629895625,13386.483724408208,3764.3199054874167,9494.129127944949,8683.649970619974,810.479157324975,0.0004998422245852565,0.0005501823624531578,5.0340137867901295e-05,0.00022830472210326577,0.0002683828493296321,4.00781272263663e-05,0.0,0.0,0.0,0.0,0.0,0.0,0.0,0.0,0.0
0.389,0.06975762146437169,0.06978565433053831,2.8032866166621817e-05,0.019757144773475593,0.020353219906387925,0.0005960751329123319,9500.045583486863,12496.662287527546,2996.6167040406835,0.00023321056036397533,0.0005307039859235008,0.00029749342555952546,9143.039236189143,10718.973314930481,1575.9340787413385,5953.336692186342,7565.356019873927,1612.0193276875852,0.00020851781403773825,0.00043239216462180076,0.0002238743505840625,0.00015287255124835577,0.00024385871708381535,9.098616583545958e-05,0.0,0.0,0.0,0.0,0.0,0.0,0.0,0.0,0.0
0.39,0.06979751023766284,0.06982680593604094,2.9295698378103974e-05,0.019801494952174377,0.02039859303070575,0.0005970980785313731,17829.650316568994,13080.971744540731,4748.678572028262,0.0004891110449972456,0.0004390638324241193,5.0047212573126314e-05,13359.36044651762,11011.891356032602,2347.4690904850177,8407.471219338206,6833.630083339289,1573.8411359989168,0.00039691502453870285,0.00043479803771777006,3.7883013179067216e-05,0.00023759415327180767,0.00025817594123501693,2.058178796320926e-05,0.0,0.0,0.0,0.0,0.0,0.0,0.0,0.0,0.0
0.391,0.069827589010954,0.0698581487932191,3.055978226509937e-05,0.019824744009126295,0.020428208354967184,0.0006034643458408886,17600.959529801068,17161.705870257254,439.25365954381414,0.0004313283181717772,0.0004081987831528182,2.312953501895903e-05,16949.09840389271,16962.87411837308,13.775714480372699,9572.785111996776,6735.149589673765,2837.635522323011,0.0004238289269272849,0.0003954216949972314,2.8407231930053492e-05,0.00023876884994504427,0.00019901400721719276,3.9754842727851504e-05,0.0,0.0,0.0,0.0,0.0,0.0,0.0,0.0,0.0
0.392,0.06984785778424517,0.069879680774078,3.182298983282761e-05,0.01985860355636382,0.020456782449178604,0.0005981788928147852,15300.914447740377,14907.003671248269,393.9107764921082,0.0003897501755360789,0.00037978536649961944,9.964809036459464e-06,14402.265939951836,14350.828976593077,51.436963358759385,8386.645188181834,7048.360853857218,1338.2843343246159,0.0003615344512766485,0.00034433655645797485,1.719789481867363e-05,0.0002073815618175701,0.00019937185375854926,8.00970805902085e-06,0.0,0.0,0.0,0.0,0.0,0.0,0.0,0.0,0.0
0.393,0.06985831655753628,0.06989140341495761,3.3086857421329996e-05,0.019864373281274283,0.020458155409910306,0.000593782128636023,13930.51831965991,12211.996601981175,1718.5217176787355,0.00042009184190176937,0.000488510032580152,6.841819067838258e-05,13189.530859134737,11682.591428001226,1506.9394311335109,6758.855032390572,6504.761236319844,254.09379607072788,0.00039478346699674727,0.00044552504248843183,5.074157549168456e-05,0.00017043501831471775,0.0002107900966818163,4.0355078367098566e-05,0.0,0.0,0.0,0.0,0.0,0.0,0.0,0.0,0.0
0.394,0.06985896533082746,0.06989331576194356,3.4350431116103586e-05,0.019848127642362302,0.020451447452727006,0.0006033198103647039,14344.672808361596,22201.751951502065,7857.079143140469,0.0004283261400735418,0.0008758929346871676,0.0004475667946136258,13172.471994124895,11501.708811370274,1670.763182754621,8714.712587844559,7110.311541962478,1604.4010458820803,0.0003518210102222906,0.00045595145671759805,0.00010413044649530744,0.00023372585369481035,0.0002590887718742187,2.5362918179408365e-05,0.0,0.0,0.0,0.0,0.0,0.0,0.0,0.0,0.0
0.395,0.06984980410411865,0.0698854182058547,3.5614101736053394e-05,0.019836498890589135,0.020443005730713646,0.0006065068401245113,21323.368658560386,20979.13716813507,344.23149042531804,0.0005566980101144236,0.0007219012001155485,0.0001652031900011249,17271.24909252139,20722.6620229994,3451.412930478011,9431.476060897146,7156.096027828081,2275.3800330690656,0.0004671233470931961,0.0006781778692498534,0.00021105452215665728,0.0002328950876081348,0.0002098480401202499,2.3047047487884906e-05,0.0,0.0,0.0,0.0,0.0,0.0,0.0,0.0,0.0
0.396,0.06983083287740982,0.06986771092827308,3.6878050863262124e-05,0.019831225960568417,0.020430113334962707,0.0005988873743942892,20701.772641930573,16470.31179670729,4231.460845223282,0.0005529285251111003,0.0004153348934353571,0.00013759363167574316,14177.686092064772,15975.97511874952,1798.289026684748,7947.127104914345,7619.2936079003,327.83349701404495,0.0003748455461293508,0.0003887470296565467,1.3901483527195904e-05,0.00020960822858197506,0.00023733907932250423,2.7730850740529165e-05,0.0,0.0,0.0,0.0,0.0,0.0,0.0,0.0,0.0
0.397,0.06980205165070096,0.06984019316472591,3.814151402495303e-05,0.01979883248516936,0.020402288691901124,0.0006034562067317659,16032.51268899659,13316.107742638687,2716.404946357903,0.0003743127527554026,0.00043770169954368803,6.338894678828541e-05,15936.141910667271,13023.858257387532,2912.283653279739,8270.102582542573,6580.897533620535,1689.2050489220383,0.00036354778728840665,0.0004247420979530828,6.119431066467615e-05,0.0002078738622379543,0.00020903420800701803,1.1603457690637401e-06,0.0,0.0,0.0,0.0,0.0,0.0,0.0,0.0,0.0
0.398,0.06976346042399215,0.06980286515459784,3.940473060569383e-05,0.01977532269652345,0.0203717253382691,0.000596402641745649,15146.535917459725,11449.198155105316,3697.3377623544093,0.00037507629015017045,0.0004704800932707809,9.540380312061047e-05,15093.57188327199,11183.546225143313,3910.0256581286776,8647.295497748373,6738.740628731127,1908.5548690172463,0.000370325588067938,0.0004011580414517604,3.083245338382241e-05,0.000215135521433002,0.00022181542643061634,6.679904997614332e-06,0.0,0.0,0.0,0.0,0.0,0.0,0.0,0.0,0.0
0.399,0.06971505919728331,0.0697557282866513,4.0669089367992295e-05,0.019714453733830416,0.020324530719706472,0.0006100769858760555,14453.050790497407,10047.156133398748,4405.894657098659,0.000418946774811695,0.00039544124094588505,2.3505533865809957e-05,11430.209572945756,9866.673425196981,1563.536147748775,9008.656595263892,7758.232161083282,1250.4244341806098,0.00033021599182184153,0.0003906424733791503,6.0426481557308766e-05,0.00021474168729251536,0.00023903116374594718,2.4289476453431813e-05,0.0,0.0,0.0,0.0,0.0,0.0,0.0,0.0,0.0
0.4,0.06965684797057449,0.069698780075213,4.19321046385146e-05,0.019657725169813466,0.020269515204723663,0.0006117900349101972,11117.014977558974,16256.45386033989,5139.438882780916,0.0003603468394780183,0.00045648212147721546,9.613528199919717e-05,9851.367577075092,11976.516126516422,2125.14854944133,7377.683299963218,6085.216416922935,1292.4668830402825,0.00027425544111484945,0.0004449806704118053,0.00017072522929695587,0.00020539037496881745,0.00020561631891142555,2.2594394260809785e-07,0.0,0.0,0.0,0.0,0.0,0.0,0.0,0.0,0.0
0.401,0.06958882674386568,0.06963202359518023,4.3196851314541984e-05,0.01959459770207748,0.02020918096425778,0.0006145832621803002,21450.27040009081,23433.862841095863,1983.5924410050538,0.0005405062223768271,0.0008397180652621471,0.00029921184288532,15846.47610266289,13558.466541363645,2288.0095612992445,7535.37408226087,4749.321360558563,2786.0527217023064,0.00039495410578175774,0.0004231274741200282,2.8173368338270464e-05,0.00019702707170453845,0.00015644374433135396,4.0583327373184484e-05,0.0,0.0,0.0,0.0,0.0,0.0,0.0,0.0,0.0
0.402,0.06951099551715688,0.06955545517791362,4.4459660756737684e-05,0.019505994201758022,0.020117939374138544,0.0006119451723805222,15239.42169953708,13132.061000599344,2107.3606989377367,0.0003584650154883744,0.00040758570272564473,4.912068723727034e-05,15216.275416449438,11369.399902524325,3846.8755139251134,9175.926738635873,8236.75758956927,939.1691490666035,0.0003486493010392448,0.0003946223318132279,4.597303077398312e-05,0.00021617720112677706,0.0002301392834544234,1.396208232764634e-05,0.0,0.0,0.0,0.0,0.0,0.0,0.0,0.0,0.0
0.403,0.06942335429044806,0.06946907907549867,4.5724785050604844e-05,0.01941699034589554,0.02003726641117387,0.0006202760652783308,17397.73633484082,13928.303042510983,3469.433292329839,0.0005166343537331889,0.0005718932644254743,5.525891069228545e-05,16005.089382509183,13618.125003174859,2386.964379334324,8634.919243121325,9079.065754358839,444.14651123751355,0.0004023113899378308,0.0005428825754236765,0.00014057118548584574,0.000212343266376118,0.00029996093296887115,8.761766659275315e-05,0.0,0.0,0.0,0.0,0.0,0.0,0.0,0.0,0.0
0.404,0.06932590306373926,0.06937289045347715,4.698738973789307e-05,0.01932545259381897,0.019943588534171563,0.0006181359403525932,12965.355793631647,14143.451405744527,1178.0956121128802,0.00037940220620719003,0.0006218118154597604,0.00024240960925257034,11668.36114400296,10770.79910734457,897.5620366583898,7658.544744365204,7438.765035279506,219.7797090856975,0.00033255855151254077,0.0004119429002892157,7.938434877667491e-05,0.00020783678178262774,0.000250500237352349,4.2663455569721265e-05,0.0,0.0,0.0,0.0,0.0,0.0,0.0,0.0,0.0
0.405,0.06921864183703046,0.0692668916151318,4.824977810134745e-05,0.01922339455830312,0.019839487195505993,0.0006160926372028724,17165.473869515656,12169.610108378489,4995.863761137167,0.0003783629750113213,0.00038745994962861597,9.096974617294688e-06,16637.42996395301,11186.156978532756,5451.272985420255,8620.012860717583,6423.0264908464505,2196.9863698711324,0.00037117706911901004,0.0003714944574264151,3.173883074050602e-07,0.00022667430661509627,0.00022203593804271724,4.63836857237903e-06,0.0,0.0,0.0,0.0,0.0,0.0,0.0,0.0,0.0
0.406,0.06910157061032167,0.06915108593363944,4.9515323317775306e-05,0.019110461250208016,0.019726650314379323,0.0006161890641713068,20276.974098544553,17187.69836993854,3089.275728606015,0.0005666441163636267,0.000468554060230536,9.809005613309069e-05,20221.212490444064,16295.959649655742,3925.252840788322,9815.201638819772,7263.649078590149,2551.552560229623,0.0005356262895069894,0.00042901621677125714,0.0001066100727357323,0.0002386356691078707,0.00020233142453203142,3.630424457583929e-05,0.0,0.0,0.0,0.0,0.0,0.0,0.0,0.0,0.0
0.40700000000000003,0.0689746893836129,0.06902546688582235,5.0777502209456427e-05,0.018981063260387197,0.01959549209796188,0.0006144288375746834,19303.40247781777,13032.577146397409,6270.825331420361,0.0005418101816563473,0.0004770279208610272,6.478226079532012e-05,19049.789278998633,12558.380490579113,6491.40878841952,8010.671968758727,6999.36206654205,1011.3099022166771,0.0004681650126136362,0.00043605367025822424,3.2111342355411955e-05,0.0001999325237152321,0.0002234118196276708,2.34792959124387e-05,0.0,0.0,0.0,0.0,0.0,0.0,0.0,0.0,0.0
0.40800000000000003,0.06883799815690417,0.06889004159460739,5.2043437703222506e-05,0.018828213414057632,0.01945140077546032,0.0006231873614026898,14945.455163970302,14202.284309206192,743.1708547641101,0.00039272445818708224,0.0005563375597998658,0.00016361310161278357,14046.342025135184,13666.755092987147,379.5869321480368,6369.777577525707,5474.950945261042,894.826632264665,0.00036322852782352116,0.0005084974256839617,0.00014526889786044056,0.0001675631010255964,0.00019773123774037508,3.016813671477867e-05,0.0,0.0,0.0,0.0,0.0,0.0,0.0,0.0,0.0
0.40900000000000003,0.06869149693019543,0.06874480232886125,5.3305398665826065e-05,0.018687080440380064,0.019310860329312878,0.0006237798889328142,15862.178613377699,14547.280972717512,1314.8976406601869,0.0004076639861210616,0.00047904674040685996,7.138275428579836e-05,15838.573163371968,14447.169982216816,1391.4031811551522,8611.577845103231,7581.929460785912,1029.6483843173191,0.00039662882821888003,0.00040820176386966437,1.1572935650784339e-05,0.0002216877373705939,0.0002712179696166729,4.9530232246079e-05,0.0,0.0,0.0,0.0,0.0,0.0,0.0,0.0,0.0
0.41000000000000003,0.06853518570348668,0.06858975738307091,5.4571679584225485e-05,0.018535706617717793,0.019151600648372867,0.0006158940306550745,21602.825383521704,15603.329508199191,5999.495875322513,0.0006378199345007131,0.0004544000510675951,0.000183419883433118,19029.5751773153,14956.055963099401,4073.5192142158976,9091.207671966547,8346.780896433056,744.4267755334913,0.000559708447869907,0.00036428969988521484,0.00019541874798469213,0.0002268144050791358,0.0002556938788757249,2.8879473796589086e-05,0.0,0.0,0.0,0.0,0.0,0.0,0.0,0.0,0.0
0.41100000000000003,0.06836906447677799,0.06842489794072881,5.583346395082733e-05,0.018358952278417454,0.01898038940142514,0.0006214371230076864,14808.136726144428,25699.43669495247,10891.299968808042,0.00039482408782218496,0.0009572113883000322,0.0005623873004778473,14650.688646797915,12819.909916633842,1830.7787301640728,6986.00562051132,6267.977379521988,718.0282409893316,0.0003674921980912945,0.00031389725898068476,5.3594939110609714e-05,0.00018554980402251108,0.00020567352298774677,2.012371896523569e-05,0.0,0.0,0.0,0.0,0.0,0.0,0.0,0.0,0.0
0.41200000000000003,0.0681931332500693,0.06825022823320323,5.709498313392902e-05,0.01819949154255737,0.01881944077840301,0.0006199492358456397,24769.71601744729,21988.124087607546,2781.591929839742,0.0006335205377016624,0.0007216091915080306,8.808865380636815e-05,24034.505111659208,21244.80739212294,2789.697719536267,6836.586350301256,5921.295809228278,915.2905410729782,0.0006298075014963832,0.0006860562324557382,5.6248730959355064e-05,0.0001690531246253043,0.00018841767738548757,1.936455276018326e-05,0.0,0.0,0.0,0.0,0.0,0.0,0.0,0.0,0.0
0.41300000000000003,0.06800739202336065,0.06806575372646828,5.8361703107634444e-05,0.018005958750019837,0.018631582310837783,0.0006256235608179464,14874.640488784402,15844.679888993205,970.0394002088033,0.00045253109441936186,0.0006887309337552773,0.00023619983933591547,13837.343711881578,14719.124946087788,881.7812342062098,9685.144193767792,7944.905811822203,1740.238381945589,0.00041893101452471855,0.0006199153872810529,0.00020098437275633434,0.0002419581547033029,0.00027024606669746767,2.828791199416478e-05,0.0,0.0,0.0,0.0,0.0,0.0,0.0,0.0,0.0
0.41400000000000003,0.067811840796652,0.06787146383146142,5.9623034809414e-05,0.01782218566856791,0.01844855311739072,0.0006263674488228115,22686.65575052493,16476.22595103566,6210.4297994892695,0.0006713387907120827,0.0005484759852477736,0.00012286280546430902,20392.001410019097,12663.816507244184,7728.184902774912,8620.937824932891,6717.0236249656455,1903.9141999672456,0.0005107210908630374,0.00036768114723025134,0.00014303994363278603,0.000212260944215662,0.00019207831084141848,2.0182633374243506e-05,0.0,0.0,0.0,0.0,0.0,0.0,0.0,0.0,0.0
0.41500000000000004,0.0676064795699434,0.06766736978818558,6.0890218242182215e-05,0.0176125564242919,0.018239849921322906,0.0006272934970310041,11113.118292151805,11231.799913566565,118.68162141476023,0.0003361513987260985,0.0004118874952560667,7.573609652996818e-05,10920.036940789176,11117.336635637734,197.29969484855792,7478.740324895113,5304.560420100672,2174.1799047944414,0.00033152841776546294,0.0003983694282500136,6.684101048455067e-05,0.000205004318357247,0.0001787157558099973,2.6288562547249712e-05,0.0,0.0,0.0,0.0,0.0,0.0,0.0,0.0,0.0
0.41600000000000004,0.06739130834323481,0.06745345978700978,6.21514437749715e-05,0.01738634010996748,0.018018346370690892,0.0006320062607234125,14629.233824687877,11967.978691458942,2661.255133228935,0.00033914997630125877,0.00034849357393844957,9.343597637190802e-06,13947.609837474587,11566.234528844583,2381.375308630004,8716.817706506043,7072.77735110532,1644.0403554007225,0.00032948219994090127,0.0003371703299412282,7.688130000326908e-06,0.00021853007449964683,0.00021432013674328726,4.209937756359571e-06,0.0,0.0,0.0,0.0,0.0,0.0,0.0,0.0,0.0
0.41700000000000004,0.06716632711652626,0.06722974611174115,6.341899521489225e-05,0.017157560275796457,0.017798681993052505,0.0006411217172560477,16226.268671226408,13580.900133687499,2645.3685375389086,0.00036243511406653555,0.000585570315758202,0.00022313520169166647,14596.257937684606,12095.957257326634,2500.300680357972,8943.964539791252,8216.338462212227,727.6260775790252,0.0003447466104284774,0.0004265208850977707,8.177427466929328e-05,0.00021545737899718103,0.00026596979079742354,5.051241180024251e-05,0.0,0.0,0.0,0.0,0.0,0.0,0.0,0.0,0.0
0.41800000000000004,0.06693153588981776,0.06699621579676739,6.467990694962455e-05,0.016933811620553615,0.017563697092542428,0.0006298854719888128,12993.946290297898,13126.053651533924,132.10736123602692,0.0003523391688367552,0.00047887068187977465,0.00012653151304301946,12638.31503952951,10921.06546033309,1717.249579196421,7650.682284743386,7474.405111407212,176.2771733361742,0.0003273579142341514,0.0004140317362135799,8.667382197942848e-05,0.00018464819247806843,0.00022799375984982874,4.3345567371760304e-05,0.0,0.0,0.0,0.0,0.0,0.0,0.0,0.0,0.0
0.41900000000000004,0.06668693466310929,0.06675287519529215,6.594053218285378e-05,0.016686146938177597,0.01732337164920257,0.0006372247110249737,21992.301554449154,13369.958309179292,8622.343245269862,0.0006184106842057285,0.0005447579030003551,7.36527812053734e-05,19565.356353351952,13205.48690864385,6359.869444708102,7678.224426464881,6634.009383741384,1044.2150427234965,0.0005427970526716816,0.0004431617528144506,9.9635299857231e-05,0.0002199895065691841,0.00025492724798695753,3.4937741417773415e-05,0.0,0.0,0.0,0.0,0.0,0.0,0.0,0.0,0.0
0.42000000000000004,0.06643252343640085,0.06649973176608141,6.720832968055979e-05,0.01643741977926838,0.01707011673388911,0.0006326969546207283,20726.002857482395,16704.829785582206,4021.17307190019,0.0005745825752474792,0.0006475507207141487,7.29681454666695e-05,18173.93903087006,13467.93532864804,4706.00370222202,9016.67785519278,6348.227050959158,2668.450804233622,0.00041924652999965627,0.0005325045575312421,0.00011325802753158588,0.00022899380725198513,0.00019150501435992754,3.7488792892057584e-05,0.0,0.0,0.0,0.0,0.0,0.0,0.0,0.0,0.0
0.42100000000000004,0.06616830220969248,0.06623677105788196,6.846884818947907e-05,0.01617483313848232,0.01680802330660009,0.0006331901681177719,13956.613621101891,9969.51625166597,3987.097369435922,0.00037096699930393216,0.0003348786331525874,3.608836615134474e-05,13809.528824948584,9779.207872511137,4030.320952437447,8878.361627551774,6985.361064001762,1893.000563550012,0.00035413388427891265,0.00028727945215920134,6.68544321197113e-05,0.00021632966822111575,0.000201204439847072,1.5125228374043744e-05,0.0,0.0,0.0,0.0,0.0,0.0,0.0,0.0,0.0
0.42200000000000004,0.06589427098298413,0.06596400815140488,6.973716842074984e-05,0.01589011183113881,0.016531473428917337,0.0006413615977785281,18307.358551537804,17369.90802445713,937.450527080673,0.0004537828522287418,0.0005241899347180765,7.040708248933468e-05,17912.844607084415,16154.277585733187,1758.5670213512276,7634.121912116852,7201.123239127386,432.9986729894663,0.0004418439473138599,0.000468041995696002,2.6198048382142106e-05,0.00019133217163146515,0.00022343674614022963,3.2104574508764485e-05,0.0,0.0,0.0,0.0,0.0,0.0,0.0,0.0,0.0
0.42300000000000004,0.06561042975627585,0.06568142722099093,7.099746471508905e-05,0.015616178863073196,0.01625196400310276,0.0006357851400295624,17780.64342618482,15056.864870201514,2723.7785559833046,0.0004949928578340944,0.0005727346664239773,7.774180858988286e-05,13311.191729509506,14483.134173866645,1171.9424443571388,7997.544169958673,7006.302657016949,991.2415129417241,0.0003408145646738027,0.0005610867062975562,0.00022027214162375345,0.0002283523082534198,0.0002727425481458854,4.439023989246562e-05,0.0,0.0,0.0,0.0,0.0,0.0,0.0,0.0,0.0
0.42400000000000004,0.06531677852956763,0.06538904455938394,7.226602981630359e-05,0.015305301381418822,0.015944708276489576,0.000639406895070754,15582.46851162132,28244.842565168397,12662.374053547077,0.00047112685081268744,0.0009775586813646673,0.0005064318305519798,15318.924772682469,13910.697712617333,1408.2270600651354,8924.287254391476,6763.960475219595,2160.3267791718818,0.00036421349993628736,0.00039157873595329615,2.7365236017008786e-05,0.0002184000517613466,0.000212985329826513,5.414721934833582e-06,0.0,0.0,0.0,0.0,0.0,0.0,0.0,0.0,0.0
0.42500000000000004,0.06501331730285949,0.06508684346618869,7.35261633292017e-05,0.015004975295886,0.0156457069150193,0.0006407316191332987,19663.043295792017,16543.64021748192,3119.403078310097,0.0005271531614149295,0.0004329405850939948,9.421257632093475e-05,19594.716042281518,15869.034510571822,3725.6815317096953,9042.114790459054,7129.604510330029,1912.510280129025,0.0004647615524129092,0.00040154976844057285,6.321178397233635e-05,0.00023607912592267405,0.00021849728641621592,1.758183950645813e-05,0.0,0.0,0.0,0.0,0.0,0.0,0.0,0.0,0.0
0.42600000000000005,0.06470004607615136,0.06477483174289808,7.478566674672116e-05,0.01469735204359525,0.015338792742215716,0.0006414406986204671,19516.706488764303,18422.656122323773,1094.0503664405296,0.0005144524265550383,0.0007313953533689551,0.00021694292681391676,19063.595533085943,17050.06599252879,2013.5295405571524,7740.269452628777,5683.565149512684,2056.704303116093,0.0004590354794007698,0.0005477189536164221,8.868347421565236e-05,0.0001959165344297481,0.0001823993822318262,1.3517152197921908e-05,0.0,0.0,0.0,0.0,0.0,0.0,0.0,0.0,0.0
0.42700000000000005,0.06437696484944334,0.06445301943346714,7.605458402379361e-05,0.014379679428572024,0.01502063713683987,0.0006409577082678447,16566.474764712897,9807.840845834142,6758.633918878755,0.0005046771109638097,0.0003988444885695851,0.00010583262239422458,11794.127935397473,9179.55743363588,2614.570501761593,7476.597609045393,6216.541252405068,1260.0563566403252,0.0002638229902096669,0.00036554733649504366,0.00010172434628537676,0.0001928571019760884,0.00021970975506025673,2.685265308416832e-05,0.0,0.0,0.0,0.0,0.0,0.0,0.0,0.0,0.0
0.42800000000000005,0.06404407362273538,0.06412138785565769,7.731423292230144e-05,0.014053013065737884,0.01469687735561767,0.000643864289879786,11241.728861180844,13133.108352952922,1891.3794917720788,0.0002833880414100418,0.0004235795804595383,0.00014019153904949646,11206.558150041003,12740.587705732807,1534.0295556918045,8601.131307280799,7233.766380522835,1367.364926757964,0.000269366959509958,0.0004103089261307044,0.00014094196662074645,0.00019975689245707858,0.00021941321980345713,1.965632734637855e-05,0.0,0.0,0.0,0.0,0.0,0.0,0.0,0.0,0.0
0.42900000000000005,0.06370137239602751,0.06377995611765688,7.858372162937444e-05,0.013707361871918119,0.014351273740403068,0.0006439118684849494,20290.301099549593,11788.704619798054,8501.596479751539,0.0005966706598159714,0.0004298837844951779,0.00016678687532079348,12216.83998273413,10993.003885008968,1223.8360977251632,8737.524897531957,7388.155612659713,1349.369284872244,0.000337871895324377,0.0003458797871394278,8.007891815050823e-06,0.00023822042783636034,0.0002370848365140752,1.1355913222851454e-06,0.0,0.0,0.0,0.0,0.0,0.0,0.0,0.0,0.0
0.43000000000000005,0.06334886116931972,0.0634287043879818,7.984321866208455e-05,0.013346305906708263,0.013998687449956216,0.0006523815432479523,11230.98017790138,14439.26997987229,3208.28980197091,0.00029992846383796834,0.0006097409591667993,0.0003098124953288309,11169.076808888656,10635.831498287629,533.2453106010271,7051.405101010836,6087.360463145739,964.0446378650968,0.0002878932234525651,0.00037181073051991965,8.391750706735455e-05,0.00018515632299005906,0.00020162690609648967,1.647058310643061e-05,0.0,0.0,0.0,0.0,0.0,0.0,0.0,0.0,0.0
0.43100000000000005,0.06298653994261201,0.06306765302315522,8.111308054320476e-05,0.012980075077935367,0.01363547605191208,0.0006554009739767122,13547.770788593136,14968.466529747588,1420.6957411544518,0.00039966123841719375,0.0005553347974710432,0.00015567355905384944,13407.219666417663,11911.235580134882,1495.9840862827805,8312.992636484438,7298.959158575233,1014.0334779092045,0.00035697066342390296,0.00045429976140529414,9.732909798139118e-05,0.00020960718291723594,0.00023874342896298327,2.9136246045747334e-05,0.0,0.0,0.0,0.0,0.0,0.0,0.0,0.0,0.0
0.43200000000000005,0.06261440871590436,0.0626967812874265,8.237257152214628e-05,0.012617142681639118,0.013265847075431735,0.0006487043937926165,15243.077395644144,17016.503257655357,1773.4258620112123,0.0003342977089823209,0.0006352299964958677,0.0003009322875135468,14609.172140597897,15866.059783140092,1256.887642542195,9586.00383890504,9030.869513660004,555.134325245037,0.0003244772281571479,0.0005644571793004072,0.0002399799511432593,0.00022543393376274804,0.0002852945408259007,5.9860607063152635e-05,0.0,0.0,0.0,0.0,0.0,0.0,0.0,0.0,0.0
0.43300000000000005,0.06223246748919685,0.06231609893777938,8.363144858253291e-05,0.012219726156848607,0.012876538907335843,0.0006568127504872363,28073.067031565803,16138.18500510101,11934.882026464793,0.0008107248390996105,0.0006948481601626492,0.00011587667893696134,21923.260482655296,12395.707391022974,9527.553091632322,8473.91866226626,7019.343470666032,1454.5751916002282,0.00061739424687401,0.0005179921452803087,9.940210159370129e-05,0.00023352413814780844,0.00024267490387161844,9.150765723809994e-06,0.0,0.0,0.0,0.0,0.0,0.0,0.0,0.0,0.0
0.43400000000000005,0.0618407162624894,0.06192561787529005,8.490161280064884e-05,0.011849549940539114,0.012497354268072303,0.0006478043275331882,14398.700505599301,9161.005614194675,5237.694891404626,0.0003490064802376276,0.00038786231049790445,3.8855830260276837e-05,13724.43651263678,8511.385135414917,5213.051377221862,7258.85070297927,4750.941280198363,2507.9094227809073,0.00033158683058337327,0.00035869726227827305,2.7110431694899774e-05,0.00019124628782431511,0.00016990498468831685,2.134130313599826e-05,0.0,0.0,0.0,0.0,0.0,0.0,0.0,0.0,0.0
0.43500000000000005,0.06143915503578207,0.06152531511072154,8.616007493947309e-05,0.011442863779206313,0.012094912713522069,0.0006520489343157555,19223.125212400402,14174.914847539498,5048.2103648609045,0.00047993892939888295,0.00047437771758747257,5.561211811410381e-06,17381.162201306648,13324.014280800717,4057.1479205059313,9418.896133823471,6919.658412057782,2499.2377217656895,0.0004061671083197229,0.000347214366689453,5.895274163026992e-05,0.00023055174096276877,0.00019788797624556163,3.266376471720714e-05,0.0,0.0,0.0,0.0,0.0,0.0,0.0,0.0,0.0
0.43600000000000005,0.06102778380907483,0.06111521447956077,8.743067048593706e-05,0.011031514008665826,0.011685240061905617,0.0006537260532397914,18978.904206495477,13723.972737330865,5254.931469164612,0.00043142244838118243,0.0004099536040065236,2.1468844374658807e-05,18296.119202991667,12574.574385644975,5721.544817346692,8458.671007718776,7251.81524206874,1206.8557656500361,0.00041410191917032264,0.0003093623037965407,0.00010473961537378195,0.00020736962636220906,0.00021842440475019356,1.10547783879845e-05,0.0,0.0,0.0,0.0,0.0,0.0,0.0,0.0,0.0
0.43700000000000006,0.06060660258236772,0.0606952919806193,8.868939825158045e-05,0.010610999188023289,0.01126484969456484,0.000653850506541551,11573.902952045291,11245.525380678826,328.3775713664654,0.00033619285943037883,0.00047916129603394093,0.0001429684366035621,11541.318462527952,10056.532301238522,1484.7861612894303,6796.460729081621,6526.3154940811055,270.14523500051564,0.0003006946376718706,0.00042714444750312745,0.00012644980983125684,0.00018334808747347376,0.00022399445174196055,4.06463642684868e-05,0.0,0.0,0.0,0.0,0.0,0.0,0.0,0.0,0.0
0.43800000000000006,0.060175611355660706,0.060265571475332215,8.996011967150885e-05,0.010166383268055062,0.01082133074910869,0.0006549474810536287,12048.387902177867,18588.127113654526,6539.739211476659,0.0003421053166523025,0.0007779801851035026,0.00043587486845120005,11919.016300399644,14129.658462911651,2210.6421625120074,7412.744916466177,6862.571690404906,550.1732260612707,0.00028932951696927805,0.000508967793601954,0.000219638276632676,0.00019488085163871707,0.000242118163478149,4.723731183943193e-05,0.0,0.0,0.0,0.0,0.0,0.0,0.0,0.0,0.0
0.43900000000000006,0.05973481012895382,0.05982602880574663,9.121867679281331e-05,0.009724086680259614,0.010386722657165932,0.000662635976906318,22894.709042425275,20883.430088375215,2011.2789540500598,0.0005248881301021526,0.0005310343052566037,6.146175154451115e-06,19177.543990310085,20225.660406525534,1048.1164162154491,9733.47051317744,7863.412355585886,1870.0581575915548,0.0004385376350217387,0.0005161025870555136,7.756495203377491e-05,0.0002460649687568827,0.00024666988622776303,6.049174708803247e-07,0.0,0.0,0.0,0.0,0.0,0.0,0.0,0.0,0.0
0.44000000000000006,0.059284198902247044,0.05937667586858158,9.247696633453428e-05,0.009284428280341553,0.009938868268174837,0.0006544399878332836,23996.01641016011,14154.513504102692,9841.50290605742,0.0006759276819621763,0.0004520102339542989,0.0002239174480078774,14841.313332070467,14108.111268141642,733.2020639288257,8685.425575437344,6574.843205277768,2110.5823701595764,0.0004079982858994353,0.00045050066873778384,4.250238283834857e-05,0.0002205408751002457,0.00020187709934102335,1.8663775759222357e-05,0.0,0.0,0.0,0.0,0.0,0.0,0.0,0.0,0.0
0.44100000000000006,0.05882377767554042,0.05891752625838621,9.374858284579013e-05,0.008822752678407349,0.009483937586363522,0.0006611849079561725,11877.451716732796,12441.156983758263,563.705267025467,0.0002877804963229756,0.0003860566680669057,9.827617174393006e-05,11745.205579737047,12405.747736377356,660.5421566403093,7255.0076178373065,6406.22097072037,848.7866471169364,0.00027343959924209924,0.0003483233726570529,7.488377341495364e-05,0.00018496456905284255,0.00020801260568685978,2.304803663401723e-05,0.0,0.0,0.0,0.0,0.0,0.0,0.0,0.0,0.0
0.44200000000000006,0.05835354644883394,0.058448553231825864,9.500678299192294e-05,0.008356828937336903,0.00902077418501323,0.0006639452476763265,17836.206579964273,12077.077708389132,5759.128871575142,0.00044609549820107174,0.00041158166308678633,3.451383511428541e-05,12228.695082630114,10680.861278622337,1547.8338040077779,8696.574804903692,7559.5209202198785,1137.0538846838135,0.00033102240811387206,0.0003814775737098907,5.0455165596018645e-05,0.0002125683501194347,0.00025402271585823533,4.145436573880064e-05,0.0,0.0,0.0,0.0,0.0,0.0,0.0,0.0,0.0
0.44300000000000006,0.0578735052221276,0.057969783396614766,9.627817448716602e-05,0.00788854368139897,0.00854496848256221,0.0006564248011632409,17002.667489755222,14922.100251639487,2080.5672381157347,0.00047662697118665373,0.0006291774835044884,0.00015255051231783463,15175.25039344602,11394.745069695568,3780.5053237504526,9148.95866893271,7134.466142923321,2014.4925260093887,0.00047268222283485835,0.00032507211033080713,0.00014761011250405122,0.00022390306445565944,0.00021026980481132475,1.3633259644334688e-05,0.0,0.0,0.0,0.0,0.0,0.0,0.0,0.0,0.0
0.44400000000000006,0.057383653995421405,0.057481189808490256,9.753581306885112e-05,0.0073781456041800576,0.00805291949562406,0.000674773891444002,18591.301361033464,15580.262795472716,3011.038565560748,0.0005770574949772646,0.0005229664605190257,5.409103445823892e-05,16628.17974450411,12390.788665367472,4237.391079136636,7704.261190393643,5905.1697061284285,1799.0914842652146,0.00046625479143769396,0.00034359915287100154,0.0001226556385666924,0.00021365998133940155,0.0001972348972723078,1.642508406709376e-05,0.0,0.0,0.0,0.0,0.0,0.0,0.0,0.0,0.0
0.44500000000000006,0.056883992768715384,0.0569828008154184,9.88080467030153e-05,0.0068890127586832064,0.007558203176558751,0.0006691904178755441,14244.835311677018,18186.760231031618,3941.9249193546,0.00040715704937604406,0.0005951945677260884,0.00018803751835004437,12770.80363393704,17035.332701760264,4264.529067823225,6577.046705488705,6226.27586742328,350.77083806542487,0.00034908704007632105,0.0005413575463358331,0.0001922705062595121,0.00016548740492921965,0.0001883429337395971,2.2855528810377442e-05,0.0,0.0,0.0,0.0,0.0,0.0,0.0,0.0,0.0
0.44600000000000006,0.05637452154200951,0.05647458743880895,0.00010006589679943667,0.006368575858366407,0.007040174902208183,0.0006715990438417759,20901.612649485556,13084.423920237587,7817.18872924797,0.000634398748729564,0.0004543811253023567,0.0001800176234272073,13536.4493441508,12669.140619849215,867.3087243015852,9033.133359538773,8436.455484229682,596.6778753090912,0.00029669577269386866,0.00044149812047188374,0.00014480234777801507,0.0002157847373480604,0.0002656282568316726,4.984351948361218e-05,0.0,0.0,0.0,0.0,0.0,0.0,0.0,0.0,0.0
0.44700000000000006,0.05585524031530383,0.055956563683815984,0.00010132336851215173,0.0058462094439018005,0.00651919064017759,0.0006729811962757895,13049.159902667163,12140.222939855796,908.9369628113673,0.00041194976365568247,0.0003218759743267974,9.007378932888505e-05,11360.126318315764,11729.400811683372,369.27449336760765,8611.913259911178,7780.193996969898,831.7192629412802,0.00027851393329103737,0.000303306803337075,2.4792870046037646e-05,0.0002079079261005337,0.0002300007686332559,2.2092842532722197e-05,0.0,0.0,0.0,0.0,0.0,0.0,0.0,0.0,0.0
0.448,0.05532614908859831,0.055428745323547135,0.00010259623494882769,0.005333162432759301,0.006001734523120576,0.000668572090361275,14272.64208480897,17114.440000273557,2841.7979154645873,0.0003829882244272991,0.0006994910612085658,0.0003165028367812667,13567.900005306807,10515.716906600423,3052.183098706384,7798.361442388187,6870.023794377756,928.3376480104316,0.0003774332095117245,0.0004011145682804832,2.368135876875874e-05,0.00021983899388283295,0.0002643411007264292,4.450210684359623e-05,0.0,0.0,0.0,0.0,0.0,0.0,0.0,0.0,0.0
0.449,0.054787247861892964,0.05489110110497934,0.00010385324308637839,0.00478781474755954,0.0054572656970503005,0.0006694509494907606,20519.586728035138,15773.632196249993,4745.954531785144,0.0004994624540994114,0.0004430362740343519,5.642618006505948e-05,20475.16188829895,14523.3240761878,5951.837812111149,7563.586474173767,5581.012574152004,1982.5739000217627,0.0004703333198859895,0.0003613574224341137,0.00010897589745187581,0.00019588274818206977,0.00017380058451473227,2.2082163667337505e-05,0.0,0.0,0.0,0.0,0.0,0.0,0.0,0.0,0.0
0.45,0.05423853663518782,0.05434366253682686,0.00010512590163903879,0.004243917178030444,0.004916158479071351,0.0006722413010409063,21222.755541507977,12278.700291084866,8944.055250423111,0.000519015943546144,0.0003760481208739108,0.00014296782267223326,17188.772647803675,12256.059066362313,4932.713581441361,9339.387015324111,7089.604359734107,2249.7826555900047,0.0004581595145961357,0.0003728765097060477,8.528300489008797e-05,0.0002293357390400342,0.00021712490230108272,1.2210836738951476e-05,0.0,0.0,0.0,0.0,0.0,0.0,0.0,0.0,0.0
0.451,0.05368001540848287,0.053786398802821225,0.0001063833943383552,0.0036860457241259977,0.0043538321420708,0.0006677864179448021,16152.539654637523,15320.501368519981,832.0382861175422,0.00042839574243140307,0.000616791818230597,0.00018839607579919392,15778.725214593447,14653.482802208626,1125.2424123848214,8463.577329574191,7787.196316732099,676.3810128420919,0.0003885869192392398,0.0004901181030154484,0.00010153118377620858,0.00020255918921710387,0.0002241784268196685,2.1619237602564642e-05,0.0,0.0,0.0,0.0,0.0,0.0,0.0,0.0,0.0
0.452,0.05311168418177814,0.05321934021251543,0.0001076560307372923,0.0031071673672392955,0.0037804873823807815,0.000673320015141486,13090.326778318808,12876.534149934108,213.79262838469913,0.00031894236594520845,0.0005038499367419728,0.0001849075707967644,9723.33325704545,12645.156028004158,2921.822770958708,7440.59617088427,7726.027174601063,285.4310037167934,0.000291687989944981,0.0004985191006898197,0.00020683111074483863,0.0002082463019612531,0.0002860817459299867,7.78354439687336e-05,0.0,0.0,0.0,0.0,0.0,0.0,0.0,0.0,0.0
0.453,0.05253354295507362,0.05264245616906742,0.00010891321399379705,0.002525944932997227,0.0032028842497674004,0.0006769393167701736,19791.123322618954,17071.787332100015,2719.335990518939,0.0005459996384971952,0.0005953471381143331,4.934749961713785e-05,17164.71202381966,16964.142802919283,200.5692209003755,8382.419576520018,6027.36878986169,2355.0507866583284,0.0004206237970288607,0.0005594380817241933,0.0001388142846953326,0.00021269372337111224,0.00019591853417424445,1.6775189196867796e-05,0.0,0.0,0.0,0.0,0.0,0.0,0.0,0.0,0.0
0.454,0.051945591728369295,0.05205577868172215,0.00011018695335285322,0.0019437009170901985,0.0026181547919252777,0.0006744538748350792,18371.100687142134,12388.513479226069,5982.587207916065,0.00046485812700933573,0.00040777324927047313,5.70848777388626e-05,17194.90119401844,12269.432151507839,4925.4690425106,9553.984651324701,7963.806817186613,1590.1778341380877,0.00044232838467138353,0.0003283969834059192,0.00011393140126546433,0.00024388179458343436,0.0002450551492899751,1.1733547065407614e-06,0.0,0.0,0.0,0.0,0.0,0.0,0.0,0.0,0.0
0.455,0.05134783050166521,0.0514592735701184,0.00011144306845318336,0.0013398846806728197,0.0020203328344733608,0.000680448153800541,19939.07179976419,17145.667253688312,2793.404546075879,0.00044076345146326336,0.0004642382400322474,2.3474788568984036e-05,19627.909973482256,16444.99727702362,3182.9126964586358,7486.83911715188,6431.384842916853,1055.4542742350268,0.00043323959186251454,0.00041920540667376153,1.4034185188753013e-05,0.00018898522482076115,0.00020115656330852463,1.2171338487763483e-05,0.0,0.0,0.0,0.0,0.0,0.0,0.0,0.0,0.0
0.456,0.050740259274961376,0.05085295785219788,0.000112698577236503,0.0007459294143320576,0.0014215716684691773,0.0006756422541371197,8607.89571888932,11620.716745142116,3012.8210262527955,0.00025956804815796677,0.0004644497207853075,0.00020488167262734073,8466.954312733717,8856.090831494255,389.1365187605388,5551.9205459861205,5411.798281438969,140.12226454715164,0.0002529669845532141,0.00035598892358396485,0.00010302193903075074,0.00014853698955063637,0.00020885711772446764,6.032012817383127e-05,0.0,0.0,0.0,0.0,0.0,0.0,0.0,0.0,0.0
0.457,0.05012287804825778,0.05023685099641532,0.0001139729481575355,0.00013412721858349283,0.0008124917988189067,0.0006783645802354138,23189.45923071836,16737.739982776744,6451.719247941615,0.0005926814624809712,0.0005996028590868236,6.921396605852337e-06,19102.491619591838,12693.156464424479,6409.335155167359,8598.003420526977,6830.822956858445,1767.180463668532,0.0005622029587564378,0.0005620340607385467,1.6889801789110332e-07,0.00020083875357562226,0.00020431804310811895,3.4792895324966904e-06,0.0,0.0,0.0,0.0,0.0,0.0,0.0,0.0,0.0
0.458,0.04953560804026325,0.04962992355273586,9.431551247261055e-05,-0.00023295151566621666,0.0003406267021200839,0.0005735782177863005,488583.98932156747,406868.1295168124,81715.85980475508,0.014122764713412556,0.0159734756309755,0.0018507109175629425,108853.74568279817,95172.74393371714,13681.001749081028,35502.217891208464,30543.621580074734,4958.59631113373,0.0028079549317391993,0.0030235354421299667,0.00021558051039076735,0.000878550353071115,0.0008779255173784145,6.248356927004376e-07,203.71348711795227,0.0,203.71348711795227,0.02372768279288864,0.0,0.02372768279288864,0.0001748977563295549,0.0,0.0001748977563295549
0.459,0.049260052375122126,0.04927195069415262,1.1898319030492766e-05,-0.0003802389727203745,0.0001022635541054496,0.00048250252682582406,745712.2362156037,697639.513028167,48072.7231874367,0.021449477217219706,0.02750194318561853,0.006052465968398823,193719.89356848603,200279.52586660982,6559.63229812379,47111.09815983682,50158.804898424874,3047.706738588051,0.005001139661054739,0.006528531054791528,0.0015273913937367892,0.0012536180303711695,0.0016390334860004177,0.00038541545562924815,332.51471598924167,0.0,332.51471598924167,0.06321752701107816,0.0,0.06321752701107816,0.0001748977563295549,0.0,0.0001748977563295549
0.46,0.049485134106299754,0.049403964133919905,8.116997237984924e-05,-0.0002625344903894669,0.00019343272969177895,0.00045596722008124586,531016.7689448921,651485.5375007748,120468.76855588274,0.015359445469654454,0.025971789001357253,0.0106123435317028,131215.34976254092,140502.89809952813,9287.548336987209,33002.962048435504,36368.20363098845,3365.241582552946,0.003460155136595274,0.004788874787573163,0.0013287196509778891,0.0009174466473205418,0.0012906446148337272,0.00037319796751318537,229.5834666412043,0.0,229.5834666412043,0.03013678920824787,0.0,0.03013678920824787,0.0001748977563295549,0.0,0.0001748977563295549
0.461,0.05005578055661181,0.0499349216106432,0.00012085894596861047,3.4043745763011335e-05,0.0005115521521796083,0.00047750840641659696,35735.013634772,28882.4039103823,6852.609724389702,0.0008710404840228812,0.001246195586910033,0.00037515510288715177,23299.388455404296,18360.911437322924,4938.477018081372,13603.057753025096,9546.648387975645,4056.4093650494506,0.0005008580573750344,0.0006759495854446922,0.00017509152806965782,0.0003175082278443686,0.00029410232879369005,2.3405899050678574e-05,0.0,0.0,0.0,0.0,0.0,0.0,0.0,0.0,0.0
0.462,0.05067249868536034,0.050554062057096096,0.00011843662826424572,0.0006669957962731621,0.0011135207350184612,0.00044652493874529917,17969.388864437045,35804.48655727291,17835.097692835865,0.00046625763506800603,0.0014324294094377635,0.0009661717743697574,17800.5167990129,18298.267468997154,497.75066998425245,10673.517775250675,11220.450110189005,546.9323349383303,0.0004658633961032411,0.0006402295075221765,0.0001743661114189354,0.00028894173718761187,0.0003752955552312101,8.635381804359825e-05,0.0,0.0,0.0,0.0,0.0,0.0,0.0,0.0,0.0
0.463,0.05127940681410909,0.05116395045228782,0.00011545636182127422,0.0012782066295035643,0.0017288161355780364,0.0004506095060744721,12109.219492846954,11645.549109647083,463.67038319987114,0.00037520837378879975,0.0004242303883384298,4.9022014549630075e-05,10857.668756876372,11266.65877589175,408.9900190153785,7823.9104689083615,6942.991395218417,880.9190736899445,0.00030543624610587984,0.00036917139459413027,6.373514848825044e-05,0.0002021263951593511,0.000221014839389888,1.8888444230536904e-05,0.0,0.0,0.0,0.0,0.0,0.0,0.0,0.0,0.0
0.464,0.0518765049428581,0.0517640106473433,0.00011249429551479784,0.0018801640452484787,0.0023420642686467212,0.0004619002233982425,20678.97443819005,34988.658150012525,14309.683711822476,0.00045623149871922193,0.001294800449679432,0.00083856895096021,20097.28464894857,15524.93313201419,4572.351516934381,14513.808818083342,8523.729714750718,5990.079103332624,0.0004535500986070933,0.0006303139407934904,0.0001767638421863971,0.0003538100977691548,0.00029195032841925243,6.185976934990235e-05,0.0,0.0,0.0,0.0,0.0,0.0,0.0,0.0,0.0
0.465,0.05246379307160731,0.052354279626925716,0.00010951344468159568,0.0024759471844506,0.002929016431455748,0.00045306924700514806,23094.574130494337,19075.99035818853,4018.5837723058066,0.0005267949142708008,0.0004682088963960313,5.858601787476949e-05,21266.107030551844,16601.858993949223,4664.248036602621,14747.107154849771,9508.725582827772,5238.381572021999,0.0004645885822024639,0.00043712773405055996,2.7460848151903946e-05,0.00034564682159476923,0.000258762059141008,8.688476245376122e-05,0.0,0.0,0.0,0.0,0.0,0.0,0.0,0.0,0.0
0.466,0.05304127120035672,0.05293472112742927,0.00010655007292744573,0.003030094731703171,0.0034909125968079044,0.0004608178651047336,21334.255668256177,35556.09749853,14221.841830273821,0.0006604578671958459,0.0014402579417451507,0.0007798000745493049,20369.7980665115,20698.20070978844,328.4026432769424,8230.548099714408,11600.336738310805,3369.7886385963975,0.0005640395881932365,0.0008043781297652419,0.00024033854157200533,0.0002260615928366788,0.0003790793343296159,0.0001530177414929371,0.0,0.0,0.0,0.0,0.0,0.0,0.0,0.0,0.0
0.467,0.05360893932910635,0.053505368884583474,0.00010357044452287412,0.0035903525354368943,0.004066707743494892,0.0004763552080579974,21962.362548470006,25752.526423772262,3790.163875302256,0.0005540331519621013,0.0009467208231732835,0.0003926876712111822,21281.507623023466,23508.13694439951,2226.6293213760437,9119.191656086436,8743.787040754614,375.40461533182133,0.0005482949029637193,0.0008641310836838582,0.00031583618072013894,0.00022582792986390067,0.0003186139525005632,9.278602263666254e-05,0.0,0.0,0.0,0.0,0.0,0.0,0.0,0.0,0.0
0.468,0.05416679745785619,0.05406619049962639,0.00010060695822980414,0.004169724253589701,0.004633779808901184,0.0004640555553114831,26617.56633166508,36344.52877097613,9726.962439311053,0.0006830366350007484,0.001550947059535659,0.0008679104245349105,25448.26020665844,21096.09222706606,4352.167979592381,14568.889535425633,10510.909586446258,4057.979948979375,0.0006300826014881552,0.0005472285818656597,8.285401962249551e-05,0.0003623741090742098,0.00035597946344026194,6.394645633947841e-06,0.0,0.0,0.0,0.0,0.0,0.0,0.0,0.0,0.0
0.46900000000000003,0.05471484558660621,0.05461721874179415,9.762684481206402e-05,0.004708018606910235,0.005176555599003443,0.00046853699209320823,18866.691692392116,24905.545783655438,6038.854091263322,0.0004196338259509027,0.0007977282619598585,0.00037809443600895576,18787.79878168745,24137.932617616545,5350.133835929097,10403.388531215263,10006.434926793761,396.95360442150195,0.0004054220159420973,0.0006395784746130287,0.00023415645867093138,0.0002443387578739731,0.00030785029932354303,6.351154144956995e-05,0.0,0.0,0.0,0.0,0.0,0.0,0.0,0.0,0.0
0.47000000000000003,0.055253083715356414,0.0551584362217313,9.464749362511626e-05,0.005254871708230876,0.005720416800461726,0.00046554509223085006,13201.755380402625,30494.723783771446,17292.96840336882,0.0003298959128647594,0.0012905654484745887,0.0009606695356098292,12904.417493610496,22143.819351231406,9239.401857620911,4582.072443140634,7798.2711861946855,3216.198743054051,0.0003281695650239134,0.0006563456522365495,0.0003281760872126361,0.00012569539922878176,0.0002556791085971501,0.00012998370936836832,0.0,0.0,0.0,0.0,0.0,0.0,0.0,0.0,0.0
0.47100000000000003,0.05578151184410681,0.05568982810200055,9.168374210626051e-05,0.005793390636011258,0.006245965522091086,0.0004525748860798274,27175.316959338474,32405.461977655916,5230.145018317442,0.0005924354236061892,0.001367745800386054,0.0007753103767798648,25742.877770452986,12158.100925296703,13584.776845156282,11231.734954088402,8488.144158838126,2743.5907952502766,0.0005826661800949828,0.00047198525831750136,0.00011068092177748143,0.00026738969316553353,0.00032815538605568113,6.076569289014761e-05,0.0,0.0,0.0,0.0,0.0,0.0,0.0,0.0,0.0
0.47200000000000003,0.056300129972857396,0.05621142548256242,8.870449029497324e-05,0.0063068570664218965,0.006788544819425439,0.00048168775300354207,25679.902813397257,27489.042610420027,1809.13979702277,0.0006021449218994406,0.0008962706622807405,0.0002941257403812999,25261.495872325464,17731.542769905056,7529.953102420408,14619.610872748102,8931.190378545873,5688.42049420223,0.0005967300790502322,0.0004512188263914623,0.00014551125265876996,0.00037008487050816833,0.0002864402779615957,8.364459254657264e-05,0.0,0.0,0.0,0.0,0.0,0.0,0.0,0.0,0.0
0.47300000000000003,0.056808938101608156,0.05672319799690086,8.574010470729226e-05,0.006828461332224934,0.0073079486015609554,0.00047948726933602116,29196.38502864251,35883.927834314236,6687.542805671725,0.000772194408244311,0.0012805073710218811,0.0005083129627775701,20749.68786418373,23938.596334336304,3188.9084701525753,8766.728709116482,10263.413244653018,1496.6845355365367,0.0005779148445049401,0.0007339717681222695,0.00015605692361732944,0.00022906879076025138,0.0003311171219636243,0.0001020483312033729,0.0,0.0,0.0,0.0,0.0,0.0,0.0,0.0,0.0
0.47400000000000003,0.05730793623035907,0.0572251752086959,8.27610216631719e-05,0.007308066064331483,0.007793007261876978,0.00048494119754549474,11742.38824396276,25928.822812136612,14186.434568173852,0.0003532541528189359,0.0007704541451541819,0.000417199992335246,11644.111869746332,21761.721054293794,10117.609184547462,8082.605431007691,8454.955425950808,372.34999494311705,0.00034656169743873833,0.0005936807436041746,0.0002471190461654363,0.00020587514777682252,0.00026921966740953867,6.334451963271615e-05,0.0,0.0,0.0,0.0,0.0,0.0,0.0,0.0,0.0
0.47500000000000003,0.05779712435911016,0.057717327682441,7.979667666915824e-05,0.007778268919098297,0.008278993967034267,0.0005007250479359699,28153.458246736,34014.469647052574,5861.011400316573,0.0006669691216446907,0.0013555347092652642,0.0006885655876205734,24981.12162141225,19397.521855277486,5583.599766134765,13498.522305046314,9765.563128218095,3732.959176828219,0.000545412610946958,0.0006565954100875987,0.00011118279914064074,0.00031215760152103277,0.00032946373733144926,1.7306135810416488e-05,0.0,0.0,0.0,0.0,0.0,0.0,0.0,0.0,0.0
0.47600000000000003,0.05827650248786139,0.05819968410022442,7.681838763697046e-05,0.008273277166594206,0.008764027581808814,0.0004907504152146074,23429.55881259962,14595.73494868547,8833.82386391415,0.0005721884368589293,0.0004671218659683643,0.00010506657089056498,22625.826429755394,14098.493675418966,8527.332754336428,12864.96723119602,9304.111034475907,3560.856196720113,0.000536645616552919,0.0004431133787361375,9.353223781678158e-05,0.00032136829598027603,0.0002759359760388742,4.543231994140186e-05,0.0,0.0,0.0,0.0,0.0,0.0,0.0,0.0,0.0
0.47700000000000004,0.05874607061661279,0.058672231123793495,7.383949281929841e-05,0.008746671123405374,0.009243242950289249,0.0004965718268838751,13553.810801436135,42808.28965204404,29254.478850607906,0.00040055284880695597,0.0017436983662032692,0.0013431455173963133,13545.668269753078,13868.383955394871,322.71568564179324,6649.013081161881,9687.431508414185,3038.4184272523044,0.00037472272192862996,0.0005479801824903825,0.00017325746056175254,0.00018623444323167951,0.00033879130716635996,0.00015255686393468045,0.0,0.0,0.0,0.0,0.0,0.0,0.0,0.0,0.0
0.47800000000000004,0.059205828745364335,0.0591349539105374,7.08748348269353e-05,0.009208922624561673,0.009707236051514,0.0004983134269523279,18641.891256345192,11188.37475947729,7453.516496867902,0.0004933193243084884,0.00037286076008126467,0.00012045856422722369,16355.133281680279,10678.10161757626,5677.031664104019,11404.689755767347,6907.679888377363,4497.009867389985,0.000429196145140401,0.0003447275540871055,8.446859105329553e-05,0.0002953838772925868,0.00022046085537615848,7.492302191642832e-05,0.0,0.0,0.0,0.0,0.0,0.0,0.0,0.0,0.0
0.47900000000000004,0.05965577687411599,0.059587880316044686,6.789655807130229e-05,0.00966710888860708,0.010155286030662463,0.0004881771420553842,24501.915069493,27103.75466477866,2601.839595285659,0.0005884622177326402,0.0011403277949799241,0.000551865577247284,23957.31820948603,18209.438040062003,5747.880169424028,15257.137961069031,9143.061966214964,6114.075994854067,0.0005398915051293662,0.0006629494394164152,0.00012305793428704897,0.0003574572876772184,0.00027620047802943325,8.125680964778516e-05,0.0,0.0,0.0,0.0,0.0,0.0,0.0,0.0,0.0
0.48000000000000004,0.06009591500286779,0.06003098351208156,6.493149078622834e-05,0.010085843679297338,0.010591290162448752,0.0005054464831514144,21380.41928778955,24642.63674834769,3262.2174605581386,0.000644141054910008,0.0009721513193492977,0.0003280102644392898,17484.901068870087,15571.513460141485,1913.3876087286026,11405.90564100643,11087.888348673961,318.01729233246806,0.0005223728955644869,0.00047420528596630744,4.81676095981795e-05,0.0002790898874614866,0.0003272645436962745,4.817465623478787e-05,0.0,0.0,0.0,0.0,0.0,0.0,0.0,0.0,0.0
0.48100000000000004,0.06052624313161969,0.060464289733684964,6.195339793472338e-05,0.010528091806711415,0.011045342656880073,0.000517250850168658,23421.31518945761,40951.45583982735,17530.14065036974,0.000700429635807195,0.0016857932751240734,0.0009853636393168785,16753.06019558407,24959.940962080458,8206.88076649639,6147.238227851304,10184.840829210361,4037.602601359057,0.0004831180382005975,0.0010559886489048603,0.0005728706107042628,0.00016949049399103485,0.00037328964525608463,0.00020379915126504978,0.0,0.0,0.0,0.0,0.0,0.0,0.0,0.0,0.0
0.48200000000000004,0.06094676126037173,0.06088777352871358,5.898773165815413e-05,0.010947234682150003,0.01145223194529749,0.0005049972631474865,20864.323536737014,20754.048870991675,110.27466574533901,0.0005136901575109759,0.0007251298802500235,0.00021143972273904765,20535.915953618733,19268.51559470475,1267.400358913983,13367.773344953086,9183.45169875014,4184.321646202947,0.0004885226856182487,0.0006149207481032995,0.00012639806248505078,0.000344158066891736,0.0003175470469282799,2.6611019963456134e-05,0.0,0.0,0.0,0.0,0.0,0.0,0.0,0.0,0.0
0.48300000000000004,0.0613574693891239,0.061301459869026104,5.600952009779392e-05,0.01134048960094468,0.01185797073292422,0.0005174811319795403,26675.07022454287,20855.716229460824,5819.353995082045,0.0005984315020522177,0.0007213142356285864,0.00012288273357636875,26397.22568032346,20632.29975669728,5764.925923626179,13176.095123424768,8464.017455411067,4712.0776680137005,0.0005969413882878117,0.0005930821802403319,3.859208047479789e-06,0.0003174583266571868,0.0002642672511890714,5.319107546811544e-05,0.0,0.0,0.0,0.0,0.0,0.0,0.0,0.0,0.0
0.48400000000000004,0.06175836751787618,0.061705335676838974,5.303184103720715e-05,0.011753399836561583,0.012260576269355665,0.0005071764327940816,15512.91215143411,33901.849712989686,18388.937561555576,0.00037077333377290495,0.0014226520103184936,0.0010518786765455887,12470.034187324347,24982.821652170143,12512.787464845796,7272.810486489169,10146.207482056447,2873.3969955672774,0.000300670905459312,0.0005990128577225981,0.0002983419522632861,0.00018107037680199415,0.0002858485031653046,0.00010477812636331047,0.0,0.0,0.0,0.0,0.0,0.0,0.0,0.0,0.0
0.48500000000000004,0.062149455646628556,0.062099389917286876,5.0065729341679244e-05,0.012158111684259678,0.01266205592346725,0.0005039442392075731,19443.95901343889,15515.058372510735,3928.9006409281537,0.0004425080872644131,0.0006214403312658281,0.00017893224400141507,18207.24410223337,15065.255412983623,3141.988689249747,7849.108444307066,7648.344714937505,200.76372936956068,0.0004067080024340004,0.0005444620330660636,0.00013775403063206315,0.00020436888755655223,0.00029966278192844405,9.529389437189182e-05,0.0,0.0,0.0,0.0,0.0,0.0,0.0,0.0,0.0
0.48600000000000004,0.06253073377538104,0.06248364549663499,4.70882787460547e-05,0.012539225279961576,0.01306195799610891,0.0005227327161473339,34192.59093544863,30977.896779024275,3214.6941564243534,0.0008072696810767087,0.0012260021464021741,0.00041873246532546544,30702.888387327617,15883.283950792393,14819.604436535225,13793.127445037891,7623.24024576324,6169.887199274652,0.0007185476600646047,0.0005245403703863201,0.00019400728967828456,0.0003394679523057075,0.0002463319681558153,9.313598414989222e-05,0.0,0.0,0.0,0.0,0.0,0.0,0.0,0.0,0.0
0.48700000000000004,0.06290220190413359,0.062858079814187,4.412208994658551e-05,0.012922418599179464,0.013435879337644742,0.0005134607384652771,25760.93214479834,26005.204922712488,244.27277791414963,0.0006115525756149499,0.0008651027222232367,0.0002535501466082868,25219.137904839,18589.950136254498,6629.187768584503,12199.744120599411,10280.2080268242,1919.5360937752102,0.0005998291493540871,0.0005646233279287439,3.5205821425343176e-05,0.0003115356470085252,0.00034614793067850436,3.461228366997916e-05,0.0,0.0,0.0,0.0,0.0,0.0,0.0,0.0,0.0
0.48800000000000004,0.06326386003288624,0.0632227152099204,4.114482296584121e-05,0.013262300954745137,0.013786457390516258,0.0005241564357711219,17237.401584959094,37224.91330549194,19987.511720532842,0.0004913389025947859,0.0015250097656882328,0.001033670863093447,14687.548162900373,24464.493595251915,9776.945432351542,6490.21859949952,10781.079814331615,4290.861214832095,0.0004032256836046749,0.0006069493108981464,0.0002037236272934715,0.00017923232429462678,0.00034294113658404245,0.00016370881228941567,0.0,0.0,0.0,0.0,0.0,0.0,0.0,0.0,0.0
0.48900000000000005,0.063615708161639,0.06357752981275828,3.817834888071581e-05,0.013599896552123276,0.01414285971545093,0.000542963163327654,21436.301496612217,14522.131754485028,6914.169742127189,0.00048517973670142916,0.0006205409997530886,0.00013536126305165947,21086.84093644518,11739.45321276725,9347.38772367793,10899.207090353082,8053.095217382708,2846.111872970374,0.00048426477570997166,0.0004946224236625145,1.0357647952542813e-05,0.0002616903855323978,0.0002775109634110565,1.582057787865871e-05,0.0,0.0,0.0,0.0,0.0,0.0,0.0,0.0,0.0
0.49000000000000005,0.06395774629039182,0.06392254491509623,3.520137529558487e-05,0.013959839967438138,0.0144972852801487,0.0005374453127105615,26630.062316461943,41263.4164050901,14633.354088628159,0.0006141320902814079,0.0015870034612956885,0.0009728713710142806,25736.982544838607,12184.747634180274,13552.234910658333,14030.80505027412,9528.918802434142,4501.886247839979,0.0005672758292293909,0.0004331492647546085,0.00013412656447478238,0.000327708720195311,0.00027752673530789075,5.018198488742026e-05,0.0,0.0,0.0,0.0,0.0,0.0,0.0,0.0,0.0
0.49100000000000005,0.06428997441914472,0.06425774984103154,3.222457811317969e-05,0.014282947540308377,0.014820242179545768,0.0005372946392373911,16935.83068303439,20189.912046599326,3254.0813635649356,0.0005085759972280815,0.0008420970164798779,0.00033352101925179637,16251.957230757398,15859.20592263537,392.7513081220277,10542.531460300339,11075.04807275537,532.5166124550306,0.00038711638052085204,0.0005965335112441303,0.00020941713072327822,0.00028082151580967725,0.0003804863314229676,9.966481561329035e-05,0.0,0.0,0.0,0.0,0.0,0.0,0.0,0.0,0.0
0.49200000000000005,0.06461239254789769,0.06458313503595148,2.92575119462124e-05,0.014607645852938285,0.01514600377090363,0.0005383579179653458,13419.60889569112,28640.979807071926,15221.370911380805,0.00039902450858533427,0.0012165969019953865,0.0008175723934100523,12155.388230366507,19331.558361344552,7176.170130978046,7289.442711474775,7413.854839089345,124.41212761456973,0.00038363099344228247,0.0007228418804373708,0.0003392108869950883,0.00020824244173921625,0.00021872264466119538,1.0480202921979128e-05,0.0,0.0,0.0,0.0,0.0,0.0,0.0,0.0,0.0
0.49300000000000005,0.06492500067665076,0.06489871964249683,2.628103415393268e-05,0.014933543063113449,0.015461763541689096,0.0005282204785756472,25522.327073374636,17414.946647174424,8107.380426200212,0.0007757546838621304,0.0007551276919658776,2.0626991896252785e-05,18850.63952050819,16955.13729201785,1895.502228490339,14015.14369567879,6803.26720744124,7211.876488237549,0.0004444041841400345,0.0006664106968886889,0.00022200651274865437,0.0003493695531862233,0.00022701285839660934,0.00012235669478961398,0.0,0.0,0.0,0.0,0.0,0.0,0.0,0.0,0.0
0.49400000000000005,0.06522779880540387,0.06520448520979809,2.3313595605783943e-05,0.015230069687396907,0.015776353024660444,0.0005462833372635364,21919.397028454336,21036.082892936804,883.3141355175321,0.0004688343488583285,0.0008955663723002117,0.0004267320234418832,21576.161927523564,18680.199255700973,2895.962671822592,14031.389332551274,10779.669069566029,3251.7202629852454,0.00046350200357999754,0.000699679733637457,0.00023617773005745949,0.0003292397103823589,0.0003112789459814251,1.7960764400933797e-05,0.0,0.0,0.0,0.0,0.0,0.0,0.0,0.0,0.0
0.49500000000000005,0.06552078693415705,0.065500449893897,2.033704026005445e-05,0.015531298750269248,0.016082402987106035,0.0005511042368367865,19245.64249912801,34475.58489006135,15229.942390933338,0.000568131824901764,0.001296207504512729,0.0007280756796109651,12452.869338158647,17463.322840758443,5010.453502599796,7621.054948091947,11528.678663342245,3907.623715250298,0.00037155619460146417,0.000620955060653807,0.00024939886605234286,0.00021061738961031487,0.00040521382206272304,0.00019459643245240817,0.0,0.0,0.0,0.0,0.0,0.0,0.0,0.0,0.0
0.49600000000000005,0.0658039650629103,0.06578659567883419,1.736938407610744e-05,0.015805267077534258,0.01634905250334742,0.0005437854258131605,13910.07310487775,18681.567618819055,4771.494513941305,0.0004074893042450606,0.0007238647425472058,0.00031637543830214515,13893.591381001215,15723.298955010525,1829.7075740093096,8952.915867843412,8280.003150516271,672.9127173271409,0.00033933274529658646,0.0005229977982241676,0.00018366505292758117,0.00023127956073599052,0.00030648702407902624,7.520746334303572e-05,0.0,0.0,0.0,0.0,0.0,0.0,0.0,0.0,0.0
0.49700000000000005,0.06607733319166358,0.06606293987257898,1.4393319084593514e-05,0.016055315200979886,0.016617405686256023,0.0005620904852761364,26215.853774303087,32481.008508936644,6265.154734633557,0.0005910215864706348,0.001364758530819705,0.0007737369443490702,25272.477234931222,24053.691963422454,1218.7852715087683,14606.945552636435,8825.77992674688,5781.165625889555,0.0005839072066650355,0.0007150046871889163,0.00013109748052388083,0.0003639872308973935,0.00031346512338685517,5.052210751053834e-05,0.0,0.0,0.0,0.0,0.0,0.0,0.0,0.0,0.0
0.49800000000000005,0.06634089132041691,0.06632947399915388,1.1417321263029745e-05,0.016337557188725444,0.01689150699740963,0.0005539498086841871,19264.040962033647,27399.64851282625,8135.607550792603,0.0004609703845500343,0.0008964523957527656,0.0004354820112027313,18319.190563037166,19592.72500395838,1273.5344409212157,10810.778691237681,9768.452698683535,1042.325992554146,0.0004176787693346341,0.0007527466903231221,0.00033506792098848804,0.00024923886917670553,0.00027848956678462486,2.9250697607919327e-05,0.0,0.0,0.0,0.0,0.0,0.0,0.0,0.0,0.0
0.49900000000000005,0.06659463944917031,0.06658619029919755,8.449149972764025e-06,0.016600453875120765,0.017154386773309,0.0005539328981882356,15034.461162197418,29868.618917056676,14834.157754859258,0.000418418443407375,0.0012789149434222716,0.0008604965000148967,9540.920336311861,17802.707526366292,8261.78719005443,5487.629744837791,8200.353510937563,2712.7237660997716,0.0002711420426393238,0.0006555833051999383,0.0003844412625606145,0.00014797675754576092,0.00026490145616573366,0.00011692469861997274,0.0,0.0,0.0,0.0,0.0,0.0,0.0,0.0,0.0
0.5,0.06683857757792373,0.06683312300452711,5.4545733966238075e-06,0.016842826931999504,0.01740139595,0.0005585690180004953,39633.698386326476,30483.40075,9150.297636326475,0.0010487092869446543,0.001173037393,0.00012432810605534565,28704.310488211817,14692.901172,14011.409316211817,10736.14846622535,6965.994517463226,3770.153948762124,0.0006552864911504759,0.0005218460135399999,0.00013344047761047599,0.00026759546660261833,0.0002713931833254946,3.7977167228762433e-06,0.0,0.0,0.0,0.0,0.0,0.0,0.0,0.0,0.0
0.501,0.06707270570667721,0.06707020080628327,2.504900393940357e-06,0.017091965522896584,0.01764388122235915,0.0005519156994625643,31116.100006193272,22522.119496313288,8593.980509879984,0.0007625290990241045,0.0008594515986769936,9.69224996528891e-05,29930.148162175854,21394.144296205028,8536.003865970826,14702.036291917451,10300.702890745011,4401.33340117244,0.0007387870575887555,0.0008389032676609131,0.00010011621007215761,0.0003711410510556694,0.0003513763087029006,1.9764742352768798e-05,0.0,0.0,0.0,0.0,0.0,0.0,0.0,0.0,0.0
0.502,0.06729702383543071,0.0672974947221002,4.708866694902447e-07,0.017292083137645964,0.017861495607268955,0.0005694124696229916,20920.48058542495,25142.764802939597,4222.284217514647,0.0006574257058464593,0.0007800681873233249,0.0001226424814768656,19787.410774279684,24033.38671142073,4245.975937141047,8618.401850193452,10363.920744130859,1745.5188939374075,0.0004803204868197124,0.0006623692039480818,0.0001820487171283694,0.00021945591876707443,0.00032850752390465633,0.0001090516051375819,0.0,0.0,0.0,0.0,0.0,0.0,0.0,0.0,0.0
0.503,0.06751153196418426,0.06751497820248636,3.446238302104443e-06,0.017507823910516307,0.018093533584900533,0.0005857096743842258,13665.221052937235,35200.5379156929,21535.316862755662,0.00037337936155198075,0.0011856084613857552,0.0008122290998337745,13447.44916153123,21732.24554200415,8284.79638047292,7170.829347403117,7506.821636858528,335.9922894554111,0.0003677843727394067,0.0006771076012672177,0.000309323228527811,0.00020241445142642238,0.0002497503042699246,4.733585284350222e-05,0.0,0.0,0.0,0.0,0.0,0.0,0.0,0.0,0.0
0.504,0.06771623009293783,0.06772266488664866,6.434793710832776e-06,0.01771591053651104,0.01829570546569298,0.0005797949291819413,26523.2246572195,28008.135982959408,1484.9113257399076,0.000634232748337859,0.0011541125101001792,0.0005198797617623202,26299.760669165524,18777.267159706073,7522.493509459451,13012.594168729223,8421.500378274613,4591.09379045461,0.0005739214224260958,0.000693931841628643,0.00012001041920254728,0.0003029191245736107,0.0002870949274453722,1.582419712823854e-05,0.0,0.0,0.0,0.0,0.0,0.0,0.0,0.0,0.0
0.505,0.06791111822169141,0.06792052845593108,9.41023423967069e-06,0.01789225026877844,0.018472546951174004,0.0005802966823955646,22166.836737365895,32298.059413284074,10131.22267591818,0.0004892138220952944,0.001345813604151294,0.0008565997820559997,21269.47368234546,15407.309457467722,5862.164224877737,12776.887541913,9355.691230387618,3421.196311525382,0.00048177294761451696,0.0006688787983202377,0.00018710585070572078,0.0003094049412792587,0.000291871204932231,1.75337363470277e-05,0.0,0.0,0.0,0.0,0.0,0.0,0.0,0.0,0.0
0.506,0.06809619635044505,0.0681085560048439,1.2359654398858e-05,0.018083520055758622,0.01866992544630306,0.0005864053905444387,26673.605148543556,21087.37355182192,5586.231596721638,0.0006967310236256332,0.0008280585044986111,0.00013132748087297792,14872.385519499388,19419.46903334115,4547.083513841761,7007.065173684052,9336.013530013435,2328.9483563293834,0.0004362080881932861,0.0007736221533201214,0.0003374140651268353,0.00018140792256485745,0.0003096873410252752,0.00012827941846041773,0.0,0.0,0.0,0.0,0.0,0.0,0.0,0.0,0.0
0.507,0.0682714644791987,0.06828679931947079,1.5334840272093753e-05,0.018279388079752407,0.018849720861070566,0.0005703327813181593,22181.145344476605,26147.862014191964,3966.716669715359,0.0006318230469714452,0.0010479173128123166,0.00041609426584087144,16215.571858795854,25099.08532952208,8883.513470726226,11775.968034758453,6890.683301312221,4885.284733446231,0.00045957560747860425,0.0008553361287648504,0.00039576052128624615,0.0003136449705421544,0.00023759403429255815,7.605093624959628e-05,0.0,0.0,0.0,0.0,0.0,0.0,0.0,0.0,0.0
0.508,0.06843692260795237,0.06845524769982451,1.832509187214837e-05,0.018438965365204136,0.01902655807326588,0.0005875927080617425,30337.139556634098,15275.814731111288,15061.32482552281,0.0007486628262195383,0.0006233703066018119,0.0001252925196177264,21347.312171303485,13820.718748255227,7526.593423048258,15023.516636497778,9616.162995928033,5407.353640569745,0.00045567080967080884,0.0005690146472028964,0.00011334383753208754,0.0003485658934750395,0.0003026960646896707,4.5869828785368816e-05,0.0,0.0,0.0,0.0,0.0,0.0,0.0,0.0,0.0
0.509,0.06859257073670605,0.06861387079296274,2.130005625669562e-05,0.01860771169255161,0.019187954434615694,0.0005802427420640854,16471.19237432408,17720.865848036436,1249.6734737123552,0.0004317890125994071,0.0005319271751061783,0.00010013816250677122,15097.770708736567,17039.559714170056,1941.7890054334894,10640.673600646625,11655.4079930288,1014.7343923821754,0.00036854662051248236,0.0005026867329862936,0.00013414011247381128,0.0002601643272468171,0.00035436284251015956,9.419851526334245e-05,0.0,0.0,0.0,0.0,0.0,0.0,0.0,0.0,0.0
0.51,0.06873840886545973,0.06876265811723674,2.4249251777005987e-05,0.018736630023003076,0.01932094464303358,0.0005843146200305051,18533.33204588384,30583.381973566473,12050.049927682634,0.0005549818812237086,0.0012979686761875077,0.0007429867949637992,18010.777810175034,14283.534041379184,3727.24376879585,7249.7988690707,11510.580779425987,4260.781910355287,0.0004650543838209845,0.0005826709970674826,0.00011761661324649809,0.00019833551423237956,0.00039908498798636645,0.0002007494737539869,0.0,0.0,0.0,0.0,0.0,0.0,0.0,0.0,0.0
0.511,0.06887443699421346,0.06890166088339134,2.7223889177876992e-05,0.018860062965868174,0.019461523690796463,0.0006014607249282891,20402.73620764221,38349.52968766121,17946.793480019,0.0005388345596228155,0.0014979607847280243,0.0009591262251052088,19918.782410625332,17475.010628592696,2443.771782032636,13164.877187861084,7438.6507738282435,5726.226414032841,0.0004966876850631581,0.0006938882304708734,0.00019720054540771532,0.0003459624411311555,0.00027189461494953027,7.406782618162521e-05,0.0,0.0,0.0,0.0,0.0,0.0,0.0,0.0,0.0
0.512,0.06900065512296719,0.06903085324398558,3.0198121018398805e-05,0.01900069257671154,0.019600726943985833,0.0006000343672742936,22754.160630347345,26105.012019149486,3350.8513888021407,0.0005045247156456258,0.001090013774589508,0.0005854890589438821,22191.00652156969,16980.920490419845,5210.086031149844,13629.144510432163,8403.833931935656,5225.310578496506,0.0004897828300571781,0.0005708049276582311,8.102209760105304e-05,0.0003178385174978813,0.0002654550330432976,5.2383484454583684e-05,0.0,0.0,0.0,0.0,0.0,0.0,0.0,0.0,0.0
0.513,0.06911706325172094,0.06915025348054699,3.319022882604383e-05,0.019121926799924863,0.01971158888790585,0.0005896620879809883,18896.49743645739,23055.14603148458,4158.648595027189,0.0005835363800191139,0.00089205550547242,0.0003085191254533061,14260.772469646916,22013.657270317854,7752.884800670938,8983.735096110608,10346.46338144315,1362.7282853325432,0.00042914529156520994,0.0005596349347892206,0.00013048964322401064,0.0002150105690562692,0.00029967496526321635,8.466439620694716e-05,0.0,0.0,0.0,0.0,0.0,0.0,0.0,0.0,0.0
0.514,0.0692236613804747,0.06925982590656282,3.6164526088122706e-05,0.01922466517866022,0.019821456934835408,0.0005967917561751877,24317.32070425043,36647.12367855538,12329.802974304948,0.0005500280623944778,0.0014378198150951141,0.0008877917527006364,24053.958229460426,12538.009776930414,11515.948452530012,8456.86532396105,7680.8787879533165,775.9865360077338,0.0005447882487515263,0.0005424877665130629,2.3004822384633562e-06,0.00021180025630536907,0.00028582904666783917,7.40287903624701e-05,0.0,0.0,0.0,0.0,0.0,0.0,0.0,0.0,0.0
0.515,0.06932044950922849,0.06935956286452634,3.911335529785398e-05,0.01933464934547419,0.019930859816084667,0.0005962104706104775,27457.180872948287,19659.18276099957,7797.9981119487165,0.0006469617340686078,0.0008241198246253797,0.0001771580905567719,26415.63406538056,13195.418279879668,13220.215785500892,13435.101577027535,8174.2990265489625,5260.802550478573,0.0006261167199621746,0.0005358978599051968,9.021886005697788e-05,0.00033701320283946657,0.0002706460944813527,6.636710835811389e-05,0.0,0.0,0.0,0.0,0.0,0.0,0.0,0.0,0.0
0.516,0.06940742763798224,0.0694495149315823,4.208729360005714e-05,0.019415038084117164,0.020020673197134034,0.0006056351130168704,23011.81785398095,30377.807883606518,7365.990029625569,0.0005718327609171165,0.0009940423604674314,0.0004222095995503149,22722.867609723835,29995.677623528347,7272.810013804512,12651.386175629747,10825.250889758383,1826.1352858713635,0.0005262112313155974,0.000988571858470934,0.00046236062715533665,0.0003047360982065373,0.0003635907441922778,5.885464598574049e-05,0.0,0.0,0.0,0.0,0.0,0.0,0.0,0.0,0.0
0.517,0.06948459576673603,0.06952965665845226,4.506089171622818e-05,0.0194904699441513,0.020116102955222148,0.0006256330110708495,26276.02014376043,35299.31983976488,9023.299696004451,0.0007667976058205099,0.0010434341317849098,0.0002766365259643999,18414.60289937406,28874.321756618734,10459.718857244676,7497.347215362876,9624.3960130792,2127.048797716324,0.00046529261185504153,0.0009758556381897333,0.0005105630263346918,0.000205543423315587,0.0002962953952387274,9.075197192314041e-05,0.0,0.0,0.0,0.0,0.0,0.0,0.0,0.0,0.0
0.518,0.06955195389548982,0.0696000088171816,4.805492169178416e-05,0.01955183274974019,0.020165498648449742,0.0006136658987095506,18861.315135168672,32356.59401587676,13495.278880708087,0.0004125450304174849,0.0012328230580067733,0.0008202780275892884,18580.361930047373,22776.7385330754,4196.376603028028,10255.744901925398,6482.605774028799,3773.1391278965993,0.0004070709366512851,0.0009575007391520693,0.0005504298025007842,0.0002527039465696735,0.000223785185056675,2.8918761512998503e-05,0.0,0.0,0.0,0.0,0.0,0.0,0.0,0.0,0.0
0.519,0.06960950202424361,0.06966050562608567,5.100360184205621e-05,0.019589373729334725,0.020220746861066813,0.0006313731317320881,29771.9344189612,17728.546485677492,12043.387933283706,0.0006658705814859791,0.0007675848320914321,0.00010171425060545298,27734.20750662849,17505.473287611836,10228.734219016653,13293.4252247991,8618.509313095456,4674.915911703645,0.0006305602434920596,0.0006280995048870865,2.4607386049731086e-06,0.0003169176198330804,0.00026190971588116414,5.500790395191629e-05,0.0,0.0,0.0,0.0,0.0,0.0,0.0,0.0,0.0
0.52,0.06965724015299742,0.06971121730737416,5.397715437674422e-05,0.019643487786740247,0.020275929350359826,0.000632441563619579,21968.490802012555,24881.060513805744,2912.5697117931886,0.0005427470135838396,0.0009684177215130501,0.00042567070792921054,21038.952336539434,15474.441804680286,5564.510531859149,11167.811827819221,11432.550113363852,264.73828554463034,0.0005030943727198652,0.0005610303856641613,5.79360129442961e-05,0.00027834080454893384,0.0003966716607561274,0.00011833085620719356,0.0,0.0,0.0,0.0,0.0,0.0,0.0,0.0,0.0
0.521,0.06969516828175122,0.06975211863765218,5.6950355900961536e-05,0.01969703263719949,0.020315755862323915,0.0006187232251244242,22872.188512963403,20238.365367719547,2633.823145243856,0.0006233180744262852,0.0008599899489061499,0.00023667187447986464,22542.155363079728,15820.032269140604,6722.123093939124,8995.871294887767,7138.45925915078,1857.4120357369875,0.0006051152386413475,0.0004370038539605089,0.0001681113846808386,0.00025011328559943624,0.00021925165006045816,3.086163553897808e-05,0.0,0.0,0.0,0.0,0.0,0.0,0.0,0.0,0.0
0.522,0.06972328641050503,0.06978323246452124,5.9946054016213335e-05,0.019723194163422293,0.02035006925318287,0.0006268750897605764,20256.84462858022,18230.805946485332,2026.038682094888,0.0004940195187376621,0.0007746867652227103,0.00028066724648504815,17911.31384990339,16777.121445035136,1134.1924048682522,14344.518690105035,7451.034094887167,6893.4845952178675,0.0004865703794408349,0.0006614531447204986,0.0001748827652796637,0.0003523798391175949,0.0002576855156118011,9.469432350579381e-05,0.0,0.0,0.0,0.0,0.0,0.0,0.0,0.0,0.0
0.523,0.06974159453925884,0.06980451380132391,6.291926206507259e-05,0.019750889509067452,0.020370601112505642,0.0006197116034381903,23332.224734751522,23172.508104255696,159.7166304958264,0.0005216856558405512,0.0009267118710284375,0.00040502621518788634,21397.10882146455,21398.26947775649,1.1606562919405405,14035.681641970648,10509.372972437457,3526.3086695331913,0.0005101302938924494,0.0007445112648132456,0.0002343809709207962,0.0003241755350337891,0.00030118109138019885,2.299444365359024e-05,0.0,0.0,0.0,0.0,0.0,0.0,0.0,0.0,0.0
0.524,0.06975009266801264,0.06981596027880445,6.586761079180325e-05,0.01975047352441943,0.020377177780928884,0.0006267042565094548,27759.528791247863,46317.45688127661,18557.928090028745,0.0008393130282037159,0.001927570592982392,0.0010882575647786761,12753.126363927606,17541.782865438472,4788.656501510866,8958.43384243273,12027.803819835639,3069.3699774029083,0.0003544222057625092,0.0006994181722458782,0.000344995966483369,0.00022056000875378967,0.00039827520405276683,0.00017771519529897716,0.0,0.0,0.0,0.0,0.0,0.0,0.0,0.0,0.0
0.525,0.06974878079676648,0.0698176213004492,6.88405036827211e-05,0.019740759605732218,0.02038559964478898,0.000644840039056762,20367.807126013027,17800.560663917822,2567.246462095205,0.0005005565410439592,0.0006971115498961673,0.0001965550088522081,19575.29850656174,17127.863978194895,2447.4345283668445,9424.680568518259,8217.801223932991,1206.879344585268,0.0004924849961757898,0.0006868792331942795,0.00019439423701848966,0.00025189604636800594,0.00029121205670236264,3.93160103343567e-05,0.0,0.0,0.0,0.0,0.0,0.0,0.0,0.0,0.0
0.526,0.0697376589255203,0.06980947193919636,7.181301367606419e-05,0.019743622832668714,0.02038040767852894,0.000636784845860227,20619.078826082212,22628.31289307149,2009.2340669892765,0.0005101695759110028,0.0009495579512464282,0.00043938837533542537,20487.636771080608,19287.600667823514,1200.0361032570945,14035.873096164254,9520.686581166397,4515.186514997857,0.0004986545035242827,0.0007045334798436657,0.00020587897631938303,0.0003538006581280148,0.00035213685002189024,1.6638081061245524e-06,0.0,0.0,0.0,0.0,0.0,0.0,0.0,0.0,0.0
0.527,0.06971672705427413,0.06979153768863743,7.48106343632926e-05,0.019711384410685262,0.020342340881159146,0.000630956470473884,17236.99246831833,35114.637402546585,17877.644934228254,0.00038424099361900787,0.0011747086251751363,0.0007904676315561284,16696.82904729203,22498.746234488208,5801.917187196177,11879.319747755424,9239.993062281977,2639.3266854734466,0.0003731708194575179,0.0004994968259218105,0.00012632600646429265,0.00026941255071975736,0.0002590436634514342,1.0368887268323178e-05,0.0,0.0,0.0,0.0,0.0,0.0,0.0,0.0,0.0
0.528,0.06968598518302793,0.06976376831562614,7.778313259820813e-05,0.019679704328238616,0.020327853522980943,0.0006481491947423271,15335.048283185748,36972.51818059956,21637.469897413812,0.00039727407767201127,0.0013995731641046653,0.001002299086432654,15206.843539656575,15587.145686634314,380.30214697773954,8535.074588884647,8552.70644586375,17.63185697910376,0.000390880591582222,0.0004360261150055799,4.5145523423357895e-05,0.00021238347525056347,0.00026512572800444845,5.274225275388498e-05,0.0,0.0,0.0,0.0,0.0,0.0,0.0,0.0,0.0
0.529,0.06964543331178179,0.0697261644833544,8.073117157261778e-05,0.019661279084856025,0.020291612738067226,0.0006303336532112007,24305.445047403355,14624.078123096635,9681.36692430672,0.0005289437794805026,0.0006268092419779273,9.786546249742462e-05,23722.279444213178,12419.619327300128,11302.66011691305,10872.156520758745,8138.611738431363,2733.5447823273817,0.0005219593482810109,0.0005293635618924407,7.404213611429786e-06,0.00027802173088973094,0.00028607199237190974,8.050261482178797e-06,0.0,0.0,0.0,0.0,0.0,0.0,0.0,0.0,0.0
0.53,0.0695950714405356,0.06967877483110747,8.370339057187093e-05,0.019605171234766995,0.020253332465346816,0.0006481612305798204,35765.84913168757,27107.92982287136,8657.919308816214,0.0009807671184694675,0.001004419308158689,2.3652189689221453e-05,23255.689062951893,22183.62373197684,1072.0653309750523,14218.598875807778,10703.39952346674,3515.1993523410383,0.0005223529924691931,0.0007120643194242114,0.00018971132695501825,0.00035408254662578503,0.00037686834032971594,2.2785793703930914e-05,0.0,0.0,0.0,0.0,0.0,0.0,0.0,0.0,0.0
0.531,0.06953489956928945,0.06962157482449437,8.667525520492103e-05,0.019549652588868257,0.02020326181703082,0.0006536092281625647,18393.90209611225,39211.02706583109,20817.12496971884,0.00046032987133280906,0.0015007525589087183,0.0010404226875759092,18306.485867590112,31620.554788931542,13314.06892134143,10092.25328126297,9960.733744115383,131.51953714758747,0.00045964105149750597,0.0009196041409305856,0.0004599630894330797,0.0002421526725326329,0.00031081994260728893,6.866727007465604e-05,0.0,0.0,0.0,0.0,0.0,0.0,0.0,0.0,0.0
0.532,0.0694649176980433,0.06955459248621054,8.967478816723773e-05,0.01946939676036497,0.020122242537438207,0.0006528457770732382,17302.05486983632,24224.239007809872,6922.184137973552,0.00045718821840742493,0.0007290896077365895,0.00027190138932916457,16966.588393864935,23249.608329913794,6283.019936048859,8151.773751038244,8756.531707219534,604.75795618129,0.0004317053716601926,0.0006314427301694325,0.0001997373585092399,0.00022360619219418697,0.0002908318235047453,6.722563131055835e-05,0.0,0.0,0.0,0.0,0.0,0.0,0.0,0.0,0.0
0.533,0.06938512582679716,0.06947774847786033,9.262265106316225e-05,0.01936781000869626,0.020045296794030738,0.000677486785334476,28585.181030487693,32456.4450859641,3871.2640554764075,0.0006568269155640045,0.0013786247609133963,0.0007217978453493918,27742.281891717248,15870.911078459463,11871.370813257785,11660.290835078347,9407.49848109125,2252.792353987097,0.0006249714597678107,0.000393264235211914,0.00023170722455589671,0.0002735430291101213,0.00031000599474548295,3.6462965635361674e-05,0.0,0.0,0.0,0.0,0.0,0.0,0.0,0.0,0.0
0.534,0.06929552395555102,0.06939111842812065,9.559447256962672e-05,0.019285886428374237,0.01996148892028854,0.0006756024919143018,24569.033338475634,19702.90886928726,4866.124469188373,0.0005981890113835151,0.0008429635658097332,0.00024477455442621816,23796.175689583655,13548.174767173408,10248.000922410247,12903.379032638755,9084.34760067361,3819.031431965146,0.0005790725616330054,0.00041200991662530465,0.00016706264500770078,0.0003068267705053109,0.0002947975051409281,1.2029265364382747e-05,0.0,0.0,0.0,0.0,0.0,0.0,0.0,0.0,0.0
0.535,0.0691961120843049,0.06929467798292806,9.85658986231569e-05,0.019195137579350173,0.019857449623611828,0.0006623120442616551,18522.078316326755,29817.217653697644,11295.139337370889,0.00042715127233554676,0.0012793519430727538,0.000852200670737207,18078.634603320093,15524.37175878631,2554.262844533783,9447.360750828711,10172.739648393723,725.3788975650114,0.0004235441679850887,0.0005151394968550653,9.159532886997659e-05,0.000243739209097429,0.00032531638380839617,8.157717471096718e-05,0.0,0.0,0.0,0.0,0.0,0.0,0.0,0.0,0.0
0.536,0.0690868902130588,0.06918845732797402,0.00010156711491521309,0.01907722159974742,0.01974831564242908,0.0006710940426816608,16919.271508984144,16591.59027642817,327.6812325559731,0.000463796562033026,0.0006892285546276583,0.0002254319925946323,16918.7747356777,10580.060254443459,6338.714481234241,11561.804748343853,7604.24412429406,3957.5606240497928,0.00045625926138365846,0.0004095652803383084,4.669398104535004e-05,0.00031187887970249485,0.0002652212288951845,4.665765080731036e-05,0.0,0.0,0.0,0.0,0.0,0.0,0.0,0.0,0.0
0.537,0.06896785834181267,0.06907239691606563,0.00010453857425296587,0.01897503001761596,0.019640315651498395,0.0006652856338824342,37791.97486129384,48783.88879922702,10991.913937933175,0.0010765999541388544,0.001872749973641724,0.0007961500195028696,20933.15955795894,18333.76082116665,2599.3987367922928,13964.272626465114,8801.483689350369,5162.788937114745,0.0004484807041653443,0.0005846167920071471,0.00013613608784180276,0.00032466458548376456,0.000269710117372953,5.495446811081158e-05,0.0,0.0,0.0,0.0,0.0,0.0,0.0,0.0,0.0
0.538,0.06883901647056659,0.06894650257335197,0.00010748610278538129,0.01884042064162076,0.01951004855836562,0.0006696279167448596,14777.155393530345,24497.788638452315,9720.63324492197,0.00043083533506029745,0.0009598702641711792,0.0005290349291108818,14514.870097225754,21324.077965639513,6809.20786841376,12029.048313285366,11354.665102731222,674.3832105541442,0.0003976615296603588,0.0007357379670844718,0.000338076437424113,0.00028030644920349826,0.00033248771598691853,5.218126678342027e-05,0.0,0.0,0.0,0.0,0.0,0.0,0.0,0.0,0.0
0.539,0.0687003645993205,0.06881082182846944,0.00011045722914894418,0.018702218676324513,0.0193863787384462,0.0006841600621216859,20851.777299904035,23983.651943478886,3131.874643574851,0.0005519374177219511,0.001008728605463864,0.00045679118774191285,18395.37564748235,19256.495423104763,861.1197756224137,9053.345359230238,11151.83785553958,2098.4924963093417,0.0005167898522191354,0.0007674946285599711,0.0002507047763408357,0.00022747671764588288,0.00037639042535907977,0.00014891370771319689,0.0,0.0,0.0,0.0,0.0,0.0,0.0,0.0,0.0
0.54,0.06855190272807445,0.06866533072733787,0.00011342799926342129,0.018554256828662206,0.019230304739565548,0.0006760479109033414,18992.511916010273,15786.474396523854,3206.037519486419,0.00045793784171813584,0.0006568151132792658,0.00019887727156112995,18909.38921616172,13909.40172646929,4999.987489692428,11715.953506442505,8077.897379536497,3638.056126906008,0.00044490218468087574,0.0005552039107372208,0.00011030172605634502,0.0003218211173646583,0.0002997556838432495,2.2065433521408807e-05,0.0,0.0,0.0,0.0,0.0,0.0,0.0,0.0,0.0
0.541,0.06839363085682838,0.06851006194598441,0.00011643108915602995,0.01837932104184066,0.019063633650996645,0.0006843126091559855,19961.15563957411,28835.312218666557,8874.156579092447,0.000430052582627782,0.0012136046470038412,0.0007835520643760592,19532.986211570224,17544.820738267284,1988.165473302939,12709.678762453386,8400.099257276162,4309.579505177224,0.0004276001646288181,0.0005393415327018916,0.00011174136807307354,0.0002939090622418711,0.00027183782710903185,2.2071235132839224e-05,0.0,0.0,0.0,0.0,0.0,0.0,0.0,0.0,0.0
0.542,0.06822554898558235,0.06834492745676127,0.00011937847117891864,0.018214081997291142,0.018907057018951113,0.0006929750216599709,15071.031462515895,33025.94091063349,17954.9094481176,0.0003724664673317958,0.0011696415254450994,0.0007971750581133037,14497.937457232074,19456.87424985994,4958.936792627865,10150.88457281988,10267.97797966978,117.09340684990093,0.0003710040249159196,0.0005000214194471424,0.00012901739453122278,0.0002450658031561124,0.00029261775847336263,4.7551955317250226e-05,0.0,0.0,0.0,0.0,0.0,0.0,0.0,0.0,0.0
0.543,0.06804765711433636,0.06817000631116095,0.0001223491968245921,0.018057266421663592,0.018730968984221785,0.0006737025625581927,22690.413513042786,23179.922910465815,489.50939742302944,0.0005102719649739242,0.0009900923863890203,0.0004798204214150961,22507.93686734144,15060.929538905191,7447.007328436248,9483.250849059388,7932.165397347464,1551.0854517119242,0.0005061307567904498,0.0004768536368556582,2.927711993479156e-05,0.0002344789909879095,0.00026395086935114315,2.9471878363233645e-05,0.0,0.0,0.0,0.0,0.0,0.0,0.0,0.0,0.0
0.544,0.0678599552430904,0.06798527484047694,0.00012531959738654175,0.017867875733467636,0.01855548013496031,0.0006876044014926738,38922.55762027012,44314.68109738399,5392.12347711387,0.0010146845920833113,0.001699307722407423,0.0006846231303241118,24357.46786856082,20128.555793628148,4228.912074932672,12116.321314444695,8009.731132472304,4106.59018197239,0.000571371644031809,0.0007395858527772287,0.00016821420874541968,0.0003136192904161537,0.00029320157840177644,2.0417712014377258e-05,0.0,0.0,0.0,0.0,0.0,0.0,0.0,0.0,0.0
0.545,0.06766244337184443,0.06779073313151546,0.00012828975967102418,0.017676144317367727,0.018365088001150106,0.0006889436837823788,25778.748926006225,21247.5310947496,4531.217831256625,0.0006120937918553405,0.0006734933181134898,6.139952625814932e-05,24704.821514871237,21052.016022570686,3652.805492300551,12192.37881787404,9906.523154449207,2285.8556634248325,0.0006079408001406531,0.0006331627148614892,2.5221914720836044e-05,0.0002819569890235594,0.00034309236346216155,6.113537443860217e-05,0.0,0.0,0.0,0.0,0.0,0.0,0.0,0.0,0.0
0.546,0.0674551215005985,0.06758641633367504,0.00013129483307654233,0.017462989520651832,0.01815726590644198,0.000694276385790147,19081.19927889316,34815.45785107467,15734.258572181512,0.000579705789754435,0.0014350667016483146,0.0008553609118938795,15851.544429789206,26517.51489044201,10665.970460652803,9614.080859362153,11091.912104305196,1477.8312449430432,0.00039754977759210976,0.0006829936071514237,0.0002854438295593139,0.000252904592137656,0.00034298665001311466,9.008205787545867e-05,0.0,0.0,0.0,0.0,0.0,0.0,0.0,0.0,0.0
0.547,0.06723798962935264,0.06737223163197238,0.0001342420026197444,0.017224408690798918,0.017940663401060222,0.0007162547102613041,24149.35103534795,21216.478074109385,2932.872961238565,0.0005793782371670204,0.0006227750150146462,4.3396777847625845e-05,23728.339297217994,14740.559512862967,8987.779784355027,9971.898095797882,6172.602290639104,3799.2958051587784,0.0005596541291726045,0.00040352086443492423,0.00015613326473768027,0.0002442405507880611,0.00020720294219621666,3.7037608591844446e-05,0.0,0.0,0.0,0.0,0.0,0.0,0.0,0.0,0.0
0.548,0.06701104775810679,0.06714825977784454,0.00013721201973775077,0.017011840494753204,0.017722908921822274,0.0007110684270690698,22609.73932742839,34923.5122798155,12313.77295238711,0.0005300016411775374,0.0014830538052762626,0.0009530521640987252,22524.092973218227,20039.395411445876,2484.697561772351,11987.459378393814,8325.833828775812,3661.625549618002,0.0004927029363727976,0.0005903844404512021,9.768150407840452e-05,0.000288401564576027,0.0002594203943846909,2.8981170191336094e-05,0.0,0.0,0.0,0.0,0.0,0.0,0.0,0.0,0.0
0.549,0.06677429588686097,0.0669144775612355,0.00014018167437453155,0.016766583307598608,0.017470872596938837,0.0007042892893402292,20619.89199345882,18298.470712777184,2321.421280681636,0.0004630260448050381,0.0007142899602841383,0.00025126391547910024,19868.462021642375,15593.656855658723,4274.805165983653,11770.924536085162,10102.116349409745,1668.8081866754164,0.00044603120153632886,0.0004908326066077812,4.480140507145237e-05,0.0002839003568477563,0.0003500519262807978,6.615156943304154e-05,0.0,0.0,0.0,0.0,0.0,0.0,0.0,0.0,0.0
0.55,0.06652773401561522,0.0666709222960523,0.00014318828043707876,0.016512305910995225,0.01722985308417668,0.0007175471731814542,22843.538337497022,45357.40428116942,22513.8659436724,0.0006412388199447675,0.0016649658181505196,0.001023726998205752,18420.651656871396,18441.20027176635,20.54861489495306,10283.012358521411,8256.936035282197,2026.0763232392146,0.000493795728638398,0.0006390836654776706,0.00014528793683927263,0.0002904257932803472,0.00025180518290994643,3.862061037040077e-05,0.0,0.0,0.0,0.0,0.0,0.0,0.0,0.0,0.0
0.551,0.06627136214436949,0.06641752016058598,0.00014615801621649382,0.016278591025868875,0.016984944983731206,0.000706353957862331,17647.205521789234,20979.65172551678,3332.4462037275443,0.00048267788327734947,0.0008330144103258054,0.00035033652704845596,17610.10947808657,14921.193317813279,2688.916160273293,11978.680797312736,6288.823287431045,5689.857509881691,0.00047189391583743234,0.0005258046448581715,5.3910729020739125e-05,0.0003027971921906278,0.0002359889617630279,6.680823042759987e-05,0.0,0.0,0.0,0.0,0.0,0.0,0.0,0.0,0.0
0.552,0.06600518027312383,0.06615428509715493,0.00014910482403110437,0.016014589837295153,0.016719722945195737,0.0007051331079005844,21231.912999590735,25578.19914800008,4346.286148409345,0.000500817658432957,0.000837655203496589,0.000336837545063632,20348.57694175605,18361.375218895595,1987.2017228604564,12724.32390687783,11165.718804444972,1558.6051024328572,0.0004382188893446054,0.00047764687695951236,3.9427987614906984e-05,0.00029076181632976784,0.0003291424050688339,3.838058873906604e-05,0.0,0.0,0.0,0.0,0.0,0.0,0.0,0.0,0.0
0.553,0.06572918840187818,0.0658812626678966,0.00015207426601841767,0.015733879562094343,0.016457114850907166,0.0007232352888128235,19113.03769230592,22231.533588733575,3118.4958964276557,0.0004523108667496008,0.0008925801987196239,0.0004402693319700231,16776.283826375955,17349.39860900031,573.1147826243541,10691.108979812529,12019.953271339562,1328.8442915270334,0.0003665117670661844,0.0006313724417133602,0.00026486067464717575,0.0002537976040604857,0.0004094632542098838,0.0001556656501493981,0.0,0.0,0.0,0.0,0.0,0.0,0.0,0.0,0.0
0.554,0.06544338653063261,0.06559842992117448,0.00015504339054187022,0.015452648587932069,0.01616567459120737,0.0007130260032753005,25716.53767012448,33033.712693927315,7317.175023802836,0.0007786349925881478,0.0014099777441138875,0.0006313427515257397,17846.86040969649,11532.775001251102,6314.085408445386,9843.985165958791,7992.672371743671,1851.3127942151204,0.0004886744013411592,0.0004138238788419828,7.485052249917642e-05,0.0002655546865079868,0.00025468562385688655,1.086906265110023e-05,0.0,0.0,0.0,0.0,0.0,0.0,0.0,0.0,0.0
0.555,0.06514777465938708,0.06530582671503819,0.00015805205565111446,0.015130147087491457,0.01586359971098246,0.0007334526234910026,16925.207322616698,27941.14434495465,11015.937022337952,0.0004825722856235969,0.0010624476586942467,0.0005798753730706498,16839.746480444566,18526.90742629614,1687.160945851574,11944.884235349777,8937.551738559945,3007.3324967898316,0.0004712957415901621,0.0007331944812808905,0.0002618987396907284,0.00029993896420394214,0.00033375842675840273,3.381946255446059e-05,0.0,0.0,0.0,0.0,0.0,0.0,0.0,0.0,0.0
0.556,0.06484235278814163,0.06500335150735691,0.00016099871921528008,0.014832856285668643,0.015567184155844002,0.0007343278701753587,16669.279674853224,18400.7116400577,1731.431965204476,0.0003909534557440205,0.0006230153958112301,0.0002320619400672096,16284.56249543526,18297.21180364774,2012.6493082124798,12270.905785530906,8826.561601962565,3444.3441835683407,0.00038384327226590603,0.00041089381541280375,2.7050543146897718e-05,0.0002858748777981825,0.0002341419677604027,5.173291003777978e-05,0.0,0.0,0.0,0.0,0.0,0.0,0.0,0.0,0.0
0.557,0.06452712091689622,0.06469108868796716,0.00016396777107094418,0.014534793155608305,0.015254677716022097,0.0007198845604137923,17744.665982716877,38949.78064216507,21205.11465944819,0.0005225981948284404,0.0015955440645550694,0.0010729458697266289,17118.723756035535,17010.617573409247,108.1061826262885,10429.338971725792,9853.705988127385,575.632983598407,0.0004959025474868277,0.0007270842645422023,0.0002311817170553746,0.000254727157033948,0.00031175105278001216,5.702389574606414e-05,0.0,0.0,0.0,0.0,0.0,0.0,0.0,0.0,0.0
0.558,0.0642020790456509,0.06436901534792994,0.00016693630227904155,0.014200981005720696,0.014932316157018405,0.0007313351512977084,30375.071248208642,19530.102754060554,10844.968494148088,0.0007317483563286557,0.0006867415102153428,4.500684611331287e-05,29366.341161817858,19064.463665545176,10301.877496272682,9871.742577080144,6766.298264899453,3105.4443121806908,0.0007264460489761468,0.0006156116884026515,0.0001108343605734953,0.00025498982331304606,0.00022375107454325203,3.1238748769794026e-05,0.0,0.0,0.0,0.0,0.0,0.0,0.0,0.0,0.0
0.559,0.06386722717440566,0.06403717378531422,0.000169946610908564,0.013877116870860302,0.014609543953473875,0.000732427082613573,23728.29048004227,28135.089384782765,4406.798904740495,0.0007178737862769069,0.0012007220430031863,0.00048284825672627936,19860.050720888794,19396.82062575935,463.23009512944554,12832.05806113076,10683.627366080818,2148.4306950499413,0.0004954832741624856,0.000704972932817814,0.0002094896586553284,0.0003167363686921558,0.0003771418110977007,6.04054424055449e-05,0.0,0.0,0.0,0.0,0.0,0.0,0.0,0.0,0.0
0.56,0.06352256530316046,0.06369548051015503,0.00017291520699456997,0.01353066498103413,0.014264986044824176,0.0007343210637900457,17426.22901834359,21878.068238446398,4451.839220102807,0.0003985461180655446,0.0006090940564914904,0.00021054793842594584,17342.57200869234,19864.727932916827,2522.1559242244875,11745.010900754747,9436.225254768542,2308.785645986205,0.00039839381030334485,0.0004853679311453901,8.697412084204527e-05,0.0002810013945020306,0.00028085739161351156,1.4400288851905852e-07,0.0,0.0,0.0,0.0,0.0,0.0,0.0,0.0,0.0
0.561,0.06316809343191535,0.06334395505851054,0.00017586162659519178,0.013166044009946799,0.013915947403394717,0.000749903393447918,27416.6831057249,52716.81158264402,25300.12847691912,0.0007531831463155605,0.0020819132731333496,0.001328730126817789,14713.891833512844,16093.88886625446,1379.9970327416158,9699.488533707678,7452.645345863917,2246.8431878437605,0.0003952489567177315,0.0004044968071832435,9.247850465511967e-06,0.00025642850685647097,0.00022626639758983376,3.0162109266637215e-05,0.0,0.0,0.0,0.0,0.0,0.0,0.0,0.0,0.0
0.562,0.06280381156067034,0.06298264155778423,0.00017882999711388292,0.012805788950481546,0.01355840899359551,0.0007526200431139645,20337.190697963833,22998.618870211623,2661.42817224779,0.0004373004761908335,0.0006650822468537607,0.00022778177066292723,19880.882341361495,21863.1845515055,1982.3022101440038,9959.445466114284,6862.444491379492,3097.000974734792,0.0004277726056197158,0.0006350392317857381,0.00020726662616602225,0.0002401748509038048,0.00022767475136457554,1.2500099539229268e-05,0.0,0.0,0.0,0.0,0.0,0.0,0.0,0.0,0.0
0.5630000000000001,0.06242971968942542,0.06261151752451909,0.00018179783509366526,0.012415410218487799,0.013164524375488885,0.0007491141570010861,28139.546636032523,28401.963402517464,262.41676648494104,0.0006822248800164821,0.001112306953178156,0.0004300820731616738,21176.447971537757,19786.55162087979,1389.8963506579676,12854.0354265478,9207.723890731002,3646.311535816798,0.0005816836977480513,0.0007776106808622429,0.00019592698311419153,0.0003039160636057186,0.00032064290597872726,1.6726842373008643e-05,0.0,0.0,0.0,0.0,0.0,0.0,0.0,0.0,0.0
0.5640000000000001,0.062045817818180575,0.06223062794766687,0.00018481012948629721,0.012027722165944894,0.012793045584117244,0.0007653234181723492,25992.088088760003,30098.168269668182,4106.080180908179,0.0006088831355903844,0.0011147856797964681,0.0005059025442060838,24298.026642278564,24689.12552014581,391.0988778672472,10966.756455234865,8905.458967247,2061.2974879878657,0.00057445153229664,0.0008320359415019782,0.00025758440920533817,0.0002773156625642716,0.0002704796000626375,6.836062501634104e-06,0.0,0.0,0.0,0.0,0.0,0.0,0.0,0.0,0.0
0.5650000000000001,0.06165210594693585,0.06183988394352265,0.00018777799658679928,0.011658262347447565,0.012400235040470577,0.0007419726930230127,25375.781133508404,19350.791158044198,6024.9899754642065,0.0006841262211668235,0.000764061712029143,7.993549086231949e-05,24944.357636843222,17787.095572573307,7157.262064269915,10947.016364883624,9372.795877782572,1574.2204871010526,0.0006525371191824907,0.0007195382581883486,6.700113900585784e-05,0.00030513086143603744,0.0003142626932092152,9.131831773177737e-06,0.0,0.0,0.0,0.0,0.0,0.0,0.0,0.0,0.0
0.5660000000000001,0.06124858407569122,0.0614393084266703,0.00019072435097908236,0.01125744455209287,0.012005468798083485,0.0007480242459906149,22027.58732208827,19781.98413671955,2245.60318536872,0.000503525586136311,0.0007319036246022552,0.0002283780384659442,18505.897337162663,19503.64519072936,997.747853566696,11662.523111915863,10793.582253844648,868.9408580712152,0.0004383477955518559,0.0005276439678951086,8.929617234325273e-05,0.00027903633145197153,0.000351812671708051,7.277634025607948e-05,0.0,0.0,0.0,0.0,0.0,0.0,0.0,0.0,0.0
0.5670000000000001,0.06083525220444671,0.06102894474426456,0.0001936925398178524,0.010846543924296756,0.011603034444037881,0.0007564905197411254,18325.55698688668,21739.834157278987,3414.2771703923063,0.0004359085469045081,0.0009173077806548537,0.0004813992337503456,17754.862453659436,14155.521213933385,3599.341239726051,12159.33433686847,10405.848693209426,1753.4856436590435,0.0004121715482999082,0.0005144482614401562,0.00010227671314024802,0.00028167756237809893,0.00033124868808487865,4.957112570677972e-05,0.0,0.0,0.0,0.0,0.0,0.0,0.0,0.0,0.0
0.5680000000000001,0.060412110333202304,0.06060877011897305,0.00019665978577074889,0.01042080253355555,0.011173104812439466,0.0007523022788839158,23666.450691915838,45601.754459736185,21935.303767820347,0.0006446914529857905,0.0018479250414886357,0.0012032335885028451,21116.222687825426,16187.301069529569,4928.921618295857,10418.35065899024,10339.053897698574,79.29676129166728,0.00046466659686855125,0.0006804170608509314,0.00021575046398238014,0.00026509824602750557,0.0003332574290527605,6.815918302525493e-05,0.0,0.0,0.0,0.0,0.0,0.0,0.0,0.0,0.0
0.5690000000000001,0.05997915846195802,0.06017883283444108,0.00019967437248306213,0.009970516828796001,0.010742952251355114,0.0007724354225591128,17859.958229162563,16916.902429704867,943.0557994576957,0.0004864879787372753,0.0006634794281566508,0.0001769914494193755,14315.607232119226,15547.14833984313,1231.5411077239041,11035.018001857488,7786.905023319379,3248.112978538109,0.00040011618099727175,0.0005460878804635792,0.00014597169946630747,0.0003034117038734668,0.0002876882040223981,1.572349985106867e-05,0.0,0.0,0.0,0.0,0.0,0.0,0.0,0.0,0.0
0.5700000000000001,0.05953639659071384,0.05973901708957192,0.00020262049885808042,0.00953639922925089,0.010310371312995524,0.000773972083744634,19753.413933084637,39808.097079413914,20054.683146329276,0.000574060639072429,0.0016880557919846375,0.0011139951529122085,18021.22379183846,16243.192904308518,1778.0308875299415,12149.178917172541,7990.178288636205,4159.000628536336,0.00039044401993891737,0.0005662904108803446,0.00017584639094142724,0.00027868358039318555,0.0002683587074874505,1.0324872905735031e-05,0.0,0.0,0.0,0.0,0.0,0.0,0.0,0.0,0.0
0.5710000000000001,0.0590838247194698,0.05928941268781073,0.0002055879683409284,0.00908705986290746,0.009852203026806658,0.0007651431638991974,16322.717548418457,18338.33986336673,2015.622314948274,0.0003543198246068094,0.0006677259346971093,0.0003134061100902999,16165.112877365302,17437.894665657903,1272.781788292601,12684.84199832812,8825.759290325714,3859.0827080024064,0.00035370088321359143,0.0004822983061124429,0.00012859742289885145,0.0003037146441952732,0.0002511745083857575,5.2540135809515714e-05,0.0,0.0,0.0,0.0,0.0,0.0,0.0,0.0,0.0
0.5720000000000001,0.0586214428482259,0.05882999727619164,0.00020855442796573892,0.008612764893408453,0.00939159454215484,0.0007788296487463865,24131.713817780084,29531.510135122266,5399.796317342181,0.0005809802219917984,0.0012540105928558168,0.0006730303708640184,23860.167619477554,19083.501040395015,4776.666579082539,11165.522422800745,10583.739727158598,581.7826956421468,0.0005684461596777246,0.0005825405772163083,1.4094417538583655e-05,0.0002730928074881507,0.0003331698399540383,6.007703246588763e-05,0.0,0.0,0.0,0.0,0.0,0.0,0.0,0.0,0.0
0.5730000000000001,0.05814925097698214,0.05836082127713484,0.0002115703001527025,0.00815499831655642,0.008931900832374825,0.0007769025158184048,20962.761070407872,16379.524633535826,4583.236436872046,0.0005158992447665582,0.0005893721794335402,7.347293466698204e-05,20322.567892354913,15890.182893731315,4432.384998623598,10225.213804394978,9020.628803432122,1204.5850009628557,0.0005115203857761364,0.0005666029293000599,5.5082543523923486e-05,0.0002715141873409078,0.0003308683538189862,5.935416647807841e-05,0.0,0.0,0.0,0.0,0.0,0.0,0.0,0.0,0.0
0.5740000000000001,0.05766724910573854,0.05788178608005627,0.00021453697431773194,0.007682038633629295,0.00844933961270651,0.0007673009790772154,25813.48004611012,48626.2587265197,22812.77868040958,0.0006702035038261637,0.0017725073116500382,0.0011023038078238744,20453.32018537616,24613.8738347831,4160.553649406938,12245.824265778096,9012.668324374526,3233.155941403569,0.0005595562074076482,0.0007802989816855412,0.000220742774277893,0.00028185385156625516,0.00032017539180202487,3.832154023576971e-05,0.0,0.0,0.0,0.0,0.0,0.0,0.0,0.0,0.0
0.5750000000000001,0.057175437234495065,0.05739292002414436,0.00021748278964929535,0.007175983709806509,0.007974444538425156,0.0007984608286186468,19939.50229145849,26798.78750201859,6859.285210560098,0.0005384569490334742,0.0009453026786463906,0.0004068457296129164,17792.85631979093,26188.802291363245,8395.945971572313,11928.62190846051,9360.221526273941,2568.40038218657,0.0004413829084412053,0.0007152240977584464,0.0002738411893172411,0.00030500111808422334,0.00028718836113269494,1.7812756951528393e-05,0.0,0.0,0.0,0.0,0.0,0.0,0.0,0.0,0.0
0.5760000000000001,0.05667381536325177,0.05689426506372571,0.0002204497004739403,0.006676926108831716,0.0074662765876339215,0.0007893504788022056,25457.385426092682,21728.963616544217,3728.421809548465,0.0006301631355035279,0.000879888040470704,0.00024972490496717617,17861.93611969795,20403.978764535146,2542.0426448371945,9605.516973916627,7237.504091266066,2368.0128826505606,0.00039108856952199103,0.0008340348337685455,0.0004429462642465545,0.00023579974024164134,0.0002251978750206485,1.0601865220992836e-05,0.0,0.0,0.0,0.0,0.0,0.0,0.0,0.0,0.0
0.5770000000000001,0.056162383492008645,0.05638579915358118,0.00022341566157253745,0.00614266596504503,0.006942964524251529,0.0008002985592064984,27945.983748132894,24000.711904154996,3945.2718439778982,0.0006745750382543355,0.00102749778753102,0.0003529227492766845,19632.293739446166,16124.389333488594,3507.9044059575717,10889.70442386235,7360.842321850009,3528.86210201234,0.00044955491604043395,0.0005357373397546474,8.618242371421342e-05,0.0002569090425498487,0.00022762242014480886,2.9286622405039865e-05,0.0,0.0,0.0,0.0,0.0,0.0,0.0,0.0,0.0
0.5780000000000001,0.05564114162076569,0.05586757505903252,0.00022643343826683066,0.005621358033699999,0.006431183602328564,0.0008098255686285645,31733.348494530557,24346.692444223492,7386.656050307065,0.0007332464180296128,0.0008896254117746675,0.00015637899374505476,30967.247763828072,24307.801770519087,6659.445993308986,12715.023317205056,9485.931775812931,3229.091541392125,0.0007217156859787218,0.0008551724806489139,0.00013345679467019207,0.00029793787232501573,0.00032634034852990974,2.8402476204894003e-05,0.0,0.0,0.0,0.0,0.0,0.0,0.0,0.0,0.0
0.5790000000000001,0.05511008974952292,0.05533946897839193,0.0002293792288690158,0.005111865096758364,0.00589798511226985,0.0007861200155114866,27063.76361234714,27854.050629317644,790.2870169705056,0.0006935040413594122,0.001150931092930266,0.00045742705157085376,27021.351777047515,17371.943142664546,9649.40863438297,12213.670538949698,10359.906406543534,1853.7641324061642,0.0006684623043699965,0.0005739015947841062,9.45607095858903e-05,0.00032537272346715607,0.0003293991875765178,4.026464109361746e-06,0.0,0.0,0.0,0.0,0.0,0.0,0.0,0.0,0.0
0.5800000000000001,0.054569227878280356,0.05480157313385052,0.0002323452555701641,0.0045706462121548625,0.005365432342494822,0.0007947861303399598,17084.41268822847,25466.333572294567,8381.920884066098,0.00041003297193059716,0.0010483212296199746,0.0006382882576893774,16792.74129359129,20243.163154849964,3450.4218612586737,10403.371817710555,8125.6653887071425,2277.7064290034123,0.0004062995389289703,0.0008758731730726737,0.0004695736341437034,0.0002598750928300952,0.0002717036662547291,1.1828573424633917e-05,0.0,0.0,0.0,0.0,0.0,0.0,0.0,0.0,0.0
0.5810000000000001,0.05401855600703797,0.0542538671597182,0.0002353111526802315,0.004019372297633904,0.004816704098965669,0.0007973318013317649,22179.01886246842,41363.26254705864,19184.243684590223,0.0006560043131866893,0.0015573816313676318,0.0009013773181809425,16855.19032852626,17583.472823830318,728.2824953040581,12064.378732117566,10964.610011190645,1099.7687209269207,0.00047403012963954325,0.000608713688758321,0.00013468355911877772,0.00027701495892707285,0.00034547787919224696,6.84629202651741e-05,0.0,0.0,0.0,0.0,0.0,0.0,0.0,0.0,0.0
0.5820000000000001,0.05345807413579577,0.05369634977557399,0.00023827563977821958,0.0034712806071095885,0.004259505000601496,0.0007882243934919072,21540.827144660074,18084.278820090323,3456.5483245697505,0.00046286638989703494,0.00064933579426039,0.00018646940436335506,21198.57851549774,17781.775229653333,3416.8032858444058,12192.538960200562,11646.394172311868,546.1447878886938,0.0004560332279943113,0.00063770253740464,0.00018166930941032866,0.00028740158389484107,0.00037453972663047526,8.713814273563419e-05,0.0,0.0,0.0,0.0,0.0,0.0,0.0,0.0,0.0
0.5830000000000001,0.0528877822645538,0.05312907753206524,0.00024129526751144603,0.002885122187624451,0.0036962078227055217,0.0008110856350810706,29164.23404030331,40840.636240443215,11676.402200139906,0.0008165544495653031,0.0016070180389745866,0.0007904635894092835,15687.452094681292,14632.699120848027,1054.752973833265,10254.832894738875,8883.533207480323,1371.2996872585518,0.00042024473370503424,0.0005511466636934556,0.0001309019299884214,0.00027861600429487135,0.0002889604931840886,1.0344488889217271e-05,0.0,0.0,0.0,0.0,0.0,0.0,0.0,0.0,0.0
0.5840000000000001,0.05230768039331202,0.0525519200359353,0.00024423964262328124,0.00231691713237156,0.0031287086314055975,0.0008117914990340377,18564.18281823634,22416.0510307478,3851.868212511461,0.0005718664746675346,0.0008569618825322186,0.00028509540786468394,14977.490844882564,13807.515113848745,1169.975731033819,10161.125108278047,7663.823428121508,2497.301680156539,0.0003752391608704612,0.0005860545631066472,0.00021081540223618598,0.0002603142776437973,0.0002989903772995817,3.8676099655784405e-05,0.0,0.0,0.0,0.0,0.0,0.0,0.0,0.0,0.0
0.5850000000000001,0.05171776852207045,0.05196497225282561,0.0002472037307551661,0.00171306842367807,0.0025207788164236557,0.0008077103927455857,17987.764867594866,23365.061760620287,5377.296893025421,0.0004148664817716675,0.0008706899999174132,0.0004558235181457457,17604.709441605057,21563.75555956453,3959.046117959475,13761.295267120156,9633.295687547521,4127.999579572635,0.000410268458245155,0.0008314923636988597,0.0004212239054537047,0.0003271416043210889,0.0002631518202085446,6.398978411254429e-05,0.0,0.0,0.0,0.0,0.0,0.0,0.0,0.0,0.0
0.5860000000000001,0.05111804665082909,0.05136821549841354,0.00025016884758444907,0.0011044049913075324,0.0019295642052603607,0.0008251592139528283,20446.078722216153,20421.97245827189,24.106263944260718,0.00047947588131955584,0.0006315425921302931,0.00015206671081073722,18441.92840664199,19570.707557671216,1128.7791510292263,13200.52206885086,9243.067972244486,3957.454096606374,0.0004324906089264153,0.0006076146459300994,0.00017512403700368405,0.0003181095798170622,0.00028166219295673806,3.6447386860324156e-05,0.0,0.0,0.0,0.0,0.0,0.0,0.0,0.0,0.0
0.5870000000000001,0.05050851477958796,0.05076170404217616,0.00025318926258820207,0.000518702603215019,0.0013274029051717063,0.0008087003019566874,21749.538505019304,38709.70088641858,16960.162381399274,0.0004884807096503195,0.001625711534035713,0.0011372308243853934,21022.60741342241,15226.157154368084,5796.450259054327,9805.414068590148,9655.056735074477,150.3573335156707,0.00048105494537925363,0.0006198025543156022,0.0001387476089363486,0.00025154993999988945,0.00029391046905790253,4.236052905801308e-05,0.0,0.0,0.0,0.0,0.0,0.0,0.0,0.0,0.0
0.5880000000000001,0.04988980059449414,0.050145327183048025,0.00025552658855388516,-4.7707338980716024e-05,0.0007159316722866787,0.0007636390112673948,131407.2899346909,33613.47704272993,97793.81289196096,0.003695136544500615,0.0013152377072300746,0.0023798988372705403,36177.945386502695,23572.985724131668,12604.959662371028,14115.169296767559,10390.53413198957,3724.6351647779884,0.0008937771627608361,0.0008791033625282766,1.4673800232559457e-05,0.0003548901746022413,0.0003780131368525961,2.3122962250354795e-05,41.71953274090374,0.0,41.71953274090374,0.0009951639452936876,0.0,0.0009951639452936876,0.0001748977563295549,0.0,0.0001748977563295549
0.5890000000000001,0.049378924767399364,0.0495534320296865,0.0001745072622871338,-0.0003243703590905776,0.00028528859544798836,0.0006096589545385659,611561.6509159853,430547.0960970965,181014.55481888884,0.017640500276701377,0.01689126555940941,0.0007492347172919668,155498.32383535185,125317.62302846869,30180.700806883164,45422.70258390193,36425.16906778834,8997.533516113595,0.004014922298360664,0.003984834550679236,3.0087747681427877e-05,0.0011250561198313564,0.0010992018920377373,2.5854227793619105e-05,283.6582401237703,0.0,283.6582401237703,0.04600516260397434,0.0,0.04600516260397434,0.0001748977563295549,0.0,0.0001748977563295549
0.5900000000000001,0.04928690878034106,0.04925962559414697,2.728318619409087e-05,-0.0003505710343581041,0.00010113530520232102,0.0004517063395604251,756004.157747366,775619.4620259225,19615.30427855649,0.021754429376170083,0.03069004634973834,0.008935616973568258,181670.8105473548,183637.30329287722,1966.4927455224097,53739.898978241676,54465.039991337275,725.1410130955992,0.004696577519632328,0.006073640443471676,0.001377062923839348,0.0014261633194307935,0.0018178384053666994,0.0003916750859359059,306.5704367168185,0.0,306.5704367168185,0.05373735755171539,0.0,0.05373735755171539,0.0001748977563295549,0.0,0.0001748977563295549
0.5910000000000001,0.04967684709717161,0.049464365728150474,0.00021248136902113357,-0.00018424687011472582,0.00021310264664536462,0.0003973495167600904,297376.4445406431,516568.5237320308,219192.07919138775,0.008659852018596806,0.020643545286819123,0.011983693268222318,67663.35765081452,124338.14120648362,56674.7835556691,18851.037423102076,33326.76587034602,14475.728447243942,0.0018550444984868927,0.004339238759947203,0.0024841942614603103,0.0005286220730726463,0.0011704656829856573,0.000641843609913011,161.12182096904235,0.0,161.12182096904235,0.014843095610365625,0.0,0.014843095610365625,0.0001748977563295549,0.0,0.0001748977563295549
0.5920000000000001,0.05028850507066672,0.05002641931577098,0.0002620857548957384,0.000266295319564961,0.0005831087862914849,0.00031681346672652385,38053.471816088226,24033.917388979055,14019.554427109171,0.0009645901023992626,0.0008656683761447369,9.892172625452567e-05,22841.53080968047,22854.448971030157,12.91816134968758,9647.368573226144,12227.67277531542,2580.3042020892753,0.0005378677677572055,0.0007514447197531082,0.00021357695199590273,0.00023682884599015474,0.00035627094019320574,0.000119442094203051,0.0,0.0,0.0,0.0,0.0,0.0,0.0,0.0,0.0
0.5930000000000001,0.05090230840148079,0.05064331054188704,0.0002589978595937542,0.0009065338783676193,0.0012073061923635951,0.00030077231399597585,21247.053232745984,30054.53416624912,8807.480933503135,0.0005802664344844618,0.0008753706179948361,0.00029510418351037424,21168.612498531256,28398.164892626468,7229.552394095212,10490.753247042196,13673.409718353618,3182.656471311422,0.0005393659897838098,0.0007175708801826524,0.0001782048903988426,0.000271746961624836,0.00040764790125793967,0.0001359009396331037,0.0,0.0,0.0,0.0,0.0,0.0,0.0,0.0,0.0
0.5940000000000001,0.05150630173229511,0.05125042053595734,0.0002558811963377719,0.001505608551262829,0.0017981578670119612,0.00029254931574913216,23631.05533174617,33537.10361992492,9906.04828817875,0.0006722020044824454,0.0013511134121672237,0.0006789114076847782,21332.666954308523,27708.561629074466,6375.894674765943,11012.135495122975,11345.238324695785,333.10282957281015,0.0005658798936970735,0.0009370827963762385,0.000371202902679165,0.0002978816876631647,0.00041556488590045504,0.00011768319823729034,0.0,0.0,0.0,0.0,0.0,0.0,0.0,0.0,0.0
0.5950000000000001,0.05210048506310964,0.05184772050935092,0.00025276455375871504,0.0021093072778796546,0.0024137312206441493,0.0003044239427644948,21991.554594436802,24527.502658275902,2535.9480638390996,0.0005585629646823729,0.0008602815266249171,0.00030171856194254423,15670.804723391542,22919.52201205921,7248.717288667667,9852.667669041073,10698.989821321527,846.3221522804542,0.00047924536035127166,0.0007475199624055027,0.00026827460205423105,0.0002404683853137975,0.00030778814194108847,6.731975662729097e-05,0.0,0.0,0.0,0.0,0.0,0.0,0.0,0.0,0.0
0.5960000000000001,0.0526848583939244,0.05243521038354011,0.0002496480103842888,0.002693627223002617,0.0030056838985204884,0.00031205667551787147,23220.73728499004,27064.510076051443,3843.772791061405,0.0006574568159900948,0.000998738535647302,0.0003412817196572072,23058.264381978366,18141.301986974446,4916.96239500392,10101.40918152076,13684.456192214067,3583.047010693308,0.0006277033325076174,0.000655635167083243,2.793183457562554e-05,0.0002549233270081631,0.00037842195931275314,0.00012349863230459002,0.0,0.0,0.0,0.0,0.0,0.0,0.0,0.0,0.0
0.5970000000000001,0.05325942172473939,0.0530128840679241,0.0002465376568152877,0.0032441574249147155,0.0035809172006479265,0.000336759775733211,27616.134809792646,23589.63153832408,4026.503271468566,0.0007431834328680423,0.0005344260434553388,0.00020875738941270353,20319.553437314044,18714.964205370943,1604.5892319431005,9877.22348341459,12464.873453393579,2587.6499699789892,0.0004454006641062161,0.0005214488148909755,7.604815078475946e-05,0.00023969691604619722,0.0003496651681370971,0.00010996825209089989,0.0,0.0,0.0,0.0,0.0,0.0,0.0,0.0,0.0
0.5980000000000001,0.053824175055554556,0.05358072482769284,0.00024345022786171483,0.003826869268221681,0.004151083451369198,0.00032421418314751687,20942.446544797884,21643.898540781094,701.4519959832105,0.0005979510114598486,0.0007687774053718576,0.00017082639391200903,19640.642408506963,21188.981676653442,1548.3392681464793,10535.292380921348,10477.751802532744,57.540578388603535,0.0005891497431940448,0.0007581672836784556,0.00016901754048441085,0.000279281260431364,0.0003954940836572799,0.00011621282322591591,0.0,0.0,0.0,0.0,0.0,0.0,0.0,0.0,0.0
0.5990000000000001,0.05437911838636995,0.05413878458906883,0.00024033379730111631,0.0043859360989129716,0.004696621797258467,0.0003106856983454958,30733.337715193455,19989.142608752118,10744.195106441337,0.000925529878965668,0.00074526252800093,0.00018026735096473797,13487.468640995408,17791.296902934682,4303.828261939274,9692.181231259206,10616.393348797896,924.2121175386892,0.00032959631305975095,0.000525781917610449,0.00019618560455069806,0.00023294723639674824,0.00031226304942636005,7.931581302961181e-05,0.0,0.0,0.0,0.0,0.0,0.0,0.0,0.0,0.0
0.6000000000000001,0.05492425171718555,0.054687033950423354,0.0002372177667621933,0.004914014941508048,0.00523688636892493,0.000322871427416882,17462.566134752295,27328.71543727204,9866.149302519745,0.0005052854865858782,0.0011651480898142797,0.0006598626032284015,17419.578807575566,20713.28121852106,3293.702410945494,11277.544775117627,15318.489385379127,4040.9446102615,0.0005026638450294364,0.0006683935096376097,0.00016572966460817328,0.00029812664368176827,0.0004579505454763077,0.00015982390179453945,0.0,0.0,0.0,0.0,0.0,0.0,0.0,0.0,0.0
0.6010000000000001,0.05545957504800134,0.055225469284365065,0.00023410576363627755,0.00546150210404087,0.005796932680744267,0.0003354305767033971,21406.94282002707,25935.557910055297,4528.615090028226,0.0006164568087033746,0.001115659353595045,0.0004992025448916703,19215.53049572013,20183.257601284975,967.7271055648453,9962.334910539284,13525.03105524113,3562.6961447018457,0.0004578856091883864,0.0007796335873841852,0.00032174797819579877,0.0002472714422467863,0.00037769851454520233,0.00013042707229841602,0.0,0.0,0.0,0.0,0.0,0.0,0.0,0.0,0.0
0.6020000000000001,0.055985088378817306,0.05575407039722474,0.0002310179815925642,0.005991638223956956,0.006328598152846657,0.0003369599288897008,17790.32012511857,26062.722460469075,8272.402335350504,0.00042604265658632704,0.000919434184700264,0.000493391528113937,17304.660727944105,25546.070356201104,8241.409628256999,8997.779259570096,8848.03723354576,149.74202602433616,0.00040733090499472496,0.0008647585896884078,0.0004574276846936828,0.0002200809795211607,0.00031070260279766237,9.062162327650166e-05,0.0,0.0,0.0,0.0,0.0,0.0,0.0,0.0,0.0
0.6030000000000001,0.05650079170963344,0.056272890275604164,0.00022790143402927343,0.0065082464634916536,0.00684320547833044,0.0003349590148387866,30185.166849814905,32434.671232762805,2249.5043829479,0.0007144502800859677,0.0009493306596770963,0.00023488037959112863,29213.858129535492,31792.361289794655,2578.5031602591625,9835.141171679685,11848.707961179392,2013.5667894997077,0.0007096359446005514,0.0009220990629118088,0.00021246311831125736,0.00023834248511756426,0.0003245568235083085,8.621433839074426e-05,0.0,0.0,0.0,0.0,0.0,0.0,0.0,0.0,0.0
0.6040000000000001,0.05700668504044975,0.0567818991794731,0.00022478586097664927,0.007021739310976849,0.007365259563791245,0.0003435202528143961,22200.94996613539,22393.475191194222,192.52522505883098,0.0006625557550521418,0.0009226375833463965,0.0002600818282942547,17244.46315153109,22023.37164462497,4778.908493093881,11465.06762563674,13989.598881673723,2524.531256036982,0.00042619831120789157,0.0008940461759217478,0.0004678478647138562,0.0003214695637115684,0.0004279488539607746,0.00010647929024920616,0.0,0.0,0.0,0.0,0.0,0.0,0.0,0.0,0.0
0.6050000000000001,0.057502768371266215,0.05728109780580958,0.0002216705654566331,0.007488544004026269,0.007843122493906134,0.00035457848987986533,20519.864836925262,32113.072448808358,11593.207611883096,0.0006091617898906276,0.0011466670536212661,0.0005375052637306385,19716.581316594846,21779.99617486411,2063.414858269265,10025.413087036384,10080.034989745367,54.621902708982816,0.0004681072886252325,0.0006341302801842986,0.00016602299155906613,0.00025244994453814135,0.0003204157327344173,6.796578819627595e-05,0.0,0.0,0.0,0.0,0.0,0.0,0.0,0.0,0.0
0.6060000000000001,0.057989041702082834,0.05777048476922234,0.00021855693286049194,0.0079740075353349,0.008338876565151488,0.00036486902981658874,26468.421123168373,23225.108244219664,3243.312878948709,0.0007065209069356755,0.0010062218739185413,0.0002997009669828658,17501.489491815308,19557.191754133022,2055.7022623177145,9243.397219471532,8553.608157511586,689.7890619599457,0.0004115289772219439,0.0006724800853551999,0.00026095110813325603,0.00021875494946458563,0.0002758113996444008,5.7056450179815155e-05,0.0,0.0,0.0,0.0,0.0,0.0,0.0,0.0,0.0
0.6070000000000001,0.058465505032899615,0.05825003540074949,0.00021546963215012677,0.008472183833800424,0.00880615190736573,0.00033396807356530535,26495.305795764067,46105.84008473293,19610.534288968865,0.0006466750027097398,0.0015951942729373132,0.0009485192702275735,25362.804319279396,27844.519752520893,2481.7154332414975,11599.161304271654,14186.858078384164,2587.69677411251,0.0005513779307687184,0.000671109140314573,0.00011973120954585461,0.00028923909049544594,0.0004105228545523904,0.00012128376405694447,0.0,0.0,0.0,0.0,0.0,0.0,0.0,0.0,0.0
0.6080000000000001,0.05893215836371654,0.058719804247468234,0.00021235411624830752,0.008927445684542961,0.009263505354991734,0.00033605967044877255,21273.091266246203,31306.0002593393,10032.908993093097,0.0005904790506014185,0.0008540205677748875,0.00026354151717346893,20734.190142552343,30303.144135620485,9568.953993068142,10745.892535722553,12563.717641284824,1817.8251055622713,0.0005379822460473982,0.0008310870539560329,0.0002931048079086347,0.00030234572089435043,0.00040649600711005756,0.00010415028621570712,0.0,0.0,0.0,0.0,0.0,0.0,0.0,0.0,0.0
0.6090000000000001,0.059389001694533594,0.059179762720895424,0.00020923897363817057,0.009394028876358824,0.009740892627275715,0.0003468637509168905,19673.932472245007,34703.38690092442,15029.454428679415,0.0005894988590035959,0.0011766343554401246,0.0005871354964365286,19525.273110646303,33759.139055579224,14233.86594493292,9618.573339270344,7832.173796770078,1786.3995425002659,0.0005545003568240747,0.0011086312007676446,0.0005541308439435699,0.00024075713027287406,0.0002665050061960416,2.5747875923167558e-05,0.0,0.0,0.0,0.0,0.0,0.0,0.0,0.0,0.0
0.6100000000000001,0.059836035025350794,0.059629911557862854,0.00020612346748793975,0.009840135914847552,0.01019980878214661,0.0003596728672990591,17773.344264017385,16457.3905354785,1315.953728538887,0.0004561159693862726,0.000536232064981609,8.011609559533647e-05,17400.97051118212,15866.544741716938,1534.4257694651824,11001.218616889066,10512.530021670893,488.68859521817285,0.00039911861144201183,0.0005240772884501866,0.00012495867700817472,0.0002801488930418069,0.00029835328748535096,1.8204394443544088e-05,0.0,0.0,0.0,0.0,0.0,0.0,0.0,0.0,0.0
0.6110000000000001,0.06027325835616811,0.06007024977712885,0.0002030085790392655,0.010268500180032713,0.010637748981855323,0.0003692488018226109,30006.32714374295,30183.625463808286,177.29832006533616,0.0007191418715133317,0.0008525979959152585,0.0001334561244019268,29327.160936025743,29626.939839448343,299.7789034226007,11606.50865297149,13349.956075458349,1743.447422486859,0.0006887639335783957,0.0007779715001091957,8.920756653080003e-05,0.0002813570740097176,0.0003574395802968704,7.608250628715277e-05,0.0,0.0,0.0,0.0,0.0,0.0,0.0,0.0,0.0
0.6120000000000001,0.06070067168698555,0.060500750817226244,0.0001999208697593055,0.010714271538423224,0.011069864740617961,0.0003555932021947379,26502.08367989278,21376.689056189098,5125.3946237036835,0.0007762775555887399,0.0007001990049503224,7.60785506384175e-05,16021.381780897771,20683.39433562113,4662.01255472336,8850.000524484964,11249.548908621098,2399.5483841361347,0.00036108229772711394,0.0005373035035895883,0.00017622120586247432,0.00023916739891953598,0.0003612762141629979,0.0001221088152434619,0.0,0.0,0.0,0.0,0.0,0.0,0.0,0.0,0.0
0.6130000000000001,0.061118275017803085,0.060921468971122515,0.0001968060466805699,0.011113118291352949,0.011477400912488916,0.0003642826211359678,18089.476431326948,16641.97650626291,1447.4999250640394,0.00046225305833685974,0.0006951524909024229,0.00023289943256556313,17221.045144443204,15375.09214645275,1845.9529979904546,8781.906200008583,9233.47321333958,451.5670133309959,0.000409250019751187,0.0005994621076542138,0.0001902120879030268,0.00020835537576938698,0.00032827103462512296,0.00011991565885573598,0.0,0.0,0.0,0.0,0.0,0.0,0.0,0.0,0.0
0.6140000000000001,0.06152606834862072,0.061332376660295035,0.00019369168832568395,0.011504155164160503,0.011883864589669843,0.0003797094255093402,29925.327019081436,37212.59336609966,7287.266347018223,0.0008596152643487179,0.0015468655753916555,0.0006872503110429375,18200.569018503018,21007.603732110794,2807.034713607776,12633.955835408253,13903.249662490536,1269.2938270822833,0.0005164851131317801,0.000673781960822841,0.00015729684769106092,0.00033384666411611784,0.0004240491991261445,9.020253501002668e-05,0.0,0.0,0.0,0.0,0.0,0.0,0.0,0.0,0.0
0.6150000000000001,0.06192405167943845,0.061733477495912736,0.00019057418352571437,0.01192949209247438,0.012302900234832348,0.00037340814235796785,19417.448874956113,26517.909357665165,7100.460482709052,0.000463407110366585,0.0007649780437738275,0.0003015709334072425,18889.549241421846,25426.335591107596,6536.78634968575,10224.546363072031,15224.540533495216,4999.994170423184,0.0004546609211058928,0.0007256115325234522,0.00027095061141755943,0.0002515492678417982,0.00040624191414737694,0.00015469264630557872,0.0,0.0,0.0,0.0,0.0,0.0,0.0,0.0,0.0
0.6160000000000001,0.06231222501025631,0.0621247383577549,0.00018748665250140767,0.012321806582982816,0.012680924893611148,0.00035911831062833237,25916.20862156045,32915.11310314371,6998.90448158326,0.0006289675884961486,0.0011305287980944304,0.0005015612095982817,24997.33191262362,32417.105502170787,7419.773589547167,8216.99180880787,9742.940129310162,1525.9483205022916,0.0006267911167923604,0.0011078608984086903,0.0004810697816163299,0.00020820036950345986,0.0003111175712747238,0.00010291720177126393,0.0,0.0,0.0,0.0,0.0,0.0,0.0,0.0,0.0
0.6170000000000001,0.06269058834107424,0.06250621629540434,0.0001843720456699005,0.01269527394620494,0.013074470127423864,0.0003791961812189236,20262.80910985257,16145.40698489286,4117.40212495971,0.00043460127814457417,0.0006024856853066405,0.0001678844071620663,19676.67850235779,15607.35333075266,4069.325171605131,9750.950457665578,8694.378910234163,1056.5715474314147,0.0004258937240269026,0.00044806919248867154,2.2175468461768926e-05,0.00022507549381687707,0.0002690491676464246,4.3973673829547546e-05,0.0,0.0,0.0,0.0,0.0,0.0,0.0,0.0,0.0
0.6180000000000001,0.06305914167189226,0.06287788389078748,0.0001812577811047822,0.013069822490218212,0.013459086313029174,0.00038926382281096253,25734.538740918422,25995.527728789646,260.9889878712238,0.0007147967863995766,0.0008533890459362965,0.0001385922595367199,25384.123790356014,19357.451685722182,6026.672104633832,12210.89779569628,13937.44067712293,1726.5428814266488,0.0007044011266580601,0.0007427437823176717,3.8342655659611585e-05,0.00032579438586421733,0.0004021050956475195,7.631070978330218e-05,0.0,0.0,0.0,0.0,0.0,0.0,0.0,0.0,0.0
0.6190000000000001,0.06341788500271038,0.06323974103936388,0.0001781439633465054,0.013404434120907981,0.013808405175651873,0.0004039710547438912,20207.55741103225,22018.571958062355,1811.0145470301068,0.0005468622138876916,0.0007936710368940919,0.0002468088230064003,15924.876125643385,21116.643655488242,5191.767529844858,8726.402206672126,11825.996840941003,3099.5946342688767,0.0003838598750951283,0.0005321719970091228,0.00014831212191399452,0.0002325259780708032,0.0003368047797895612,0.00010427880171875802,0.0,0.0,0.0,0.0,0.0,0.0,0.0,0.0,0.0
0.62,0.06376681833352857,0.06359179372671478,0.0001750246068137895,0.01376100702970923,0.014162808824946534,0.00040180179523730333,25754.352185509768,30768.478132733348,5014.12594722358,0.0006783037252798477,0.0011804357091020504,0.0005021319838222027,18550.1981533219,20879.077864060062,2328.8797107381615,9761.061149417785,8186.667748709186,1574.393400708599,0.000515274987073604,0.0007476442288210682,0.00023236924174746423,0.0002500764707582736,0.00028669556674054746,3.661909598227383e-05,0.0,0.0,0.0,0.0,0.0,0.0,0.0,0.0,0.0
0.621,0.06410594166434684,0.06393400387332823,0.00017193779101860873,0.014113497447077093,0.01448571344594503,0.0003722159988679367,29091.252740634016,28144.013322707244,947.2394179267721,0.0008346241416715593,0.0009617183222720119,0.00012709418060045257,21910.71166456634,20196.843621208613,1713.8680433577283,10308.178776947823,11306.433538489704,998.2547615418807,0.0004751978986056084,0.0008022683771176494,0.00032707047851204097,0.0002483144170156813,0.0003329152667990514,8.460084978337013e-05,0.0,0.0,0.0,0.0,0.0,0.0,0.0,0.0,0.0
0.622,0.06443525499516521,0.0642664309903766,0.00016882400478861193,0.014419903745974688,0.014811080500224312,0.0003911767542496246,23874.417025169972,32587.12409904251,8712.707073872538,0.0006312436925177555,0.0010359459584902454,0.00040470226597248997,23336.41796519548,31683.045135603275,8346.627170407795,11700.093475158348,14306.897060691981,2606.803585533633,0.0005838447321789436,0.001022093781419713,0.0004382490492407694,0.00030377312289812854,0.00043100418902286867,0.00012723106612474013,0.0,0.0,0.0,0.0,0.0,0.0,0.0,0.0,0.0
0.623,0.06475475832598364,0.064589047783007,0.00016571054297663534,0.014754723141510507,0.015149111420710489,0.00039438827919998157,20151.036812066624,23908.107529281937,3757.0707172153125,0.0005731218860477459,0.0007478818637212986,0.0001747599776735527,19967.060631499677,23547.829907767962,3580.7692762682855,9054.302843365482,11315.018867508808,2260.7160241433266,0.0005692537812562502,0.0007354583128208292,0.000166204531564579,0.0002527689256289342,0.00039033116229874085,0.00013756223666980667,0.0,0.0,0.0,0.0,0.0,0.0,0.0,0.0,0.0
0.624,0.06506445165680211,0.06490186217268441,0.00016258948411769503,0.01507310108406813,0.015469863066565715,0.0003967619824975857,17754.38975404559,13817.363450921446,3937.0263031241448,0.0004482396343133923,0.0005767597384876124,0.00012852010417422005,16417.86341809545,12240.76390723423,4177.099510861221,9873.0100034956,8804.193744141467,1068.8162593541329,0.00040940696470179546,0.0004682892855491143,5.888232084731883e-05,0.00024762215792309975,0.0002944337804603575,4.6811622537257756e-05,0.0,0.0,0.0,0.0,0.0,0.0,0.0,0.0,0.0
0.625,0.06536433498762063,0.06520485876806449,0.00015947621955614277,0.015372085806872167,0.015765877985,0.0003937921781278324,32660.00700159718,28931.83617,3728.170831597181,0.0007790507984869,0.0009128561205,0.00013380532201310007,32046.452433898587,28161.2360635,3885.216370398586,12417.276201322515,12439.485530568292,22.209329245777553,0.0007750418193268116,0.0008075602557199999,3.251843639318834e-05,0.0003099122843821219,0.0003328406910775413,2.2928406695419442e-05,0.0,0.0,0.0,0.0,0.0,0.0,0.0,0.0,0.0
0.626,0.06565440831843923,0.06549801896486038,0.00015638935357885353,0.015661577766540643,0.016069202854548208,0.0004076250880075648,19559.003700552537,27570.683083574928,8011.6793830223905,0.0005015451410341927,0.0010273561196727562,0.0005258109786385635,19546.70361522176,26917.960159877814,7371.256544656055,9960.344550295811,12745.708608522129,2785.364058226318,0.000440411498704043,0.000611600603704911,0.00017118910500086806,0.00024165130870398288,0.0003456016963024901,0.00010395038759850725,0.0,0.0,0.0,0.0,0.0,0.0,0.0,0.0,0.0
0.627,0.06593467164925787,0.06578139524694539,0.00015327640231248274,0.0159255140004233,0.016343016417868957,0.00041750241744565805,22371.574758523348,30137.656229478634,7766.081470955287,0.0005809544351049156,0.0011345544771304164,0.0005536000420255008,21864.611580027125,17080.36005990216,4784.251520124966,9046.94106120106,8638.545630970144,408.39543023091574,0.0005395454949735273,0.0007187461960527369,0.00017920070107920957,0.00024187191012661893,0.00030562126587311064,6.374935574649172e-05,0.0,0.0,0.0,0.0,0.0,0.0,0.0,0.0,0.0
0.628,0.06620512498007658,0.06605496124817686,0.0001501637318997162,0.016187462442477565,0.01661563283902607,0.0004281703965485044,24363.111012591187,18517.96305873514,5845.147953856049,0.0006484738891315792,0.0007412361318681032,9.276224273652395e-05,14723.30139368364,18165.998993748297,3442.6976000646573,10585.79861334363,10303.757727399865,282.0408859437648,0.0003602323597791566,0.0007356750459400299,0.00037544268616087327,0.000261864437405406,0.00031614092154781567,5.427648414240967e-05,0.0,0.0,0.0,0.0,0.0,0.0,0.0,0.0,0.0
0.629,0.06646576831089533,0.06631872771628958,0.00014704059460575458,0.016478007403986316,0.01687957889240952,0.00040157148842320453,22852.11629862342,22486.7250744871,365.39122413631776,0.000592566347917596,0.0008516746995688264,0.00025910835165123046,22304.190530490527,21627.676476393997,676.5140540965294,12374.538062161175,15904.028688898054,3529.4906267368788,0.0005760447419925717,0.0008257155808378395,0.0002496708388452678,0.00033067312148736636,0.0004743761099900726,0.00014370298850270623,0.0,0.0,0.0,0.0,0.0,0.0,0.0,0.0,0.0
0.63,0.0667166016417141,0.06657264759228713,0.00014395404942696421,0.016715856132517144,0.017118649577563837,0.00040279344504669246,17936.06579700472,31530.488217091028,13594.422420086306,0.00040406429126831544,0.0010850820842921436,0.0006810177930238282,17628.06562352875,18080.811615470346,452.745991941596,7773.955380456756,12797.568568891731,5023.613188434975,0.00039508276927361155,0.0006017122954481539,0.00020662952617454236,0.0001849648072675339,0.00035856235773611296,0.00017359755046857906,0.0,0.0,0.0,0.0,0.0,0.0,0.0,0.0,0.0
0.631,0.06695762497253295,0.06681678364423041,0.0001408413283025406,0.016957241707320072,0.017385665591893737,0.000428423884573665,24832.21389841149,22313.52450200521,2518.68939640628,0.0006671226575173243,0.0008937651515905104,0.0002266424940731861,15891.954617104018,16529.719330252257,637.764713148239,8920.878945006287,8123.061066626024,797.8178783802632,0.0004156835850434671,0.0006895168947605966,0.0002738333097171295,0.0002252628996009658,0.00030288126355033657,7.761836394937078e-05,0.0,0.0,0.0,0.0,0.0,0.0,0.0,0.0,0.0
0.632,0.06718883830335182,0.06705110951460366,0.00013772878874815375,0.017197673843360267,0.01762360875886845,0.0004259349155081825,20144.771424285667,22005.041929750038,1860.2705054643702,0.00046239584833457673,0.0006029869541374466,0.00014059110580286985,19756.126099617806,20355.33460865549,599.2085090376822,11092.113737860805,10558.706190806975,533.4075470538301,0.00044082260797590384,0.0005896026037522088,0.00014877999577630493,0.0002705239121101237,0.0003049987520069565,3.4474839896832797e-05,0.0,0.0,0.0,0.0,0.0,0.0,0.0,0.0,0.0
0.633,0.06741024163417073,0.06727562504144233,0.0001346165927283982,0.017402154447042784,0.01784823487644485,0.000446080429402064,26315.523401623268,24811.469890717955,1504.0535109053126,0.0006987421326979476,0.0009847416142651228,0.00028599948156717524,26006.734542952858,23542.86776429025,2463.8667786626065,11766.688834258237,15217.72397515382,3451.035140895583,0.000679689341868299,0.000717870873760424,3.818153189212505e-05,0.00032683206957703537,0.0004624403866732152,0.00013560831709617983,0.0,0.0,0.0,0.0,0.0,0.0,0.0,0.0,0.0
0.634,0.06762183496498968,0.06749034339577938,0.00013149156921030136,0.017629496495951878,0.018055579556532433,0.0004260830605805552,20886.622035019627,20950.531968536343,63.90993351671568,0.0005827193878850419,0.0007684405654961699,0.00018572117761112797,16621.813553163374,18758.53373061204,2136.720177448664,7196.339606243601,10317.670487226502,3121.3308809829005,0.00039918859879757346,0.0006003610479575864,0.0002011724491600129,0.00018694898491099314,0.0002991091719741555,0.00011216018706316236,0.0,0.0,0.0,0.0,0.0,0.0,0.0,0.0,0.0
0.635,0.06782361829580863,0.06769521295244244,0.0001284053433661947,0.017819451787521205,0.01824988377778232,0.00043043199026111464,25503.02457979686,34299.80862398064,8796.784044183783,0.0007579340336155854,0.0011512784699297537,0.0003933444363141683,23745.282769493286,33437.63193600381,9692.349166510525,9756.610075965884,6454.041603319981,3302.568472645903,0.0005820038439538808,0.0011054051634129581,0.0005234013194590773,0.00024210437389369718,0.0002223183528594508,1.9786021034246383e-05,0.0,0.0,0.0,0.0,0.0,0.0,0.0,0.0,0.0
0.636,0.06801559162662764,0.06789029841054398,0.0001252932160836634,0.017993710095487538,0.018436905903174136,0.00044319580768659855,33559.016943790986,38728.92885933996,5169.911915548975,0.000807978367462269,0.001017828667802844,0.00020985030034057493,28371.64110302732,38426.14627773862,10054.5051747113,12851.52813249093,12319.92240699847,531.6057254924599,0.0006697338401383574,0.0010104594295833544,0.000340725589444997,0.00031205592541441957,0.000345178837662555,3.312291224813544e-05,0.0,0.0,0.0,0.0,0.0,0.0,0.0,0.0,0.0
0.637,0.06819775495744669,0.06807557352970957,0.00012218142773712248,0.01820117714702193,0.01863620088427491,0.00043502373725298055,16116.8132097897,26203.87851135811,10087.065301568411,0.0004189509276459066,0.0008096119594610228,0.0003906610318151162,16105.812838063124,25968.328624652364,9862.51578658924,9573.735692359476,13465.102039135663,3891.366346776187,0.0004164006168817077,0.0007275944370064754,0.0003111938201247677,0.00026799409340372635,0.00041694095380583886,0.00014894686040211252,0.0,0.0,0.0,0.0,0.0,0.0,0.0,0.0,0.0
0.638,0.06837010828826572,0.06825105351886501,0.00011905476940070325,0.01838401953537951,0.018803918990760976,0.00041989945538146653,21943.93803807274,27052.571227947246,5108.633189874505,0.0005966491541973554,0.0010242877870290435,0.00042763863283168814,17399.378018923304,19649.406917823264,2250.02889889996,8144.219385782149,8668.08373433684,523.8643485546909,0.000518767964230248,0.0008000536723549508,0.0002812857081247028,0.00021805702254601203,0.00030066747612271126,8.261045357669923e-05,0.0,0.0,0.0,0.0,0.0,0.0,0.0,0.0,0.0
0.639,0.0685326516190848,0.06841668292857342,0.00011596869051137826,0.0185313318246188,0.018972017970784037,0.0004406861461652388,22609.903040724806,25421.632520687574,2811.729479962767,0.0005490196053439578,0.0010566463403675155,0.0005076267350235577,22303.350828625575,13133.764370349207,9169.586458276368,11568.842837370992,9383.141227389151,2185.701609981841,0.000547167728214245,0.0005297121359762414,1.7455592238003526e-05,0.0002975462438677322,0.000298692171585816,1.1459277180838083e-06,0.0,0.0,0.0,0.0,0.0,0.0,0.0,0.0,0.0
0.64,0.06868538494990388,0.06857252799746612,0.00011285695243776206,0.018697460458903466,0.019148719873995877,0.0004512594150924108,27194.889354464107,32300.057911598637,5105.16855713453,0.0007208954181265767,0.0008203587486343544,9.946333050777766e-05,27109.646415290612,30881.024792468732,3771.37837717812,11420.324758293606,14580.962321859213,3160.6375635656077,0.0006859439978420308,0.0007039560514279185,1.8012053585887656e-05,0.0002849198788334996,0.00040858751457779625,0.00012366763574429666,0.0,0.0,0.0,0.0,0.0,0.0,0.0,0.0,0.0
0.641,0.06882830828072299,0.06871856276045794,0.00010974552026504769,0.01882200020154804,0.019285010612650356,0.0004630104111023152,10104.069698272111,34346.23963705086,24242.169938778745,0.00030217573692239264,0.0009995836871245852,0.0006974079502021925,9537.047407099795,28400.303706326238,18863.256299226443,6427.33690720544,11614.103025621414,5186.766118415974,0.00029079964672013643,0.0008806019905069718,0.0005898023437868353,0.00017810515815913568,0.0003667965086019523,0.0001886913504428166,0.0,0.0,0.0,0.0,0.0,0.0,0.0,0.0,0.0
0.642,0.0689614216115421,0.06885478715942316,0.00010663445211894773,0.01895680742084263,0.019422125685120244,0.00046531826427761297,25547.29470543811,25111.6274886096,435.6672168285113,0.0007592650818848072,0.0010095758241663773,0.0002503107422815701,21979.01440809925,23502.55812204199,1523.5437139427413,9486.508280459462,8392.6000983373,1093.9081821221625,0.0006121166666971355,0.0008339588660724471,0.0002218421993753116,0.00022813953443932537,0.0002928093172073155,6.46697827679901e-05,0.0,0.0,0.0,0.0,0.0,0.0,0.0,0.0,0.0
0.643,0.06908472494236124,0.06898121911880066,0.00010350582356058458,0.019096607520307285,0.019537023552047814,0.0004404160317405294,20599.93756474063,28199.480733868906,7599.543169128276,0.0006117569740452615,0.0011279735939687496,0.0005162166199234881,17998.599247405826,19145.646883112622,1147.0476357067964,13136.905957804549,13871.844529721016,734.9385719164675,0.0004839720190734513,0.0007253990910106361,0.00024142707193718484,0.0003449744026636893,0.0004385615399837842,9.358713732009492e-05,0.0,0.0,0.0,0.0,0.0,0.0,0.0,0.0,0.0
0.644,0.0691982182731804,0.06909779830772092,0.00010041996545948062,0.019184488441399895,0.01964700180884879,0.00046251336744889543,29579.573363221956,24323.757910274002,5255.815452947954,0.0008049829394650034,0.0007204434673717445,8.453947209325892e-05,18036.189798672047,23745.336663995822,5709.146865323775,10295.386327071317,15370.776135845626,5075.389808774309,0.00045353700625620877,0.0006563161655067598,0.000202779159250551,0.00025409268364434505,0.00043300166197275257,0.00017890897832840752,0.0,0.0,0.0,0.0,0.0,0.0,0.0,0.0,0.0
0.645,0.06930190160399956,0.0692045927376882,9.730886631136026e-05,0.019302043405869496,0.019767948989771415,0.00046590558390191897,13665.562487593046,28625.896108918692,14960.333621325646,0.00040044650430870677,0.0011018534775749757,0.0007014069732662689,13624.541848203862,14998.663136112888,1374.1212879090253,5863.582668579785,10414.94482067714,4551.362152097355,0.00037584567809194623,0.0004651616959498833,8.931601785793706e-05,0.0001552484927514104,0.0003210742241121157,0.00016582573136070532,0.0,0.0,0.0,0.0,0.0,0.0,0.0,0.0,0.0
0.646,0.06939577493481874,0.06930157681955022,9.419811526852062e-05,0.019407120709118715,0.01987365088299506,0.0004665301738763436,19106.070215268217,23749.54555722315,4643.475341954934,0.0004887623784930225,0.0006398624766446174,0.00015110009815159486,18304.010221778324,21678.640620918904,3374.6303991405803,10799.312090608499,6839.2531858453185,3960.05890476318,0.00040736386114485025,0.000625892213269956,0.00021852835212510577,0.0002552169160891617,0.0002313141939214873,2.3902722167674418e-05,0.0,0.0,0.0,0.0,0.0,0.0,0.0,0.0,0.0
0.647,0.0694798382656379,0.06938875065044875,9.10876151891532e-05,0.01948239976979386,0.019952257057352683,0.0004698572875588211,28931.283945502273,21130.54502760786,7800.738917894414,0.0007618553468225513,0.0006700022409058444,9.185310591670697e-05,28782.00714524419,20123.089125162904,8658.918020081288,13335.5278152044,14580.263594498643,1244.735779294244,0.0007291100621761154,0.0006349446909589726,9.416537121714286e-05,0.00035059775605079306,0.000445800172346523,9.520241629572994e-05,0.0,0.0,0.0,0.0,0.0,0.0,0.0,0.0,0.0
0.648,0.06955409159645709,0.06946613452302335,8.795707343374481e-05,0.019559047007914096,0.020032194109184897,0.0004731471012708009,21448.07477574871,19615.59538914557,1832.4793866031432,0.0006447558305144727,0.0005825383498663112,6.221748064816151e-05,15741.04529784728,19398.498142748682,3657.4528449014015,7375.035414001599,13239.357717863832,5864.322303862233,0.00040313316409210076,0.0005742958901140656,0.00017116272602196486,0.00019662746727122418,0.00037511018372354067,0.0001784827164523165,0.0,0.0,0.0,0.0,0.0,0.0,0.0,0.0,0.0
0.649,0.06961853492727625,0.06953366336759749,8.487155967876192e-05,0.01961008380219676,0.020098329645371636,0.0004882458431748754,26724.865274577547,28365.117658470088,1640.2523838925408,0.0007320630216502368,0.0012110564689553705,0.00047899344730513373,26290.887356485568,28280.912872028952,1990.0255155433842,8455.782356726297,8887.673375045732,431.8910183194348,0.000719592204709752,0.0011225836215363163,0.00040299141682656426,0.00022269866274970626,0.00028597897978174753,6.328031703204128e-05,0.0,0.0,0.0,0.0,0.0,0.0,0.0,0.0,0.0
0.65,0.06967316825809546,0.06959140710692434,8.176115117111693e-05,0.019652975389644216,0.020138312171790487,0.00048533678214627077,27301.384987869085,30636.55893062972,3335.1739427606335,0.0006403988399313624,0.0008937801099826656,0.00025338127005130316,24781.454620159035,30524.62322247083,5743.1686023117945,11647.708505267208,10727.644132723584,920.0643725436239,0.0005752455173096159,0.0007998966544034162,0.00022465113709380037,0.0002776061785705561,0.00033951995989123295,6.191378132067686e-05,0.0,0.0,0.0,0.0,0.0,0.0,0.0,0.0,0.0
0.651,0.06971799158891466,0.06963934047773998,7.86511111746796e-05,0.019727415424582385,0.02019485367746761,0.00046743825288522375,26692.93991559981,46998.41571094766,20305.475795347847,0.0007267160988156608,0.0016658444816737361,0.0009391283828580753,23890.06748171171,28019.00002504555,4128.932543333838,11492.938342403542,14832.133909167456,3339.195566763914,0.0005984426165189914,0.0006988738296631038,0.00010043121314411239,0.0003033803217222708,0.000450010576326537,0.0001466302546042662,0.0,0.0,0.0,0.0,0.0,0.0,0.0,0.0,0.0
0.652,0.06975300491973382,0.0696774859848842,7.551893484962491e-05,0.01975080232294722,0.020214048697994588,0.00046324637504736865,10049.57354438131,41799.78911878913,31750.21557440782,0.00031084714781762766,0.0015678537680293145,0.0012570066202116869,9119.784910412342,23079.08930976667,13959.304399354329,6425.014342259696,10747.2815387575,4322.2671964978035,0.0002676730730657921,0.0006254077752015512,0.0003577347021357591,0.00018075011222332533,0.0003245080405376231,0.00014375792831429777,0.0,0.0,0.0,0.0,0.0,0.0,0.0,0.0,0.0
0.653,0.06977820825055303,0.06970577466848171,7.243358207131845e-05,0.019774724355572777,0.020260911039435135,0.00048618668386235867,23303.723640952747,19415.451674101194,3888.271966851553,0.0006677647765344184,0.0007362417825865774,6.847700605215894e-05,19546.05158052638,18735.76937965745,810.2822008689291,11054.317034844096,7660.904204839753,3393.412830004343,0.00048099560863017085,0.0006673925827846061,0.00018639697415443525,0.00029159568914348605,0.0002805242776135061,1.1071411529979937e-05,0.0,0.0,0.0,0.0,0.0,0.0,0.0,0.0,0.0
0.654,0.06979360158137224,0.06972427799479476,6.932358657747717e-05,0.019808857572357667,0.020295285951387344,0.00048642837902967626,23512.549566559424,32003.313561411444,8490.76399485202,0.0005093607141343916,0.000813157720087206,0.0003037970059528144,23045.487314469858,31001.221411945546,7955.734097475688,12309.889613121904,11390.83126899699,919.0583441249146,0.0005037506680191731,0.0007323418707561386,0.00022859120273696545,0.00030313678098845963,0.0003192037517275105,1.6066970739050848e-05,0.0,0.0,0.0,0.0,0.0,0.0,0.0,0.0,0.0
0.655,0.06979918491219146,0.06973297095304233,6.621395914913064e-05,0.01979570651705263,0.020300442584062765,0.0005047360670101357,31823.41701225952,36755.11432694864,4931.697314689121,0.0008371513906080528,0.0010296456459950327,0.00019249425538697988,30552.54050747649,35165.31512451231,4612.774617035819,8491.61022292819,12596.154324339657,4104.544101411468,0.0007684931413669936,0.0009974800201136465,0.00022898687874665284,0.00021307642950894147,0.000337327025411037,0.00012425059590209553,0.0,0.0,0.0,0.0,0.0,0.0,0.0,0.0,0.0
0.656,0.06979495824301066,0.06973185365117647,6.310459183418715e-05,0.01980005257355002,0.020296344892551,0.0004962923190009808,13860.460982274428,30179.943077426324,16319.482095151896,0.0004216917378570071,0.0012660537037806436,0.0008443619659236365,13456.063630102833,24689.736873141836,11233.673243039002,7409.289857886901,9349.171217534678,1939.8813596477776,0.00041027264231645615,0.0008417345691061836,0.0004314619267897275,0.00019478789854672339,0.0003136150133826164,0.00011882711483589303,0.0,0.0,0.0,0.0,0.0,0.0,0.0,0.0,0.0
0.657,0.06978092157382987,0.06972095108744059,5.9970486389282485e-05,0.019783912698622196,0.02028110278023856,0.0004971900816163645,24706.237659688963,19905.319077898865,4800.918581790098,0.0007439805603679383,0.000772014735658758,2.8034175290819643e-05,22283.7468259357,19869.16673947044,2414.580086465263,12069.933040546377,10251.611798433463,1818.3212421129138,0.0005965806518416663,0.0007254984495333423,0.00012891779769167594,0.00030927475259072797,0.00033033178492764166,2.105703233691369e-05,0.0,0.0,0.0,0.0,0.0,0.0,0.0,0.0,0.0
0.658,0.06975707490464908,0.06970018942712941,5.6885477519669214e-05,0.019736380837184965,0.020250776209463563,0.0005143953722785977,25571.07822347725,26478.105024124805,907.0268006475562,0.0006875349343599658,0.0010764694578640377,0.000388934523504072,21535.259518920862,23158.691533795933,1623.4320148750703,12686.815652197996,15388.486797834878,2701.671145636881,0.0005327368195480305,0.0007228024118838655,0.000190065592335835,0.00032162426912561617,0.000462504409037874,0.00014088013991225785,0.0,0.0,0.0,0.0,0.0,0.0,0.0,0.0,0.0
0.659,0.06972341823546829,0.06966964209392343,5.377614154486454e-05,0.01972900808634007,0.020232958454380043,0.000503950368039973,20002.479190602357,25428.179141013057,5425.699950410701,0.0005322225294923609,0.0009982553926217407,0.0004660328631293797,13634.644081612205,22728.30888852589,9093.664806913686,6742.491080479808,12916.07673840648,6173.585657926672,0.0003789171212218617,0.0006921057699506149,0.0003131886487287532,0.0001687261456753186,0.00036017369311478533,0.00019144754743946672,0.0,0.0,0.0,0.0,0.0,0.0,0.0,0.0,0.0
0.66,0.06967995156628749,0.06962928438963457,5.0667176652918755e-05,0.019693609018202357,0.02019301240952713,0.0004994033913247736,20150.130599726104,29385.285326921625,9235.15472719552,0.000523883811324248,0.0010228888494804441,0.0004990050381561961,19741.576082918502,28623.593935463297,8882.017852544795,8604.497870251413,8567.24067932201,37.257190929401986,0.0004943309078347783,0.0009771823855560947,0.00048285147772131635,0.00020860040852320092,0.0002892982573628008,8.069784883959986e-05,0.0,0.0,0.0,0.0,0.0,0.0,0.0,0.0,0.0
0.661,0.06962667489710674,0.06957911642457192,4.755847253481993e-05,0.019623270706282992,0.02013403187431054,0.0005107611680275487,25917.62212448333,25119.989441836922,797.6326826464065,0.0006565224296012561,0.0007319417680042329,7.541933840297672e-05,22579.21856442151,24474.902997383546,1895.6844329620362,12293.070814724057,10068.29512411795,2224.775690606106,0.0004908634715663187,0.0006372209829210421,0.00014635751135472338,0.00030061808710875034,0.0003012531237997902,6.350366910398784e-07,0.0,0.0,0.0,0.0,0.0,0.0,0.0,0.0,0.0
0.662,0.06956358822792597,0.0695191417962312,4.444643169476681e-05,0.019571925939556128,0.020097417558642014,0.0005254916190858862,23262.358383463277,28613.489693003812,5351.131309540535,0.000698351511764392,0.00104336689007078,0.0003450153783063881,22360.021464355035,25388.187610574485,3028.1661462194497,11354.57690551711,14841.382183790754,3486.805278273645,0.000630857631939881,0.0010114708885221643,0.0003806132565822832,0.0003059182711775286,0.00042908641917745535,0.00012316814799992676,0.0,0.0,0.0,0.0,0.0,0.0,0.0,0.0,0.0
0.663,0.0694906915587452,0.06944935392213594,4.1337636609253825e-05,0.019486248638357646,0.020015489092984298,0.0005292404546266526,14901.464342749363,33377.48738070163,18476.02303795226,0.00045001401253930834,0.0013405521438105792,0.0008905381312712708,11606.346673877262,18158.724037689095,6552.377363811833,6440.678285071513,11451.525216059621,5010.846930988108,0.0003116519721659305,0.0005565610181080189,0.00024490904594208837,0.0001805247975708543,0.0003183691748046464,0.00013784437723379209,0.0,0.0,0.0,0.0,0.0,0.0,0.0,0.0,0.0
0.664,0.06940798488956443,0.06936975580134641,3.822908821801696e-05,0.019394989264399514,0.01992220685696465,0.0005272175925651358,24527.419148042667,17727.625917393958,6799.793230648709,0.000720818728866209,0.0006856847639685036,3.513396489770537e-05,18427.39931017007,16759.243570970022,1668.1557392000468,10740.808958745516,9510.67071596064,1230.1382427848766,0.0005221282638104051,0.0005807155446160983,5.858728080569318e-05,0.00027074289026188475,0.00033071361875877236,5.997072849688761e-05,0.0,0.0,0.0,0.0,0.0,0.0,0.0,0.0,0.0
0.665,0.06931546822038369,0.06928034744673012,3.512077365357136e-05,0.019319337574321457,0.019830658050511582,0.0005113204761901247,26304.34900140225,35883.24219972477,9578.893198322523,0.000594269193462792,0.001192496963026867,0.0005982277695640749,25081.565719419166,27598.24830452343,2516.682585104263,12128.074305032445,12907.643268834578,779.5689638021322,0.0005475105368452855,0.0008901267139755565,0.00034261617713027097,0.0002972554818221155,0.00038679955576349757,8.954407394138209e-05,0.0,0.0,0.0,0.0,0.0,0.0,0.0,0.0,0.0
0.666,0.06921314155120295,0.06918115848819863,3.19830630043233e-05,0.01920149513148878,0.019716924663799346,0.000515429532310565,21967.56174638538,37842.54289462348,15874.981148238101,0.0006676261237301322,0.0012182338169675858,0.0005506076932374536,14510.80283587785,37352.46892546586,22841.66608958801,9470.173219810838,13871.514722881218,4401.34150307038,0.0004078792799615885,0.00115841887550293,0.0007505395955413414,0.0002617193897035735,0.0004225905776923115,0.000160871187988738,0.0,0.0,0.0,0.0,0.0,0.0,0.0,0.0,0.0
0.667,0.0691010048820222,0.06907210636353339,2.8898518488806868e-05,0.019096904751001998,0.01962500511978465,0.0005281003687826503,14476.140508666444,25440.343727434603,10964.20321876816,0.00044040412097239083,0.0008465659776149708,0.00040616185664258,13368.49005619645,24444.269734042122,11075.779677845672,7056.950915842483,8876.832298666468,1819.8813828239854,0.0003922407154335041,0.0008287496330930551,0.00043650891765955105,0.00019121374935704655,0.0002817340197065072,9.052027034946067e-05,0.0,0.0,0.0,0.0,0.0,0.0,0.0,0.0,0.0
0.668,0.06897905821284149,0.06895326795150622,2.5790261335270626e-05,0.018994102968060093,0.019516061819837303,0.0005219588517772107,31837.977152284144,15472.35545585987,16365.621696424274,0.0009582416459280711,0.0006105202422596991,0.000347721403668372,19599.942042664537,12091.646371682531,7508.295670982006,12603.61480585482,9381.210095292332,3222.4047105624886,0.00046178153522011316,0.00045175702664976286,1.00245085703503e-05,0.00032671566905680767,0.00030348059705641257,2.3235072000395097e-05,0.0,0.0,0.0,0.0,0.0,0.0,0.0,0.0,0.0
0.669,0.06884730154366075,0.06882461914957935,2.268239408140249e-05,0.01884713588669278,0.019385271775694796,0.0005381358890020164,33439.53573171736,30352.64380969489,3086.8919220224707,0.0007732711560055644,0.0008320163189432312,5.8745162937666744e-05,32842.22182524819,29526.712313000637,3315.509512247554,11871.398011608158,14279.178936657976,2407.7809250498176,0.0007638723438812478,0.0007641282007993619,2.5585691811416157e-07,0.0002844634376264456,0.0004131068817625514,0.00012864344413610578,0.0,0.0,0.0,0.0,0.0,0.0,0.0,0.0,0.0
0.67,0.06870573487448006,0.06868616011879282,1.9574755687243317e-05,0.01871278801544521,0.019248062670482093,0.0005352746550368846,28555.900898226737,26772.37619223043,1783.5247059963076,0.0008182989440194582,0.001107919358937445,0.0002896204149179869,10197.119607945917,21715.402707225214,11518.283099279297,5389.699626585422,12423.095012590304,7033.395386004881,0.00029732907900759467,0.0005724542617959794,0.0002751251827883848,0.0001532369391721419,0.00036401071542920335,0.00021077377625706146,0.0,0.0,0.0,0.0,0.0,0.0,0.0,0.0,0.0
0.671,0.06855435820529941,0.06853792301641908,1.6435188880337126e-05,0.018549449350830402,0.01910451076272717,0.0005550614118967692,21510.842706173444,28301.21771893643,6790.375012762986,0.0004978493235356078,0.0009579881327508798,0.00046013880921527207,20822.85423108342,24023.61074689212,3200.756515808698,10070.09529209279,8944.788411308502,1125.3068807842883,0.0004912431014238838,0.0006228447066208851,0.0001316016051970013,0.0002506604679418235,0.00032427917058540313,7.361870264357962e-05,0.0,0.0,0.0,0.0,0.0,0.0,0.0,0.0,0.0
0.672,0.06839317153611875,0.06837982051062061,1.3351025498140046e-05,0.018379586690601503,0.0189314573481808,0.000551870657579296,23601.30486450407,27881.603546088973,4280.2986815849035,0.0006595703414226818,0.0011166423043229637,0.00045707196290028184,19477.069438134662,26466.079699931146,6989.010261796484,13907.71220584379,12776.459051027827,1131.253154815964,0.0005311640716142278,0.0010413976481550222,0.0005102335765407944,0.00036294898134193624,0.00041495824705222123,5.200926571028499e-05,0.0,0.0,0.0,0.0,0.0,0.0,0.0,0.0,0.0
0.673,0.0682221748669381,0.06821193145664275,1.0243410295346367e-05,0.018227001992894773,0.0187711354411223,0.0005441334482275267,21553.021216256802,29629.85311886382,8076.831902607017,0.0005147017480494196,0.00110471990836529,0.0005900181603158704,20807.110848773715,29265.453665650854,8458.342816877139,9060.792903231917,15170.758144753838,6109.965241521921,0.0004727980407784119,0.0010549090826034461,0.0005821110418250343,0.00021888802288984433,0.000404191737842714,0.00018530371495286966,0.0,0.0,0.0,0.0,0.0,0.0,0.0,0.0,0.0
0.674,0.06804136819775748,0.06803423200664183,7.136191115655888e-06,0.018045002214184144,0.018584319440476397,0.0005393172262922533,14830.793067857981,21053.608169091593,6222.815101233611,0.00038743292836841215,0.0008304727873343701,0.00044303985896595793,14418.004964862774,16959.290624488825,2541.2856596260517,5347.983647898117,10038.72786116465,4690.744213266534,0.0003834337353891734,0.000715977746143156,0.00033254401075398255,0.000148953314759468,0.00028413953957004905,0.00013518622481058104,0.0,0.0,0.0,0.0,0.0,0.0,0.0,0.0,0.0
0.675,0.06785075152857689,0.06784675656560182,3.994962975067962e-06,0.017846806083495956,0.018404304837194893,0.0005574987536989366,32047.237983420127,19229.875035283254,12817.362948136873,0.0007872423090629793,0.0008220261030814145,3.478379401843524e-05,25593.473685300007,18043.20175516031,7550.271930139697,10705.721408731742,8330.960330035541,2374.7610786962014,0.0005585740214993621,0.0006350263832838323,7.645236178447019e-05,0.00025453722134727476,0.00027605363229208345,2.1516410944808688e-05,0.0,0.0,0.0,0.0,0.0,0.0,0.0,0.0,0.0
0.676,0.06765032485939634,0.06764941409568717,9.10763709172091e-07,0.017665593110446003,0.018227366958573823,0.0005617738481278195,20025.379808661808,37246.80157976309,17221.42177110128,0.0005064748617719324,0.001277493633413722,0.0007710187716417897,18560.357540992914,21117.49642879094,2557.1388877980244,12872.561602871248,13319.777314604486,447.2157117332372,0.0004643248018531842,0.0008239977689126908,0.00035967296705950665,0.000338760726425759,0.00042863298155488026,8.987225512912124e-05,0.0,0.0,0.0,0.0,0.0,0.0,0.0,0.0,0.0
0.677,0.06744008819021581,0.06744228452544913,2.196335233323188e-06,0.017439325033472133,0.01800602076198033,0.0005666957285081972,31487.801234900733,19293.355930544796,12194.445304355937,0.00094351345559269,0.0005417212871019899,0.0004017921684907001,18351.524026100284,19082.043773398764,730.5197472984801,6474.077749912823,13321.870543840514,6847.7927939276915,0.0004512320276792646,0.0005003304777458211,4.9098450066556475e-05,0.00016996635016458094,0.00035302918449896595,0.000183062834334385,0.0,0.0,0.0,0.0,0.0,0.0,0.0,0.0,0.0
0.678,0.0672200415210353,0.06722534448111668,5.302960081374208e-06,0.017213158621510027,0.01778538659569473,0.0005722279741847032,13382.312205776778,19953.669318421486,6571.357112644708,0.00044058122503837314,0.000801378967063755,0.00036079774202538183,13001.613387065958,19707.323359528644,6705.709972462686,8687.761768194689,11181.37450735762,2493.6127391629307,0.0003823182921605744,0.0007646545377848501,0.0003823362456242757,0.0002461741954090028,0.0003598909509169862,0.00011371675550798336,0.0,0.0,0.0,0.0,0.0,0.0,0.0,0.0,0.0
0.679,0.06699018485185483,0.06699859435557924,8.409503724410294e-06,0.016993321255341132,0.017549603357228338,0.0005562821018872052,35328.02013956131,27191.307886015125,8136.712253546186,0.000818106725046903,0.0007860923365552957,3.201438849160729e-05,34681.05550180899,25786.134900341265,8894.920601467722,11830.345576294389,11374.96758905575,455.3779872386385,0.0007941960786804656,0.0007526508721286987,4.154520655176694e-05,0.0002780764127600162,0.00034358759514959846,6.551118238958225e-05,0.0,0.0,0.0,0.0,0.0,0.0,0.0,0.0,0.0
0.68,0.0667505181826744,0.06676207072261443,1.1552539940035134e-05,0.016732576180075127,0.017304781869753063,0.0005722056896779355,27524.903811286338,35404.7471792216,7879.843367935264,0.0006813255015732973,0.0010486443991108837,0.0003673188975375864,27090.094916719252,34657.73278464155,7567.637867922298,11214.647891114691,14076.94571870814,2862.2978275934493,0.000679049505413663,0.0010365479460946706,0.00035749844068100757,0.00029439013986471075,0.0004376337503848155,0.00014324361052010478,0.0,0.0,0.0,0.0,0.0,0.0,0.0,0.0,0.0
0.681,0.06650104151349405,0.06651567776170478,1.4636248210728176e-05,0.01650272055363755,0.017065839108811213,0.0005631185551736619,26175.673234460715,18761.537405043717,7414.135829416999,0.0007738215953066549,0.0005291835195647835,0.00024463807574187147,14950.63717331887,18169.533525224168,3218.8963519052977,6000.960772243342,11244.507761495954,5243.546989252612,0.0004300456622615452,0.0004645442511696994,3.4498588908154224e-05,0.00016512915431682868,0.0003074903726044869,0.00014236121828765824,0.0,0.0,0.0,0.0,0.0,0.0,0.0,0.0,0.0
0.682,0.0662417548443137,0.06625949756318186,1.774271886816059e-05,0.01625354909568026,0.01681397166923908,0.0005604225735588199,24499.084051252423,29831.234982741153,5332.15093148873,0.0006528047112486778,0.0012309765007770645,0.0005781717895283867,23098.94085787698,18093.841223165786,5005.099634711194,11860.16639135443,8707.807911860666,3152.358479493765,0.0006058990301890915,0.0007225262769620178,0.00011662724677292632,0.00031946480737123436,0.0003283565248771097,8.891717505875318e-06,0.0,0.0,0.0,0.0,0.0,0.0,0.0,0.0,0.0
0.683,0.06597265817513341,0.06599350693575674,2.0848760623332074e-05,0.015974409116139242,0.01654510514905712,0.0005706960329178758,27428.754401334838,24496.956264432676,2931.798136902162,0.0006543094258850806,0.0009329799536793477,0.0002786705277942671,25822.04984096632,24223.88842110865,1598.161419857668,12529.545109221928,10969.194855841384,1560.350253380544,0.000586155591092492,0.0006571685935663601,7.10130024738681e-05,0.0003036872833788266,0.0003055348558811309,1.847572502304269e-06,0.0,0.0,0.0,0.0,0.0,0.0,0.0,0.0,0.0
0.684,0.06569375150595316,0.06571770590608927,2.3954400136111387e-05,0.015700147727748553,0.016285995527857835,0.0005858478001092814,19229.506975700937,32685.063731227994,13455.556755527057,0.0005865002933529267,0.0007943768195427092,0.00020787652618978246,16262.812435187248,31320.95983361447,15058.147398427222,8888.084816731984,13163.4294285361,4275.344611804116,0.0003812491099982356,0.0007465209994351723,0.00036527188943693667,0.00022941223249440702,0.00036842410701056096,0.00013901187451615394,0.0,0.0,0.0,0.0,0.0,0.0,0.0,0.0,0.0
0.685,0.06540503483677296,0.06543211178573366,2.7076948960702563e-05,0.015408322890247524,0.016001343683368557,0.0005930207931210338,28035.945986615196,33575.95119595437,5540.005209339171,0.0007768327484369365,0.0010536030964613452,0.00027677034802440863,12148.300026390345,23184.373254686994,11036.07322829665,7937.100131722544,10812.397748725574,2875.2976170030306,0.0003069377358987327,0.0008709719427808175,0.0005640342068820847,0.00020433304293488775,0.0003410483579494664,0.00013671531501457864,0.0,0.0,0.0,0.0,0.0,0.0,0.0,0.0,0.0
0.686,0.06510650816759282,0.06513669086169774,3.018269410491603e-05,0.015092136659821176,0.01568667675705234,0.0005945400972311651,20448.784151172284,30295.25358397979,9846.469432807506,0.0005759561227562704,0.0010726089810498324,0.000496652858293562,20194.934459941163,29757.868601216258,9562.934141275095,12460.798380590973,10041.49876654722,2419.2996140437535,0.0005747907787309024,0.0010615139251372813,0.0004867231464063789,0.00032705028219888964,0.00037176588980065636,4.471560760176672e-05,0.0,0.0,0.0,0.0,0.0,0.0,0.0,0.0,0.0
0.687,0.06479817149841277,0.06483145996245293,3.328846404015984e-05,0.014800074036260626,0.01538922853464176,0.000589154498381133,20757.961581266187,29914.865358832863,9156.903777566677,0.0006015038180580451,0.0011509820893811217,0.0005494782713230766,18477.834630507863,29152.274888625278,10674.440258117414,11566.870440159406,13799.249590410825,2232.3791502514196,0.0005254982340383102,0.0010512896157030198,0.0005257913816647096,0.00029042290357370976,0.00039771389606572336,0.00010729099249201361,0.0,0.0,0.0,0.0,0.0,0.0,0.0,0.0,0.0
0.6880000000000001,0.06448002482923275,0.06451641858130368,3.6393752070928986e-05,0.01447756580553249,0.015058689057468133,0.0005811232519356436,16434.571802665403,22544.13182929184,6109.560026626437,0.00046492209238747743,0.0006756778363638046,0.00021075574397632713,12699.361297786465,22518.657329789163,9819.296032002698,6707.063732174274,12754.218407839022,6047.154675664748,0.00039632130349220537,0.0005731855462540473,0.00017686424276184198,0.00017305562592456202,0.0003451751423696429,0.00017211951644508088,0.0,0.0,0.0,0.0,0.0,0.0,0.0,0.0,0.0
0.6890000000000001,0.06415206816005281,0.06419160850315465,3.954034310184318e-05,0.014147949857880267,0.014749082413463933,0.0006011325555836666,24770.429533211187,32547.30419025221,7776.874657041022,0.0006355478049907174,0.0013929241341475724,0.000757376329156855,24257.91684677359,15606.920751503732,8650.996095269858,8506.080941831271,9457.519186139223,951.4382443079521,0.0006331103634043348,0.0006473115413259792,1.4201177921644359e-05,0.0002126642785380517,0.000281150347330126,6.848606879207431e-05,0.0,0.0,0.0,0.0,0.0,0.0,0.0,0.0,0.0
0.6900000000000001,0.06381430149087296,0.0638569247329595,4.2623242086536894e-05,0.013829880243990907,0.014422287861848009,0.0005924076178571019,32939.59159899902,15327.160682822374,17612.430916176643,0.0009390650052736772,0.0005860804610253527,0.00035298454424832456,20211.0119500517,15059.70175531932,5151.310194732379,12464.756180759905,9810.797645468061,2653.958535291844,0.00043932776520963,0.0005778648196467756,0.00013853705443714554,0.00031040422083845014,0.0003156425605770126,5.238339738562444e-06,0.0,0.0,0.0,0.0,0.0,0.0,0.0,0.0,0.0
0.6910000000000001,0.06346672482169319,0.06351245350382817,4.572868213498227e-05,0.01346354304403263,0.014074699027612514,0.0006111559835798846,21205.858929394195,23980.078093486405,2774.21916409221,0.0005589232487246802,0.0007799526681342385,0.00022102941940955827,20787.24526430385,23285.427579872805,2498.1823155689563,10733.783761614673,15182.146082639087,4448.362321024413,0.0005479579801899638,0.0007251152180251351,0.00017715723783517131,0.0002789419790453652,0.00044109909673085317,0.000162157117685488,0.0,0.0,0.0,0.0,0.0,0.0,0.0,0.0,0.0
0.6920000000000001,0.06310933815251348,0.0631581716897139,4.883353720042116e-05,0.01311154965293702,0.013716394813712753,0.0006048451607757327,24918.719009093584,23631.865620852088,1286.8533882414958,0.0007432600934494946,0.0009759216484506918,0.00023266155500119724,14122.11243220406,18901.087806752235,4778.975374548176,7105.620189921163,12069.230348687553,4963.610158766391,0.00040172504183339294,0.0005324290700643742,0.00013070402823098123,0.00020032579776928396,0.0003376370481693773,0.00013731125040009333,0.0,0.0,0.0,0.0,0.0,0.0,0.0,0.0,0.0
0.6930000000000001,0.06274214148333387,0.06279407988499171,5.1938401657833366e-05,0.012739599015586616,0.013353056681768947,0.0006134576661823311,27742.736648005815,28595.278498707943,852.5418507021277,0.0006704832239377849,0.0009325279776054676,0.00026204475366768264,27418.50647621132,28371.174367993874,952.667891782552,11060.647450949831,9612.448505830369,1448.1989451194622,0.0006662336300355414,0.0009233680190963336,0.00025713438906079216,0.0002792326758598728,0.0003134334591116669,3.420078325179406e-05,0.0,0.0,0.0,0.0,0.0,0.0,0.0,0.0,0.0
0.6940000000000001,0.062365134814154344,0.06242022182768956,5.508701353521689e-05,0.012351625387911812,0.012966969864855368,0.0006153444769435561,29075.438230869127,24170.987444839193,4904.4507860299345,0.0008669267773734646,0.0007081372786082603,0.00015878949876520427,27246.65434594777,23389.431236441058,3857.223109506711,11917.050987878667,10442.096935214142,1474.954052664525,0.0006218249251398453,0.0005975636650135743,2.4261260126270923e-05,0.0002862111030552206,0.0003310705604867808,4.48594574315602e-05,0.0,0.0,0.0,0.0,0.0,0.0,0.0,0.0,0.0
0.6950000000000001,0.061978318144974905,0.06203648795336004,5.8169808385133415e-05,0.011977744907418191,0.012580868680994828,0.0006031237735766373,13516.14865509454,27382.934329768967,13866.785674674427,0.00037621425421755373,0.0010035887040458365,0.0006273744498282828,13379.852601337487,20498.0327676374,7118.180166299913,8804.27217471241,13642.493412191954,4838.221237479544,0.00035607047052702435,0.000639667692463107,0.0002835972219360827,0.00023480026304774178,0.000401241968727667,0.0001664417056799252,0.0,0.0,0.0,0.0,0.0,0.0,0.0,0.0,0.0
0.6960000000000001,0.06158169147579557,0.06164296624913649,6.127477334091913e-05,0.011589340423081497,0.012192158267090174,0.0006028178440086775,21254.41986901111,23705.003621503318,2450.5837524922063,0.0005843899786163122,0.0009306007433274147,0.0003462107647111025,20842.010706044002,20764.90188913742,77.10881690658061,8648.514280803152,9634.103975790624,985.5896949874714,0.0005717272365114809,0.0007669454265214307,0.00019521819000994976,0.00023960566273265968,0.00029388970646116363,5.4284043728503956e-05,0.0,0.0,0.0,0.0,0.0,0.0,0.0,0.0,0.0
0.6970000000000001,0.061175254806616355,0.061239633930321766,6.437912370541032e-05,0.011172956640791069,0.011786224247863273,0.0006132676070722039,28542.115651655302,27069.531069178112,1472.5845824771895,0.0007455527153700018,0.0009676302574733823,0.00022207754210338052,22538.112144889063,26317.56702653358,3779.4548816445167,11999.536212890509,9063.954603952729,2935.5816089377804,0.000504938435187569,0.000916781533705176,0.000411843098517607,0.00031139096791567284,0.00032604750241029917,1.4656534494626337e-05,0.0,0.0,0.0,0.0,0.0,0.0,0.0,0.0,0.0
0.6980000000000001,0.06075900813743722,0.060826491060835625,6.7482923398407e-05,0.01077529313285432,0.011400319748694893,0.0006250266158405737,34572.45817812769,39717.887530185544,5145.429352057858,0.0008715371043879531,0.001125172005550473,0.00025363490116252,21525.292675070745,32901.203952930475,11375.91127785973,10844.242676015709,12329.087990440788,1484.8453144250798,0.00046229031787069674,0.0007507500825850662,0.00028845976471436943,0.0002657064327169611,0.0003555230563112869,8.98166235943258e-05,0.0,0.0,0.0,0.0,0.0,0.0,0.0,0.0,0.0
0.6990000000000001,0.06033295146825824,0.060403562998538246,7.061153028000561e-05,0.010333320506639068,0.010967094048989214,0.0006337735423501464,21868.862555345306,36380.42878613536,14511.566230790053,0.0006413456537337858,0.0011495458329368199,0.000508200179203034,18077.614030134704,28169.609985223684,10091.99595508898,5769.391882223931,12613.39369939259,6844.00181716866,0.0005291567320271505,0.0008700367088605609,0.00034087997683341037,0.00015412512002716745,0.00035485382248723373,0.00020072870246006628,0.0,0.0,0.0,0.0,0.0,0.0,0.0,0.0,0.0
0.7000000000000001,0.059897084799079355,0.05997080076897657,7.371596989721313e-05,0.009886235702003095,0.010529316036422005,0.00064308033441891,21232.62638820486,29713.287494114473,8480.661105909614,0.0005542885462072829,0.0009200409708431223,0.0003657524246358394,19486.33402965785,29264.803277275,9778.469247617151,9959.200830129992,10501.46731640598,542.2664862759884,0.0004928751660800739,0.0009112008553492848,0.0004183256892692109,0.00025684874237750474,0.0003553728746588659,9.852413228136117e-05,0.0,0.0,0.0,0.0,0.0,0.0,0.0,0.0,0.0
0.7010000000000001,0.059451408129900594,0.05952822840547668,7.6820275576088e-05,0.009458821695405486,0.010085337182799702,0.0006265154873942164,21228.385512783476,17120.203093662207,4108.182419121269,0.0006333156333957093,0.0006850047180136277,5.168908461791841e-05,19996.673223359936,16992.027491024015,3004.645732335921,13085.223829527182,11643.751952741344,1441.4718767858376,0.0004840193212978963,0.000661385053836512,0.00017736573253861567,0.0003455460662371461,0.0003959478525003389,5.0401786263192785e-05,0.0,0.0,0.0,0.0,0.0,0.0,0.0,0.0,0.0
0.7020000000000001,0.05899592146072197,0.0590758455057126,7.992404499063133e-05,0.00898550913166591,0.009623455849758185,0.0006379467180922752,27102.572740563755,26127.79140793599,974.7813326277646,0.0006450736293615214,0.0011114062683589732,0.0004663326389974518,26363.37001016004,25861.79828870843,501.57172145161167,8852.932864899778,14025.634509212476,5172.701644312698,0.0006389234963233831,0.0006339221359449439,5.00136037843925e-06,0.0002204121171104382,0.0003885563462652919,0.0001681442291548537,0.0,0.0,0.0,0.0,0.0,0.0,0.0,0.0,0.0
0.7030000000000001,0.05853062479154349,0.05861370082161688,8.307603007339653e-05,0.008524719122818903,0.009163006655890874,0.0006382875330719715,16492.993935556948,16176.487390565646,316.5065449913018,0.0004984046197282391,0.0006343915182333076,0.00013598689850506847,13451.15775603634,15681.78989412266,2230.632138086319,6555.055667843325,10631.473690352905,4076.4180225095797,0.0003586941989352058,0.0005802123180041302,0.00022151811906892435,0.0001741498941500091,0.0002674973339521056,9.334743980209651e-05,0.0,0.0,0.0,0.0,0.0,0.0,0.0,0.0,0.0
0.7040000000000001,0.058055518122365146,0.05814167668616765,8.615856380250059e-05,0.008065013037323545,0.008701107722430247,0.0006360946851067025,29271.435518855345,24689.982620982963,4581.452897872383,0.0006825183330721598,0.0008979005590633458,0.00021538222599118602,28726.812865533208,24413.62768622082,4313.185179312386,11897.109029335565,9850.660752651142,2046.448276684423,0.0006760435333071859,0.0007925012563471411,0.0001164577230399552,0.00028553291299508726,0.00031104578672335473,2.5512873728267466e-05,0.0,0.0,0.0,0.0,0.0,0.0,0.0,0.0,0.0
0.7050000000000001,0.05757060145318696,0.057659863463151446,8.926200996448724e-05,0.007568529585833454,0.008212565320368704,0.0006440357345352497,26562.360076812354,23235.827820463597,3326.532256348757,0.000730971610197544,0.0009773516075014135,0.0002463799973038695,16476.42147490686,18878.315540089123,2401.894065182263,12439.132455395029,12587.830882125003,148.69842672997402,0.00042523888847550946,0.0006051081877272418,0.00017986929925173232,0.0003235304469145485,0.0004034629046768846,7.993245776233613e-05,0.0,0.0,0.0,0.0,0.0,0.0,0.0,0.0,0.0
0.7060000000000001,0.05707587478400891,0.057168239778330104,9.236499432119238e-05,0.007079581734076964,0.0077270602296924005,0.0006474784956154367,16392.130363696466,22562.44821235441,6170.317848657945,0.0004948202607402128,0.0009590260307832924,0.0004642057700430796,15924.165213623945,22063.912282289533,6139.747068665589,7345.741731384307,14177.055351878087,6831.31362049378,0.0004709884985836383,0.0008190737005169485,0.00034808520193331023,0.00017966077937587484,0.0003900435307475027,0.00021038275137162787,0.0,0.0,0.0,0.0,0.0,0.0,0.0,0.0,0.0
0.7070000000000001,0.05657133811483103,0.05666680604718174,9.546793235070544e-05,0.006573455494921433,0.007233497794966479,0.0006600423000450465,31962.520698165183,31798.24470427917,164.27599388601448,0.0009005572744386266,0.0011949352424195992,0.0002943779679809726,15591.098469963546,28841.74447012008,13250.646000156534,9812.00422173215,11905.092035067519,2093.087813335369,0.0004536369031779169,0.0011486596130939413,0.0006950227099160244,0.000271947600043322,0.00036551123677197513,9.35636367286531e-05,0.0,0.0,0.0,0.0,0.0,0.0,0.0,0.0,0.0
0.7080000000000001,0.05605699144565331,0.05615561357646063,9.862213080731597e-05,0.006040132620391147,0.006695835365340145,0.0006557027449489985,28240.707499055723,29190.89377417027,950.1862751145454,0.0006567816971190754,0.001035816524348659,0.00037903482722958365,27539.082090256514,27815.59398023098,276.5118899744666,11591.005922286366,10902.960285048912,688.0456372374538,0.0005941769681849826,0.0006716322267119599,7.745525852697732e-05,0.00027623765075476223,0.0003445662941265672,6.832864337180498e-05,0.0,0.0,0.0,0.0,0.0,0.0,0.0,0.0,0.0
0.7090000000000001,0.05553283477647579,0.055634538575883845,0.00010170379940805524,0.005530237437248606,0.006181060045326409,0.0006508226080778031,17905.31445450485,31026.323017965748,13121.008563460899,0.0005276448636798241,0.0010776413345841866,0.0005499964709043625,17321.117278463353,26204.374558055737,8883.257279592384,10937.091674345764,12594.461659548444,1657.3699852026803,0.0004403025209620829,0.0009779500852229277,0.0005376475642608448,0.00027917405541948246,0.00038665105284978424,0.00010747699743030178,0.0,0.0,0.0,0.0,0.0,0.0,0.0,0.0,0.0
0.7100000000000001,0.05499886810729845,0.05510367517739594,0.00010480707009749568,0.005001196468054945,0.005645567576157313,0.0006443711081023677,15196.381738530325,25681.44114948079,10485.059410950465,0.00038443070085835324,0.000756227519502835,0.00037179681864448177,14632.061832013525,25644.353364745242,11012.291532731717,6988.532234711679,11757.217097914383,4768.684863202704,0.0003486498891843598,0.0007487353399522709,0.0004000854507679111,0.00017915584909066143,0.00030597396604716665,0.00012681811695650522,0.0,0.0,0.0,0.0,0.0,0.0,0.0,0.0,0.0
0.7110000000000001,0.05445509143812129,0.05456300143186141,0.00010790999374011429,0.004452216400244362,0.005106053295145951,0.0006538368949015891,26573.462098499804,26973.136788465345,399.6746899655409,0.0007797104639662473,0.0009641694709093317,0.00018445900694308434,26248.521657321733,26349.341667523146,100.82001020141252,12014.913657845327,9960.506348385165,2054.4073094601627,0.0007275179561859798,0.0009327670324287465,0.00020524907624276667,0.00033421446409618926,0.0003520112802807176,1.779681618452832e-05,0.0,0.0,0.0,0.0,0.0,0.0,0.0,0.0,0.0
0.7120000000000001,0.05390150476894433,0.054012517059498895,0.00011101229055456713,0.003914259931661921,0.004578770096143717,0.0006645101644817963,23794.40024917438,22955.625775401844,838.774473772537,0.0006312744677230551,0.0007367075317852557,0.00010543306406220058,23613.56792367861,22220.65754213794,1392.9103815406706,10920.227409309124,9740.265180943448,1179.9622283656754,0.0005174087235357348,0.0005354647379247976,1.8056014389062768e-05,0.00026030458057309534,0.0002877795946511138,2.747501407801843e-05,0.0,0.0,0.0,0.0,0.0,0.0,0.0,0.0,0.0
0.7130000000000001,0.0533381080997676,0.05345225562160137,0.00011414752183377258,0.0033403526432893224,0.004014091034641992,0.00067373839135267,22777.820982650795,42970.35634531258,20192.535362661787,0.0005827208088894222,0.0013727686635777486,0.0007900478546883264,20901.98792503564,41278.66652846135,20376.67860342571,8346.556050852412,12678.327972960575,4331.7719221081625,0.000559417741048965,0.0012673460140649835,0.0007079282730160185,0.0002060413165432357,0.0003495090618136764,0.00014346774527044067,0.0,0.0,0.0,0.0,0.0,0.0,0.0,0.0,0.0
0.7140000000000001,0.05276490143059106,0.05288215138390616,0.0001172499533151003,0.0027674873840128796,0.0034446242081344475,0.0006771368241215679,37050.18283530857,28567.131198929477,8483.051636379096,0.0010270249511659688,0.0007972690850476234,0.00022975586611834534,13066.037970520238,28132.85494611164,15066.816975591404,8194.803499567794,12675.353854528214,4480.55035496042,0.00035082297289166744,0.0007168122331114722,0.0003659892602198048,0.0002003985746041952,0.00037972839207780866,0.00017932981747361345,0.0,0.0,0.0,0.0,0.0,0.0,0.0,0.0,0.0
0.7150000000000001,0.05218188476141477,0.052302236751475994,0.00012035199006122516,0.0021895598496612344,0.002866066011686083,0.0006765061620248487,18008.46572664223,26473.308481806478,8464.842755164249,0.0005501625718028311,0.000808989304553175,0.0002588267327503439,17836.311986804707,26018.372240079654,8182.060253274947,13115.555085957876,12018.076105650485,1097.4789803073909,0.0004756180081548437,0.0006890672283157655,0.00021344922016092182,0.00034492303819880666,0.0004179298407024823,7.300680250367563e-05,0.0,0.0,0.0,0.0,0.0,0.0,0.0,0.0,0.0
0.7160000000000001,0.05158905809223868,0.05171251318271633,0.0001234550904776477,0.0015742137149602799,0.002264815399493656,0.000690601684533376,22953.437785312777,23199.58314792618,246.14536261340254,0.0005501923841044,0.0009749794098014097,0.00042478702569700966,22109.190958291187,21344.603122767363,764.5878355238237,10081.486984938814,12298.180397919612,2216.693412980798,0.0005441858282267145,0.0009028742653901037,0.00035868843716338917,0.0002427741148024882,0.00037417797725743525,0.00013140386245494705,0.0,0.0,0.0,0.0,0.0,0.0,0.0,0.0,0.0
0.7170000000000001,0.05098642142306285,0.051113034163970804,0.00012661274090795122,0.0009804964469171742,0.0016596621129307924,0.0006791656660136182,12254.204151594955,18664.29517931647,6410.0910277215135,0.0003227863146832105,0.0007124014679635571,0.0003896151532803466,12107.441109465944,18573.760566370296,6466.319456904352,8211.373588076776,13842.581896815185,5631.208308738409,0.00031614579464515484,0.0006860870867616408,0.00036994129211648594,0.00021556384769675716,0.0003750740694133875,0.00015951022171663035,0.0,0.0,0.0,0.0,0.0,0.0,0.0,0.0,0.0
0.7180000000000001,0.05037397475388727,0.05050366906877329,0.00012969431488601968,0.0003800069901845893,0.0010585615390524092,0.00067855454886782,25199.671883865085,37190.29084963277,11990.618965767688,0.0005781129649425022,0.001367518097627586,0.0007894051326850838,24179.27114107952,21840.586457427828,2338.6846836516925,10798.64197131027,10651.221419362155,147.42055194811473,0.0005682862939662896,0.0007176533802449728,0.00014936708627868328,0.0002619512838719428,0.0002970336196714979,3.508233579955513e-05,0.0,0.0,0.0,0.0,0.0,0.0,0.0,0.0,0.0
0.7190000000000001,0.04975682326893544,0.049885214798098446,0.00012839152916300361,-0.0001263914614405455,0.00047502505208541596,0.0006014165135259615,243577.86907306872,149890.62811257594,93687.24096049278,0.0069952328187125245,0.0059945843126312445,0.00100064850608128,55274.78968519784,18929.10866718695,36345.68101801089,21290.692609311147,11675.550642964989,9615.141966346158,0.0013999931341166997,0.0008124469249701662,0.0005875462091465335,0.0005185989314428324,0.00041272606776070816,0.00010587286368212421,110.52791512582431,0.0,110.52791512582431,0.0069848923613647544,0.0,0.0069848923613647544,0.0001748977563295549,0.0,0.0001748977563295549
0.7200000000000001,0.04931483789057218,0.04937693982385347,6.210193328129443e-05,-0.00034679053187557096,0.00015381732816471393,0.0005006078600402849,703930.7494409304,612485.0414679677,91445.70797296276,0.02034515841946572,0.024289302529314875,0.003944144109849154,164273.39433341802,154579.34846203096,9694.045871387061,52671.6533291652,48844.11517756035,3827.538151604851,0.00428268904445901,0.005095603370578547,0.0008129143261195364,0.0013231186962145522,0.0015466866657340033,0.00022356796951945109,303.2644297068518,0.0,303.2644297068518,0.05258461643849042,0.0,0.05258461643849042,0.0001748977563295549,0.0,0.0001748977563295549
0.7210000000000001,0.049335763814011536,0.04928654448495254,4.921932905899845e-05,-0.0003352704848960768,0.00010400104217787314,0.0004392715270739499,678262.9909618605,733343.6849496712,55080.693987810635,0.019560217895108496,0.02901181690628854,0.009451599011180045,162632.09938304222,171936.5967425908,9304.497359548579,51739.51564824523,58281.501325976205,6541.985677730976,0.0042014240498589395,0.005674987870536489,0.0014735638206775491,0.0013760036021941025,0.0019050783236233095,0.000529074721429207,293.1902778592288,0.0,293.1902778592288,0.04914902331233956,0.0,0.04914902331233956,0.0001748977563295549,0.0,0.0001748977563295549
0.7220000000000001,0.049805049026408504,0.04967601757880929,0.0001290314475992163,-0.00010856611651537465,0.0003415447615141777,0.00045011087802955237,195826.13212571465,313802.5997786,117976.46765288533,0.005733489612456702,0.012551104229273708,0.006817614616817006,38931.994770976315,83002.38087008837,44070.38609911205,10832.974188779495,24384.282762060604,13551.308573281109,0.0011202972554808519,0.002944296461735489,0.0018239992062546373,0.0003043118301019293,0.0007779119642864422,0.0004736001341845129,94.9398509597603,0.0,94.9398509597603,0.005153625460624821,0.0,0.005153625460624821,0.0001748977563295549,0.0,0.0001748977563295549
0.7230000000000001,0.05042359956897466,0.050285689966645813,0.00013790960232884508,0.0004190883034513766,0.0008368436318855534,0.0004177553284341768,16336.653125561457,21775.891488070716,5439.238362509259,0.0004919971404166371,0.0008757146211061766,0.0003837174806895395,16195.631863536106,20366.78897982533,4171.157116289225,9523.744065876639,9224.71172818373,299.0323376929082,0.0003888270920437317,0.0007388826967543835,0.00035005560471065183,0.00025307778393245475,0.0002751569601230703,2.2079176190615527e-05,0.0,0.0,0.0,0.0,0.0,0.0,0.0,0.0,0.0
0.7240000000000001,0.05103465349020543,0.050898414944176205,0.00013623854602922564,0.0010331721826515664,0.001443617605373006,0.0004104454227214396,23041.619683408026,19647.37941398321,3394.240269424816,0.0006247385335351835,0.0007169445962479223,9.220606271273882e-05,22495.632789803185,19087.89113753094,3407.741652272245,13156.85481087337,11384.58226134921,1772.2725495241611,0.0004865431614483346,0.0006653576296588947,0.00017881446821056007,0.0003239899574940529,0.0003092897182792869,1.4700239214766029e-05,0.0,0.0,0.0,0.0,0.0,0.0,0.0,0.0,0.0
0.7250000000000001,0.051635897411436454,0.051501389312324834,0.00013450809911162015,0.0016262466129936225,0.002033668266851073,0.00040742165385745065,19088.953560346898,32473.58134561991,13384.627785273013,0.0005486141497667262,0.0012781761600294415,0.0007295620102627154,18610.349250235835,29048.112997485994,10437.76374725016,12963.616150574693,13795.097743199363,831.4815926246702,0.0005387609263032551,0.0010495663812502794,0.0005108054549470243,0.0003589158420067381,0.0005024809525785124,0.0001435651105717743,0.0,0.0,0.0,0.0,0.0,0.0,0.0,0.0,0.0
0.7260000000000001,0.052227331332667694,0.05209454538683792,0.000132785945829772,0.00223217014059229,0.0026557414534723973,0.00042357131288010743,14334.345469278114,23246.241750620848,8911.896281342733,0.0003717522738890679,0.0005890469820452485,0.0002172947081561806,12938.477190100313,19541.450760592652,6602.973570492339,8214.268437943896,11802.901066294693,3588.632628350797,0.00035256376700150513,0.0005801266880394547,0.00022756292103794952,0.00022503482061550636,0.00039878341521967835,0.000173748594604172,0.0,0.0,0.0,0.0,0.0,0.0,0.0,0.0,0.0
0.7270000000000001,0.05280895525389914,0.05267787033570997,0.00013108491818917406,0.002830881326591369,0.0032391824003953676,0.00040830107380399874,23937.230621745217,26072.71731333127,2135.486691586055,0.00062497356489792,0.0007824504539014638,0.00015747688900354378,23807.924153528664,25722.736327137947,1914.8121736092835,11232.19126749917,10837.828034069871,394.3632334292997,0.0006180226135815224,0.0007394955804940445,0.00012147296691252213,0.0003095137994254103,0.0003475081012603206,3.7994301834910326e-05,0.0,0.0,0.0,0.0,0.0,0.0,0.0,0.0,0.0
0.7280000000000001,0.05338076917513083,0.053251414318822944,0.0001293548563078839,0.003377465689522803,0.003797537481084573,0.00042007179156176985,33251.81616669455,31636.591501404997,1615.2246652895556,0.0007911739252327467,0.0008778322946446692,8.665836941192248e-05,30941.974147402652,29911.18495124536,1030.7891961572932,13170.884774020806,10475.522940291696,2695.36183372911,0.0007207237881835034,0.000733821634967367,1.3097846783863623e-05,0.000322919067182299,0.0002909244436074417,3.199462357485731e-05,0.0,0.0,0.0,0.0,0.0,0.0,0.0,0.0,0.0
0.7290000000000001,0.05394277309636271,0.05381514679555793,0.00012762630080477566,0.003946148639784642,0.004371708457254731,0.00042555981747008885,14370.829928981386,38360.350594492906,23989.520665511518,0.0004081142323455469,0.0013736718844507946,0.0009655576521052478,14086.938101946123,36167.745836368646,22080.807734422524,9808.492342489113,11956.539961205564,2148.0476187164513,0.00037816537566309446,0.0012295778233478763,0.0008514124476847819,0.00026319050861964364,0.00042145655008026157,0.00015826604146061793,0.0,0.0,0.0,0.0,0.0,0.0,0.0,0.0,0.0
0.7300000000000001,0.05449496701759477,0.054369069548300765,0.00012589746929400625,0.004499081842724474,0.004902462405886278,0.0004033805631618046,23096.869108361592,21352.98904699784,1743.8800613637504,0.0007012321467929854,0.0007291859694598465,2.7953822666861115e-05,15513.541000657546,19432.818765618416,3919.2777649608706,8576.352719788247,10480.283781290225,1903.9310615019785,0.00045987849539221026,0.0006502471083517158,0.00019036861295950553,0.00021993108861086125,0.00038599582886528384,0.0001660647402544226,0.0,0.0,0.0,0.0,0.0,0.0,0.0,0.0,0.0
0.7310000000000001,0.05503735093882704,0.05491317771017545,0.0001241732286515959,0.005022954039196717,0.005456466983731044,0.0004335129445343271,23560.382599425084,33712.3216636952,10151.939064270115,0.0006447967922172487,0.0012043806055055159,0.0005595838132882671,22904.84304025995,21964.42841220132,940.4146280586319,12942.113476394396,12165.466885297366,776.6465910970292,0.0005742078460288646,0.0008149384625915042,0.00024073061656263968,0.00035594767084666274,0.00040766459778776164,5.17169269410989e-05,0.0,0.0,0.0,0.0,0.0,0.0,0.0,0.0,0.0
0.7320000000000001,0.055569924860059475,0.05544745197837089,0.00012247288168858173,0.005583372257255671,0.0059948268377746465,0.00041145458051897524,29985.172467033102,20587.773855467498,9397.398611565604,0.0007473935370116084,0.0007239682599997515,2.3425277011856907e-05,28970.381598563254,20145.64879606334,8824.732802499915,11310.730573178373,13560.915231178611,2250.1846580002384,0.0007435295498317352,0.0007000154926293581,4.351405720237709e-05,0.00029007393953678324,0.0004202988180231746,0.00013022487848639134,0.0,0.0,0.0,0.0,0.0,0.0,0.0,0.0,0.0
0.7330000000000001,0.0560926887812921,0.055971944210677915,0.00012074457061418686,0.006087578447466919,0.006500835706691416,0.0004132572592244971,15696.225463287363,26205.379153682326,10509.153690394964,0.0004226555599178324,0.0009744988497602182,0.0005518432898423858,15381.180010802767,19368.154349311848,3986.9743385090806,7368.181762734947,12397.072778554082,5028.891015819135,0.0003758933928793908,0.0007193712715391346,0.00034347787865974383,0.00018680494857188437,0.00038902577224265707,0.0002022208236707727,0.0,0.0,0.0,0.0,0.0,0.0,0.0,0.0,0.0
0.7340000000000001,0.05660564270252491,0.05648662611740615,0.00011901658511875857,0.0066003475169121185,0.007028957773058604,0.0004286102561464854,23788.063146881166,19360.217074957392,4427.846071923774,0.000559822575159115,0.0008010479343886698,0.00024122535922955482,22856.5113294059,17693.480829797947,5163.030499607954,10652.38030560395,9360.247784805908,1292.1325207980426,0.0005198048868198975,0.000721969450769118,0.00020216456394922056,0.00026723611124077355,0.0003100372108584077,4.2801099617634155e-05,0.0,0.0,0.0,0.0,0.0,0.0,0.0,0.0,0.0
0.7350000000000001,0.05710878662375789,0.0569914978888925,0.00011728873486538394,0.0071207134814376145,0.007545622082665383,0.00042490860122776884,19596.924884608063,21101.639250467884,1504.7143658598216,0.0005077967475190448,0.0007908187610859305,0.00028302201356688564,18877.063246067526,16582.056289623768,2295.006956443758,14023.6632751906,12151.845107347763,1871.8181678428373,0.000479813439930172,0.0006220696283054153,0.00014225618837524336,0.0003741323544335205,0.00038886789538149447,1.4735540947973956e-05,0.0,0.0,0.0,0.0,0.0,0.0,0.0,0.0,0.0
0.7360000000000001,0.057602120544991045,0.05748653001319843,0.00011559053179261564,0.00759455440170189,0.008024100667130154,0.00042954626542826384,26132.23109107485,27086.944113445483,954.7130223706336,0.0007435812115672882,0.0009204942351362998,0.00017691302356901155,17162.232852793768,26661.784471805164,9499.551619011396,10649.479509277995,12881.107970631308,2231.6284613533135,0.0005108363198295937,0.0008197841522768687,0.000308947832447275,0.0002790558597009441,0.0004223581458989828,0.00014330228619803867,0.0,0.0,0.0,0.0,0.0,0.0,0.0,0.0,0.0
0.7370000000000001,0.058085644466224336,0.05797178191541509,0.00011386255080924473,0.008079796300766577,0.008508408427120818,0.0004286121263542414,12064.564427890939,20246.0019597152,8181.43753182426,0.00031574358843720993,0.0008107473616184194,0.0004950037731812094,12042.512595768334,16450.79332636747,4408.280730599137,7766.884609281594,10259.362415769481,2492.4778064878874,0.00029239537149981266,0.000713011199609297,0.00042061582810948436,0.00020779091815034375,0.00030417424142521385,9.63833232748701e-05,0.0,0.0,0.0,0.0,0.0,0.0,0.0,0.0,0.0
0.7380000000000001,0.05855935838745778,0.05844722408946025,0.00011213429799752928,0.008554802402976167,0.008979053981129213,0.00042425157815304676,26893.328879292916,23072.886419086026,3820.4424602068902,0.0005874533510377249,0.0009890676764391718,0.0004016143254014469,25911.131472001976,22839.357659905647,3071.7738120963295,11538.406152462252,10625.695433396088,912.7107190661645,0.0005811918124264755,0.000727152360842872,0.0001459605484163965,0.0002801044668610532,0.0003308696408980572,5.076517403700397e-05,0.0,0.0,0.0,0.0,0.0,0.0,0.0,0.0,0.0
0.7390000000000001,0.05902326230869136,0.05891285537127605,0.0001104069374153055,0.009013022216818833,0.009435506121698096,0.00042248390487926307,24583.408710512962,32181.18836491929,7597.779654406328,0.0006416669867591382,0.0011710655505601656,0.0005293985638010274,24489.75468850265,30500.377172214234,6010.622483711584,13377.948908143058,12478.23679441444,899.7121137286176,0.0006142652911295781,0.0010393986852383673,0.0004251333941087892,0.0003434450841291649,0.0003724930196202508,2.904793549108589e-05,0.0,0.0,0.0,0.0,0.0,0.0,0.0,0.0,0.0
0.7400000000000001,0.05947735622992509,0.059368676427426575,0.0001086798024985125,0.009480065599875414,0.009922220695550047,0.0004421550956746328,35667.26662639022,22465.891140356827,13201.375486033394,0.0010050365947662228,0.0008467551870808402,0.00015828140768538255,13108.526719766991,22084.71250605517,8976.185786288179,9007.295930782697,13803.889818649888,4796.593887867191,0.00038679698662364337,0.0007924361899341972,0.0004056392033105538,0.0002540904025347643,0.0005096106259958877,0.0002555202234611234,0.0,0.0,0.0,0.0,0.0,0.0,0.0,0.0,0.0
0.7410000000000001,0.059921640151158924,0.059814660062990646,0.00010698008816827781,0.0099405430567384,0.010352131918088783,0.00041158886135038257,27918.376684389943,28964.057138233336,1045.6804538433935,0.000739107978419613,0.0008772950084076275,0.00013818702998801447,27545.335387114665,26050.8734338226,1494.461953292066,10359.199525335962,8952.901259835631,1406.2982655003307,0.0007374410181390898,0.0007499418325549548,1.2500814415865075e-05,0.00028496329682504924,0.00027710613022439014,7.857166600659107e-06,0.0,0.0,0.0,0.0,0.0,0.0,0.0,0.0,0.0
0.7420000000000001,0.060356114072392886,0.06025086127070221,0.0001052528016906723,0.010341965708087255,0.010788376292937078,0.0004464105848498226,36297.56140282877,26937.12825306659,9360.433149762179,0.0008789443734812946,0.0007692808120326307,0.0001096635614486639,36103.53860438531,19350.376447366893,16753.162157018414,12385.85565912264,11091.83323168397,1294.022427438671,0.000875306931515593,0.0006907467644371005,0.0001845601670784925,0.00031950321769450344,0.000358687119817596,3.918390212309257e-05,0.0,0.0,0.0,0.0,0.0,0.0,0.0,0.0,0.0
0.7430000000000001,0.06078077799362698,0.06067725238452602,0.00010352560910095732,0.010798602228497324,0.011225480514292849,0.0004268782857955247,34611.462257111765,30172.151175091596,4439.311082020169,0.0009830750406748506,0.0007370101715422672,0.00024606486913258333,31550.088968408345,23131.162066160283,8418.926902248062,11575.550116191696,12596.659430002172,1021.1093138104752,0.0007835655640406771,0.0006851932355799051,9.837232846077193e-05,0.0002972154895185338,0.0003598865804799122,6.267109096137839e-05,0.0,0.0,0.0,0.0,0.0,0.0,0.0,0.0,0.0
0.7440000000000001,0.06119563191486117,0.06109383334848688,0.00010179856637429485,0.011187887868904307,0.011625870308656803,0.0004379824397524965,24780.346340220258,21456.988814861317,3323.3575253589406,0.0007519196555135371,0.0008791798264825058,0.00012726017096896872,13166.698856116875,20017.32894840064,6850.630092283764,7571.536750914022,11941.556933070613,4370.020182156591,0.00037993081628103555,0.0008112908300195637,0.00043136001373852815,0.00021008016898079308,0.0004538546194606259,0.00024377445047983284,0.0,0.0,0.0,0.0,0.0,0.0,0.0,0.0,0.0
0.7450000000000001,0.061600675836095506,0.06150060367398529,0.0001000721621102138,0.011597569121265064,0.012038244433365828,0.0004406753121007634,18916.155809998185,25751.783252010955,6835.62744201277,0.0004747228784611777,0.0010670612926973926,0.000592338414236215,18900.750824284412,19871.756119601185,971.0052953167724,11375.206314258488,9151.63586734307,2223.570446915419,0.0004657921770590718,0.0007684613893104442,0.00030266921225137244,0.00030098103255379914,0.000295983176754475,4.9978557993241675e-06,0.0,0.0,0.0,0.0,0.0,0.0,0.0,0.0,0.0
0.7460000000000001,0.06199590975732995,0.06189754055839685,9.836919893310009e-05,0.011999818348268002,0.012423929103022275,0.0004241107547542731,23945.93844544275,31293.823806182154,7347.885360739405,0.0005530503560055031,0.0009844473697171018,0.00043139701371159873,23238.22535956346,30223.577353517307,6985.3519939538455,12405.319534296465,13185.26604042889,779.9465061324263,0.0005488584869165236,0.0009384375088687943,0.00038957902195227065,0.00033086557165320026,0.0004572655195959253,0.00012639994794272504,0.0,0.0,0.0,0.0,0.0,0.0,0.0,0.0,0.0
0.7470000000000001,0.06238133367856449,0.06228469097488984,9.664270367465422e-05,0.01237306385433081,0.012804905953318972,0.00043184209898816314,27762.295544693443,28049.36202673162,287.0664820381753,0.0008348388289281306,0.0008803477965429293,4.550896761479871e-05,21461.412843646376,27519.728433701526,6058.31559005515,8326.09932788786,13835.939101587426,5509.839773699567,0.0005081039921435483,0.0008429991971453416,0.0003348952050017933,0.00020656318196088375,0.00040738316128384255,0.0002008199793229588,0.0,0.0,0.0,0.0,0.0,0.0,0.0,0.0,0.0
0.7480000000000001,0.06275694759979912,0.06266203115368865,9.491644611046846e-05,0.012755814453362643,0.013196651136209171,0.0004408366828465276,15268.532170580283,16527.16780642052,1258.6356358402354,0.0004423796081548324,0.0006187448185356744,0.00017636521038084203,14763.447738128538,14035.181825266425,728.2659128621126,7391.024190122328,10031.025629298356,2640.001439176028,0.00035446633285857225,0.0005870441559636717,0.0002325778231050994,0.00018646393524473668,0.0003508804870551724,0.00016441655181043574,0.0,0.0,0.0,0.0,0.0,0.0,0.0,0.0,0.0
0.7490000000000001,0.06312275152103386,0.06302956112318864,9.319039784522198e-05,0.013134362998822063,0.013574748858882994,0.0004403858600609302,21145.822879489366,31609.31230009869,10463.489420609323,0.0005610690043011649,0.0009026473697094216,0.00034157836540825675,19681.644712071316,22183.109292916546,2501.4645808452296,13741.194503934239,10475.972767024712,3265.221736909527,0.00054434493759148,0.0008750233949723078,0.0003306784573808278,0.0003427700805893807,0.0003211664044669851,2.1603676122395623e-05,0.0,0.0,0.0,0.0,0.0,0.0,0.0,0.0,0.0
0.7500000000000001,0.06347874544226866,0.06338725968418092,9.148575808773374e-05,0.013474862200821645,0.01390472875577029,0.0004298665549486453,20798.499573002704,35515.795481654975,14717.295908652271,0.000621195666891291,0.0013870200325712065,0.0007658243656799155,20435.563379756935,34009.58201294583,13574.018633188894,13641.659898455237,13999.465216893357,357.8053184381206,0.0006044858417466379,0.001108846073935042,0.0005043602321884042,0.0003727155046575698,0.0005017358671889488,0.00012902036253137903,0.0,0.0,0.0,0.0,0.0,0.0,0.0,0.0,0.0
0.7510000000000001,0.06382492936350356,0.06373516961338416,8.975975011940585e-05,0.013820840964719703,0.014269660359721232,0.00044881939500152936,22062.00902737257,29299.28201061132,7237.272983238752,0.0005982004440123622,0.0009920547724772395,0.0003938543284648774,14413.75998562107,26017.847316216372,11604.087330595301,8066.716688111645,11147.78661607352,3081.069927961874,0.0004367894885604174,0.000781541093735617,0.0003447516051751996,0.00022214631038471372,0.00034146222896738797,0.00011931591858267425,0.0,0.0,0.0,0.0,0.0,0.0,0.0,0.0,0.0
0.7520000000000001,0.06416130328473851,0.0640732692612414,8.803402349710776e-05,0.014162521475398666,0.01459281019804799,0.00043028872264932495,26046.060916905226,18580.776546970403,7465.284369934823,0.0006330486661798782,0.0005834076817936599,4.9640984386218256e-05,25342.354838684587,17240.31424512899,8102.040593555597,10661.567863263066,7125.131790097256,3536.43607316581,0.0006207337281911475,0.0005518966881117145,6.883704007943302e-05,0.00028336790977956757,0.00022080420535788208,6.25637044216855e-05,0.0,0.0,0.0,0.0,0.0,0.0,0.0,0.0,0.0
0.7530000000000001,0.06448786720597358,0.06440155898853972,8.630821743385586e-05,0.014471383987862768,0.014919640104559853,0.00044825611669708533,29231.40837757882,27023.192933238242,2208.215444340578,0.0007130146019804659,0.0009593701388682106,0.00024635553688774473,28889.936751378787,26928.93260832085,1961.0041430579367,13655.627747124801,11583.97057346976,2071.6571736550413,0.0006885887569250074,0.0008712500655030494,0.000182661308578042,0.00033653369594335803,0.0003304382465432735,6.095449400084544e-06,0.0,0.0,0.0,0.0,0.0,0.0,0.0,0.0,0.0
0.7540000000000001,0.06480462112720865,0.06472004584603966,8.457528116899427e-05,0.014816944964358047,0.015253932534846894,0.0004369875704888469,27237.378240795762,22915.8302970616,4321.547943734164,0.000788531266217473,0.000943333104424758,0.00015480183820728503,23531.54663540056,22632.322895096266,899.2237403042927,11496.537022665783,14490.387069835006,2993.8500471692223,0.0006648341025424743,0.0008232751641141066,0.00015844106157163228,0.00032600307030687924,0.0005126651590403597,0.00018666208873348045,0.0,0.0,0.0,0.0,0.0,0.0,0.0,0.0,0.0
0.7550000000000001,0.06511156504844384,0.06502868867167769,8.287637676615556e-05,0.015115100989355004,0.015543196183752607,0.0004280951943976038,19786.36537764764,34693.0908593994,14906.725481751764,0.0005681491513036421,0.0011968469133937431,0.000628697762090101,19312.08766870247,30744.178354253552,11432.090685551084,7065.346176805889,8934.558642200045,1869.2124653941564,0.0005027942882212771,0.0010990830949167965,0.0005962888066955194,0.00019677972133165793,0.00032397483558103577,0.00012719511424937784,0.0,0.0,0.0,0.0,0.0,0.0,0.0,0.0,0.0
0.7560000000000001,0.06540869896967907,0.06532754797594752,8.115099373155743e-05,0.015403115194857191,0.015854402376144668,0.0004512871812874762,24034.906186070148,19379.825105068747,4655.081081001401,0.0006181936189003539,0.0005681500327018257,5.0043586198528136e-05,20837.466700369103,14530.501067448999,6306.965632920104,12981.989290725907,10178.28909067923,2803.7002000466764,0.00057612389897749,0.0005335572623949641,4.256663658252591e-05,0.00035610866930729345,0.00034092869238151356,1.5179976925779894e-05,0.0,0.0,0.0,0.0,0.0,0.0,0.0,0.0,0.0
0.7570000000000001,0.06569602289091436,0.06561659698592738,7.942590498698221e-05,0.01571176881734046,0.01615711829600136,0.00044534947866090024,28557.414025284546,37278.82664386947,8721.412618584924,0.0006443495433978224,0.0010956280601946262,0.00045127851679680375,25095.908568605788,22937.85002452769,2158.0585440780997,12792.321944293397,14028.440305423428,1236.1183611300312,0.0005599014964254519,0.000606380046674769,4.647855024931711e-05,0.0003184888093783455,0.00041661329143507055,9.812448205672505e-05,0.0,0.0,0.0,0.0,0.0,0.0,0.0,0.0,0.0
0.758,0.06597353681214974,0.06589583593576138,7.770087638835077e-05,0.015969062736311643,0.016422085201427305,0.0004530224651156621,35068.85743158279,17291.14085162439,17777.716579958396,0.000996686769852313,0.0007253166221987894,0.0002713701476535237,14115.153878424237,16490.39927761647,2375.245399192234,8033.589029754691,13493.575214376715,5459.986184622024,0.0003918595161195936,0.000688438957082539,0.00029657944096294535,0.00023111611223183154,0.00045087856866359163,0.0002197624564317601,0.0,0.0,0.0,0.0,0.0,0.0,0.0,0.0,0.0
0.759,0.06624124073338512,0.06616524864850572,7.599208487940601e-05,0.016241099124222835,0.016682256331139365,0.0004411572069165301,16010.395723059724,20965.878214441207,4955.482491381483,0.00038809487489126443,0.0008386483728100232,0.00045055349791875876,15321.788328315053,19693.965390043308,4372.177061728255,9447.57973754467,9759.921917613246,312.34218006857736,0.0003629509386411345,0.0008021954190409713,0.0004392444803998368,0.00024752275186833915,0.0003474322213705372,9.990946950219805e-05,0.0,0.0,0.0,0.0,0.0,0.0,0.0,0.0,0.0
0.76,0.06649913465462061,0.06642486745311728,7.426720150333077e-05,0.01649658525177162,0.016948923769520858,0.00045233851774923936,22216.631103634794,35450.15085318209,13233.519749547293,0.0006242176519336431,0.001321606915146007,0.000697389263212364,20549.967490325987,35321.817977322884,14771.850486996897,14541.071855310869,12397.670580202524,2143.4012751083446,0.0005720179797518738,0.0012292457244295573,0.0006572277446776835,0.00039303701435192926,0.00044909718189060547,5.606016753867621e-05,0.0,0.0,0.0,0.0,0.0,0.0,0.0,0.0,0.0
0.761,0.06674721857585608,0.06667467611039468,7.254246546140042e-05,0.016737564414655112,0.01717897166168983,0.0004414072470347169,19958.520268569246,41457.979566778085,21499.45929820884,0.0005697454714779959,0.0014737677151767281,0.0009040222436987322,19403.893387974163,37224.6869647744,17820.79357680024,11782.512847364149,12829.980759113272,1047.4679117491232,0.0005276128771644779,0.0010734946133036942,0.0005458817361392163,0.0002898629143952485,0.0003863877911519087,9.652487675666023e-05,0.0,0.0,0.0,0.0,0.0,0.0,0.0,0.0,0.0
0.762,0.06698549249709161,0.06691467436646883,7.081813062277675e-05,0.016979531462877253,0.017442641485787756,0.00046311002291050257,25724.622505320556,21564.565170841448,4160.057334479108,0.0007607339434756595,0.0008010171804947051,4.0283237019045673e-05,13337.692378686806,18067.423091917874,4729.730713231067,6216.204908832622,10204.835034577736,3988.630125745114,0.00038052137225418254,0.000573451536578875,0.00019293016432469243,0.00017800632602883585,0.00033705078460824673,0.00015904445857941089,0.0,0.0,0.0,0.0,0.0,0.0,0.0,0.0,0.0
0.763,0.06721395641832718,0.06714486253581166,6.909388251552517e-05,0.01723195107827928,0.017668460242052184,0.0004365091637729031,26269.76479581982,16095.21256817572,10174.5522276441,0.0006319274627863178,0.00050351413696749,0.00012841332581882783,25590.37033548999,15222.707884274403,10367.662451215589,12758.566278013363,8872.091525082891,3886.4747529304714,0.0005984739045211578,0.0004260449015065603,0.0001724290030145975,0.000309519845342327,0.00030105235749006,8.467487852267005e-06,0.0,0.0,0.0,0.0,0.0,0.0,0.0,0.0,0.0
0.764,0.06743261033956277,0.06736522744704795,6.738289251481677e-05,0.01741922891210854,0.01787372660759154,0.0004544976954829992,22240.549662171772,31398.19007488253,9157.640412710756,0.0005891136404220851,0.0011518368667282307,0.0005627232263061456,22226.88538744657,27110.47359196473,4883.588204518157,13988.541422275479,12825.148831067687,1163.392591207792,0.0005723586360061199,0.0011420001770238513,0.0005696415410177314,0.00037388645446740753,0.0004377449570131337,6.38585025457262e-05,0.0,0.0,0.0,0.0,0.0,0.0,0.0,0.0,0.0
0.765,0.06764145426079841,0.06757579552643088,6.565873436753522e-05,0.017648476663472388,0.018108004625990097,0.00045952796251770914,31601.620298914684,28111.134144945987,3490.486153968697,0.0009396853619181664,0.0009002975564220627,3.938780549610373e-05,14794.90439787595,27274.970412809686,12480.066014933736,7551.199052640462,12265.557922658418,4714.358870017956,0.0003581991845776574,0.0007549217614372995,0.0003967225768596421,0.0002053193822108599,0.00040363907648169377,0.00019831969427083388,0.0,0.0,0.0,0.0,0.0,0.0,0.0,0.0,0.0
0.766,0.06784048818203411,0.06777655351058996,6.393467144415188e-05,0.017837472875523775,0.01828782369376183,0.00045035081823805584,17978.181488536673,35088.32903183129,17110.147543294614,0.000504549203620856,0.0011604874582094974,0.0006559382545886414,17963.91257442105,34570.77350672593,16606.860932304877,8199.584551122456,7152.815736780708,1046.768814341748,0.0004835000549903067,0.0010843968043028542,0.0006008967493125475,0.00023169138522423943,0.0002300116987128048,1.6796865114346228e-06,0.0,0.0,0.0,0.0,0.0,0.0,0.0,0.0,0.0
0.767,0.06802971210326982,0.06796750116664156,6.221093662825417e-05,0.018020455815758875,0.01848143468738082,0.00046097887162194554,25774.086415769278,24593.1795527169,1180.9068630523761,0.0005677426726731346,0.0008130075775175695,0.00024526490484443487,25172.290028847197,17871.531198323573,7300.758830523624,13545.856264163016,11318.024018984626,2227.8322451783897,0.000562746799901664,0.0006985791761932114,0.0001358323762915474,0.0003244296038254282,0.0003636388596036814,3.920925577825324e-05,0.0,0.0,0.0,0.0,0.0,0.0,0.0,0.0,0.0
0.768,0.06820912602450552,0.06814865344528348,6.0472579222037304e-05,0.018220721586113316,0.018658805073135117,0.0004380834870218002,23950.268243885956,29093.10064719713,5142.832403311175,0.0006331242790332709,0.0012332504348924126,0.0006001261558591418,23368.133311699796,28425.559421118567,5057.426109418771,12736.8336843923,14527.707209609378,1790.8735252170773,0.0006111731702773614,0.0011768037897947495,0.000565630619517388,0.00033112597477044815,0.0004458727931205465,0.00011474681835009834,0.0,0.0,0.0,0.0,0.0,0.0,0.0,0.0,0.0
0.769,0.06837872994574125,0.06831995543602433,5.8774509716919e-05,0.018376571246024487,0.018824483692661154,0.00044791244663666685,22020.604787467866,21377.03004566781,643.5747418000574,0.0006401414417469344,0.0009075579011732706,0.0002674164594263362,20179.770212067815,21204.546327038424,1024.7761149706093,8913.451987031653,12282.11039069908,3368.6584036674267,0.0005825962106526909,0.0008917825192832198,0.0003091863086305288,0.00024496090184968864,0.0004278743768164584,0.0001829134749667698,0.0,0.0,0.0,0.0,0.0,0.0,0.0,0.0,0.0
0.77,0.06853852386697702,0.06848147311155262,5.705075542440652e-05,0.018534651997272014,0.01899836681956512,0.0004637148222931056,21359.7093784927,24167.776611617763,2808.0672331250644,0.0005310926629421292,0.0010120236237220947,0.00048093096077996553,20753.637780899455,18301.73481951403,2451.9029613854254,12321.828505773981,8617.364656949718,3704.4638488242636,0.0005088486076936085,0.000729388754058076,0.0002205401463644675,0.0003314684515663641,0.0002855491763000985,4.5919275266265624e-05,0.0,0.0,0.0,0.0,0.0,0.0,0.0,0.0,0.0
0.771,0.06868850778821284,0.06863318044745126,5.5327340761579524e-05,0.01870737425936021,0.019164448594970747,0.00045707433561053765,27580.7013381127,31337.164173658148,3756.462835545448,0.0006529688180691898,0.0008073003627986254,0.00015433154472943556,23938.960888275655,28160.632902819834,4221.67201454418,14672.516515996855,10896.523128259443,3775.9933877374115,0.0005720045883651366,0.0007778330376189888,0.00020582844925385213,0.0003672216606444482,0.0003252254471729856,4.19962134714626e-05,0.0,0.0,0.0,0.0,0.0,0.0,0.0,0.0,0.0
0.772,0.0688286817094486,0.06877507750410347,5.360420534512855e-05,0.01883171420712005,0.019281232261943344,0.00044951805482329465,21708.187767484524,31121.73043890106,9413.542671416537,0.0005330325182404054,0.0011302480058993994,0.000597215487658994,18002.48688707011,27862.015263769263,9859.528376699152,10758.322798648293,13548.681140404875,2790.3583417565824,0.0004263574518553011,0.0008583833579982743,0.00043202590614297315,0.0002732652402895545,0.0003972896300300675,0.000124024389740513,0.0,0.0,0.0,0.0,0.0,0.0,0.0,0.0,0.0
0.773,0.06895904563068443,0.06890715652948876,5.1889101195676246e-05,0.018957104525853863,0.019424638374396765,0.00046753384854290175,25503.572233679417,21627.332084526763,3876.2401491526543,0.0007792311771034053,0.0008996453857439645,0.00012041420864055915,15493.129755169593,20623.54754346615,5130.417788296556,7384.145651947184,10407.893292199671,3023.747640252487,0.0003557293421627416,0.0008020896492948979,0.00044636030713215627,0.0001953616631897585,0.00039008495202478264,0.00019472328883502415,0.0,0.0,0.0,0.0,0.0,0.0,0.0,0.0,0.0
0.774,0.06907959955192026,0.06902943363218433,5.01659197359311e-05,0.019078700521506075,0.01954076313737111,0.00046206261586503525,22595.80844612589,31581.536375460048,8985.727929334156,0.0005562777658980807,0.001196816056483361,0.0006405382905852803,22406.834446181798,23322.473608616823,915.6391624350254,12400.620445239449,10243.99612122488,2156.6243240145686,0.0005558301826071654,0.0008113052634846831,0.0002554750808775177,0.0003371047299284426,0.0003718391028439196,3.4734372915477005e-05,0.0,0.0,0.0,0.0,0.0,0.0,0.0,0.0,0.0
0.775,0.0691903434731561,0.06914190050188058,4.844297127551411e-05,0.019176382541286015,0.019637429853119292,0.0004610473118332771,23805.324840610374,29790.010392033935,5984.685551423561,0.0005622139806116896,0.0010484856644482413,0.00048627168383655165,23592.09743136405,29578.42057822245,5986.323146858398,12422.909640923086,13940.142952717899,1517.2333117948128,0.0005584900172978556,0.0008601629555408821,0.0003016729382430266,0.00032561709293814275,0.00047024457303144606,0.0001446274800933033,0.0,0.0,0.0,0.0,0.0,0.0,0.0,0.0,0.0
0.776,0.06929127739439193,0.06924455710746014,4.672028693179786e-05,0.019288296162258627,0.01975974815813589,0.0004714519958772638,20783.128221161893,36584.98114958708,15801.852928425189,0.000621928176237766,0.0010716285940170702,0.00044970041777930413,12922.223288637322,35764.12042156175,22841.897132924423,8012.3767939292675,11855.156945661658,3842.7801517323906,0.0003142449287550791,0.0009562013130674733,0.0006419563843123941,0.00021095914685015499,0.0003617388679411686,0.00015077972109101362,0.0,0.0,0.0,0.0,0.0,0.0,0.0,0.0,0.0
0.777,0.06938240131562781,0.06933742299665488,4.4978318972932474e-05,0.01939341943042464,0.019838091067712938,0.00044467163728829917,33897.49696656545,17442.259166670236,16455.237799895214,0.0009149755183697285,0.0006875479264341491,0.00022742759193557943,21181.797429973692,15840.490211254586,5341.3072187191065,9783.582425626912,7285.655263641394,2497.927161985517,0.0005131823876898283,0.0005630970748079806,4.9914687118152276e-05,0.00024181092290510923,0.00026016106497863924,1.835014207353001e-05,0.0,0.0,0.0,0.0,0.0,0.0,0.0,0.0,0.0
0.778,0.06946371523686369,0.0694204345619788,4.3280674884890735e-05,0.019445601147538294,0.019927945326733917,0.00048234417919562275,28392.09746422225,21921.850532076074,6470.246932146176,0.0007312946216762105,0.0008002101041533383,6.891548247712782e-05,28223.98539009108,21259.39414929563,6964.591240795449,14041.94541580863,10881.735562391425,3160.2098534172055,0.0007226271530776232,0.0005564612471985857,0.0001661659058790375,0.00035501670193102106,0.0003334554332223781,2.1561268708642975e-05,0.0,0.0,0.0,0.0,0.0,0.0,0.0,0.0,0.0
0.779,0.06953521915809954,0.06949366116997126,4.155798812828515e-05,0.01954353316100955,0.02001573368868925,0.00047220052767969756,30122.698381848888,23423.94379323144,6698.7545886174485,0.0008431222418277909,0.0006582063803922684,0.00018491586143552254,29187.0205599676,23035.590038093014,6151.430521874587,11678.184474867092,14962.30953355167,3284.125058684578,0.0008081980101696345,0.0006329163849871085,0.0001752816251825261,0.0003195037791884611,0.0005187273888187939,0.00019922360963033276,0.0,0.0,0.0,0.0,0.0,0.0,0.0,0.0,0.0
0.78,0.06959691307933544,0.0695570774074804,3.9835671855031896e-05,0.01959541757849702,0.02006478221970008,0.0004693646412030593,23014.860703966464,33599.27856916599,10584.417865199524,0.0006266954743658548,0.0009242897844126964,0.0002975943100468416,19840.07066533307,29276.42504989919,9436.354384566119,7711.902746585388,10143.50899505155,2431.6062484661625,0.0005726839279293482,0.0008728607314400941,0.0003001768035107459,0.00021124137406119226,0.0003139300826595072,0.00010268870859831493,0.0,0.0,0.0,0.0,0.0,0.0,0.0,0.0,0.0
0.781,0.0696487970005713,0.06961068339401796,3.811360655334162e-05,0.019644579932874502,0.020112499600211834,0.0004679196673373319,19379.937587921293,25436.856882328815,6056.919294407522,0.0005073539667303308,0.0009786415702045257,0.0004712876034741949,18974.035316597092,16623.21657756962,2350.8187390274725,11556.13922484025,7076.906490541765,4479.2327342984845,0.0004883907112758804,0.0006788226466481655,0.00019043193537228507,0.00029680513001607487,0.00024201517513117765,5.478995488489722e-05,0.0,0.0,0.0,0.0,0.0,0.0,0.0,0.0,0.0
0.782,0.0696908709218072,0.06965447912870179,3.639179310541141e-05,0.019692859923759385,0.02015893905326674,0.00046607912950735395,26675.851438896014,18737.852705921992,7937.998732974022,0.0006348435933140629,0.000538696855159854,9.614673815420884e-05,22404.090352427353,18602.146423563627,3801.943928863726,14040.125932848745,14283.364799099816,243.23886625107116,0.000481018259666142,0.0004958277788748852,1.4809519208743179e-05,0.000342535803574485,0.00039745333018273736,5.491752660825237e-05,0.0,0.0,0.0,0.0,0.0,0.0,0.0,0.0,0.0
0.783,0.06972313484304309,0.06968846261964799,3.467222339509357e-05,0.019715139923003153,0.020185324664559974,0.0004701847415568214,16426.87715710974,24716.262790442095,8289.385633332357,0.00047135182901072363,0.0009365982266034657,0.00046524639759274204,15539.888262279488,23590.51903371833,8050.630771438842,10082.003679566147,14779.791387871279,4697.787708305132,0.0004496620113621983,0.0009169403977673147,0.0004672783864051164,0.0002854146944581142,0.0005170651029093138,0.00023165040845119959,0.0,0.0,0.0,0.0,0.0,0.0,0.0,0.0,0.0
0.784,0.069745588764279,0.06971263842760969,3.2950336669307356e-05,0.019743853296462947,0.020219118589058838,0.000475265292595891,28683.04031962011,19348.403753266208,9334.636566353904,0.0008228129849609334,0.0008061845287999927,1.6628456160940703e-05,15433.345873431104,17254.790580102836,1821.4447066717312,8542.498031608251,8108.894912823625,433.6031187846256,0.0003805763616464546,0.0006498930902443139,0.0002693167285978593,0.0002413662941725329,0.00027061787620315567,2.9251582030622776e-05,0.0,0.0,0.0,0.0,0.0,0.0,0.0,0.0,0.0
0.785,0.0697582326855149,0.0697270039891302,3.1228696384694166e-05,0.01978016968201188,0.020243604348503006,0.00046343466649112486,29784.30811690076,36534.13373718087,6749.825620280109,0.0007648378307643501,0.0013039029497552577,0.0005390651189909077,27388.808889544158,36357.67010513888,8968.861215594723,13966.229895976416,10037.199848938735,3929.0300470376806,0.0006875903200800621,0.0012172683871704375,0.0005296780670903754,0.0003768068415517293,0.0003710907035936763,5.7161379580529786e-06,0.0,0.0,0.0,0.0,0.0,0.0,0.0,0.0,0.0
0.786,0.06976106660675081,0.06973155930198746,2.9507304763351505e-05,0.0197670103869189,0.020228717685882757,0.00046170729896385584,30946.173968997726,36059.14109971704,5112.967130719313,0.0007143782922593753,0.0011619603218513271,0.0004475820295919518,29865.414642630923,28825.857289956057,1039.5573526748667,11882.447500418248,13775.797052185171,1893.3495517669235,0.0006836215961209768,0.0007674103606821233,8.37887645611465e-05,0.00029576519856096777,0.00038748178828329965,9.171658972233188e-05,0.0,0.0,0.0,0.0,0.0,0.0,0.0,0.0,0.0
0.787,0.06975409052798669,0.06972630468705437,2.778584093231229e-05,0.01974841322545756,0.020242983620691973,0.0004945703952344109,16278.999068281126,35798.782310503266,19519.78324222214,0.00048513217339125696,0.0014756840755969078,0.0009905519022056508,14105.926069989959,33963.150016711166,19857.223946721206,7717.5039193391185,11931.91802843638,4214.414109097261,0.00045239329112459805,0.0011440346350419391,0.000691641343917341,0.00021486816337046888,0.00041626745512181253,0.00020139929175134365,0.0,0.0,0.0,0.0,0.0,0.0,0.0,0.0,0.0
0.788,0.06973730444922259,0.06971124010158142,2.6064347641172048e-05,0.019746094505366033,0.02021063531873142,0.00046454081336538833,32273.875854225236,19794.413398081044,12479.462456144192,0.0008174766532702642,0.0008133875688343113,4.089084435952893e-06,31180.963802701637,14039.345020726094,17141.618781975543,9904.754682125546,8585.407075921592,1319.3476062039535,0.0007951008571789917,0.0005142252015877958,0.0002808756555911959,0.00025308791458129496,0.00031638744019670516,6.32995256154102e-05,0.0,0.0,0.0,0.0,0.0,0.0,0.0,0.0,0.0
0.789,0.06971070837045851,0.06968636527271067,2.434309774783372e-05,0.0196934541050163,0.020176614269073027,0.0004831601640567264,22648.465123088365,28351.907163221586,5703.442040133221,0.000649519693066207,0.0009183104645573617,0.0002687907714911548,21811.112186373382,27577.950215191915,5766.838028818533,13916.493832921291,13878.028683488563,38.46514943272814,0.0005632872764660318,0.0008472309122847499,0.00028394363581871814,0.00038316122383275433,0.0005120464172189439,0.00012888519338618957,0.0,0.0,0.0,0.0,0.0,0.0,0.0,0.0,0.0
0.79,0.06967430229169445,0.0696516801809146,2.262211077985743e-05,0.019681586592171306,0.020150450774762588,0.00046886418259128176,24013.85458078166,36205.12112780284,12191.266547021183,0.0005730586325770094,0.0010644079986610116,0.0004913493660840022,22634.695998656724,35587.00901759227,12952.313018935543,9294.562937667806,12858.008594749524,3563.4456570817183,0.0004913752354847109,0.000971238656426821,0.00047986342094211013,0.00023565259369403554,0.00038137969337040487,0.00014572709967636933,0.0,0.0,0.0,0.0,0.0,0.0,0.0,0.0,0.0
0.791,0.06962808621293037,0.06960721161059674,2.0874602333631476e-05,0.019623180525973265,0.02009306085058836,0.00046988032461509413,21533.194632874667,29759.666074435503,8226.471441560836,0.0006715673076154475,0.001020214832476689,0.0003486475248612414,10225.336055652298,29695.627177174247,19470.29112152195,7023.659986369003,8420.885100896237,1397.2251145272348,0.0002681916288119317,0.0009828260364770742,0.0007146344076651425,0.000191120581207666,0.00028534623220949205,9.422565100182604e-05,0.0,0.0,0.0,0.0,0.0,0.0,0.0,0.0,0.0
0.792,0.06957206013416628,0.06955288241742626,1.9177716740023665e-05,0.01955727286309935,0.02005203353670542,0.0004947606736060706,22746.490969577277,20007.10996746437,2739.3810021129066,0.0006251110654802103,0.0007643216019830789,0.00013921053650286868,22519.323591093114,19064.97119248081,3454.3523986123037,12975.09890548114,8432.444486169137,4542.654419312003,0.0005775135273885284,0.0007397536008309962,0.00016224007344246773,0.000320354851516579,0.0002485908433134324,7.176400820314659e-05,0.0,0.0,0.0,0.0,0.0,0.0,0.0,0.0,0.0
0.793,0.06950622405540222,0.06948876729266801,1.7456762734208153e-05,0.01951899521382103,0.0199971452396867,0.00047815002586566735,19299.028952149376,19677.843262966508,378.8143108171316,0.0005593945618563522,0.000776769662680713,0.0002173751008243608,19082.24960055615,19520.8736344217,438.624033865548,13080.669336874895,14467.696942585382,1387.0276057104875,0.0005534592252879747,0.0007612269063783312,0.0002077676810903565,0.00035260031003619556,0.00048550470268441455,0.000132904392648219,0.0,0.0,0.0,0.0,0.0,0.0,0.0,0.0,0.0
0.794,0.06943057797663815,0.0694148417915661,1.5736185072057207e-05,0.01943220437946533,0.019909450103726068,0.00047724572426073933,12902.503186700653,28736.81957831685,15834.316391616196,0.0003269644170868214,0.0010678710099608748,0.0007409065928740534,12541.640126166778,25603.78116743425,13062.14104126747,6495.802998959843,12884.521821498827,6388.718822538985,0.00032574569080218185,0.0009698007541283252,0.0006440550633261433,0.0001770169791944675,0.0003995789645781337,0.0002225619853836662,0.0,0.0,0.0,0.0,0.0,0.0,0.0,0.0,0.0
0.795,0.0693451218978741,0.0693311060193383,1.401587853580577e-05,0.019338750072557264,0.019826194841061514,0.0004874447685042499,20985.20708090104,20142.17933674825,843.0277441527905,0.0006050529629704305,0.0008228329823310674,0.0002177800193606369,14067.262214845006,18198.257245154276,4130.99503030927,9591.646658508262,8734.082351249472,857.56430725879,0.00042102742610554666,0.0007264481433139408,0.0003054207172083941,0.0002682382067641749,0.00030632058537667303,3.8082378612498116e-05,0.0,0.0,0.0,0.0,0.0,0.0,0.0,0.0,0.0
0.796,0.06924985581911004,0.0692375599950887,1.2295824021346657e-05,0.019244138795771835,0.019738733573539318,0.0004945947777674833,25518.963257001145,22929.04216606152,2589.9210909396243,0.0006280536413131964,0.0007683830906339438,0.0001403294493207474,23917.318937235254,22475.489140311216,1441.8297969240375,14574.9505944814,12507.439911685702,2067.510682795697,0.0005959999622859865,0.0005457873618296104,5.0212600456376135e-05,0.00035435250111954256,0.00035839821986644255,4.045718746899989e-06,0.0,0.0,0.0,0.0,0.0,0.0,0.0,0.0,0.0
0.797,0.06914477974034601,0.06913420986699059,1.0569873355417703e-05,0.019136698370379117,0.019612589090837275,0.00047589072045815806,17110.484869422573,25906.985941587292,8796.50107216472,0.0005120100648100993,0.0009384597374982363,0.00042644967268813704,16782.745459893005,25302.59193864993,8519.846478756925,11192.66206297333,14238.418567755958,3045.7565047826283,0.0005000451010721443,0.0009118887364679173,0.00041184363539577295,0.00029674662766394677,0.0004424135141175959,0.00014566688645364912,0.0,0.0,0.0,0.0,0.0,0.0,0.0,0.0,0.0
0.798,0.06902989366158199,0.06902104394289751,8.849718684478258e-06,0.01902984540998965,0.019521809957246207,0.000491964547256557,26197.84049183558,27384.56260662487,1186.7221147892888,0.0006837626598785804,0.0011183995688110124,0.000434636908932432,20038.023121453094,26617.721007414075,6579.697885960981,8317.607815655792,11500.344844096639,3182.737028440846,0.0005037109967570825,0.001042780432169289,0.0005390694354122065,0.00022424540374252472,0.00040234845351907594,0.00017810304977655122,0.0,0.0,0.0,0.0,0.0,0.0,0.0,0.0,0.0
0.799,0.06890519758281798,0.06889806774737407,7.12983544390311e-06,0.018929418818941824,0.019396650239239577,0.00046723142029775344,29293.08522963303,13717.089344873728,15575.995884759302,0.0007665586921484318,0.0005543705935220231,0.00021218809862640867,28955.399649829276,13063.662436857394,15891.737212971882,12998.835458194008,7881.0729465372315,5117.762511656776,0.0007658024684769188,0.0005336674909784676,0.00023213497749845127,0.00036998459715237406,0.00029559159605179017,7.439300110058389e-05,0.0,0.0,0.0,0.0,0.0,0.0,0.0,0.0,0.0
0.8,0.06877069150405396,0.06876528127863857,5.410225415392045e-06,0.01875922256217694,0.01925528715845733,0.0004960645962803906,29876.3866332401,25624.146107426655,4252.240525813446,0.0006899344931028746,0.0009691462958055571,0.00027921180270268245,29448.9754991304,24993.983650688573,4454.991848441827,12119.821893965765,12154.89993173793,35.07803777216395,0.0006843548389649512,0.0007752237643554666,9.086892539051543e-05,0.00030993439219824045,0.000366123069160748,5.618867696250752e-05,0.0,0.0,0.0,0.0,0.0,0.0,0.0,0.0,0.0
0.801,0.06862637542528999,0.0686226930352552,3.6823900347870975e-06,0.018635114427057883,0.019133439741035648,0.0004983253139777648,20641.53609417314,36881.9608751119,16240.42478093876,0.0006258020108016468,0.0010895595651588643,0.00046375755435721755,17902.11067537489,27683.175243335256,9781.064567960366,8089.261567450098,12205.488810311002,4116.227242860905,0.0004775998181422124,0.0010207949227000368,0.0005431951045578244,0.0002120548716370333,0.000362669846691831,0.0001506149750547977,0.0,0.0,0.0,0.0,0.0,0.0,0.0,0.0,0.0
0.802,0.06847224934652603,0.06847028669752427,1.962649001763239e-06,0.01847853949620746,0.01896030191806995,0.00048176242186248955,19192.184373240078,25170.47285784355,5978.288484603472,0.0005184738769310457,0.0010126535668516692,0.0004941796899206235,17976.06418015621,21258.553984861494,3282.4898047052848,8329.526903759517,9794.984425508916,1465.4575217493984,0.00048624438485857344,0.0008225278308204043,0.0003362834459618309,0.0002081940065831839,0.0003604162545815928,0.0001522222479984089,0.0,0.0,0.0,0.0,0.0,0.0,0.0,0.0,0.0
0.803,0.06830831326776204,0.06830807007168613,2.4319607591638537e-07,0.01830164810114043,0.018794841499007973,0.0004931933978675439,21985.80713443627,19270.147157735086,2715.659976701183,0.0006142503739804601,0.0007817832088069564,0.0001675328348264963,20557.561171390436,19115.422071899044,1442.1390994913927,13164.053150025804,10656.255477013217,2507.7976730125865,0.0005887182880739187,0.000739231487644459,0.00015051319957054034,0.0003624927234493786,0.00040167599709943654,3.9183273650057943e-05,0.0,0.0,0.0,0.0,0.0,0.0,0.0,0.0,0.0
0.804,0.06813456718899812,0.06813604315187347,1.475962875349679e-06,0.0181386798902226,0.018621560059524343,0.00048288016930174427,31143.982585503993,29731.45743035124,1412.5251551527508,0.0008145698716822327,0.001033445025932822,0.0002188751542505894,22052.826443269023,23279.362135070958,1226.5356918019352,9768.852887058982,15321.853760169291,5553.00087311031,0.0005129601618119133,0.0008951726812523195,0.0003822125194404062,0.0002600990670963833,0.0005226634477367987,0.0002625643806404154,0.0,0.0,0.0,0.0,0.0,0.0,0.0,0.0,0.0
0.805,0.06795101111023423,0.06795420602818879,3.194917954557619e-06,0.017936306501485713,0.01843604866599281,0.0004997421645070964,28952.00943507181,27151.214691475318,1800.7947435964925,0.0007861703765463186,0.0011620665413989524,0.00037589616485263373,16750.8196865516,22847.924593807606,6097.104907256005,7417.321529667963,12610.096622250905,5192.775092582942,0.0004014309377432582,0.0008696876006988328,0.00046825666295557456,0.00020957236076848067,0.00038511910999040747,0.0001755467492219268,0.0,0.0,0.0,0.0,0.0,0.0,0.0,0.0,0.0
0.806,0.06775764503147033,0.06776256995841337,4.924926943039587e-06,0.017755344785486366,0.018242282758858235,0.000486937973371869,17607.81350089046,25859.836187432964,8252.022686542503,0.00046200202540205485,0.0009519157413189136,0.0004899137159168588,16773.610368415546,24701.6050454384,7927.994677022853,11726.941464877329,7414.742372587211,4312.199092290118,0.0004305538103480798,0.0009108552070611576,0.00048030139671307784,0.0002888841778111419,0.0002552379593072766,3.3646218503865307e-05,0.0,0.0,0.0,0.0,0.0,0.0,0.0,0.0,0.0
0.807,0.06755446895270649,0.06756111291193914,6.643959232652263e-06,0.017567933397023155,0.018059843928511503,0.000491910531488348,19687.68899712276,25631.58828928306,5943.8992921602985,0.0005794483260199005,0.0007900552874343027,0.0002106069614144022,19548.884194445523,25437.515656969965,5888.631462524441,13914.234310778402,11930.001679204192,1984.2326315742102,0.0005724263970014643,0.0007208520014325399,0.0001484256044310756,0.00035527676496547797,0.00038224543309169534,2.6968668126217373e-05,0.0,0.0,0.0,0.0,0.0,0.0,0.0,0.0,0.0
0.808,0.06734148287394269,0.06734984564893035,8.362774987655253e-06,0.017345424753495826,0.01783132683281552,0.00048590207931969304,20956.073581634537,26919.729705894577,5963.65612426004,0.0006253770988952221,0.0009474209185416454,0.00032204381964642337,16481.707447935845,23824.845572330283,7343.138124394438,9949.178598803092,13875.416488241663,3926.237889438571,0.00046952095316100896,0.000800924653064328,0.0003314036999033191,0.0002694321951795191,0.0004848595818240218,0.00021542738664450273,0.0,0.0,0.0,0.0,0.0,0.0,0.0,0.0,0.0
0.809,0.06711868679517888,0.06712876794901702,1.0081153838145673e-05,0.017103589383438637,0.01761965959636766,0.000516070212929022,26115.844112081788,25916.635241268526,199.20887081326146,0.0007667883501725699,0.0008492469006300711,8.245855045750118e-05,15895.42252043791,23200.818017163936,7305.395496726025,8775.423967056597,9099.690514893011,324.26654783641425,0.0004625969256682586,0.0007088307633860547,0.0002462338377177961,0.00025528979304706494,0.0002834115225950316,2.8121729547966672e-05,0.0,0.0,0.0,0.0,0.0,0.0,0.0,0.0,0.0
0.81,0.06688608071641514,0.06689789390610716,1.1813189692025383e-05,0.016893131332625187,0.017386848732212894,0.0004937173995877078,31081.836391795754,17782.3861930117,13299.450198784056,0.00078575420367784,0.0005451301163783659,0.000240624087299474,30134.59680719587,17400.57597533983,12734.02083185604,12442.833184766248,7426.494396804498,5016.33878796175,0.0007395308410472063,0.00048633374780120375,0.0002531970932460026,0.0003154555871924051,0.000241506442578095,7.394914461431013e-05,0.0,0.0,0.0,0.0,0.0,0.0,0.0,0.0,0.0
0.811,0.06664366463765141,0.0666571965559917,1.3531918340289883e-05,0.016632526776883656,0.017127382046156738,0.0004948552692730819,29068.02897415642,50955.695626647255,21887.666652490836,0.0007752690168228362,0.0017971069607974504,0.0010218379439746142,22914.105699699714,33005.89668939414,10091.790989694426,11974.750761860892,12964.132054308908,989.3812924480153,0.0005706393292818543,0.0011709824071412757,0.0006003430778594213,0.0002947219860846636,0.0003780909099725705,8.336892388790688e-05,0.0,0.0,0.0,0.0,0.0,0.0,0.0,0.0,0.0
0.812,0.06639143855888777,0.06640668892346076,1.5250364572991226e-05,0.0164002596691223,0.01689852438406403,0.0004982647149417291,25838.221158249307,17617.186714388044,8221.034443861263,0.000778135448747421,0.0006913355291291792,8.679991961824173e-05,17509.305151616052,17053.86460523704,455.44054637901354,9109.385493487476,13054.786725267059,3945.4012317795823,0.00047878871669705745,0.0006695347736030897,0.0001907460569060323,0.00024781706361418234,0.00044586409316047426,0.00019804702954629192,0.0,0.0,0.0,0.0,0.0,0.0,0.0,0.0,0.0
0.8130000000000001,0.06612940248012411,0.06614637094078209,1.6968460657976192e-05,0.016133538407964675,0.01662579953354367,0.0004922611255789959,17727.32191316408,22349.713648819532,4622.391735655452,0.0004420538220713117,0.0008241207522715402,0.0003820669302002285,17425.805375536576,21853.922982573255,4428.117607036678,10517.346284265323,9816.969624771416,700.3766594939061,0.0004384037134020635,0.000720644186849264,0.0002822404734472005,0.0002873101250197202,0.00033455511203157103,4.724498701185083e-05,0.0,0.0,0.0,0.0,0.0,0.0,0.0,0.0,0.0
0.8140000000000001,0.06585755640136055,0.06587624272966233,1.868632830177852e-05,0.015844645184842535,0.016360576246533743,0.0005159310616912084,30520.551667070788,17289.380122296898,13231.17154477389,0.0007217593639070149,0.0006621998391499004,5.9559524757114434e-05,30106.315611616712,16986.45927369024,13119.85633792647,13516.181167729292,11210.631042833704,2305.550124895588,0.000713448803019265,0.0006378011242277807,7.564767879148426e-05,0.00036199076712982827,0.000393572689155615,3.1581922025786756e-05,0.0,0.0,0.0,0.0,0.0,0.0,0.0,0.0,0.0
0.8150000000000001,0.06557590032259702,0.06559632109303737,2.0420770440343627e-05,0.015589788337639918,0.0160916846285803,0.0005018962909403828,25467.78280850365,33914.017024534405,8446.234216030756,0.0005703886326334833,0.0009045057514321059,0.0003341171187986226,25192.88945111131,33254.50187844116,8061.612427329848,9985.793392006402,14391.806385135153,4406.01299312875,0.0005557834128459302,0.0008574688416998999,0.0003016854288539697,0.00024680991375372114,0.0004222254310201632,0.00017541551726644208,0.0,0.0,0.0,0.0,0.0,0.0,0.0,0.0,0.0
0.8160000000000001,0.06528443424383355,0.06530657291481098,2.2138670977431274e-05,0.015295409632618637,0.015795960658643603,0.0005005510260249653,26916.307414100625,20223.902614760787,6692.404799339838,0.0007229003828068955,0.0007673042513844453,4.440386857754977e-05,16467.958449927493,18598.8592427893,2130.9007928618084,9067.073607426984,11325.514381251234,2258.44077382425,0.00047441313316484794,0.0006108687575577727,0.00013645562439292474,0.00023847937930145653,0.00037414185493987474,0.0001356624756384182,0.0,0.0,0.0,0.0,0.0,0.0,0.0,0.0,0.0
0.8170000000000001,0.06498315816507015,0.06500701451615379,2.385635108363704e-05,0.014974042109612567,0.015484626009877142,0.0005105839002645749,17007.994697600483,26849.317634621075,9841.322937020592,0.0004271286577350018,0.0010657479835824973,0.0006386193258474955,16581.595989519075,22676.97032058236,6095.374331063285,12445.886611148284,8928.190137708862,3517.6964734394223,0.0004169748089429555,0.0007923149394539499,0.00037534013051099437,0.00031572381712997643,0.0003084964451482462,7.227371981730253e-06,0.0,0.0,0.0,0.0,0.0,0.0,0.0,0.0,0.0
0.8180000000000001,0.0646720720863068,0.06469764604911989,2.557396281308022e-05,0.014667335119391004,0.015186320094876814,0.0005189849754858103,20273.762080124903,41083.55052799262,20809.78844786772,0.0005328199541780404,0.0016788187253642182,0.001145998771186178,20138.330521992215,28222.07314451257,8083.742622520356,14006.91563461485,13261.567134378474,745.3485002363759,0.0005134381681278064,0.0010445897769051804,0.000531151608777374,0.0003740881756314443,0.0004941557985072882,0.00012006762287584391,0.0,0.0,0.0,0.0,0.0,0.0,0.0,0.0,0.0
0.8190000000000001,0.06435117600754355,0.06437846715005409,2.7291142510543764e-05,0.014341867876549792,0.014842781262427128,0.0005009133858773357,18986.959343641705,27017.87880167339,8030.9194580316835,0.0005281005848789052,0.0009465353804550169,0.0004184347955761117,18677.526104525357,26674.076325705166,7996.550221179808,7807.657037516337,12377.971047446012,4570.314009929674,0.0005228992422556381,0.0005973933647222811,7.449412246664298e-05,0.00019164281066064254,0.0003748129971127427,0.00018317018645210017,0.0,0.0,0.0,0.0,0.0,0.0,0.0,0.0,0.0
0.8200000000000001,0.06402046992878034,0.06404949764078235,2.9027712002013817e-05,0.01401765727946583,0.014525203803836758,0.000507546524370928,18920.202919246465,15847.624837018975,3072.57808222749,0.0004838074878569159,0.0006431721977874217,0.00015936470993050577,18875.738692718616,15358.768290087039,3516.9704026315776,9028.524454748327,8947.673967848223,80.85048690010444,0.000465300151785779,0.0004695880888066611,4.287937020882064e-06,0.0002366733186812896,0.00030062465421672825,6.395133553543865e-05,0.0,0.0,0.0,0.0,0.0,0.0,0.0,0.0,0.0
0.8210000000000001,0.06367995385001722,0.06371069904618505,3.074519616783067e-05,0.013693003784219799,0.0141992790701624,0.0005062752859426017,22315.835292210657,21930.058289166896,385.7770030437605,0.0005156666055195268,0.0005158660728965212,1.9946737699440883e-07,21710.145111358997,20084.920991816136,1625.2241195428614,13682.423306803772,9065.693922651588,4616.729384152184,0.0005071270078053628,0.0004841128709354275,2.3014136869935328e-05,0.00033145763737961876,0.0002637959950974836,6.766164228213514e-05,0.0,0.0,0.0,0.0,0.0,0.0,0.0,0.0,0.0
0.8220000000000001,0.06332962777125418,0.06336208994213793,3.246217088374859e-05,0.013321811546351328,0.013830412619942308,0.0005086010735909797,16937.183027736537,39771.47970314307,22834.296675406535,0.0005243674840103257,0.001589219780286596,0.0010648522962762703,14481.599956925174,38652.814634914954,24171.21467798978,11460.953701324177,13957.011593194207,2496.0578918700303,0.0003956366444607224,0.0014523918915387742,0.0010567552470780517,0.000311858286221101,0.0004976042465065773,0.00018574596028547632,0.0,0.0,0.0,0.0,0.0,0.0,0.0,0.0,0.0
0.8230000000000001,0.06296949169249125,0.06300367075674317,3.417906425191852e-05,0.01296215933419003,0.013492938441894226,0.0005307791077041948,19586.932901773773,23670.62690378446,4083.6940020106886,0.0005644771465271073,0.0006567819371935319,9.230479066642467e-05,18524.635235467984,23404.613698591056,4879.978463123072,7801.47436327954,10964.41498987271,3162.9406265931702,0.0005151055836732894,0.0005870186602470482,7.191307657375889e-05,0.00021094180196874892,0.0003377628503202921,0.0001268210483515432,0.0,0.0,0.0,0.0,0.0,0.0,0.0,0.0,0.0
0.8240000000000001,0.0625995456137284,0.06263546306155914,3.5917447830741134e-05,0.012617792968928431,0.013114162299039727,0.0004963693301112959,25054.58084711569,34652.76378776182,9598.18294064613,0.0007219708096208114,0.001284163866361758,0.0005621930567409466,16066.808120301414,27161.53032347253,11094.722203171115,11802.239378389992,9482.20503807391,2320.0343403160823,0.0004259930085765674,0.0009744291428040851,0.0005484361342275178,0.00032887828903023204,0.00034377781733501025,1.4899528304778201e-05,0.0,0.0,0.0,0.0,0.0,0.0,0.0,0.0,0.0
0.8250000000000001,0.06221978953496561,0.062257423918514215,3.7634383548604267e-05,0.012210552000588237,0.012729074926197985,0.0005185229256097473,36413.56080925213,21981.76977794741,14431.791031304718,0.000926503561255838,0.000673529497072029,0.000252974064183809,35918.07269576309,21684.530938601027,14233.541757162064,13589.795292844809,12242.850736277906,1346.944556566903,0.0008899101343479023,0.0005953928588735545,0.00029451727547434787,0.0003365829574540216,0.00035359974169700575,1.7016784242984153e-05,0.0,0.0,0.0,0.0,0.0,0.0,0.0,0.0,0.0
0.8260000000000001,0.06183022345620293,0.06186957446556231,3.9351009359374356e-05,0.011834762858145678,0.01234676429264348,0.0005120014344978021,22948.05313580625,20908.985209174272,2039.0679266319785,0.0006574290955437805,0.0008325501222287356,0.00017512102668495511,19884.41098205715,20129.945698056545,245.5347159993944,10198.57570193714,14559.181335602812,4360.605633665673,0.0005605985285013675,0.0007944081014688252,0.00023380957296745774,0.00027335386797853675,0.00046945399827970065,0.0001961001303011639,0.0,0.0,0.0,0.0,0.0,0.0,0.0,0.0,0.0
0.8270000000000001,0.06143084737744038,0.061471914494887855,4.1067117447474155e-05,0.011422936788583339,0.01193979759516172,0.0005168608065783814,21214.308279975943,16525.423579810184,4688.88470016576,0.0006863460200783352,0.0006678527158218361,1.849330425649908e-05,20198.232630514383,15736.256911325163,4461.97571918922,11014.758294772282,9236.218553381603,1778.5397413906794,0.0006068128198859872,0.0005203097281685739,8.650309171741332e-05,0.0002888113965985685,0.00029453962330861373,5.728226710045251e-06,0.0,0.0,0.0,0.0,0.0,0.0,0.0,0.0,0.0
0.8280000000000001,0.06102166129867793,0.061064444557250235,4.2783258572307026e-05,0.011018564578702462,0.011534043531980122,0.0005154789532776597,20001.487987206332,20522.027035939398,520.539048733066,0.0005989377568698449,0.0007216049543293701,0.0001226671974595252,19979.437152781076,14880.295934955971,5099.141217825105,13979.413465768457,10335.791350196094,3643.6221155723633,0.0005922789188229984,0.0005976267795711667,5.347860748168326e-06,0.0003868128177940845,0.0004067597226420813,1.9946904847996784e-05,0.0,0.0,0.0,0.0,0.0,0.0,0.0,0.0,0.0
0.8290000000000001,0.060602665219915586,0.06064718936848198,4.4524148566392474e-05,0.010620003741141752,0.011133835555978348,0.0005138318148365968,27711.865576075063,29560.75738164974,1848.8918055746763,0.000694692533058693,0.0008087012340228746,0.00011400870096418163,20499.062311979214,28810.696899840375,8311.634587861161,12287.074687715689,13222.68468207729,935.6099943616009,0.00044970196315488424,0.0007732008285165912,0.00032349886536170696,0.00031289700672884385,0.000400012785829211,8.711577910036714e-05,0.0,0.0,0.0,0.0,0.0,0.0,0.0,0.0,0.0
0.8300000000000001,0.060173859141153356,0.060220100040626806,4.624089947345006e-05,0.010182966657974349,0.010699339357534426,0.0005163726995600776,17952.73393414828,28399.00998058536,10446.27604643708,0.0004922132242610724,0.0010749822728851625,0.0005827690486240901,16076.921513048354,21770.513018322243,5693.591505273889,7890.756951516883,12348.932458856483,4458.1755073396,0.00039416794744865627,0.0008071277521244586,0.0004129598046758023,0.00021461739875605333,0.0003639717218784386,0.00014935432312238525,0.0,0.0,0.0,0.0,0.0,0.0,0.0,0.0,0.0
0.8310000000000001,0.05973524306239126,0.059783200558639074,4.7957496247814924e-05,0.009720032675219963,0.010257613118268399,0.0005375804430484358,30189.188247605267,24118.652728060566,6070.535519544701,0.0007962470537738736,0.0009328282397751627,0.00013658118600128912,17870.985291995068,20807.13992180294,2936.154629807872,10965.940162474744,11150.526688510026,184.58652603528208,0.0004180257321906821,0.0008074831546159088,0.00038945742242522675,0.00027250211482862034,0.0003631913267212354,9.068921189261508e-05,0.0,0.0,0.0,0.0,0.0,0.0,0.0,0.0,0.0
0.8320000000000001,0.05928681698362928,0.05933649057745361,4.9673593824330065e-05,0.009286200302248294,0.009814206597408216,0.0005280062951599218,26687.883810751275,37607.515797766944,10919.63198701567,0.0006982562279698606,0.0013393398518005946,0.000641083623830734,26261.286077641485,34462.677591311236,8201.39151366975,13507.248892027934,11961.205503200064,1546.0433888278694,0.000670899848922065,0.0011995981438720797,0.0005286982949500147,0.0003696546552339407,0.0004619875846282994,9.233292939435871e-05,0.0,0.0,0.0,0.0,0.0,0.0,0.0,0.0,0.0
0.8330000000000001,0.058828580904867415,0.05887997028639705,5.138938152963318e-05,0.008824226946760626,0.009335964961829613,0.0005117380150689872,19448.05984198758,33494.73349724477,14046.673655257193,0.0004507741187689865,0.0009305428084166802,0.0004797686896476937,19221.22449365328,33086.87026849666,13865.645774843382,9263.42472782613,13679.406867993197,4415.982140167067,0.00044330526306780876,0.0008888862174649568,0.00044558095439714806,0.00023704578125552988,0.0004644398479758788,0.0002273940667203489,0.0,0.0,0.0,0.0,0.0,0.0,0.0,0.0,0.0
0.8340000000000001,0.058360534826105696,0.0584136675443329,5.313271822720428e-05,0.008352056712788972,0.00888760352797346,0.0005355468151844872,18158.961040235066,22515.025262225783,4356.064221990717,0.0005525664006912367,0.0007599992226893314,0.00020743282199809472,18151.352735114793,22372.619933822753,4221.267198707959,9842.083027608081,10228.1806885507,386.09766094261795,0.0004570833263452244,0.0006846355324990469,0.00022755220615382248,0.00027302607824324424,0.0003049605005075995,3.1934422264355273e-05,0.0,0.0,0.0,0.0,0.0,0.0,0.0,0.0,0.0
0.8350000000000001,0.05788267874734415,0.05793752743975615,5.484869241199897e-05,0.007885948790785656,0.008403773000541502,0.0005178242097558464,29358.519447008162,22222.15608611085,7136.363360897314,0.0006820327138866207,0.0008493258641883991,0.0001672931503017784,29165.35187304497,20470.825698355457,8694.526174689512,11405.68915881118,10086.934021397097,1318.7551374140821,0.0006801576098496411,0.0008099202524799669,0.00012976264263032586,0.0002837577817896559,0.0003173667028018124,3.360892101215648e-05,0.0,0.0,0.0,0.0,0.0,0.0,0.0,0.0,0.0
0.8360000000000001,0.05739501266858274,0.0574515769974167,5.656432883396206e-05,0.007380129450943511,0.007914065477162219,0.0005339360262187082,25445.20456998115,20437.455924873233,5007.748645107917,0.0006703583596319414,0.0006201213391641398,5.0237020467801675e-05,24337.40049450918,17322.330647930343,7015.069846578837,12368.159748814378,12183.09865358835,185.06109522602856,0.0006472659386137783,0.000613139168719267,3.412676989451131e-05,0.00032239261701988013,0.00040476759881835167,8.237498179847154e-05,0.0,0.0,0.0,0.0,0.0,0.0,0.0,0.0,0.0
0.8370000000000001,0.05689753658982149,0.056955816640783925,5.828005096243649e-05,0.006904834155673487,0.00743687310939945,0.0005320389537259631,13818.24372397608,29182.280980266514,15364.037256290434,0.0003664167684697082,0.0011037793431494794,0.0007373625746797711,13674.65318154421,25275.5310433107,11600.87786176649,8562.205111662142,13072.824271524758,4510.619159862616,0.0003564016525334764,0.0008463760913471557,0.0004899744388136792,0.00021667263917378725,0.00044996007702862014,0.0002332874378548329,0.0,0.0,0.0,0.0,0.0,0.0,0.0,0.0,0.0
0.8380000000000001,0.05639025051106041,0.05645027551956114,6.0025008500726174e-05,0.00640906443251415,0.006925673559098039,0.0005166091265838887,29005.698390143825,27242.08532448969,1763.6130656541354,0.000855623183104292,0.0006657890574703604,0.0001898341256339317,15149.17750281628,23824.604346850683,8675.426844034404,11164.566143178348,9419.562287373472,1745.0038558048764,0.00045536561588558076,0.0006210999715583049,0.00016573435567272414,0.000310190044020275,0.0003149299216244391,4.739877604164114e-06,0.0,0.0,0.0,0.0,0.0,0.0,0.0,0.0,0.0
0.8390000000000001,0.05587315443229951,0.055934895010804564,6.174057850505399e-05,0.0058609504821559005,0.0064015637876230855,0.0005406133054671851,22155.781613187748,21103.05158781553,1052.730025372217,0.0005766785859429378,0.0006517567411164505,7.507815517351273e-05,21514.941584910823,20149.71703140052,1365.224553510303,12981.84642417906,11371.916772076613,1609.929652102448,0.0005193187988136053,0.0005743614061814758,5.504260736787056e-05,0.00032608306968528875,0.0003469020505895412,2.081898090425244e-05,0.0,0.0,0.0,0.0,0.0,0.0,0.0,0.0,0.0
0.8400000000000001,0.05534624835353878,0.05540970464837067,6.345629483188453e-05,0.005345481362773916,0.005877522119324626,0.0005320407565507102,18649.654223661368,19006.985446702893,357.33122304152494,0.0004221109470856211,0.0006833918402035936,0.00026128089311797256,16716.93539473426,18789.38258403673,2072.447189302471,11508.612989720394,13956.53341092239,2447.920421201996,0.00041380536335173417,0.0006692764492043481,0.0002554710858526139,0.0002799098394671746,0.00039669804000356146,0.00011678820053638686,0.0,0.0,0.0,0.0,0.0,0.0,0.0,0.0,0.0
0.8410000000000001,0.054809532274778236,0.054874703396656836,6.517112187860025e-05,0.004806148130496296,0.005331478880374235,0.0005253307498779393,17731.91832230799,25284.51782958975,7552.59950728176,0.0005533385812254195,0.001053320860982981,0.0004999822797575616,15421.328675665602,22993.038626404734,7571.709950739132,10151.476449183163,12747.514848725312,2596.038399542149,0.00038782543681624817,0.0009586321315087184,0.0005708066946924702,0.00026005295723586553,0.0004245920181814365,0.00016453906094557097,0.0,0.0,0.0,0.0,0.0,0.0,0.0,0.0,0.0
0.8420000000000001,0.05426300619601791,0.05432989257247543,6.688637645752005e-05,0.004269673672828062,0.004788859201496659,0.0005191855286685969,35426.2729884405,19043.39757225429,16382.875416186209,0.0010311947519481117,0.0007851000171255584,0.00024609473482255326,23017.99338569439,17929.247987450122,5088.745398244268,13153.834149211658,9740.123482759529,3413.710666452129,0.0006566150236473507,0.0007041694209739715,4.755439732662082e-05,0.0003543734979061792,0.0003350445299841611,1.9328967922018078e-05,0.0,0.0,0.0,0.0,0.0,0.0,0.0,0.0,0.0
0.8430000000000001,0.05370667011725778,0.05377530446950542,6.863435224763875e-05,0.0037181296617932423,0.004257140588326004,0.0005390109265327615,22503.504098371264,28377.83121757575,5874.327119204485,0.0005704950842131003,0.0010154771472234753,0.00044498206301037493,21358.02628223034,26009.08970929322,4651.06342706288,13164.81086557734,12256.030160069316,908.780705508023,0.0005468881472903124,0.0009303869619525227,0.0003834988146622103,0.0003441110145687351,0.000425534502188809,8.142348762007394e-05,0.0,0.0,0.0,0.0,0.0,0.0,0.0,0.0,0.0
0.8440000000000001,0.05314052403849786,0.05321087337105074,7.03493325528784e-05,0.003147706770356487,0.0036715602549341874,0.0005238534845777004,20725.518488440484,26532.812573833555,5807.29408539307,0.0006150316355514402,0.0008672562850829236,0.0002522246495314834,19383.258267969482,26190.524906360486,6807.266638391004,10085.538578521007,13352.604251449002,3267.0656729279945,0.0005725846606910301,0.0008081448691013118,0.00023556020841028166,0.0002550268363439505,0.00039217648485644107,0.00013714964851249055,0.0,0.0,0.0,0.0,0.0,0.0,0.0,0.0,0.0
0.8450000000000001,0.05256456795973819,0.052636631768595475,7.206380885728392e-05,0.0025492791897159563,0.003103620555265119,0.0005543413655491628,26604.013803428712,21281.573456756378,5322.440346672334,0.0008306045164427517,0.0008710168171819097,4.041230073915795e-05,25558.508820407034,20847.371228370797,4711.137592036237,10249.304391855103,11253.896779395116,1004.5923875400131,0.0006437885327471655,0.0008348045758139761,0.00019101604306681066,0.000263248047899175,0.0003681877155643563,0.0001049396676651813,0.0,0.0,0.0,0.0,0.0,0.0,0.0,0.0,0.0
0.8460000000000001,0.0519788018809787,0.05205258108669625,7.377920571755014e-05,0.001999112077597818,0.0025246589031286473,0.0005255468255308295,36546.10498490112,22462.655041291142,14083.449943609976,0.0010208574239127816,0.0007322793784278841,0.0002885780454848975,27655.89489429133,21676.235398087443,5979.659496203887,12203.047963614565,11716.150482080107,486.89748153445726,0.0007696245048363304,0.0006874834528642382,8.21410519720922e-05,0.00032096057443663055,0.0003784011961369659,5.744062170033533e-05,0.0,0.0,0.0,0.0,0.0,0.0,0.0,0.0,0.0
0.8470000000000001,0.05138322580221946,0.0514587187614586,7.549295923913596e-05,0.0013701133891056844,0.0019093664533687553,0.000539253064263071,19632.969756775572,24982.70628715954,5349.736530383969,0.0005893797904405107,0.0010286042659773862,0.0004392244755368755,18479.660776245415,24251.20893995966,5771.548163714244,11187.485125203224,13310.986767203014,2123.50164199979,0.0005548709350501585,0.0009619520505347971,0.00040708111548463867,0.0003088762863930256,0.0004876387387720363,0.00017876245237901072,0.0,0.0,0.0,0.0,0.0,0.0,0.0,0.0,0.0
0.8480000000000001,0.05077783972346048,0.050855082166138633,7.724244267815622e-05,0.0007701093553454733,0.00131791053961519,0.0005478011842697168,23326.191418636972,49189.56162828381,25863.370209646837,0.00055593353706386,0.001833515721219012,0.001277582184155152,16100.132949465342,26905.585047533572,10805.45209806823,8543.325398001325,11295.81860799455,2752.493209993225,0.0003968101608219433,0.0008771286057322254,0.00048031844491028204,0.00022070150492360405,0.00033636876232218224,0.00011566725739857819,0.0,0.0,0.0,0.0,0.0,0.0,0.0,0.0,0.0
0.8490000000000001,0.05016264364470173,0.05024160064432252,7.895699962079394e-05,0.00015542749401491196,0.0006904142322812387,0.0005349867382663268,31288.507634386486,25933.007921632925,5355.499712753561,0.00078016250385435,0.0010369634974998713,0.0002568009936455213,30201.621243122583,19321.79703932936,10879.824203793221,10867.904180293008,8335.835603822485,2532.068576470523,0.0007747152364368418,0.0006834400431589054,9.127519327793644e-05,0.00027726187520183695,0.00025644241660217697,2.0819458599659975e-05,0.0,0.0,0.0,0.0,0.0,0.0,0.0,0.0,0.0
0.8500000000000001,0.04956901417994475,0.04963341686245126,6.440268250651471e-05,-0.00023879395083250404,0.00022266839113224636,0.0004614623419647504,408802.3565759285,382809.7003276005,25992.656248327985,0.011842760219138227,0.015280106767833876,0.003437346548695649,89397.01458993806,78078.95587122849,11318.058718709566,31572.978886964975,26409.631076439207,5163.347810525767,0.002356526771680952,0.0027383525249776285,0.00038182575329667647,0.0007929793758219767,0.0008682277762310339,7.524840040905724e-05,208.82263112837504,0.0,208.82263112837504,0.024932790555191653,0.0,0.024932790555191653,0.0001748977563295549,0.0,0.0001748977563295549
0.8510000000000001,0.049265205132737244,0.04925863091979773,6.574212939515489e-06,-0.00036284246750355187,-1.772081542643391e-05,0.000345121652077118,774689.2757065537,707948.2802032297,66740.99550332397,0.02232985409219347,0.028113131677949512,0.005783277585756041,183857.0952064223,179113.77333913435,4743.321867287945,55310.15376259672,59020.57499459942,3710.4212320027,0.004825422455139889,0.005769526269370327,0.0009441038142304382,0.0014426760218378084,0.00195470203807407,0.0005120260162362615,317.30166733725326,1.8415505951803757,315.4601167420729,0.05756525995982007,1.4198654748022898e-05,0.05755106130507205,0.0001748977563295549,3.62563698687029e-05,0.00013864138646085198
0.8520000000000001,0.04945840953932181,0.04936743862985877,9.097090946304232e-05,-0.0002746318359578663,5.246222664795401e-05,0.0003270940626058203,525947.1296893172,626076.1002625099,100128.9705731927,0.015143559502000394,0.024662511864398117,0.009518952362397724,156594.13066539122,165926.45582249106,9332.32515709984,42618.21403845831,47147.99152614262,4529.7774876843105,0.004049703676228565,0.005336685647565956,0.0012869819713373903,0.0011479561972990362,0.0014974546647416014,0.0003494984674425653,240.16245962848598,0.009262238427633962,240.15319739005835,0.03297812860796402,7.141336543890193e-08,0.032978057194598585,0.0001748977563295549,1.8235455660207446e-07,0.00017471540177295284
0.8530000000000001,0.05001549971460362,0.04988363474086123,0.0001318649737423877,1.0160268267854489e-05,0.0003598901679034922,0.0003497298996356377,29798.766691923658,83453.33938077895,53654.572688855296,0.0008551710479985829,0.003304532719131375,0.002449361671132792,27616.750114953713,23055.270378871995,4561.479736081717,15755.815869433403,10367.527430510105,5388.288438923299,0.000762140081003214,0.0007375475974899801,2.4592483513233938e-05,0.0004249593905229808,0.00036928368403715394,5.5675706485826856e-05,0.0,0.0,0.0,0.0,0.0,0.0,0.0,0.0,0.0
0.8540000000000001,0.05063108477830828,0.0504979390249022,0.00013314575340608176,0.0006333132947400552,0.0009518077871899715,0.00031849449244991624,17977.796386144015,30666.787889985753,12688.991503841738,0.0005091069033173384,0.0009672781499202592,0.00045817124660292076,17788.083121722302,29311.277567620476,11523.194445898174,13720.954747488042,15199.138968285122,1478.1842207970803,0.0004263697372882406,0.0008600962037004866,0.00043372646641224596,0.0003371118288624939,0.0004496233223224961,0.00011251149346000217,0.0,0.0,0.0,0.0,0.0,0.0,0.0,0.0,0.0
0.8550000000000001,0.05123685984201317,0.05110323503227654,0.00013362480973663077,0.0012330005625524401,0.001541878296745615,0.00030887773419317494,20658.249116660292,30558.995464769472,9900.74634810918,0.00047703186481016385,0.0013453411156351403,0.0008683092508249764,20324.48139546831,21871.53374716392,1547.0523516956127,10892.230611795789,15189.151692412934,4296.921080617145,0.0004748097030639159,0.0008502516228509204,0.00037544191978700444,0.0002778595536276027,0.00044089093324454186,0.00016303137961693918,0.0,0.0,0.0,0.0,0.0,0.0,0.0,0.0,0.0
0.8560000000000001,0.05183282490571831,0.05169872148652391,0.00013410341919440488,0.0018127309574668925,0.002143204942621802,0.00033047398515490944,33285.10994375385,24719.11798146944,8565.99196228441,0.0008953611829228722,0.0010719644042579668,0.00017660322133509468,27526.036520566493,23761.452193930523,3764.58432663597,13606.105501121883,12131.877656251241,1474.227844870642,0.0007066746003268915,0.001015093231881828,0.0003084186315549366,0.0003516676561866776,0.0003557801375211627,4.112481334485091e-06,0.0,0.0,0.0,0.0,0.0,0.0,0.0,0.0,0.0
0.8570000000000001,0.05241897996942371,0.05228436221583783,0.00013461775358588474,0.0024422096267350153,0.0027256929852676613,0.000283483358532646,25490.394766957124,25381.06807488676,109.32669207036452,0.0007152466503110492,0.0009703767160462071,0.000255130065735158,25145.418184816725,22483.790424628147,2661.6277601885777,15829.636487197136,11875.014325759888,3954.622161437248,0.0006987882244354225,0.0008497869319507735,0.00015099870751535105,0.00043168867934736607,0.00042997235588274,1.7163234646260916e-06,0.0,0.0,0.0,0.0,0.0,0.0,0.0,0.0,0.0
0.8580000000000001,0.05299532503312932,0.05286022898690202,0.00013509604622730098,0.0029922934369213915,0.003295754993938786,0.00030346155701739454,32672.009906541865,26126.26261471947,6545.747291822394,0.000985383496638501,0.0009382862039823815,4.709729265611946e-05,26789.313059429383,25173.256485688606,1616.0565737407778,13902.612948065665,13730.046618340131,172.56632972553416,0.0007411870727669764,0.0007734282748996071,3.224120213263075e-05,0.0003544902555896329,0.0003890649068778666,3.457465128823368e-05,0.0,0.0,0.0,0.0,0.0,0.0,0.0,0.0,0.0
0.8590000000000001,0.05356186009683513,0.053426285528880256,0.000135574567954877,0.003556508061215928,0.0038619114307681408,0.0003054033695522127,22560.32797592917,30524.0524245642,7963.724448635032,0.0006290236603695274,0.000985589813458209,0.0003565661530886816,21005.10831914061,23501.27412366706,2496.1658045264485,14356.926359283005,14280.54986347233,76.3764958106749,0.0005997149178991667,0.0008540951906236767,0.00025438027272451,0.00038364857304859013,0.00039368001350367933,1.0031440455089203e-05,0.0,0.0,0.0,0.0,0.0,0.0,0.0,0.0,0.0
0.8600000000000001,0.05411858516054116,0.05398253145944779,0.00013605370109336795,0.004109027412644486,0.004415574887672816,0.00030654747502832994,28299.751724554393,21790.91083923252,6508.840885321872,0.0008525926309718463,0.000815577855682242,3.701477528960425e-05,26572.77785815671,21307.306532574865,5265.471325581846,15274.315450525804,11358.916680764476,3915.3987697613284,0.0006089141509485695,0.0006072613668823663,1.6527840662032296e-06,0.0003802262398821848,0.0003453050458533034,3.4921194028881435e-05,0.0,0.0,0.0,0.0,0.0,0.0,0.0,0.0,0.0
0.8610000000000001,0.05466550022424739,0.05452896699554806,0.0001365332286993315,0.0046497275699889425,0.004935696907099093,0.0002859693371101502,22655.959338085042,32222.397181481774,9566.437843396732,0.0005881349379960182,0.0009370977168820478,0.00034896277888602954,21949.125419094158,31225.46283618125,9276.337417087092,13227.960765426222,13222.91815259648,5.042612829742211,0.0005611847979270605,0.0008846332843940579,0.0003234484864669974,0.00034351077705374307,0.0004791035613425582,0.00013559278428881512,0.0,0.0,0.0,0.0,0.0,0.0,0.0,0.0,0.0
0.8620000000000001,0.055202605287953795,0.055065560836344174,0.0001370444516096206,0.005199233485466597,0.005464213862203359,0.0002649803767367622,26372.925387881824,33555.870722133346,7182.945334251523,0.0007814654293961406,0.0013546884965018925,0.0005732230671057519,20431.066392782162,26026.730683077927,5595.664290295765,10571.509927014371,14085.606668422748,3514.096741408377,0.0004662349444643948,0.0007378212366957115,0.00027158629223131666,0.0002681594461761809,0.00041047050139576965,0.00014231105521958878,0.0,0.0,0.0,0.0,0.0,0.0,0.0,0.0,0.0
0.8630000000000001,0.055729900351660394,0.05559237668900797,0.0001375236626524265,0.005733854300436108,0.005994105806180055,0.00026025150574394626,21427.13173767301,42542.07328211958,21114.941544446567,0.0005894918375171141,0.0015113820844337724,0.0009218902469166583,20851.37602921836,33989.08710068393,13137.711071465568,13081.783658562948,13499.433406572689,417.6497480097405,0.0005826044274200216,0.0011651657587443904,0.0005825613313243688,0.0003682705834167556,0.00042140968663543864,5.3139103218683066e-05,0.0,0.0,0.0,0.0,0.0,0.0,0.0,0.0,0.0
0.8640000000000001,0.05624738541536717,0.05610938243383703,0.00013800298153014007,0.006241113723226818,0.00650769168715777,0.00026657796393095203,27582.790363060984,35952.761419883034,8369.97105682205,0.0006182972315051979,0.001253340492535932,0.0006350432610307342,26654.337865183265,34493.20753652063,7838.869671337368,12535.861679381722,10376.940346644307,2158.9213327374146,0.0006002310490490857,0.0010649151192924948,0.0004646840702434091,0.00030893390715072276,0.0003565576625182658,4.762375536754304e-05,0.0,0.0,0.0,0.0,0.0,0.0,0.0,0.0,0.0
0.8650000000000001,0.0567550604790741,0.056616578154879825,0.00013848232419427786,0.0067637932484208435,0.007040954340662767,0.0002771610922419239,25593.053998554504,35019.820325537774,9426.76632698327,0.0006198673190684089,0.0011283668820056998,0.0005084995629372909,25481.662103165734,34129.44148036625,8647.779377200517,11263.964517567149,12884.864183551133,1620.899665983985,0.0006187883907543045,0.0010477719313073948,0.0004289835405530903,0.0002747532900272731,0.0004055629473593993,0.0001308096573321262,0.0,0.0,0.0,0.0,0.0,0.0,0.0,0.0,0.0
0.8660000000000001,0.05725292554278119,0.05711393342215689,0.00013899212062429972,0.00728118575661197,0.00752138224588575,0.00024019648927378016,45917.4825146682,32374.859878112587,13542.62263655561,0.0011068597284633198,0.0012479633269853413,0.0001411035985220215,38144.08959130602,28425.42523169452,9718.664359611503,10792.884729115853,14634.745077495721,3841.860348379869,0.0008893635514852801,0.0010688182814209586,0.00017945472993567853,0.0002766545101565539,0.000430004280198975,0.0001533497700424211,0.0,0.0,0.0,0.0,0.0,0.0,0.0,0.0,0.0
0.8670000000000001,0.05774098060648842,0.05760150897073726,0.00013947163575116217,0.0077327751352837745,0.008007819187231032,0.0002750440519472576,39128.66949443495,20152.829418138637,18975.840076296314,0.0010215954633607264,0.0007368829590408483,0.0002847125043198782,30495.47245268071,18965.047410446612,11530.4250422341,15265.52767331549,12316.094430003172,2949.433243312318,0.0008259766219721478,0.0007082304145133813,0.00011774620745876648,0.0004245131000872352,0.0003938578506609599,3.06552494262753e-05,0.0,0.0,0.0,0.0,0.0,0.0,0.0,0.0,0.0
0.8680000000000001,0.05821922567019582,0.05807927445504333,0.00013995121515249231,0.008226352236746818,0.008489889617496967,0.0002635373807501496,29772.702470044165,34137.77362982489,4365.071159780728,0.0006953028736132006,0.0012561117758653731,0.0005608089022521725,27509.88215654435,19854.14413208737,7655.7380244569795,14712.45257996889,11926.303937335759,2786.148642633132,0.0006854747829864342,0.0007143524819875744,2.8877699001140242e-05,0.00036982669227525895,0.0003757703998743686,5.94370759910963e-06,0.0,0.0,0.0,0.0,0.0,0.0,0.0,0.0,0.0
0.8690000000000001,0.058687660733903343,0.05854722986750285,0.0001404308664004969,0.008671319694913283,0.008942180613363578,0.0002708609184502945,36877.18863145086,22267.960831945275,14609.227799505585,0.001011114822498274,0.0007104209872061986,0.0003006938352920753,18672.383984657474,21466.789421991434,2794.4054373339604,11800.665086530757,13893.920467295637,2093.25538076488,0.0004124552213057801,0.000618850982046243,0.00020639576074046293,0.00029083467179721927,0.0003901580756983586,9.932340390113932e-05,0.0,0.0,0.0,0.0,0.0,0.0,0.0,0.0,0.0
0.8700000000000001,0.059146285797611026,0.059005374887659015,0.0001409109099520106,0.009144929722517828,0.009398907800408293,0.0002539780778904651,24054.010882909934,29237.179040780822,5183.1681578708885,0.0005626653605797517,0.0012632092701204117,0.00070054390954066,23335.521022391807,26797.901756154315,3462.3807337625076,13444.455787844177,14362.036737009257,917.5809491650798,0.0005181327239413846,0.001130729866855455,0.0006125971429140704,0.00033720154985482945,0.0003852772178251258,4.8075667970296334e-05,0.0,0.0,0.0,0.0,0.0,0.0,0.0,0.0,0.0
0.8710000000000001,0.05959510086131882,0.059453682767086374,0.00014141809423244556,0.009607196457855094,0.009849272139204767,0.00024207568134967244,21224.57914285907,18588.192202085334,2636.3869407737366,0.0005409872467721581,0.0007943848277044772,0.0002533975809323191,21087.61536560363,18210.312363459794,2877.3030021438353,14488.25226197689,10814.71422738268,3673.5380345942103,0.0005385383795619746,0.0007688541553710238,0.0002303157758090492,0.00039685740370883494,0.00036054333347172225,3.6314070237112694e-05,0.0,0.0,0.0,0.0,0.0,0.0,0.0,0.0,0.0
0.8720000000000001,0.06003410592502675,0.05989220794393875,0.0001418979810879975,0.010035276684001119,0.010286190084770707,0.00025091340076958783,17844.28429171172,27765.88580912051,9921.601517408792,0.0005176595489894724,0.0010390868004007566,0.0005214272514112841,16818.11973087315,26113.179780264683,9295.060049391534,13570.187467715996,12030.471984974243,1539.7154827417526,0.0004940543965854891,0.000813689201649377,0.0003196348050638879,0.00035807391713979687,0.00041579497011393535,5.7721052974138475e-05,0.0,0.0,0.0,0.0,0.0,0.0,0.0,0.0,0.0
0.8730000000000001,0.06046330098873482,0.06032092263820109,0.00014237835053373255,0.010452211172652708,0.01072446850610685,0.0002722573334541425,30933.66809198784,24646.16427577159,6287.503816216253,0.0009360846473957624,0.0007514963472577772,0.00018458830013798528,21049.79845683875,23674.246742351115,2624.4482855123642,14058.476088142721,13499.456640557237,559.0194475854842,0.0005560775271968431,0.000626779566791715,7.070203959487183e-05,0.00037384566225254456,0.0003801009041867092,6.2552419341646375e-06,0.0,0.0,0.0,0.0,0.0,0.0,0.0,0.0,0.0
0.8740000000000001,0.060882686052443014,0.060739827242923865,0.0001428588095191488,0.01088926935839825,0.011146789158268678,0.00025751979987042803,25623.046721085422,35023.72755364713,9400.680832561706,0.0006605286158869587,0.00113319327553521,0.0004726646596482514,20389.660442366847,34619.74878072896,14230.088338362111,15405.997261796065,13853.065756557487,1552.9315052385773,0.000506288618726594,0.0010280269514876196,0.0005217383327610257,0.00038165235394127333,0.00039814867065350004,1.6496316712226716e-05,0.0,0.0,0.0,0.0,0.0,0.0,0.0,0.0,0.0
0.8750000000000001,0.06129226111615132,0.06114889720498218,0.00014336391116914066,0.011286160881464618,0.011519612612877421,0.0002334517314128027,26973.289997940636,44149.13403696251,17175.844039021875,0.0005966607552008809,0.0017029733553834225,0.0011063126001825416,26728.542521804975,22614.34685219456,4114.1956696104135,12279.419171627316,10718.555088354358,1560.864083272958,0.0005901702128223426,0.0007068376327059301,0.00011666741988358741,0.0003166650168094159,0.00035655004939421134,3.988503258479546e-05,0.0,0.0,0.0,0.0,0.0,0.0,0.0,0.0,0.0
0.8760000000000001,0.061692026179859735,0.06154818177330509,0.0001438444065546482,0.01167854582671059,0.011927644352995015,0.0002490985262844237,33582.639668084776,39357.767443661374,5775.127775576599,0.0008288886600313026,0.0013654315975419504,0.0005365429375106479,32392.622616345474,38172.81578470286,5780.193168357389,11557.860602361136,13312.853689799587,1754.9930874384518,0.0008000313266092672,0.0012617163389517239,0.0004616850123424567,0.00029128391442623627,0.0004618904956147965,0.00017060658118856024,0.0,0.0,0.0,0.0,0.0,0.0,0.0,0.0,0.0
0.8770000000000001,0.06208198124356826,0.06193765586499494,0.00014432537857331923,0.012083396556581123,0.012309362624612786,0.00022596606803166296,33885.874284498874,40964.251592150584,7078.37730765171,0.0009082599045685009,0.0012522258458870317,0.00034396594131853083,32906.89652229444,39162.206426352044,6255.309904057605,13566.618327555081,13940.70923709437,374.090909539289,0.0008760797268886297,0.0011353482123236157,0.00025926848543498604,0.00037016398420989545,0.0003893792237041042,1.921523949420875e-05,0.0,0.0,0.0,0.0,0.0,0.0,0.0,0.0,0.0
0.8780000000000001,0.062462126307276884,0.06231732025372337,0.00014480605355351311,0.012445345421165842,0.01269007545369877,0.00024473003253292804,31998.73187568305,19076.806372468138,12921.925503214912,0.0007899440469849184,0.0007398652480440741,5.007879894084431e-05,30830.47252292428,17871.814020007212,12958.658502917067,12586.109237542343,12131.908531210986,454.20070633135765,0.0007812420470727282,0.0006679232342703748,0.00011331881280235347,0.00033217616946407173,0.000367727465170535,3.555129570646326e-05,0.0,0.0,0.0,0.0,0.0,0.0,0.0,0.0,0.0
0.8790000000000001,0.06283246137098561,0.06268717393220419,0.0001452874387814218,0.012854354385730335,0.013071325733562157,0.0002169713478318222,35319.7665893407,42472.57908583463,7152.812496493927,0.000819833329855048,0.0017863528406362643,0.0009665195107812164,34498.882397947375,28436.919056288025,6061.96334165935,9486.291487375604,11173.030782781141,1686.7392954055376,0.0008138238055993105,0.000868311185216327,5.4487379617016406e-05,0.00023997453310577136,0.00035674290325849237,0.000116768370152721,0.0,0.0,0.0,0.0,0.0,0.0,0.0,0.0,0.0
0.8800000000000001,0.06319298643469444,0.06304719621403976,0.00014579022065468183,0.01321204818148054,0.013430471217161403,0.00021842303568086335,32705.762683101766,23710.144739427156,8995.61794367461,0.0008301157399722047,0.0008953105223235884,6.519478235138374e-05,25241.9972281145,21554.07820158335,3687.919026531148,11663.07070269711,13034.736559654324,1371.6658569572137,0.0005578554223000772,0.0007413036430507524,0.00018344822075067524,0.00029243615771674074,0.0003875149457657648,9.507878804902405e-05,0.0,0.0,0.0,0.0,0.0,0.0,0.0,0.0,0.0
0.8810000000000001,0.06354370149840331,0.06339742967133546,0.00014627182706784814,0.013537492234399798,0.013791388747114492,0.0002538965127146936,26753.506339068652,28934.710732560983,2181.2043934923313,0.0006171102273483004,0.0009736652141134077,0.00035655498676510737,25962.387098638894,23470.446355040298,2491.940743598596,13994.281387214356,13989.18267500622,5.098712208136931,0.00060897698137857,0.0007187501106668244,0.00010977312928825444,0.00037518251320670765,0.0004016394600091249,2.6456946802417235e-05,0.0,0.0,0.0,0.0,0.0,0.0,0.0,0.0,0.0
0.8820000000000001,0.06388460656211231,0.06373785309800224,0.0001467534641100693,0.01388823947237467,0.01412894968777203,0.00024071021539735955,25870.292230300915,24406.53102088334,1463.7612094175747,0.0007114142159692672,0.000882913414126607,0.0001714991981573398,25251.71685594452,23581.099888014898,1670.6169679296218,13731.524897102749,12072.377460286421,1659.1474368163272,0.0006570473150646527,0.0007269906913533454,6.994337628869274e-05,0.0003772591351387553,0.0004121355226666485,3.487638752789322e-05,0.0,0.0,0.0,0.0,0.0,0.0,0.0,0.0,0.0
0.8830000000000001,0.06421570162582138,0.06406846630595274,0.00014723531986864102,0.014209456682481456,0.014451055889450167,0.0002415992069687116,25569.207575327473,26698.743984910805,1129.536409583332,0.0007280727065994047,0.001163909255351583,0.00043583654875217835,21291.86293812272,25356.37019577232,4064.5072576496023,11759.079487096376,12581.539819025718,822.4603319293419,0.0005788449387638686,0.0010919633926772109,0.0005131184539133423,0.00028687534388249244,0.0003924328641715239,0.00010555752028903147,0.0,0.0,0.0,0.0,0.0,0.0,0.0,0.0,0.0
0.8840000000000001,0.06453698668953052,0.06438926954149321,0.00014771714803731018,0.014534250382062519,0.014761237524469145,0.0002269871424066261,24744.55048855867,22538.020426372263,2206.530062186408,0.000651576930828086,0.0007285684058766976,7.699147504861155e-05,23928.585460492483,21058.13430106116,2870.4511594313226,12670.002949936412,13574.970788057924,904.9678381215126,0.0005311671935084684,0.0006884244546968669,0.00015725726118839855,0.0003143336282654849,0.00038258406022454664,6.825043195906173e-05,0.0,0.0,0.0,0.0,0.0,0.0,0.0,0.0,0.0
0.8850000000000001,0.06484846175323973,0.06470024415663256,0.00014821759660717249,0.014851961217822916,0.015081998508249999,0.00023003729042708233,24641.696958832094,42489.10863146699,17847.411672634895,0.0006416424996997579,0.0014224480795668537,0.0007808055798670958,23695.411688296488,36906.14682296023,13210.735134663744,15469.635865841235,14165.52899527118,1304.1068705700563,0.0005574029937100254,0.0012067354954246792,0.0006493325017146537,0.00039617513913033287,0.00042578714999766875,2.961201086733588e-05,0.0,0.0,0.0,0.0,0.0,0.0,0.0,0.0,0.0
0.8860000000000001,0.06515012681694902,0.06500142727018315,0.00014869954676587083,0.015140850265590497,0.01537787285781318,0.00023702259222268401,21792.17374967959,25893.203884956318,4101.030135276727,0.0006928284410298654,0.000999569103450418,0.00030674066242055255,21202.829907069685,22235.335943241847,1032.5060361721626,14414.660285964934,11141.890954321556,3272.769331643378,0.0005563261193915807,0.000751589292704253,0.00019526317331267226,0.00040201562643953456,0.0004089734945725261,6.957868132991527e-06,0.0,0.0,0.0,0.0,0.0,0.0,0.0,0.0,0.0
0.8870000000000001,0.06544198188065838,0.06529279995377958,0.00014918192687879417,0.015439207097641856,0.01569313192069846,0.00025392482305660463,20190.79021010204,34266.18627166031,14075.396061558266,0.0004931323194414185,0.0010726387773225305,0.000579506457881112,20008.69965596136,33768.08693087718,13759.387274915818,14238.16601482647,12186.62699977552,2051.5390150509484,0.0004809958598655928,0.0009573902834867954,0.00047639442362120256,0.00037263036284154646,0.0003619841277290702,1.064623511247626e-05,0.0,0.0,0.0,0.0,0.0,0.0,0.0,0.0,0.0
0.8880000000000001,0.06572402694436777,0.0655743624580338,0.0001496644863339669,0.015744507520700293,0.015965303200024435,0.0002207956793241414,26691.726058405817,30788.467940060364,4096.741881654547,0.0006803144957414695,0.001179697939428946,0.0004993834436874766,24589.771345608773,27830.044981937004,3240.273636328231,15711.25616385773,13967.008156710272,1744.2480071474583,0.0005701606241986926,0.001076000068161117,0.0005058394439624244,0.00040850943235673867,0.00038225545983337067,2.6253972523367997e-05,0.0,0.0,0.0,0.0,0.0,0.0,0.0,0.0,0.0
0.8890000000000001,0.06599626200807722,0.06584609871370366,0.00015016329437356202,0.015986504825330972,0.01622574774019717,0.0002392429148661973,38334.32393323544,31025.328948584614,7308.994984650828,0.0009567956066897096,0.0011410338673434662,0.0001842382606537566,37248.35444803745,30140.62533728977,7107.729110747678,12116.234941408105,12700.47835017052,584.2434087624151,0.0008894251791062265,0.000995696160288919,0.00010627098118269249,0.0003001768932752943,0.0003680041180331137,6.782722475781936e-05,0.0,0.0,0.0,0.0,0.0,0.0,0.0,0.0,0.0
0.8900000000000001,0.06625868707178675,0.06610804134899402,0.00015064572279273325,0.016249505107901248,0.0164965554316068,0.0002470503237055506,27243.994698307382,26839.297900260855,404.69679804652696,0.0007369518885666612,0.0010256953820747619,0.00028874349350810065,26795.99709726784,25935.502697945834,860.494399322004,10381.37929467088,11510.708390457961,1129.3290957870813,0.0006934388234014589,0.0008840438105356203,0.00019060498713416145,0.0002712918426694803,0.00043672495006457333,0.00016543310739509302,0.0,0.0,0.0,0.0,0.0,0.0,0.0,0.0,0.0
0.8910000000000001,0.06651130213549629,0.06636017389203981,0.00015112824345647757,0.016506221644074635,0.016735642291110766,0.00022942064703613055,28037.08143457578,25701.688955152753,2335.392479423026,0.0006698351790213602,0.0007628185522612263,9.298337323986614e-05,21901.217116720098,22136.01494029887,234.7978235787741,12146.884815035299,13603.083339563733,1456.198524528434,0.000531202321709999,0.0006243535264223669,9.315120471236791e-05,0.00030669435380627436,0.0004144650310252349,0.00010777067721896052,0.0,0.0,0.0,0.0,0.0,0.0,0.0,0.0,0.0
0.8920000000000001,0.0667541071992059,0.0666024961735465,0.0001516110256594011,0.01674430744988557,0.016976550546431938,0.00023224309654636816,28198.274035163417,38233.01271065738,10034.738675493962,0.0007549689691230181,0.0015437043979736422,0.0007887354288506241,27904.20776697476,21773.292567042605,6130.915199932155,14726.217505494562,15156.362386034238,430.1448805396758,0.0007514728589091251,0.0008069786135137955,5.550575460467038e-05,0.00040114380660138314,0.0004659920967453682,6.484829014398506e-05,0.0,0.0,0.0,0.0,0.0,0.0,0.0,0.0,0.0
0.8930000000000001,0.06698710226291552,0.06683500809485494,0.00015209416806057086,0.01700950088022113,0.017221559520054944,0.00021205863983381548,38701.153744656935,20060.984597309794,18640.16914734714,0.0009406032882431434,0.0007051171043963681,0.0002354861838467753,32072.480580411666,19518.3516474555,12554.128932956166,9154.687762673484,12359.426790417874,3204.73902774439,0.0007627568224591298,0.0005211825619999855,0.0002415742604591443,0.00022758662834260445,0.00037422685581903057,0.00014664022747642612,0.0,0.0,0.0,0.0,0.0,0.0,0.0,0.0,0.0
0.8940000000000001,0.06721028732662519,0.06705769666845786,0.0001525906581673342,0.01721533314840633,0.01745084407363785,0.00023551092523151768,24708.01701106025,19945.036409294717,4762.980601765532,0.0006254670775324223,0.0007843527417465535,0.00015888566421413117,18728.44368563183,19739.28574081768,1010.8420551858471,11407.578512654092,12112.090974015313,704.5124613612206,0.0004352620843321769,0.000697678542040767,0.00026241645770859007,0.00028474679685403306,0.0003884145242510594,0.00010366772739702634,0.0,0.0,0.0,0.0,0.0,0.0,0.0,0.0,0.0
0.895,0.06742366239033491,0.06727058869228508,0.00015307369804982984,0.017424472758753085,0.017675043948371785,0.00025057118961870073,31057.505273271003,27848.01533323934,3209.4899400316644,0.0006841640247618996,0.000820787838986788,0.00013662381422488846,30966.344107446832,26541.98248143633,4424.361626010501,14406.412018381223,13286.338295334805,1120.0737230464183,0.0006802609726602524,0.0006833417731237416,3.080800463489252e-06,0.00037061094180599723,0.000361326988756958,9.283953049039223e-06,0.0,0.0,0.0,0.0,0.0,0.0,0.0,0.0,0.0
0.896,0.06762722745404465,0.0674736704579355,0.00015355699610915263,0.017636644307380343,0.01789138280874221,0.0002547385013618661,22354.522881912606,46644.08715841769,24289.564276505087,0.0005919063437214398,0.0016270705846700498,0.00103516424094861,21877.986159594384,45297.650006435484,23419.6638468411,15358.30382951105,13300.208852426911,2058.094977084138,0.0005809774011196401,0.001452708391879247,0.0008717309907596069,0.00042915060166704897,0.0004295206576973683,3.700560303193526e-07,0.0,0.0,0.0,0.0,0.0,0.0,0.0,0.0,0.0
0.897,0.06782098251775442,0.06766694207038003,0.0001540404473743956,0.017824666979253993,0.018061772024882978,0.00023710504562898457,22663.694324564032,25362.651490882814,2698.9571663187817,0.0007199973942932688,0.0007715950296420166,5.15976353487478e-05,22349.058241228875,23711.240544136104,1362.1823029072293,10314.563530740086,9837.360985713512,477.2025450265737,0.0005748834145459045,0.0006290320707274541,5.414865618154959e-05,0.0002750141333549281,0.0003104663450206451,3.5452211665717016e-05,0.0,0.0,0.0,0.0,0.0,0.0,0.0,0.0,0.0
0.898,0.06800492758146423,0.06785040336424113,0.00015452421722310372,0.01799046889134295,0.01824627648294487,0.0002558075916019205,29760.66032988883,24285.90900092091,5474.751328967919,0.0007792690633106307,0.0009068341633064553,0.0001275650999958246,28244.125480931503,21496.779232115594,6747.346248815909,12036.938275544537,12586.419253628672,549.4809780841351,0.0007103570339658208,0.0007788101608192302,6.84531268534094e-05,0.00030113104319092474,0.00038972202175367157,8.859097856274683e-05,0.0,0.0,0.0,0.0,0.0,0.0,0.0,0.0,0.0
0.899,0.06817906264517407,0.06802404403194348,0.0001550186132305842,0.018172506608039866,0.018427951907160105,0.00025544529912023897,42333.50684275271,42309.83084794371,23.67599480899662,0.0010267763285571408,0.0017538635953525472,0.0007270872667954065,40047.91902401852,32006.66545394705,8041.253570071469,13827.770152466957,13740.514626798013,87.25552566894476,0.0009407747709849077,0.0009588978359407418,1.8123064955834103e-05,0.00033874902549480023,0.0003672082922990145,2.8459266804214294e-05,0.0,0.0,0.0,0.0,0.0,0.0,0.0,0.0,0.0
0.9,0.06834338770888392,0.06818788527499949,0.0001555024338844302,0.018329597266969935,0.018580023994599095,0.0002504267276291598,22951.628238648995,25401.122171965646,2449.4939333166512,0.0006038393228180273,0.000824293213513773,0.00022045389069574569,22693.97196424787,24424.043328754415,1730.0713645065443,12939.021894561754,13072.856145694577,133.83425113282283,0.0005858849800207134,0.0007488293830325128,0.00016294440301179943,0.0003640877663932404,0.00043987297128711867,7.578520489387827e-05,0.0,0.0,0.0,0.0,0.0,0.0,0.0,0.0,0.0
0.901,0.0684979027725938,0.0683419164545045,0.00015598631808928787,0.018499608403186537,0.018759235566092016,0.00025962716290547916,20366.458210703397,35806.440507300416,15439.98229659702,0.0005108506188508211,0.0015328534484649117,0.0010220028296140907,19758.634945882593,32511.800642074988,12753.165696192395,12223.164058824856,10811.627554138817,1411.5365046860388,0.0005086948648252365,0.001212187839194231,0.0007034929743689946,0.00033140356825916284,0.0003922575387263553,6.085397046719248e-05,0.0,0.0,0.0,0.0,0.0,0.0,0.0,0.0,0.0
0.902,0.0686426078363037,0.06848613739305051,0.00015647044325318993,0.018664548176359853,0.018899310186328063,0.00023476200996820976,24580.027765936808,20368.461731484746,4211.566034452062,0.0007571229357998553,0.0008044206873237857,4.72977515239304e-05,24336.03754666363,18986.239242231488,5349.798304432141,15868.987529209591,14086.134822056456,1782.8527071531353,0.0007218549042851858,0.0006055996216081654,0.00011625528267702036,0.00041966213255170454,0.0004061187632434899,1.3543369308214627e-05,0.0,0.0,0.0,0.0,0.0,0.0,0.0,0.0,0.0
0.903,0.0687775029000136,0.06862054016058133,0.00015696273943226202,0.018757402769713938,0.019037420887904447,0.0002800181181905094,36628.36269454812,25825.19802772472,10803.164666823403,0.0009254885912804828,0.0010946142028665032,0.00016912561158602033,36079.90558952429,24596.050585295045,11483.855004229248,14669.72666237759,15945.475823147246,1275.7491607696556,0.0009182497578584666,0.0008925333670418073,2.571639081665937e-05,0.00036587157266640104,0.00046770232064015144,0.0001018307479737504,0.0,0.0,0.0,0.0,0.0,0.0,0.0,0.0,0.0
0.904,0.06890258796372355,0.06874514106523641,0.00015744689848713744,0.018902814951350027,0.019165870936070615,0.00026305598472058794,36895.10645607916,30749.16183005217,6145.944626026987,0.0009524764287774477,0.001265014677083625,0.00031253824830617717,26995.29553961098,21018.06694994108,5977.2285896698995,9123.569041965711,12987.533837224388,3863.9647952586765,0.0006874614464774311,0.0007853701008749375,9.790865439750641e-05,0.0002496869953491865,0.0004056741922356715,0.00015598719688648504,0.0,0.0,0.0,0.0,0.0,0.0,0.0,0.0,0.0
0.905,0.0690178630274335,0.068859931797397,0.00015793123003650378,0.01901041968540608,0.01927135657076256,0.0002609368853564789,22984.550644230883,22300.459936975894,684.090707254989,0.0006707319995707485,0.0008766451031796555,0.000205913103608907,22639.229776752436,22072.97356878508,566.2562079673553,11554.509922889274,12683.452835502798,1128.9429126135237,0.0005963641847173772,0.0008040439534844384,0.0002076797687670612,0.0002946533117494824,0.0004381176534981406,0.00014346434174865823,0.0,0.0,0.0,0.0,0.0,0.0,0.0,0.0,0.0
0.906,0.06912332809114345,0.0689649122957107,0.0001584157954327564,0.01912013486466564,0.019371765641561466,0.00025163077689582466,26302.129733665508,24903.303599695242,1398.8261339702658,0.0006614313378736016,0.0009220820463975924,0.00026065070852399085,25282.613707095992,23841.942223010585,1440.6714840854074,15862.227966302598,14139.924216106776,1722.3037501958224,0.0006494187025219577,0.0008014133697333472,0.00015199466721138946,0.0004274513865608405,0.0004093679051397658,1.8083481421074673e-05,0.0,0.0,0.0,0.0,0.0,0.0,0.0,0.0,0.0
0.907,0.0692189831548534,0.06906008248228952,0.00015890067256388307,0.019228186347304464,0.019481442395494594,0.0002532560481901293,19318.641607200498,26360.82145300265,7042.179845802151,0.0005050614434352527,0.0010141487178081156,0.0005090872743728628,18643.921345831805,25810.98375718386,7167.062411352057,13402.44874872353,15099.400912396115,1696.9521636725858,0.0005019910944860466,0.0008932550000941026,0.000391263905608056,0.0003430675065476139,0.0004599588545543342,0.00011689134800672027,0.0,0.0,0.0,0.0,0.0,0.0,0.0,0.0,0.0
0.908,0.06930482821856337,0.06914543734950909,0.00015939086905428224,0.019307107143200844,0.019572382733634767,0.0002652755904339228,18176.28862045989,26460.028147116092,8283.739526656202,0.0004032375143501291,0.0008225148018890113,0.00041927728753888226,18078.554646520577,18354.205570262224,275.6509237416467,9920.918707770408,10514.812300189264,593.8935924188554,0.000392094440437897,0.0006380000866822748,0.00024590564624437777,0.00025475033721602386,0.0003464463743324079,9.169603711638402e-05,0.0,0.0,0.0,0.0,0.0,0.0,0.0,0.0,0.0
0.909,0.06938086328227336,0.06922098767223822,0.00015987561003513728,0.019388088169242767,0.01966612922386317,0.00027804105462040166,41528.99098948875,38787.107238851546,2741.8837506372074,0.0009452123766345747,0.0011950973702663777,0.00024988499363180294,39617.77322290472,32401.626403280578,7216.14681962414,11910.9322649263,11911.696523043736,0.7642581174368388,0.0009375407035948412,0.0009902976340957943,5.275693050095314e-05,0.00028912813763269863,0.00038528401746272707,9.615587983002844e-05,0.0,0.0,0.0,0.0,0.0,0.0,0.0,0.0,0.0
0.91,0.06944708834598337,0.06928672778494385,0.00016036056103951868,0.019472613163002476,0.019733375373058682,0.00026076221005620626,32340.418673495496,43800.994534597,11460.5758611015,0.0008048259007135572,0.0015254206205911863,0.000720594719877629,31668.629405616542,41745.22226898309,10076.592863366546,15310.553041539004,13958.352654502476,1352.200387036528,0.0007879069837863403,0.0012809897945922364,0.0004930828108058961,0.0004071482846956842,0.0004023672622956827,4.781022400001484e-06,0.0,0.0,0.0,0.0,0.0,0.0,0.0,0.0,0.0
0.911,0.06950350340969337,0.06934265761283362,0.00016084579685975153,0.019504544159434957,0.019757573564683845,0.00025302940524888837,17751.414442347956,34703.51035896417,16952.095916616217,0.000517415510350873,0.0011270961149945687,0.0006096806046436957,17699.89753418332,34307.42242276587,16607.52488858255,11492.83614193827,12435.977327214905,943.1411852766341,0.0004999211589417405,0.000951830436443407,0.0004519092775016665,0.0003188002535067126,0.0004168604563965936,9.806020288988102e-05,0.0,0.0,0.0,0.0,0.0,0.0,0.0,0.0,0.0
0.912,0.06955010847340339,0.06938877735133042,0.00016133112207296352,0.019530258964660673,0.01980348534315666,0.00027322637849598597,26203.24368779853,42624.57228543733,16421.3285976388,0.000711768995593057,0.0014813686651186323,0.0007695996695255753,18361.32857433876,22376.093760991454,4014.765186652694,11696.865361754333,11157.833114001478,539.0322477528553,0.0004842533073642022,0.0007431675126847333,0.0002589142053205311,0.00031247998500387117,0.00037530523767657133,6.282525267270017e-05,0.0,0.0,0.0,0.0,0.0,0.0,0.0,0.0,0.0
0.913,0.06958690353711339,0.06942508447469892,0.00016181906241446997,0.019589274425904267,0.01982243937827921,0.00023316495237494378,46096.21987438168,22084.610728388583,24011.609145993094,0.0011661951041466365,0.0007591510749108724,0.00040704402923576405,32254.684033832124,20627.526331998142,11627.157701833981,14056.611076064431,13013.844453179014,1042.7666228854177,0.000741092757903892,0.0005772832242740125,0.00016380953362987955,0.00034092496063405537,0.0003666150479766595,2.5690087342604157e-05,0.0,0.0,0.0,0.0,0.0,0.0,0.0,0.0,0.0
0.914,0.0696138886008234,0.06945158410765305,0.00016230449317035378,0.01959022717622675,0.019839832803334068,0.00024960562710731743,31668.94378762869,30404.769985543942,1264.1738020847479,0.0008073128643803202,0.001168885603907402,0.00036157273952708193,30635.348955575602,28836.777978457798,1798.5709771178044,13915.423524811651,14854.778541307815,939.3550164961634,0.0007763056726693785,0.0009937571292326715,0.00021745145656329305,0.00036727168600325107,0.0004389512944300132,7.167960842676215e-05,0.0,0.0,0.0,0.0,0.0,0.0,0.0,0.0,0.0
0.915,0.06963106366453344,0.0694682735411903,0.00016279012334313725,0.019647196173519933,0.019858495445241202,0.0002112992717212686,27633.705898012166,32775.107941274066,5141.4020432619,0.0008870211825005428,0.0013822141044648297,0.0004951929219642869,25758.297408155617,16690.044899330605,9068.252508825011,11100.935468662447,11260.571796311691,159.63632764924478,0.0007857296947178029,0.0006070327608800188,0.00017869693383778412,0.00031736075484546287,0.0004046771821517288,8.731642730626593e-05,0.0,0.0,0.0,0.0,0.0,0.0,0.0,0.0,0.0
0.916,0.06963842872824347,0.06947515275257388,0.00016327597566959118,0.019635918215292803,0.019854432439518926,0.0002185142242261233,21591.423700676052,24745.70695411939,3154.2832534433364,0.0006734679776264419,0.0009709850527277186,0.0002975170751012767,19821.312686614172,23002.11373253817,3180.8010459239995,15614.311771461795,10979.434152502323,4634.877618959472,0.0005676876194743843,0.0008096513325736888,0.00024196371309930453,0.000414494745584895,0.00034557045724588033,6.892428833901466e-05,0.0,0.0,0.0,0.0,0.0,0.0,0.0,0.0,0.0
0.917,0.06963598379195347,0.06947222185454072,0.0001637619374127569,0.019625932371864926,0.01985092640555852,0.00022499403369359225,22105.237515477795,21520.245477868906,584.9920376088885,0.000694947050138727,0.000687607640355802,7.3394097829249105e-06,21318.802513465936,20844.04694816424,474.75556530169706,16906.21791393928,14488.710092483763,2417.507821455516,0.0005549021572036944,0.0005867540181909463,3.185186098725193e-05,0.0004346666368022644,0.0004072273873491867,2.7439249453077694e-05,0.0,0.0,0.0,0.0,0.0,0.0,0.0,0.0,0.0
0.918,0.06962372885566352,0.06945948121552138,0.00016424764014214,0.019624462952610087,0.019840222316700337,0.0002157593640902504,24155.702646551512,30148.310686708275,5992.608040156763,0.0006426049028326982,0.0010440951271324288,0.0004014902242997306,22008.493301637307,22454.91787103184,446.42456939453405,11976.018765287865,15997.618922238258,4021.6001569503933,0.0004872887819731554,0.000825109060909887,0.00033782027893673164,0.0002975876408117235,0.0004867953844159311,0.0001892077436042076,0.0,0.0,0.0,0.0,0.0,0.0,0.0,0.0,0.0
0.919,0.06960166391937356,0.06943693029832168,0.00016473362105187683,0.01960230853179294,0.019795808602965884,0.00019350007117294524,20750.301983098656,20450.244010514507,300.05797258414896,0.0006004720361963352,0.0008218277744943479,0.0002213557382980127,15809.712274631545,19236.60262003635,3426.890345404803,9108.423788067834,11601.23279238646,2492.8090043186257,0.00043198879155154557,0.0008071595206609281,0.00037517072910938254,0.00023669419942149114,0.0004229100032331718,0.00018621580381168065,0.0,0.0,0.0,0.0,0.0,0.0,0.0,0.0,0.0
0.92,0.06956978898308361,0.06940456911172775,0.0001652198713558567,0.01955826192139142,0.019744713526253857,0.00018645160486243859,25974.24521898196,42285.845456021285,16311.600237039325,0.000706962391246724,0.0015155553627550216,0.0008085929715082975,25242.663160030443,40654.03263488764,15411.369474857198,14377.930692061074,11776.895187192715,2601.0355048683596,0.0005669599267859484,0.0013538146580947437,0.0007868547313087953,0.0003634786680364668,0.0003591123702843633,4.366297752103469e-06,0.0,0.0,0.0,0.0,0.0,0.0,0.0,0.0,0.0
0.921,0.06952810404679366,0.06936239750453342,0.0001657065422602383,0.019527499960670183,0.019707701191115253,0.00018020123044507064,23411.091090138263,33735.58812537964,10324.497035241377,0.0006519061197503297,0.0011547708856668708,0.0005028647659165411,22818.302236921973,32810.72240858135,9992.420171659378,15855.202290400613,15412.92821662319,442.27407377742384,0.0006506369544263824,0.0009930753689112017,0.0003424384144848192,0.0004192682441066026,0.0004644925932939093,4.522434918730669e-05,0.0,0.0,0.0,0.0,0.0,0.0,0.0,0.0,0.0
0.922,0.06947660911050371,0.06931041890548094,0.00016619020502277315,0.019480746807261185,0.019645603134889018,0.00016485632762783253,19205.754559150646,43048.67234263298,23842.91778348233,0.0004626389305030432,0.0016490782224183932,0.00118643929191535,18775.379703218237,34490.70858991957,15715.328886701336,10485.896874917491,11770.14676253976,1284.249887622269,0.00044453045970423085,0.0013892428327557712,0.0009447123730515403,0.0002682176065539359,0.000348887926804348,8.06703202504121e-05,0.0,0.0,0.0,0.0,0.0,0.0,0.0,0.0,0.0
0.923,0.06941530417421378,0.0692486277723374,0.00016667640187638388,0.019423803708407128,0.01960292477940853,0.0001791210710014035,42214.54809737989,29446.072615664096,12768.475481715795,0.0010314306392295582,0.0010608556264082422,2.9424987178683967e-05,41987.45675169194,28476.882213509067,13510.574538182875,9617.534433704799,10400.622936240012,783.0885025352127,0.0010276241658242016,0.0009261589041205762,0.00010146526170362537,0.0002370392707955198,0.0003663622668373957,0.00012932299604187592,0.0,0.0,0.0,0.0,0.0,0.0,0.0,0.0,0.0
0.924,0.06934418923792386,0.06917702591598192,0.00016716332194194328,0.019376230719764506,0.019524239361742537,0.00014800864197803132,50704.02054703858,25809.848996451983,24894.171550586594,0.0011795425565234098,0.0006888094038056819,0.0004907331527177279,43733.35231097765,25292.592509159604,18440.759801818047,13446.254261388152,12440.331980671743,1005.9222807164097,0.0010385702026343318,0.0006170559082937681,0.00042151429434056364,0.00033664489946217275,0.00033969955489480394,3.054655432631185e-06,0.0,0.0,0.0,0.0,0.0,0.0,0.0,0.0,0.0
0.925,0.06926326430163394,0.06909561381380251,0.00016765048783143333,0.01925608269082288,0.019431068904999876,0.00017498621417699756,33312.16075562589,30130.30905533726,3181.851700288629,0.0008514474909372159,0.0010192759635502349,0.000167828472613019,32052.956833019925,29204.075072471158,2848.8817605487675,13786.172888107762,15930.015390878127,2143.842502770365,0.0008401876027145497,0.0009594015703300409,0.00011921396761549127,0.0003935247688318353,0.0005067955845280079,0.00011327081569617261,0.0,0.0,0.0,0.0,0.0,0.0,0.0,0.0,0.0
0.926,0.06917252936534402,0.06900439701049531,0.00016813235484870737,0.01916862586035374,0.019344792473598243,0.00017616661324450222,23481.939298528276,29443.524677613746,5961.585379085471,0.0006025969843102168,0.0010099702559938685,0.00040737327168365164,12332.215059843784,27800.564909647022,15468.349849803239,9224.565346544523,10088.234273050304,863.6689265057812,0.0003857610852271004,0.0007885479498956119,0.0004027868646685115,0.00025068961188882906,0.0003283918434229521,7.770223153412306e-05,0.0,0.0,0.0,0.0,0.0,0.0,0.0,0.0,0.0
0.927,0.0690719844290541,0.06890336525929143,0.000168619169762671,0.019073673647629304,0.01922702037529802,0.0001533467276687156,24069.954087808692,23390.809743687187,679.1443441215051,0.0005564912588107588,0.0009708532677062522,0.0004143620088954933,23191.276428295096,19965.434636323145,3225.8417919719504,12904.929972215023,11584.484386946284,1320.4455852687388,0.0005358113598943243,0.0008474172553014554,0.0003116058954071311,0.00033400350167703,0.0003661311369608317,3.2127635283801706e-05,0.0,0.0,0.0,0.0,0.0,0.0,0.0,0.0,0.0
0.928,0.06896162949276424,0.0687925229700114,0.00016910652275284321,0.018950509455907205,0.01910328704612004,0.00015277759021283324,30858.838141940563,26049.724227305353,4809.113914635211,0.000705128050770638,0.0008969597208516176,0.00019183167008097958,30464.879950331764,25082.890631009504,5381.98931932226,14693.18758461466,14565.071895508518,128.11568910614187,0.000700262599170346,0.0007479370379856933,4.767443881534728e-05,0.0003646880615331137,0.0004083499116401783,4.366185010706462e-05,0.0,0.0,0.0,0.0,0.0,0.0,0.0,0.0,0.0
0.929,0.06884146455647434,0.06867187069581471,0.00016959386065963644,0.01884133664536218,0.018979560740641208,0.00013822409527902701,29756.565515920116,34141.79865190165,4385.2331359815325,0.0007750937993438702,0.0012543706310313364,0.00047927683168746623,28675.053344116186,28546.40285320748,128.65049090870525,11625.084881796813,15009.180826166594,3384.095944369781,0.0007404191177553981,0.0009841526878070388,0.00024373357005164076,0.0003354396124787782,0.0004930883133755194,0.00015764870089674118,0.0,0.0,0.0,0.0,0.0,0.0,0.0,0.0,0.0
0.93,0.06871148962018447,0.06854140818576616,0.00017008143441830936,0.01870787349693529,0.018846504439984473,0.0001386309430491811,28459.403856559868,23146.671570423347,5312.732286136521,0.0008419825261656506,0.0009322173282343236,9.0234802068673e-05,21451.0762815079,22401.812064363425,950.735782855525,12507.744194278437,9876.754962496812,2630.9892317816248,0.0006677292401990181,0.00081037219533911,0.00014264295514009192,0.00033446390628566323,0.0003486522282223839,1.4188321936720657e-05,0.0,0.0,0.0,0.0,0.0,0.0,0.0,0.0,0.0
0.931,0.06857170468389463,0.06840114370392708,0.0001705609799675517,0.018565153589892667,0.018711514509160542,0.00014636091926787526,23629.21961666007,26928.91512475667,3299.6955080966,0.0006332364922729338,0.0007754155142029794,0.00014217902193004554,23499.710632501865,19294.52451354663,4205.186118955236,17731.28072716714,13086.033910390179,4645.246816776962,0.0005985575061082331,0.0006471439145140025,4.8586408405769366e-05,0.0004637106561218388,0.00040439857849746883,5.931207762436999e-05,0.0,0.0,0.0,0.0,0.0,0.0,0.0,0.0,0.0
0.932,0.0684221097476048,0.06825106131651149,0.0001710484310933208,0.018431416455847872,0.018568227189339655,0.0001368107334917823,22306.443472685725,29659.53003710881,7353.0865644230835,0.0005231891144804632,0.000823854986261752,0.00030066587178128885,21703.624948338787,28947.103354690153,7243.478406351365,16098.121849817824,16728.08204654665,629.9601967288254,0.0005225060210700188,0.0007401244039800255,0.0002176183829100067,0.00039458690582597124,0.00047980347729060786,8.521657146463662e-05,0.0,0.0,0.0,0.0,0.0,0.0,0.0,0.0,0.0
0.933,0.06826270481131501,0.06809116849083527,0.00017153632047973988,0.01826616471874648,0.01838001102668794,0.0001138463079414613,18271.91310987124,33662.297185434174,15390.384075562935,0.0005034658300523795,0.001347494125356113,0.0008440282953037334,17901.89943896648,33020.06095119195,15118.161512225466,8756.702085255882,12655.497726163285,3898.795640907403,0.0004962699921779486,0.0011859417732218887,0.0006896717810439401,0.00024463776962111903,0.0004024844706372575,0.00015784670101613848,0.0,0.0,0.0,0.0,0.0,0.0,0.0,0.0,0.0
0.934,0.06809348987502523,0.06792146536753546,0.00017202450748976528,0.018069350061746977,0.018208082583921002,0.0001387325221740253,32463.86435727203,27323.945004861675,5139.919352410354,0.0008043601240978447,0.0011004566158175466,0.0002960964917197019,32397.81283600757,25400.773003536648,6997.039832470924,12387.029826615642,10281.304783655429,2105.7250429602136,0.0007839566012843528,0.000865634369874746,8.16777685903932e-05,0.00031336535275861623,0.00037806493441090635,6.469958165229012e-05,0.0,0.0,0.0,0.0,0.0,0.0,0.0,0.0,0.0
0.935,0.06791446493873546,0.0677419522223346,0.00017251271640085497,0.01792043767569649,0.01802484964362657,0.000104411967930082,30354.68831018709,31919.545877275043,1564.8575670879509,0.0009382115510932338,0.0013181876789500077,0.00037997612785677396,26164.000006537877,23795.211323715976,2368.7886828219016,16577.785848479773,13622.748998333987,2955.036850145785,0.0007043835019693613,0.0007588788692152384,5.4495367245877046e-05,0.0004432109919855104,0.00041308608103398395,3.0124910951526477e-05,0.0,0.0,0.0,0.0,0.0,0.0,0.0,0.0,0.0
0.936,0.0677256300024457,0.06755264003343224,0.00017298996901346508,0.017717705349676916,0.01782593125265114,0.00010822590297422316,31119.85529496119,38677.54125006431,7557.685955103116,0.0008219293179201326,0.0016016906645905601,0.0007797613466704275,30649.641839838503,32841.90836427209,2192.266524433584,10759.68056942727,15618.482515673819,4858.801946246549,0.0007790249165580243,0.0011668165117719627,0.0003877915952139384,0.00027970020460612335,0.0004665666976389306,0.00018686649303280723,0.0,0.0,0.0,0.0,0.0,0.0,0.0,0.0,0.0
0.937,0.06752698506615602,0.06735350692235856,0.00017347814379746473,0.017536814812818432,0.01763932049249235,0.0001025056796739171,19704.23798883002,19998.49304003222,294.25505120219896,0.0005189371297583478,0.0007727515917407045,0.00025381446198235677,18855.348533819917,18819.807088124413,35.54144569550408,7176.637206715642,9334.968741033124,2158.3315343174827,0.00047409559072291623,0.000546749776139523,7.265418541660678e-05,0.000200372690332105,0.000297342601858707,9.6969911526602e-05,0.0,0.0,0.0,0.0,0.0,0.0,0.0,0.0,0.0
0.9380000000000001,0.06731853012986636,0.06714456344264086,0.00017396668722549635,0.017339929935439292,0.017425790599475667,8.58606640363746e-05,33345.371530921366,24087.029078001768,9258.342452919598,0.0007255403186862602,0.0008844458426546574,0.0001589055239683972,32565.7967547249,23204.75673689092,9361.04001783398,12625.846019717395,11659.836288085953,966.0097316314423,0.0007105734171553577,0.0007797188152668547,6.914539811149695e-05,0.00030941949313469444,0.0003959809600877191,8.656146695302467e-05,0.0,0.0,0.0,0.0,0.0,0.0,0.0,0.0,0.0
0.9390000000000001,0.06710026519357673,0.06692580989765846,0.00017445529591826603,0.017092367939946156,0.01721204733842551,0.00011967939847935469,32507.04706772348,32919.733661288235,412.68659356475473,0.0008282585712042225,0.0009547066429052008,0.0001264480717009783,32493.354722704134,31606.390230254532,886.9644924496024,14526.459718732658,15016.183278674918,489.7235599422602,0.0007609875752058702,0.0008121988757789953,5.12113005731251e-05,0.0003865910407581819,0.0004438356658391074,5.7244625080925466e-05,0.0,0.0,0.0,0.0,0.0,0.0,0.0,0.0,0.0
0.9400000000000001,0.06687219025728713,0.06669725962771114,0.00017493062957599226,0.016880678768927047,0.01698962879730779,0.00010895002838074222,27977.036223839616,33960.953083544984,5983.916859705369,0.0007862148303820575,0.0011669681956425807,0.00038075336526052317,25031.463837398584,32469.71505429025,7438.2512168916655,8861.930434166743,13977.789313969699,5115.858879802956,0.0006509047183020759,0.0009416340825370121,0.00029072936423493614,0.00024454948377908075,0.00044020854653715357,0.00019565906275807282,0.0,0.0,0.0,0.0,0.0,0.0,0.0,0.0,0.0
0.9410000000000001,0.06663430532099758,0.06645888594607456,0.0001754193749230193,0.016638624700219748,0.016737889355346647,9.926465512689886e-05,21787.15173687627,28250.407385517687,6463.255648641418,0.0004897654134200421,0.0012085125258679997,0.0007187471124479576,20953.534235523424,26716.0233394218,5762.489103898377,12057.631217612749,9001.162622032549,3056.4685955801997,0.000487102023521423,0.0010454077467453894,0.0005583057232239664,0.0003226847249673767,0.00028121068911857356,4.147403584880315e-05,0.0,0.0,0.0,0.0,0.0,0.0,0.0,0.0,0.0
0.9420000000000001,0.06638661038470808,0.06621070248996315,0.00017590789474493385,0.016371455299611575,0.016469546234308095,9.809093469652017e-05,30856.162404409864,26870.21025068625,3985.952153723614,0.0006721270786673022,0.0009642570156914083,0.0002921299370241061,30614.874194861444,24265.87034929933,6349.003845562114,16117.82102221696,12475.072122095704,3642.748900121256,0.0006678614644026753,0.0008372119070909218,0.0001693504426882465,0.0004000599032652164,0.00035959976688968326,4.046013637553313e-05,0.0,0.0,0.0,0.0,0.0,0.0,0.0,0.0,0.0
0.9430000000000001,0.06612910544841862,0.06595270839303213,0.00017639705538648187,0.016122052169978654,0.01621579149291264,9.373932293398751e-05,26378.653440621092,47047.29645335195,20668.643012730856,0.0006347411200414482,0.0015699575530165387,0.0009352164329750905,25336.994729770977,44424.54434348454,19087.54961371356,14622.794950447955,14609.57765307535,13.217297372604662,0.0006137182076980577,0.0013303427411272464,0.0007166245334291886,0.00038362783445818136,0.00042854608126190153,4.491824680372017e-05,0.0,0.0,0.0,0.0,0.0,0.0,0.0,0.0,0.0
0.9440000000000001,0.06586179051212918,0.06568490382387136,0.00017688668825781295,0.015856606893803284,0.015944792507644436,8.818561384115256e-05,22930.406364955277,24599.498017576803,1669.091652621526,0.0006394980163240993,0.0008145301981470547,0.00017503218182295544,21703.990160250152,23850.09371758018,2146.1035573300287,10912.328149759694,11298.199034175132,385.8708844154371,0.0005444338171122672,0.0007344857586377647,0.00019005194152549754,0.0003085384958574673,0.00039236278536489133,8.382428950742403e-05,0.0,0.0,0.0,0.0,0.0,0.0,0.0,0.0,0.0
0.9450000000000001,0.06558466557583983,0.0654073057785063,0.00017735979733353446,0.015583270401395082,0.01567593384546267,9.266344406758976e-05,24233.656707443883,24127.04268982508,106.61401761880188,0.0006279221836225621,0.001100643515741664,0.0004727213321191018,22691.605291446605,23635.676357889886,944.0710664432809,15695.348315049905,10052.966459937028,5642.381855112877,0.0006232027690098344,0.0008617259453172966,0.00023852317630746215,0.0004220176654355465,0.00035019352311866536,7.182414231688116e-05,0.0,0.0,0.0,0.0,0.0,0.0,0.0,0.0,0.0
0.9460000000000001,0.06529773063955052,0.06511988136677323,0.00017784927277729456,0.015314141580663073,0.015395483100475726,8.134151981265339e-05,26741.07396326953,28909.203249704162,2168.1292864346324,0.000667073461230843,0.0012144218424522868,0.0005473483812214438,22912.161960108882,18935.7654986803,3976.3964614285833,16556.919097039783,14305.07618118005,2251.8429158597337,0.0006378610612625622,0.0007284138260002623,9.055276473770018e-05,0.0004147787318587814,0.00040350059742086007,1.1278134437921335e-05,0.0,0.0,0.0,0.0,0.0,0.0,0.0,0.0,0.0
0.9470000000000001,0.06500098570326127,0.06482264700960051,0.00017833869366075394,0.014999062237077324,0.015079559242827206,8.049700574988203e-05,18065.050597328383,31969.704141846356,13904.653544517972,0.0004305019334834732,0.0012848843279944689,0.0008543823945109956,17384.596283966635,30988.97106779615,13604.374783829513,9198.903412166144,16734.318929724494,7535.415517558349,0.000409462176800689,0.0010637697186613442,0.0006543075418606552,0.00023041484148111585,0.0004990062110970721,0.0002685913696159562,0.0,0.0,0.0,0.0,0.0,0.0,0.0,0.0,0.0
0.9480000000000001,0.06469443076697207,0.06451560190041596,0.00017882886655611052,0.014678112668521627,0.014780795439729986,0.0001026827712083591,28068.505608015323,25366.444167034413,2702.0614409809095,0.0007039043328929351,0.0010182668996698567,0.0003143625667769216,20027.85722425732,21087.44666331396,1059.589439056639,9819.20311294302,10503.385183089562,684.1820701465422,0.0004471515176554338,0.0007999173047013781,0.0003527657870459443,0.00024838450221302067,0.0003907287400310298,0.00014234423781800913,0.0,0.0,0.0,0.0,0.0,0.0,0.0,0.0,0.0
0.9490000000000001,0.06437806583068297,0.06419874704461448,0.00017931878606848584,0.014387808170823333,0.014453826650042405,6.60184792190717e-05,33351.56985857117,21659.002645682445,11692.567212888727,0.000841242706323212,0.0008613620729506067,2.011936662739465e-05,25096.26990736082,19377.23256749838,5719.03733986244,16289.732194927246,12391.09924638895,3898.6329485382958,0.0006208054506430378,0.0006899877414414787,6.918229079844087e-05,0.00041612808823466386,0.00041686307306616137,7.349848314975043e-07,0.0,0.0,0.0,0.0,0.0,0.0,0.0,0.0,0.0
0.9500000000000001,0.0640518908943939,0.06387210125747111,0.00017978963692279193,0.014037111803799435,0.01411727860125545,8.016679745601572e-05,33047.964148511724,22374.19630543395,10673.767843077774,0.0009049304287786989,0.000822087301820777,8.284312695792191e-05,26644.44562203874,22065.45403705196,4578.991584986779,15167.57075990136,16127.298121818738,959.7273619173775,0.000730908761557537,0.0007257654243737228,5.143337183814278e-06,0.00039315989473207816,0.0005018198778402575,0.00010865998310817938,0.0,0.0,0.0,0.0,0.0,0.0,0.0,0.0,0.0
0.9510000000000001,0.06371590595810493,0.06353562666621722,0.00018027929188771386,0.013726558334524696,0.01378460035992304,5.8042025398344355e-05,25134.85348219944,27847.79667598534,2712.943193785901,0.0006210972654785717,0.0010834750229696908,0.00046237775749111913,19318.80404275806,24321.315855426838,5002.511812668778,9435.22539170218,14325.278381403756,4890.052989701575,0.00046221106239595155,0.000848367093501773,0.00038615603110582144,0.00025004638835585656,0.00041164616867372825,0.0001615997803178717,0.0,0.0,0.0,0.0,0.0,0.0,0.0,0.0,0.0
0.9520000000000001,0.06337011102181601,0.06318934174925439,0.00018076927256162334,0.013376163146369784,0.013444972800163896,6.880965379411214e-05,25222.871909298075,24208.002806171906,1014.8691031261696,0.0005683779961792866,0.0008798174219084177,0.00031143942572913104,24555.042156194322,17969.186194528018,6585.855961666304,12314.707596648574,9634.411964714654,2680.295631933919,0.000553314404746955,0.0007290507340653815,0.0001757363293184265,0.00032332379878426056,0.0003405949318258869,1.7271133041626345e-05,0.0,0.0,0.0,0.0,0.0,0.0,0.0,0.0,0.0
0.9530000000000001,0.06301450608552722,0.06283324635599291,0.00018125972953431102,0.013016498966854827,0.013096123750550895,7.962478369606847e-05,30392.6918325023,33445.61941166369,3052.927579161391,0.0007654665792931562,0.0010364559574059557,0.00027098937811279944,30273.63865149215,31854.78189948699,1581.143247994838,14761.6014578036,10760.671791811234,4000.9296659923657,0.0006729916323463155,0.0009659642376327104,0.00029297260528639497,0.0003796100838019772,0.0003051296301071289,7.448045369484827e-05,0.0,0.0,0.0,0.0,0.0,0.0,0.0,0.0,0.0
0.9540000000000001,0.0626490911492385,0.062467362620825966,0.000181728528412535,0.012661492859737803,0.012742561143033172,8.106828329536818e-05,22954.69598535118,37849.139836767456,14894.443851416276,0.0006284314535838987,0.0013506478506474565,0.0007222163970635578,20439.115170296594,36417.77316051855,15978.657990221953,12124.844962319281,15893.906776220307,3769.0618139010257,0.0005587315040258596,0.0011089969552163892,0.0005502654511905296,0.00034498238066568173,0.0005076614034569241,0.00016267902279124236,0.0,0.0,0.0,0.0,0.0,0.0,0.0,0.0,0.0
0.9550000000000001,0.06227386621294986,0.062091647403019264,0.00018221880993059963,0.012279337109158583,0.012348508652018015,6.917154285943257e-05,25108.32765283311,33255.12825494315,8146.800602110037,0.0007388566860034026,0.0013049888514512404,0.0005661321654478378,21085.059254691496,23496.437680205796,2411.3784255143,7524.454418696323,9783.373800460915,2258.919381764592,0.00062703953936804,0.0006769294609501226,4.9889921582082684e-05,0.00021909017075956094,0.00031735248429538295,9.826231353582201e-05,0.0,0.0,0.0,0.0,0.0,0.0,0.0,0.0,0.0
0.9560000000000001,0.06188883127666137,0.06170612194748663,0.00018270932917474614,0.01186784826855993,0.011950784413429876,8.293614486994637e-05,33844.32081009449,17535.620558439376,16308.700251655115,0.0008567782409799364,0.0006450469666888476,0.0002117312742910888,32018.66618701885,16694.26091236417,15324.40527465468,13682.371641411857,9999.402842520009,3682.9687988918486,0.0007835613100118516,0.0005938076743922585,0.00018975363561959306,0.000349124114548211,0.0003446525769278799,4.471537620331098e-06,0.0,0.0,0.0,0.0,0.0,0.0,0.0,0.0,0.0
0.9570000000000001,0.061493986340372925,0.061310786166790684,0.00018320017358224028,0.011485632896814618,0.011564250808751958,7.861791193733945e-05,38959.941252208286,38323.09512410009,636.8461281081982,0.0009085170887765798,0.0011855288771778685,0.00027701178840128867,33745.91801987545,35867.99819546513,2122.0801755896828,14906.992196180874,14001.401376593476,905.5908195873981,0.0007550970460086173,0.0010058707385847843,0.000250773692576167,0.0003686206289145379,0.0003892782385977347,2.0657609683196766e-05,0.0,0.0,0.0,0.0,0.0,0.0,0.0,0.0,0.0
0.9580000000000001,0.06108933140408463,0.06090563988565544,0.00018369151842918818,0.011085151521243144,0.011144518017139858,5.936649589671425e-05,21043.707966435115,28169.931497096666,7126.223530661551,0.000586729508951668,0.0009874930550248704,0.00040076354607320244,18396.46186678568,27234.95837853015,8838.49651174447,11469.86219790159,15949.667815317669,4479.805617416079,0.0005545702696513153,0.0008744130503388902,0.0003198427806875749,0.00032591168778922083,0.0005191615486745882,0.00019324986088536733,0.0,0.0,0.0,0.0,0.0,0.0,0.0,0.0,0.0
0.9590000000000001,0.060674866467796434,0.060490708336112115,0.00018415813168431994,0.010664910803243118,0.01074547694117212,8.056613792900222e-05,25462.53428549923,26844.43392063979,1381.8996351405585,0.0008030426291110831,0.0012189740050909438,0.00041593137597986066,21592.671110475945,24729.001342931155,3136.3302324552096,12864.027442627343,8236.372337700079,4627.655104927264,0.0006368244588758941,0.0008353716676634302,0.00019854720878753607,0.0003508027294821336,0.00027834904312700024,7.245368635513336e-05,0.0,0.0,0.0,0.0,0.0,0.0,0.0,0.0,0.0
0.9600000000000001,0.06025059153150838,0.06006594229163225,0.0001846492398761279,0.010276265236538771,0.010321699049107395,4.543381256862447e-05,38008.97057185105,22205.743216837152,15803.2273550139,0.0011065262197415722,0.0009162952379841343,0.00019023098175743793,36319.89844198962,20152.951675591023,16166.9467663986,17286.536992602898,12777.196309642535,4509.340682960363,0.0009992705036802952,0.0007485895061774069,0.0002506809975028883,0.0004547991179169177,0.0004172336097544616,3.756550816245611e-05,0.0,0.0,0.0,0.0,0.0,0.0,0.0,0.0,0.0
0.9610000000000001,0.05981650659522042,0.05963136647994556,0.0001851401152748594,0.00980237583204521,0.009887215727453854,8.483989540864281e-05,30168.83582718352,32471.70483006336,2302.869002879841,0.0008328456416778376,0.0012897215978485742,0.0004568759561707366,28707.640074684135,29029.37633821566,321.73626353152576,13729.638179723845,16000.000909427421,2270.3627297035764,0.0007533633092616944,0.0009660659029735568,0.00021270259371186239,0.0003353744644812435,0.00046320242173309735,0.00012782795725185385,0.0,0.0,0.0,0.0,0.0,0.0,0.0,0.0,0.0
0.9620000000000001,0.059372611658932636,0.05918697979904333,0.0001856318598893042,0.009376739477720141,0.009453980634938157,7.724115721801511e-05,31958.134117585214,20222.346736822554,11735.78738076266,0.0009303549078432794,0.0008376054709832765,9.274943686000286e-05,18029.412888601582,19801.745467654135,1772.3325790525523,7142.794091011614,13005.399040876446,5862.604949864832,0.000530458470089603,0.0007418297623124532,0.0002113712922228502,0.0001974109757977832,0.000406320804223527,0.00020890982842574382,0.0,0.0,0.0,0.0,0.0,0.0,0.0,0.0,0.0
0.9630000000000001,0.05891890672264498,0.05873278326641058,0.0001861234562344008,0.008927253252240997,0.008991190591720866,6.393733947986958e-05,21490.559920935673,26495.425346916283,5004.86542598061,0.0005215740028868621,0.0011533692446958838,0.0006317952418090217,21240.436242856184,25647.529962066314,4407.09371921013,13437.14581542987,8624.56540045586,4812.580414974011,0.000510101452963119,0.0009667729486012759,0.0004566714956381569,0.00034238115976753427,0.0003035542483865059,3.882691138102837e-05,0.0,0.0,0.0,0.0,0.0,0.0,0.0,0.0,0.0
0.9640000000000001,0.05845539178635744,0.0582688039540852,0.00018658783227223918,0.00844455228760829,0.008512894041123126,6.834175351483514e-05,26442.437869648053,24453.5562532298,1988.8816164182535,0.0008431899743222253,0.000834491239573458,8.698734748767271e-06,23273.292117861627,22700.419333394344,572.872784467283,17196.35187597081,13206.446761312152,3989.905114658657,0.000562298255923433,0.0007557571532837441,0.00019345889736031114,0.00045053373815130346,0.00043335465248688126,1.7179085664422204e-05,0.0,0.0,0.0,0.0,0.0,0.0,0.0,0.0,0.0
0.9650000000000001,0.057982066850070076,0.05779498809089135,0.00018707875917872707,0.007985246178420271,0.008047059679174115,6.181350075384374e-05,14693.799353997465,30636.431053807948,15942.631699810483,0.00040133819248979965,0.0012856463219080485,0.0008843081294182488,14555.727318218685,26233.47839530414,11677.751077085455,10869.690418544333,17011.79164438437,6142.101225840039,0.0003771826961597066,0.0008609384788861775,0.00048375578272647087,0.00027544324565904063,0.0005027086277150384,0.00022726538205599777,0.0,0.0,0.0,0.0,0.0,0.0,0.0,0.0,0.0
0.9660000000000001,0.05749893191378283,0.05731136120999769,0.0001875707037851393,0.007505564626229451,0.007571697711139656,6.613308491020507e-05,14065.29176782792,19054.043383772623,4988.751615944704,0.0003826832413705439,0.000688013440874337,0.00030533019950379313,13692.121144799634,16449.073162555113,2756.9520177554787,9377.699504573438,10676.466641548577,1298.7671369751388,0.0003711894082553788,0.0006273550133249474,0.0002561656050695686,0.0002497947605484069,0.0003472119883517047,9.741722780329785e-05,0.0,0.0,0.0,0.0,0.0,0.0,0.0,0.0,0.0
0.9670000000000001,0.057005986977495746,0.056817924167106654,0.0001880628103890919,0.007010482960145033,0.007086813075164487,7.633011501945348e-05,35298.921971634474,49165.87182433016,13866.949852695689,0.0007954220987604736,0.0018876867407796529,0.0010922646420191793,34585.18603031344,46252.23332874739,11667.04729843395,15456.172217360303,8653.198972543043,6802.97324481726,0.0007839919377114742,0.0014852051652836581,0.000701213227572184,0.0003808680881327384,0.00029389291310629427,8.697517502644412e-05,0.0,0.0,0.0,0.0,0.0,0.0,0.0,0.0,0.0
0.9680000000000001,0.056503232041208815,0.05631470699134969,0.00018852504985912566,0.006521567082363244,0.0065993269732640605,7.775989090081682e-05,30437.5422665406,36416.87945800713,5979.337191466533,0.0008019463425703947,0.0013952736022098144,0.0005933272596394197,22441.359569395354,34412.8210952387,11971.461525843348,15378.943453317259,14469.090737594166,909.8527157230928,0.0005102912306617924,0.0011322643054524724,0.00062197307479068,0.00040356315568976,0.0004392513904262241,3.568823473646413e-05,0.0,0.0,0.0,0.0,0.0,0.0,0.0,0.0,0.0
0.9690000000000001,0.05599066710492208,0.0558016502935054,0.0001890168114166771,0.005998002369571383,0.006069098916152266,7.109654658088351e-05,21297.206469073764,35617.88747567055,14320.681006596784,0.0005707356666440138,0.0010638104170938678,0.000493074750449854,16815.388228291755,31282.435414946853,14467.047186655098,8818.346001158508,15414.79119896945,6596.445197810941,0.0004774174057895629,0.0009486801891858207,0.00047126278339625776,0.00024428992797811223,0.0004974328319988517,0.00025314290402073944,0.0,0.0,0.0,0.0,0.0,0.0,0.0,0.0,0.0
0.9700000000000001,0.05546829216863551,0.05527878322526285,0.00018950894337266266,0.00544294940533375,0.005552050273125769,0.0001091008677920188,33416.88549709136,30216.258758868113,3200.6267382232472,0.0008763120277598246,0.0010047227176024007,0.0001284106898425761,32899.474573672785,25316.735599752756,7582.73897392003,12634.128853830298,8381.674180744843,4252.4546730854545,0.0008321957825267184,0.0008473346682877572,1.5138885761038778e-05,0.0003535501649766683,0.00029903756542709457,5.451259954957372e-05,0.0,0.0,0.0,0.0,0.0,0.0,0.0,0.0,0.0
0.9710000000000001,0.054936107232349145,0.054746105792796596,0.00019000143955254928,0.004940253727115157,0.0050174384633027945,7.718473618763787e-05,50221.97362912084,22105.610101766277,28116.363527354562,0.0012242942631209503,0.0008728593105218809,0.00035143495259906937,36566.400146985034,19837.28059461073,16729.119552374304,14497.064852690843,11879.713621237068,2617.3512314537747,0.0008500685748945913,0.0006909748270240403,0.00015909374787055099,0.00035766716435387354,0.00037241830121327975,1.4751136859406208e-05,0.0,0.0,0.0,0.0,0.0,0.0,0.0,0.0,0.0
0.9720000000000001,0.05439411229606297,0.05420361763406247,0.00019049466200049547,0.004372051184144323,0.004461275057490946,8.92238733466227e-05,26089.416981539925,35454.443175570865,9365.02619403094,0.0006901416490515291,0.0014484771933757738,0.0007583355443242447,24948.507914469217,32043.863183918264,7095.355269449046,12784.468158568086,14706.435238495838,1921.967079927752,0.0006794319514268206,0.0009442297774413285,0.000264797826014508,0.00033551204474128343,0.00043859005602773447,0.00010307801128645104,0.0,0.0,0.0,0.0,0.0,0.0,0.0,0.0,0.0
0.9730000000000001,0.05384230735977698,0.05365135239546643,0.0001909549643105482,0.003840579600396573,0.003918495451742701,7.791585134612772e-05,24630.913290152454,34581.658632900995,9950.745342748542,0.0007592712999071447,0.0013554247364508248,0.0005961534365436801,20253.595597926007,33125.4165677175,12871.82096979149,11160.908612128722,11711.845081730047,550.9364696013254,0.0005714060220594082,0.0010883415776068018,0.0005169355555473936,0.000307957530693952,0.00038641138513071635,7.845385443676437e-05,0.0,0.0,0.0,0.0,0.0,0.0,0.0,0.0,0.0
0.9740000000000001,0.053280692423491184,0.05308924527811019,0.00019144714538099628,0.00328629607235352,0.0033611404118664566,7.484433951293655e-05,23636.306765424175,29372.588839937074,5736.282074512899,0.0006573414539826425,0.0012473489524303478,0.0005900074984477053,22818.82386795884,27154.35950327427,4335.535635315431,16784.449646339082,10377.598415658453,6406.85123068063,0.0006513944713759829,0.0010145214998471463,0.00036312702847116345,0.0004563407313233319,0.0003727698198905593,8.357091143277256e-05,0.0,0.0,0.0,0.0,0.0,0.0,0.0,0.0,0.0
0.9750000000000001,0.052709267487205606,0.05251732707840212,0.00019194040880348567,0.002701104574181431,0.002799031731004148,9.792715682271696e-05,28256.899134290736,21756.304989933637,6500.594144357099,0.0008216496415763811,0.0007792938601159337,4.2355781460447456e-05,22543.950449685613,20789.039644208813,1754.9108054768003,15530.546414932534,14140.557555776993,1389.988859155541,0.0004928658204981337,0.0006538805333635486,0.00016101471286541482,0.0003833559603467205,0.00042425358177474733,4.0897621428026846e-05,0.0,0.0,0.0,0.0,0.0,0.0,0.0,0.0,0.0
0.9760000000000001,0.052128032550920245,0.05193559917318704,0.00019243337773320462,0.002136766914310098,0.002230256369854226,9.348945554412801e-05,27192.81428441575,27637.569259659846,444.7549752440973,0.0007122488427922205,0.0009805985555040187,0.0002683497127117982,24324.409053101208,23873.200722671645,451.2083304295629,8418.790905967682,17723.321639936337,9304.530733968655,0.0005969594991174974,0.0008087166039336118,0.00021175710481611436,0.00021131503589081867,0.0005294545848922076,0.000318139549001389,0.0,0.0,0.0,0.0,0.0,0.0,0.0,0.0,0.0
0.9770000000000001,0.05153698761463513,0.05134409607635029,0.00019289153828483396,0.0015445748638729627,0.001631944214502075,8.736935062911223e-05,26201.893376263342,27450.2333400045,1248.3399637411567,0.0008360922715664593,0.0011265694981059562,0.00029047722653949694,23334.452277336488,18637.873573979177,4696.578703357311,10914.744673414234,11170.861094903696,256.1164214894616,0.0005859199048615386,0.0007420842265002687,0.00015616432163873006,0.0002780419648169626,0.0003762196915084554,9.817772669149281e-05,0.0,0.0,0.0,0.0,0.0,0.0,0.0,0.0,0.0
0.9780000000000001,0.05093613267835024,0.050742749201974274,0.0001933834763759648,0.0009268936700568865,0.001018017971474639,9.112430141775246e-05,25903.02565552061,37205.36994387297,11302.344288352357,0.000717032697721502,0.0013798001548389089,0.0006627674571174068,25306.50424787579,35163.27566590448,9856.771418028693,16773.988896194798,10878.905083659678,5895.08381253512,0.0007085954302905289,0.0011951414715773727,0.00048654604128684376,0.00043688893002403085,0.00038136424283479164,5.552468718923921e-05,0.0,0.0,0.0,0.0,0.0,0.0,0.0,0.0,0.0
0.9790000000000001,0.05032546774206561,0.05013159117097563,0.00019387657108997647,0.00031981711998329415,0.0004238020580215376,0.00010398493803824343,22780.78228028995,29186.651584400162,6405.869304110212,0.0006014201509580783,0.0011068057565039007,0.0005053856055458225,21709.754926838763,27022.940672978177,5313.185746139414,15085.267885703399,15351.287637250607,266.0197515472082,0.0005892558356772604,0.000886195613559069,0.00029693977788180863,0.0003920063890042291,0.00047841709922478054,8.641071022055146e-05,0.0,0.0,0.0,0.0,0.0,0.0,0.0,0.0,0.0
0.9800000000000001,0.049713714286141554,0.04953206974934781,0.00018164453679374304,-0.00013626435770222253,-4.060351695127145e-05,9.566084075095108e-05,299195.52565395687,447898.7929743517,148703.2673203948,0.008595388483830053,0.018443173106507643,0.00984778462267759,83294.45441010497,127329.09669787755,44034.642287772585,24932.781104913483,23982.48654318043,950.2945617330552,0.0021851532502250737,0.004750283858967684,0.0025651306087426107,0.0006891899093235069,0.000905666891536187,0.00021647698221268006,119.16165214903312,4.5708029958456295,114.59084915318749,0.008118742996411831,7.077945299325025e-05,0.008047963543418581,0.0001748977563295549,4.3523539785615236e-05,0.00013137421654393965
0.9810000000000001,0.04930197234404064,0.04918935605519299,0.00011261628884765007,-0.0003533954583123597,-0.00024477606692471847,0.00010861939138764122,718828.457140876,893569.0498317827,174740.59269090672,0.02083091806439459,0.03617371298425384,0.015342794919859251,165983.66521685143,269463.9028286553,103480.2376118039,52831.990262262996,49704.23563416951,3127.754628093484,0.004369279343312027,0.009572005184641033,0.0052027258413290065,0.001319831669556362,0.0016483682204992054,0.00032853655094284336,309.0403637794323,77.85818757929923,231.18217620013309,0.05460673049742541,0.00757256638610957,0.04703416411131584,0.0001748977563295549,0.00010178374156090398,7.311401476865092e-05
0.9820000000000001,0.04936214224941177,0.04935479564750463,7.346601907133599e-06,-0.0003240572288561519,-0.00013001383756810214,0.00019404339128804976,629151.3236900562,661867.1189779092,32715.79528785299,0.017995245691125483,0.026517903408584113,0.00852265771745863,176574.42359944698,212416.34083744706,35841.91723800008,52754.12796751236,45910.80952203766,6843.318445474695,0.004463300282596615,0.007263538746397842,0.0028002384638012266,0.0013334336054316388,0.0014453819702075514,0.00011194836477591255,283.3844112465703,29.689943151045725,253.6944680955246,0.045916383504797854,0.0016440222596230888,0.044272361245174766,0.0001748977563295549,7.30606793597377e-05,0.00010183707696981719
0.9830000000000001,0.04985252119089933,0.049900134174282476,4.761298338314818e-05,-6.99262900008997e-05,0.00023174704678872402,0.0003016733367896237,164893.22099508383,74306.1386526894,90587.08234239442,0.0047786215462351156,0.0029024139664727104,0.0018762075797624051,32429.646555703104,33941.99869495921,1512.3521392561088,17439.05318285076,15268.68535345215,2170.3678293986086,0.0008006646339401288,0.001067779597558014,0.0002671149636178852,0.00044552501388283575,0.0004818779873172062,3.635297343437046e-05,61.149756148035735,0.14685647793388412,61.002899670101854,0.002137987790945923,8.049726407693102e-06,0.00212993806453823,0.0001748977563295549,3.63648745324696e-07,0.00017453410758423021
0.9840000000000001,0.05046710902325427,0.050512449357027304,4.534033377303487e-05,0.00045033570555173125,0.0008181204012587521,0.00036778469570702087,43051.8780861585,48538.08494323706,5486.206857078563,0.0010881199355362613,0.001930310508977518,0.0008421905734412568,41626.92713082018,25543.784126344544,16083.143004475634,18232.839211734325,9758.290810197235,8474.54840153709,0.0010828827137509547,0.0009172954777237956,0.0001655872360271591,0.000485110931706799,0.0003580764292971315,0.00012703450240966746,0.0,0.0,0.0,0.0,0.0,0.0,0.0,0.0,0.0
0.9850000000000001,0.05107288271207847,0.051115380662301535,4.249795022306241e-05,0.0010622635927899672,0.0014156582145890678,0.00035339462179910064,34463.290091503215,34291.08986162901,172.20022987420816,0.0008332057965627066,0.0010732882223147616,0.000240082425752055,31625.926932037408,28556.444625227265,3069.482306810143,17401.401271995255,14523.003937533282,2878.3973344619735,0.0007682864555131543,0.000946216647377578,0.00017793019186442373,0.0004454113519708547,0.0004787749535976968,3.336360162684211e-05,0.0,0.0,0.0,0.0,0.0,0.0,0.0,0.0,0.0
0.9860000000000001,0.051668846400902906,0.05170850149347995,3.9655092577042805e-05,0.0016664253930878219,0.0019897583754706774,0.0003233329823828556,27816.77778435434,43872.313565770135,16055.535781415794,0.0007688045890813637,0.0013708590140525346,0.000602054424971171,27173.839182740438,34271.17313909231,7097.333956351871,16404.10600695927,14515.062535976036,1889.0434709832352,0.0007356145715060329,0.001107706478242352,0.000372091906736319,0.0004153131609889677,0.0004235833897125624,8.270228723594698e-06,0.0,0.0,0.0,0.0,0.0,0.0,0.0,0.0,0.0
0.9870000000000001,0.05225500008972758,0.05229177841153076,3.6778321803175584e-05,0.0022261332065699226,0.0025746408554945797,0.00034850764892465714,48642.959056154155,43523.920611008834,5119.038445145321,0.001361549300823248,0.0017378973825683609,0.00037634808174511294,28673.9336088188,39852.23079802097,11178.297189202174,14187.300659031596,14027.078323350277,160.22233568131924,0.0007673885563580408,0.0013423341850232033,0.0005749456286651625,0.0003715840610507536,0.00045897322281118465,8.738916176043106e-05,0.0,0.0,0.0,0.0,0.0,0.0,0.0,0.0,0.0
0.9880000000000001,0.05283134377855247,0.05286527918920905,3.393541065658395e-05,0.0028580575955438232,0.00315991896381856,0.0003018613682747367,44618.82874284879,33742.28056681107,10876.548176037722,0.0013203237660803213,0.0013254155081109545,5.0917420306331555e-06,34783.85057627539,29162.60718668327,5621.24338959212,16537.220911326604,11645.2519594905,4891.968951836103,0.0009192150647400393,0.0009509012497357484,3.1686184995709135e-05,0.0004312678392509908,0.0004068289804444398,2.4438858806550992e-05,0.0,0.0,0.0,0.0,0.0,0.0,0.0,0.0,0.0
0.9890000000000001,0.05339787746737761,0.05342897025744163,3.1092790064017606e-05,0.0034049116653496435,0.0037214646026767703,0.00031655293732712683,27860.248883297703,36337.45645440915,8477.207571111445,0.0006374109418258669,0.0011733467456731292,0.0005359358038472623,27466.898161247787,28261.710571717216,794.8124104694289,16439.99165929595,17281.424369504944,841.4327102089956,0.0006325703901539047,0.0009515384684077367,0.000318968078253832,0.0004014059163071084,0.0005497876172549135,0.00014838170094780506,0.0,0.0,0.0,0.0,0.0,0.0,0.0,0.0,0.0
0.9900000000000001,0.05395460115620294,0.05398285194189847,2.8250785695529967e-05,0.003966307862201365,0.004280316387166824,0.0003140085249654593,30856.88695385471,48018.68522965842,17161.798275803707,0.0007345102552441293,0.0020469670685704018,0.0013124568133262725,29808.88810935058,23244.29768841609,6564.590420934492,13523.485112188197,16782.60986079442,3259.124748606222,0.0007095444518187957,0.0008328441854797625,0.00012329973366096683,0.0003430548650141665,0.0005126273974047273,0.00016957253239056078,0.0,0.0,0.0,0.0,0.0,0.0,0.0,0.0,0.0
0.9910000000000001,0.054501514845028486,0.05452689009381984,2.5375248791356664e-05,0.004518659592898877,0.004818198736316431,0.0002995391434175536,54382.72503895724,48350.81954296319,6031.905495994048,0.0014120775622094967,0.0018669684954676904,0.0004548909332581937,53498.64921420297,29229.354528016578,24269.29468618639,16336.710490451016,11876.813363213525,4459.897127237491,0.0013750804027441378,0.001165037076283282,0.00021004332646085578,0.0004342210554029069,0.00041570685172861077,1.8514203674296144e-05,0.0,0.0,0.0,0.0,0.0,0.0,0.0,0.0,0.0
0.9920000000000001,0.05503861853385423,0.055061150158924335,2.253162507010603e-05,0.005022117762771675,0.005331671329587328,0.0003095535668156532,34491.511668420266,38385.694463322354,3894.182794902088,0.0009150303017483983,0.0013313889107245552,0.00041635860897615686,33710.0420651914,29434.325642962896,4275.716422228506,17973.09527536044,11657.277852327708,6315.817423032731,0.0008832520439024064,0.000980638027514597,9.738598361219057e-05,0.0004436952584115269,0.00039224253007450036,5.145272833702655e-05,0.0,0.0,0.0,0.0,0.0,0.0,0.0,0.0,0.0
0.9930000000000001,0.05556591222268017,0.055585600801419784,1.9688578739615603e-05,0.005563400054119084,0.0058625042614657745,0.0002991042073466907,25578.486294151357,27267.781365529765,1689.2950713784085,0.0007160228630340303,0.0009606999726004303,0.0002446771095664,24947.12294528526,23107.275936149454,1839.8470091358067,16514.50557333963,15782.4366479614,732.0689253782293,0.0006516509489396294,0.0008266750867940801,0.0001750241378544507,0.000400302113850457,0.000491853641817152,9.155152796669504e-05,0.0,0.0,0.0,0.0,0.0,0.0,0.0,0.0,0.0
0.9940000000000001,0.056083395911506274,0.056100240744305356,1.6844832799081666e-05,0.006088524025193163,0.006372805834328726,0.0002842818091355632,25593.777317132448,35251.00117937979,9657.223862247341,0.0005610493768432156,0.0014291177399282983,0.0008680683630850827,24681.63151907489,30068.9862945937,5387.354775518808,14244.736135970568,15208.028391585176,963.2922556146077,0.000551873177788503,0.001126462879601102,0.0005745897018125989,0.00036112036063789605,0.0004768608238713606,0.00011574046323346453,0.0,0.0,0.0,0.0,0.0,0.0,0.0,0.0,0.0
0.9950000000000001,0.05659106960033255,0.05660507104208822,1.4001441755673305e-05,0.006583884281063003,0.006882530863523388,0.0002986465824603851,38590.24708106979,33297.307088732334,5292.9399923374585,0.0011653828191809492,0.0013156122309812071,0.00015022941180025794,23428.96298605198,25076.27330228009,1647.3103162281077,18606.656220036817,11954.129655280627,6652.52656475619,0.0007029896711117949,0.0010097654770025628,0.00030677580589076787,0.00048426440178813205,0.00042285759050594997,6.140681128218207e-05,0.0,0.0,0.0,0.0,0.0,0.0,0.0,0.0,0.0
0.9960000000000001,0.057088933289159,0.05710006152928743,1.1128240128430167e-05,0.0070989387901580926,0.007384069708917933,0.00028513091875984053,26693.986375840333,32617.98005414713,5923.993678306797,0.0005785634031623066,0.0011177811032491794,0.0005392177000868727,26390.554103792496,27606.121951070872,1215.5678472783766,16746.840299147032,15359.475795367036,1387.364503779996,0.0005759732620876984,0.0008216910019809658,0.00024571773989326743,0.00041534147948655415,0.0004930982258363331,7.775674634977897e-05,0.0,0.0,0.0,0.0,0.0,0.0,0.0,0.0,0.0
0.9970000000000001,0.05757698697798559,0.05758527139788525,8.284419899660944e-06,0.007587023712753976,0.007875202082602235,0.0002881783698482597,35949.96856528733,33694.150562974246,2255.8180023130844,0.0010205258296646202,0.0008944528655073885,0.00012607296415723167,23550.697686682284,28531.82594718284,4981.1282605005545,16583.5456503289,15134.289683162324,1449.255967166575,0.0006004934004724738,0.0008040786552978598,0.000203585254825386,0.0004049207292399474,0.000452360786563239,4.744005732329156e-05,0.0,0.0,0.0,0.0,0.0,0.0,0.0,0.0,0.0
0.9980000000000001,0.05805523066681235,0.05806067124739083,5.4405805784835115e-06,0.008041262302913646,0.00834045117513715,0.00029918887222350407,43856.02293822552,50428.88728012417,6572.864341898647,0.0011177206087903512,0.0019487592793472797,0.0008310386705569284,42751.995537508905,37882.31837522818,4869.677162280728,16023.280148908563,12038.369433577263,3984.9107153313,0.0011027650720181227,0.001247230820852951,0.00014446574883482822,0.00041368789968383447,0.00039407832972163505,1.960956996219942e-05,0.0,0.0,0.0,0.0,0.0,0.0,0.0,0.0,0.0
0.9990000000000001,0.05852366435563926,0.05852626048333705,2.5961276977903847e-06,0.008526673594532656,0.008808330709631385,0.00028165711509872855,38455.27089289,32438.40724138526,6016.863651504744,0.0009394952943692404,0.0013545363998608356,0.00041504110549159517,37184.4656965451,24357.75416791015,12826.71152863495,16950.854845371756,10063.788265090965,6887.066580280791,0.0009225795943539922,0.0009358177510275587,1.3238156673566533e-05,0.00045831687790269684,0.0003731251474506301,8.519173045206676e-05,0.0,0.0,0.0,0.0,0.0,0.0,0.0,0.0,0.0
1.0,0.0589822880444663,0.05898204311567492,2.449287913805498e-07,0.008965170234293817,0.009244691114833333,0.0002795208805395164,34915.9774960643,32446.76274,2469.214756064299,0.0007688199077793679,0.001106687217,0.0003378673092206322,33806.58320330901,28567.565988000002,5239.01721530901,15850.155722723062,14608.703970983459,1241.4517517396034,0.0007565103470804288,0.000924532034805,0.00016802168772457116,0.0003906414010407403,0.00044976276130733676,5.912136026659648e-05,0.0,0.0,0.0,0.0,0.0,0.0,0.0,0.0,0.0
